# Blender 4.4.3
# www.blender.org
mtllib ladle.mtl
o Plane.002
v -0.001542 0.003031 0.007594
v 0.148099 0.035714 0.006712
v -0.001182 0.003548 -0.000000
v 0.145826 0.036453 0.000000
v 0.013818 0.003356 0.007780
v 0.026903 0.006291 0.007686
v 0.040868 0.009528 0.007628
v 0.054607 0.012889 0.007503
v 0.068499 0.016216 0.007410
v 0.082815 0.019708 0.007210
v 0.096522 0.023110 0.007083
v 0.110773 0.026713 0.006835
v 0.124367 0.030081 0.006790
v 0.137525 0.033386 0.006699
v 0.136920 0.034296 0.000000
v 0.123968 0.031107 0.000000
v 0.110301 0.027835 0.000000
v 0.096087 0.024422 0.000000
v 0.082372 0.021011 0.000000
v 0.068381 0.017659 0.000000
v 0.054728 0.014352 0.000000
v 0.040920 0.011002 0.000000
v 0.026534 0.007591 0.000000
v 0.013820 0.004718 -0.000000
v 0.006322 0.003112 -0.000000
v 0.006061 0.001794 0.007749
v -0.023668 0.024225 0.006144
v -0.024013 0.025139 -0.000000
v -0.015884 0.018351 -0.000000
v -0.009178 0.011773 -0.000000
v -0.016238 0.018027 0.007221
v -0.009559 0.011402 0.007445
v 0.157333 0.039609 0.006058
v 0.156514 0.039628 0.000000
v 0.161904 0.041013 0.008127
v 0.162416 0.041913 0.000000
v 0.167645 0.041921 0.009028
v 0.168007 0.042843 0.000000
v 0.173072 0.041412 0.010479
v 0.173716 0.042550 0.000000
v 0.178189 0.039749 0.011823
v 0.179266 0.041137 0.000000
v 0.191089 0.029326 0.011833
v 0.192475 0.030651 0.000000
v 0.193886 0.024555 0.010404
v 0.195038 0.025635 0.000000
v 0.194894 0.015117 0.010343
v 0.196289 0.014883 0.000000
v 0.193181 0.010328 0.011523
v 0.195045 0.009547 0.000000
v 0.186957 0.003165 0.011765
v 0.189063 0.001220 0.000000
v 0.153814 0.033679 0.013437
v 0.156114 0.031607 0.018628
v 0.159330 0.028516 0.022702
v 0.163340 0.024506 0.025380
v 0.176882 0.011129 0.024847
v 0.181120 0.007744 0.021588
v 0.184540 0.005164 0.017080
v 0.196242 0.020362 0.000000
v 0.195314 0.019720 0.009131
v 0.150756 0.037634 0.000000
v 0.152961 0.037622 0.005730
v 0.192195 0.004632 0.000000
v 0.189969 0.005838 0.011895
v 0.156014 0.035594 0.013450
v 0.158301 0.033373 0.018521
v 0.161467 0.030222 0.022660
v 0.165445 0.026216 0.025464
v 0.179737 0.013478 0.025065
v 0.184113 0.010139 0.021828
v 0.187558 0.007589 0.017294
v 0.188708 0.034913 0.000000
v 0.184358 0.038588 0.000000
v 0.183014 0.037083 0.012570
v 0.187364 0.033530 0.012585
v 0.167722 0.019950 0.026695
v 0.172284 0.015314 0.026555
v 0.154152 0.036832 0.008676
v 0.151686 0.034904 0.008550
v 0.174832 0.017415 0.026748
v 0.169959 0.021782 0.026859
v 0.002168 0.002524 -0.000000
v 0.001955 0.001518 0.007713
v -0.005112 0.007353 -0.000000
v -0.005465 0.006953 0.007497
v -0.002898 0.005013 -0.000000
v -0.003407 0.004620 0.007541
v 0.000132 0.002751 -0.000000
v 0.000022 0.001984 0.007692
v 0.177729 0.031152 0.021957
v 0.182172 0.027366 0.022003
v 0.173788 0.026592 0.025023
v 0.178530 0.022379 0.025049
v 0.180693 0.034844 0.017801
v 0.185007 0.031387 0.017855
v 0.186306 0.023412 0.020793
v 0.183159 0.018309 0.023591
v 0.188834 0.027480 0.016897
v 0.189836 0.019517 0.018460
v 0.187235 0.014598 0.020737
v 0.191946 0.023327 0.015066
v 0.190614 0.011840 0.016621
v 0.192719 0.016555 0.014921
v 0.193813 0.020052 0.012890
v 0.173264 0.034502 0.020687
v 0.169261 0.030597 0.023534
v 0.176149 0.037657 0.016777
v 0.168931 0.037136 0.018394
v 0.165096 0.033976 0.020752
v 0.171533 0.039654 0.014978
v 0.165501 0.038616 0.015951
v 0.161785 0.036582 0.016865
v 0.166566 0.040444 0.012969
v 0.157178 0.038816 0.008598
v 0.160101 0.038902 0.011836
v -0.020522 0.022537 -0.000000
v -0.020728 0.021975 0.006794
v -0.001262 0.003466 0.004160
v 0.146521 0.036314 0.003481
v 0.013782 0.004285 0.004280
v 0.026658 0.007185 0.004226
v 0.040856 0.010518 0.004194
v 0.054633 0.013872 0.004130
v 0.068392 0.017188 0.004085
v 0.082527 0.020603 0.003968
v 0.096238 0.024010 0.003895
v 0.110469 0.027507 0.003753
v 0.124103 0.030822 0.003727
v 0.137145 0.034064 0.003678
v 0.006183 0.002700 0.004255
v -0.023954 0.024917 0.003491
v -0.009247 0.011739 0.004058
v -0.015948 0.018345 0.003946
v 0.156905 0.039732 0.003089
v 0.162417 0.041774 0.004318
v 0.167987 0.042676 0.004576
v 0.173608 0.042342 0.005304
v 0.179044 0.040881 0.006053
v 0.192163 0.030380 0.006164
v 0.194795 0.025344 0.005399
v 0.195996 0.014697 0.005275
v 0.194577 0.009639 0.005874
v 0.188441 0.001780 0.005990
v 0.196082 0.019964 0.004671
v 0.191468 0.004875 0.006038
v 0.151651 0.037725 0.002906
v 0.184065 0.038303 0.006481
v 0.188422 0.034661 0.006529
v 0.002084 0.002250 0.004233
v -0.005166 0.007303 0.004053
v -0.003029 0.004974 0.004107
v 0.000135 0.002573 0.004218
v -0.020525 0.022429 0.003716
v -0.001542 0.003031 -0.007594
v 0.148099 0.035714 -0.006712
v 0.013818 0.003356 -0.007780
v 0.026903 0.006290 -0.007686
v 0.040868 0.009528 -0.007628
v 0.054607 0.012889 -0.007503
v 0.068499 0.016216 -0.007410
v 0.082815 0.019708 -0.007210
v 0.096522 0.023110 -0.007083
v 0.110773 0.026713 -0.006835
v 0.124367 0.030081 -0.006790
v 0.137525 0.033386 -0.006699
v 0.006061 0.001794 -0.007749
v -0.023668 0.024225 -0.006144
v -0.016238 0.018027 -0.007221
v -0.009559 0.011402 -0.007445
v 0.157333 0.039609 -0.006058
v 0.161904 0.041013 -0.008127
v 0.167645 0.041921 -0.009028
v 0.173072 0.041412 -0.010479
v 0.178189 0.039749 -0.011823
v 0.191089 0.029326 -0.011833
v 0.193886 0.024555 -0.010404
v 0.194894 0.015117 -0.010343
v 0.193181 0.010328 -0.011523
v 0.186957 0.003165 -0.011765
v 0.153814 0.033679 -0.013437
v 0.156114 0.031607 -0.018628
v 0.159330 0.028516 -0.022702
v 0.163340 0.024506 -0.025380
v 0.176882 0.011129 -0.024847
v 0.181120 0.007744 -0.021588
v 0.184540 0.005164 -0.017080
v 0.195314 0.019720 -0.009131
v 0.152961 0.037622 -0.005730
v 0.189969 0.005838 -0.011895
v 0.156014 0.035594 -0.013450
v 0.158301 0.033373 -0.018521
v 0.161467 0.030222 -0.022660
v 0.165445 0.026216 -0.025464
v 0.179737 0.013478 -0.025065
v 0.184113 0.010139 -0.021828
v 0.187558 0.007589 -0.017294
v 0.183014 0.037083 -0.012570
v 0.187364 0.033530 -0.012585
v 0.167722 0.019950 -0.026695
v 0.172284 0.015314 -0.026555
v 0.154152 0.036832 -0.008676
v 0.151686 0.034904 -0.008550
v 0.174832 0.017415 -0.026748
v 0.169959 0.021782 -0.026859
v 0.001955 0.001518 -0.007713
v -0.005465 0.006953 -0.007497
v -0.003407 0.004620 -0.007541
v 0.000022 0.001984 -0.007692
v 0.177729 0.031152 -0.021957
v 0.182172 0.027366 -0.022003
v 0.173788 0.026592 -0.025023
v 0.178530 0.022379 -0.025049
v 0.180693 0.034844 -0.017801
v 0.185007 0.031387 -0.017855
v 0.186306 0.023412 -0.020793
v 0.183159 0.018309 -0.023591
v 0.188834 0.027480 -0.016897
v 0.189836 0.019517 -0.018460
v 0.187235 0.014598 -0.020737
v 0.191946 0.023327 -0.015066
v 0.190614 0.011840 -0.016621
v 0.192719 0.016555 -0.014921
v 0.193813 0.020052 -0.012890
v 0.173264 0.034502 -0.020687
v 0.169261 0.030597 -0.023534
v 0.176149 0.037657 -0.016777
v 0.168931 0.037136 -0.018394
v 0.165096 0.033976 -0.020752
v 0.171533 0.039654 -0.014978
v 0.165501 0.038616 -0.015951
v 0.161785 0.036582 -0.016865
v 0.166566 0.040444 -0.012969
v 0.157178 0.038816 -0.008598
v 0.160101 0.038902 -0.011836
v -0.020728 0.021975 -0.006794
v -0.001262 0.003466 -0.004160
v 0.146521 0.036314 -0.003481
v 0.013782 0.004285 -0.004280
v 0.026658 0.007185 -0.004226
v 0.040856 0.010518 -0.004194
v 0.054633 0.013872 -0.004130
v 0.068392 0.017188 -0.004085
v 0.082527 0.020603 -0.003968
v 0.096238 0.024010 -0.003895
v 0.110469 0.027507 -0.003753
v 0.124103 0.030822 -0.003727
v 0.137145 0.034064 -0.003678
v 0.006183 0.002700 -0.004255
v -0.023954 0.024917 -0.003491
v -0.009247 0.011739 -0.004058
v -0.015948 0.018345 -0.003946
v 0.156905 0.039732 -0.003089
v 0.162417 0.041774 -0.004318
v 0.167987 0.042676 -0.004576
v 0.173608 0.042342 -0.005304
v 0.179044 0.040881 -0.006053
v 0.192163 0.030380 -0.006164
v 0.194795 0.025344 -0.005399
v 0.195996 0.014697 -0.005275
v 0.194577 0.009639 -0.005874
v 0.188441 0.001780 -0.005990
v 0.196082 0.019964 -0.004671
v 0.191468 0.004875 -0.006038
v 0.151651 0.037725 -0.002906
v 0.184065 0.038303 -0.006481
v 0.188422 0.034661 -0.006529
v 0.002084 0.002250 -0.004233
v -0.005166 0.007303 -0.004053
v -0.003029 0.004974 -0.004107
v 0.000135 0.002573 -0.004218
v -0.020525 0.022429 -0.003716
v -0.002323 0.001962 0.007515
v 0.148495 0.034331 0.006274
v -0.002346 0.001936 -0.000000
v 0.146283 0.034512 0.000000
v 0.014085 0.002069 0.007562
v 0.027195 0.005010 0.007457
v 0.041172 0.008252 0.007390
v 0.054914 0.011615 0.007259
v 0.068804 0.014942 0.007162
v 0.083126 0.018436 0.006962
v 0.096836 0.021837 0.006841
v 0.111087 0.025436 0.006613
v 0.124682 0.028801 0.006591
v 0.137835 0.032109 0.006482
v 0.137388 0.032358 0.000000
v 0.124440 0.029169 0.000000
v 0.110768 0.025898 0.000000
v 0.096560 0.022489 0.000000
v 0.082844 0.019078 0.000000
v 0.068846 0.015724 0.000000
v 0.055196 0.012417 0.000000
v 0.041384 0.009066 0.000000
v 0.026980 0.005650 0.000000
v 0.014237 0.002770 -0.000000
v 0.006606 0.001145 -0.000000
v 0.006211 0.000491 0.007551
v -0.024309 0.023460 0.006087
v -0.024882 0.024128 -0.000000
v -0.017246 0.016889 -0.000000
v -0.010622 0.010391 -0.000000
v -0.017140 0.017048 0.007171
v -0.010522 0.010482 0.007397
v 0.158124 0.037831 0.005650
v 0.157193 0.037752 0.000000
v 0.162480 0.039177 0.007672
v 0.162926 0.039992 0.000000
v 0.167814 0.040021 0.008523
v 0.168117 0.040864 0.000000
v 0.172840 0.039546 0.009889
v 0.173422 0.040589 0.000000
v 0.177584 0.038014 0.011130
v 0.178574 0.039284 0.000000
v 0.189538 0.028372 0.011105
v 0.190836 0.029550 0.000000
v 0.192117 0.023985 0.009765
v 0.193179 0.024968 0.000000
v 0.193057 0.015328 0.009684
v 0.194329 0.015108 0.000000
v 0.191520 0.011036 0.010774
v 0.193227 0.010294 0.000000
v 0.186101 0.004024 0.011236
v 0.188050 0.002067 0.000000
v 0.154437 0.032689 0.012811
v 0.156638 0.030707 0.017821
v 0.159712 0.027839 0.021642
v 0.163596 0.024131 0.024145
v 0.176589 0.011561 0.023644
v 0.180610 0.008401 0.020573
v 0.183841 0.005969 0.016306
v 0.194275 0.020133 0.000000
v 0.193432 0.019538 0.008567
v 0.151299 0.035715 0.000000
v 0.153672 0.035857 0.005182
v 0.190584 0.005774 0.000000
v 0.188557 0.006971 0.011114
v 0.156929 0.034084 0.012534
v 0.159038 0.032010 0.017294
v 0.161951 0.029160 0.021072
v 0.165684 0.025538 0.023631
v 0.179078 0.013868 0.023267
v 0.183143 0.010866 0.020296
v 0.186340 0.008582 0.016121
v 0.187319 0.033499 0.000000
v 0.183270 0.036936 0.000000
v 0.182045 0.035556 0.011813
v 0.186079 0.032263 0.011819
v 0.167838 0.019867 0.025386
v 0.172211 0.015495 0.025255
v 0.155023 0.035242 0.007866
v 0.152194 0.033868 0.007911
v 0.174509 0.017460 0.024815
v 0.169940 0.021478 0.024916
v 0.002044 0.000561 -0.000000
v 0.001811 0.000221 0.007556
v -0.006579 0.005996 -0.000000
v -0.006453 0.006060 0.007442
v -0.004263 0.003557 -0.000000
v -0.004328 0.003662 0.007474
v -0.000608 0.000930 -0.000000
v -0.000502 0.000782 0.007583
v 0.177187 0.030160 0.020351
v 0.181312 0.026654 0.020386
v 0.173492 0.025921 0.023201
v 0.177912 0.022009 0.023225
v 0.179922 0.033541 0.016561
v 0.183921 0.030351 0.016600
v 0.185145 0.022987 0.019265
v 0.182216 0.018245 0.021877
v 0.187466 0.026737 0.015707
v 0.188406 0.019381 0.017116
v 0.185997 0.014855 0.019246
v 0.190342 0.022898 0.014013
v 0.189137 0.012381 0.015462
v 0.191061 0.016649 0.013869
v 0.192061 0.019868 0.012001
v 0.173044 0.033247 0.019189
v 0.169277 0.029622 0.021827
v 0.175711 0.036126 0.015632
v 0.169034 0.035664 0.017090
v 0.165426 0.032718 0.019273
v 0.171433 0.037957 0.013988
v 0.165875 0.037014 0.014858
v 0.162396 0.035096 0.015717
v 0.166851 0.038684 0.012131
v 0.158058 0.037149 0.007964
v 0.160846 0.037243 0.011059
v -0.021834 0.021028 -0.000000
v -0.021589 0.020960 0.006729
v -0.002431 0.001859 0.004072
v 0.146993 0.034396 0.003227
v 0.014191 0.002348 0.004023
v 0.027100 0.005257 0.003955
v 0.041315 0.008596 0.003912
v 0.055097 0.011953 0.003841
v 0.068853 0.015269 0.003792
v 0.082995 0.018685 0.003673
v 0.096710 0.022092 0.003609
v 0.110937 0.025584 0.003493
v 0.124575 0.028895 0.003496
v 0.137610 0.032136 0.003449
v 0.006439 0.000741 0.004023
v -0.024816 0.023902 0.003434
v -0.010691 0.010358 0.004006
v -0.017305 0.016879 0.003893
v 0.157616 0.037878 0.002929
v 0.162932 0.039866 0.004136
v 0.168105 0.040710 0.004375
v 0.173325 0.040398 0.005069
v 0.178369 0.039048 0.005772
v 0.190537 0.029310 0.005854
v 0.192952 0.024699 0.005126
v 0.194062 0.014938 0.004998
v 0.192800 0.010395 0.005526
v 0.187473 0.002634 0.005701
v 0.194130 0.019760 0.004436
v 0.189917 0.006029 0.005633
v 0.152249 0.035841 0.002688
v 0.183001 0.036672 0.006170
v 0.187051 0.033276 0.006210
v 0.001914 0.000296 0.004052
v -0.006640 0.005955 0.003991
v -0.004403 0.003527 0.004032
v -0.000630 0.000761 0.004095
v -0.021828 0.020914 0.003646
v -0.002323 0.001962 -0.007515
v 0.148495 0.034331 -0.006274
v 0.014085 0.002069 -0.007562
v 0.027195 0.005010 -0.007457
v 0.041172 0.008252 -0.007390
v 0.054914 0.011615 -0.007259
v 0.068804 0.014942 -0.007162
v 0.083126 0.018436 -0.006962
v 0.096836 0.021837 -0.006841
v 0.111087 0.025436 -0.006613
v 0.124682 0.028801 -0.006591
v 0.137835 0.032109 -0.006482
v 0.006211 0.000491 -0.007551
v -0.024309 0.023460 -0.006087
v -0.017140 0.017048 -0.007171
v -0.010522 0.010482 -0.007397
v 0.158124 0.037831 -0.005650
v 0.162480 0.039177 -0.007672
v 0.167814 0.040021 -0.008523
v 0.172840 0.039546 -0.009889
v 0.177584 0.038014 -0.011130
v 0.189538 0.028372 -0.011105
v 0.192117 0.023985 -0.009765
v 0.193057 0.015328 -0.009684
v 0.191520 0.011036 -0.010774
v 0.186101 0.004024 -0.011236
v 0.154437 0.032689 -0.012811
v 0.156638 0.030707 -0.017821
v 0.159712 0.027839 -0.021642
v 0.163596 0.024131 -0.024145
v 0.176589 0.011561 -0.023644
v 0.180610 0.008401 -0.020573
v 0.183841 0.005969 -0.016306
v 0.193432 0.019538 -0.008567
v 0.153672 0.035857 -0.005182
v 0.188557 0.006971 -0.011114
v 0.156929 0.034084 -0.012534
v 0.159038 0.032010 -0.017294
v 0.161951 0.029160 -0.021072
v 0.165684 0.025538 -0.023631
v 0.179078 0.013868 -0.023267
v 0.183143 0.010866 -0.020296
v 0.186340 0.008582 -0.016121
v 0.182045 0.035556 -0.011813
v 0.186079 0.032263 -0.011819
v 0.167838 0.019867 -0.025386
v 0.172211 0.015495 -0.025255
v 0.155023 0.035242 -0.007866
v 0.152194 0.033868 -0.007911
v 0.174509 0.017460 -0.024815
v 0.169940 0.021478 -0.024916
v 0.001811 0.000221 -0.007556
v -0.006453 0.006060 -0.007442
v -0.004328 0.003662 -0.007474
v -0.000502 0.000782 -0.007583
v 0.177187 0.030160 -0.020351
v 0.181312 0.026654 -0.020386
v 0.173492 0.025921 -0.023201
v 0.177912 0.022009 -0.023225
v 0.179922 0.033541 -0.016561
v 0.183921 0.030351 -0.016600
v 0.185145 0.022987 -0.019265
v 0.182216 0.018245 -0.021877
v 0.187466 0.026737 -0.015707
v 0.188406 0.019381 -0.017116
v 0.185997 0.014855 -0.019246
v 0.190342 0.022898 -0.014013
v 0.189137 0.012381 -0.015462
v 0.191061 0.016649 -0.013869
v 0.192061 0.019868 -0.012001
v 0.173044 0.033247 -0.019189
v 0.169277 0.029622 -0.021827
v 0.175711 0.036126 -0.015632
v 0.169034 0.035664 -0.017090
v 0.165426 0.032718 -0.019273
v 0.171433 0.037957 -0.013988
v 0.165875 0.037014 -0.014858
v 0.162396 0.035096 -0.015717
v 0.166851 0.038684 -0.012131
v 0.158058 0.037149 -0.007964
v 0.160846 0.037243 -0.011059
v -0.021589 0.020960 -0.006729
v -0.002431 0.001859 -0.004072
v 0.146993 0.034396 -0.003227
v 0.014191 0.002348 -0.004023
v 0.027100 0.005257 -0.003955
v 0.041315 0.008596 -0.003912
v 0.055097 0.011953 -0.003841
v 0.068853 0.015269 -0.003792
v 0.082995 0.018685 -0.003673
v 0.096710 0.022092 -0.003609
v 0.110937 0.025584 -0.003493
v 0.124575 0.028895 -0.003496
v 0.137610 0.032136 -0.003449
v 0.006439 0.000741 -0.004023
v -0.024816 0.023902 -0.003434
v -0.010691 0.010358 -0.004006
v -0.017305 0.016879 -0.003893
v 0.157616 0.037878 -0.002929
v 0.162932 0.039866 -0.004136
v 0.168105 0.040710 -0.004375
v 0.173325 0.040398 -0.005069
v 0.178369 0.039048 -0.005772
v 0.190537 0.029310 -0.005854
v 0.192952 0.024699 -0.005126
v 0.194062 0.014938 -0.004998
v 0.192800 0.010395 -0.005526
v 0.187473 0.002634 -0.005701
v 0.194130 0.019760 -0.004436
v 0.189917 0.006029 -0.005633
v 0.152249 0.035841 -0.002688
v 0.183001 0.036672 -0.006170
v 0.187051 0.033276 -0.006210
v 0.001914 0.000296 -0.004052
v -0.006640 0.005955 -0.003991
v -0.004403 0.003527 -0.004032
v -0.000630 0.000761 -0.004095
v -0.021828 0.020914 -0.003646
v -0.001337 0.003343 0.006145
v 0.143160 0.034694 0.006658
v 0.146040 0.036415 0.001734
v -0.000522 0.003076 -0.000000
v 0.009291 0.002383 0.007777
v 0.019930 0.004717 0.007738
v 0.033929 0.007897 0.007658
v 0.047750 0.011206 0.007567
v 0.061487 0.014541 0.007463
v 0.075691 0.017961 0.007310
v 0.089667 0.021399 0.007153
v 0.103644 0.024914 0.006954
v 0.117630 0.028410 0.006796
v 0.131121 0.031790 0.006754
v 0.142013 0.035547 0.000000
v 0.130717 0.032762 0.000000
v 0.117185 0.029473 0.000000
v 0.103191 0.026143 0.000000
v 0.089207 0.022710 0.000000
v 0.075386 0.019328 0.000000
v 0.061516 0.016003 0.000000
v 0.047903 0.012691 0.000000
v 0.033729 0.009280 0.000000
v 0.019680 0.006028 0.000000
v 0.013807 0.004587 0.002141
v 0.026571 0.007469 0.002113
v 0.040899 0.010855 0.002097
v 0.054698 0.014207 0.002066
v 0.068383 0.017516 0.002045
v 0.082420 0.020888 0.001984
v 0.096133 0.024298 0.001947
v 0.110352 0.027737 0.001875
v 0.124009 0.031022 0.001863
v 0.136988 0.034228 0.001838
v 0.009471 0.003760 -0.000000
v 0.003664 0.001533 0.007725
v 0.006277 0.002988 0.002127
v -0.023870 0.024666 0.005133
v -0.001984 0.004196 -0.000000
v -0.002462 0.003762 0.007562
v -0.018469 0.020729 -0.000000
v -0.012508 0.015105 -0.000000
v -0.018757 0.020314 0.007023
v -0.012894 0.014778 0.007362
v -0.009320 0.011656 0.006010
v -0.016015 0.018280 0.005835
v 0.156639 0.039668 0.001556
v 0.148462 0.037047 0.000000
v 0.155137 0.038633 0.005623
v 0.162433 0.041890 0.002195
v 0.159515 0.040855 0.000000
v 0.159510 0.040378 0.007087
v 0.168009 0.042811 0.002290
v 0.165218 0.042564 0.000000
v 0.164704 0.041585 0.008656
v 0.173692 0.042511 0.002653
v 0.170854 0.042835 0.000000
v 0.170428 0.041846 0.009676
v 0.179211 0.041089 0.003039
v 0.176530 0.041983 0.000000
v 0.175657 0.040708 0.011215
v 0.192395 0.030600 0.003122
v 0.181896 0.040015 0.000000
v 0.189321 0.031507 0.012301
v 0.194978 0.025567 0.002738
v 0.193931 0.028211 0.000000
v 0.192625 0.026986 0.011199
v 0.196221 0.014795 0.002651
v 0.195797 0.023022 0.000000
v 0.195297 0.017417 0.009534
v 0.194923 0.009553 0.002950
v 0.195865 0.012178 0.000000
v 0.194223 0.012739 0.011043
v 0.188890 0.001371 0.003008
v 0.193773 0.007016 0.000000
v 0.188315 0.004124 0.011897
v 0.185874 0.004095 0.014499
v 0.152759 0.034346 0.010711
v 0.154891 0.032773 0.016138
v 0.157597 0.030187 0.020831
v 0.161264 0.026606 0.024215
v 0.174598 0.013137 0.025900
v 0.179078 0.009329 0.023398
v 0.182950 0.006369 0.019462
v 0.196406 0.017632 0.000000
v 0.194819 0.022111 0.009550
v 0.196210 0.020230 0.002353
v 0.153489 0.038505 0.000000
v 0.150819 0.036730 0.006164
v 0.190528 0.002534 0.000000
v 0.191687 0.007975 0.011788
v 0.154627 0.034510 0.013615
v 0.156941 0.032331 0.018792
v 0.160124 0.029144 0.022929
v 0.164110 0.025058 0.025680
v 0.178114 0.011923 0.025166
v 0.182464 0.008579 0.021873
v 0.185911 0.006020 0.017299
v 0.185964 0.008762 0.019698
v 0.182022 0.011720 0.023630
v 0.167646 0.024020 0.026343
v 0.163373 0.028305 0.024236
v 0.159765 0.031911 0.020743
v 0.157083 0.034613 0.016051
v 0.153517 0.037295 0.007057
v 0.188892 0.006615 0.014675
v 0.191981 0.004683 0.003029
v 0.151033 0.037667 0.001452
v 0.190696 0.032865 0.000000
v 0.186611 0.036852 0.000000
v 0.180649 0.038538 0.012281
v 0.185256 0.035400 0.012674
v 0.165501 0.022269 0.026211
v 0.169987 0.017608 0.026815
v 0.155009 0.036298 0.010884
v 0.177314 0.015381 0.026106
v 0.172365 0.019563 0.026997
v 0.168570 0.020509 0.027028
v 0.173318 0.015983 0.026889
v 0.150447 0.035438 0.007405
v 0.152628 0.035794 0.008685
v 0.184284 0.038534 0.003263
v 0.188636 0.034869 0.003297
v 0.003930 0.002705 -0.000000
v 0.000829 0.001675 0.007709
v 0.002141 0.002442 0.002117
v -0.006757 0.009196 -0.000000
v -0.007106 0.008798 0.007481
v -0.005228 0.007209 0.006032
v -0.003896 0.006019 -0.000000
v -0.004332 0.005629 0.007518
v -0.003145 0.004885 0.006087
v 0.000962 0.002554 -0.000000
v -0.000729 0.002437 0.007646
v 0.000132 0.002700 0.002111
v 0.171760 0.023991 0.026148
v 0.176619 0.019699 0.026107
v 0.179312 0.033145 0.020018
v 0.183663 0.029572 0.020071
v 0.179968 0.029293 0.022140
v 0.175842 0.028989 0.023621
v 0.180429 0.024962 0.023668
v 0.176147 0.024485 0.025223
v 0.181972 0.036128 0.015312
v 0.186297 0.032653 0.015344
v 0.182894 0.033181 0.017958
v 0.187613 0.025686 0.018994
v 0.184805 0.020916 0.022333
v 0.180888 0.020317 0.024501
v 0.184299 0.025403 0.021545
v 0.186997 0.029486 0.017489
v 0.181451 0.015716 0.024523
v 0.190052 0.028606 0.014478
v 0.190916 0.021710 0.016928
v 0.188611 0.017085 0.019733
v 0.185281 0.016376 0.022332
v 0.188154 0.021412 0.019770
v 0.190493 0.025386 0.016107
v 0.185730 0.012216 0.021444
v 0.192991 0.024148 0.012836
v 0.192027 0.010951 0.014168
v 0.189177 0.009584 0.017075
v 0.189013 0.013066 0.018823
v 0.193441 0.018650 0.013752
v 0.193128 0.021448 0.013818
v 0.191355 0.017861 0.016840
v 0.194572 0.019907 0.011251
v 0.193922 0.015669 0.012728
v 0.191784 0.014216 0.015906
v 0.174837 0.036183 0.018873
v 0.171350 0.032679 0.022215
v 0.175487 0.032901 0.021464
v 0.171488 0.028648 0.024453
v 0.178437 0.036344 0.017400
v 0.170394 0.038469 0.016841
v 0.167097 0.035681 0.019641
v 0.171075 0.035919 0.019653
v 0.167120 0.032385 0.022293
v 0.173844 0.038762 0.015961
v 0.165911 0.039491 0.014681
v 0.163822 0.037902 0.016241
v 0.166917 0.038102 0.017010
v 0.163253 0.035355 0.018932
v 0.169180 0.040289 0.013899
v 0.177295 0.038837 0.014422
v 0.172432 0.040638 0.012843
v 0.167186 0.041266 0.011075
v 0.167224 0.028244 0.024684
v 0.163170 0.031987 0.021844
v 0.159927 0.034917 0.017756
v 0.158210 0.038906 0.009839
v 0.161228 0.040256 0.009813
v 0.157335 0.039276 0.007490
v 0.157738 0.037073 0.012833
v 0.155885 0.037992 0.008625
v 0.160825 0.037728 0.014568
v 0.163525 0.039941 0.012373
v -0.022432 0.024147 -0.000000
v -0.022510 0.023420 0.006523
v -0.020547 0.022290 0.005494
v -0.001208 0.003527 0.002082
v 0.147108 0.036142 0.005207
v 0.013771 0.003903 0.006319
v 0.026764 0.006822 0.006242
v 0.040828 0.010100 0.006196
v 0.054582 0.013457 0.006098
v 0.068417 0.016779 0.006027
v 0.082656 0.020239 0.005861
v 0.096364 0.023643 0.005756
v 0.110607 0.027201 0.005549
v 0.124218 0.030547 0.005510
v 0.137326 0.033825 0.005440
v 0.006095 0.002333 0.006287
v -0.023996 0.025074 0.001745
v -0.009201 0.011767 0.002027
v -0.015905 0.018354 0.001973
v 0.157166 0.039738 0.004585
v 0.162271 0.041497 0.006307
v 0.167892 0.042387 0.006842
v 0.173434 0.041980 0.007938
v 0.178741 0.040433 0.009008
v 0.191766 0.029929 0.009064
v 0.194465 0.024966 0.007936
v 0.195573 0.014796 0.007847
v 0.194015 0.009894 0.008744
v 0.187802 0.002387 0.008918
v 0.195806 0.019751 0.006927
v 0.190807 0.005258 0.009004
v 0.152331 0.037742 0.004351
v 0.183682 0.037812 0.009605
v 0.188041 0.034204 0.009636
v 0.002026 0.001982 0.006253
v -0.005130 0.007342 0.002017
v -0.002941 0.005006 0.002050
v 0.000128 0.002376 0.006230
v -0.020524 0.022508 0.001858
v -0.018507 0.020685 0.003840
v -0.000547 0.002947 0.004192
v -0.002108 0.004144 0.004134
v -0.003990 0.005977 0.004074
v 0.000934 0.002332 0.004230
v 0.186320 0.036584 0.006555
v 0.181628 0.039736 0.006312
v 0.149342 0.037024 0.003189
v 0.193153 0.007176 0.005993
v 0.195614 0.022663 0.004922
v 0.189823 0.002936 0.006047
v 0.195497 0.012148 0.005634
v 0.196196 0.017304 0.004862
v 0.193639 0.027942 0.005831
v 0.190395 0.032606 0.006398
v 0.176363 0.041749 0.005713
v 0.170804 0.042654 0.004871
v 0.165191 0.042391 0.004506
v 0.159659 0.040835 0.003725
v 0.154178 0.038648 0.002824
v -0.012583 0.015094 0.004022
v -0.006810 0.009148 0.004057
v -0.022400 0.023974 0.003594
v 0.003803 0.002359 0.004240
v 0.130854 0.032502 0.003709
v 0.117340 0.029171 0.003730
v 0.103350 0.025767 0.003821
v 0.089369 0.022297 0.003934
v 0.075480 0.018891 0.004027
v 0.061462 0.015524 0.004112
v 0.047794 0.012202 0.004162
v 0.033778 0.008836 0.004210
v 0.019752 0.005617 0.004256
v 0.009359 0.003321 0.004274
v 0.142453 0.035344 0.003629
v -0.001337 0.003343 -0.006145
v 0.143160 0.034694 -0.006658
v 0.146040 0.036415 -0.001734
v 0.009291 0.002383 -0.007777
v 0.019930 0.004717 -0.007738
v 0.033929 0.007897 -0.007658
v 0.047750 0.011206 -0.007567
v 0.061487 0.014541 -0.007463
v 0.075691 0.017961 -0.007310
v 0.089667 0.021399 -0.007153
v 0.103644 0.024914 -0.006954
v 0.117630 0.028410 -0.006796
v 0.131121 0.031790 -0.006754
v 0.013807 0.004587 -0.002141
v 0.026571 0.007469 -0.002113
v 0.040899 0.010855 -0.002097
v 0.054698 0.014207 -0.002066
v 0.068383 0.017516 -0.002045
v 0.082420 0.020888 -0.001984
v 0.096133 0.024298 -0.001947
v 0.110352 0.027737 -0.001875
v 0.124009 0.031022 -0.001863
v 0.136988 0.034228 -0.001838
v 0.003664 0.001533 -0.007725
v 0.006277 0.002988 -0.002127
v -0.023870 0.024666 -0.005133
v -0.002462 0.003762 -0.007562
v -0.018757 0.020314 -0.007023
v -0.012894 0.014778 -0.007362
v -0.009320 0.011656 -0.006010
v -0.016015 0.018280 -0.005835
v 0.156639 0.039668 -0.001556
v 0.155137 0.038633 -0.005623
v 0.162433 0.041890 -0.002195
v 0.159510 0.040378 -0.007087
v 0.168009 0.042811 -0.002290
v 0.164704 0.041585 -0.008656
v 0.173692 0.042511 -0.002653
v 0.170428 0.041846 -0.009676
v 0.179211 0.041089 -0.003039
v 0.175657 0.040708 -0.011215
v 0.192395 0.030600 -0.003122
v 0.189321 0.031507 -0.012301
v 0.194978 0.025567 -0.002738
v 0.192625 0.026986 -0.011199
v 0.196221 0.014795 -0.002651
v 0.195297 0.017417 -0.009534
v 0.194923 0.009553 -0.002950
v 0.194223 0.012739 -0.011043
v 0.188890 0.001371 -0.003008
v 0.188315 0.004124 -0.011897
v 0.185874 0.004095 -0.014499
v 0.152759 0.034346 -0.010711
v 0.154891 0.032773 -0.016138
v 0.157597 0.030187 -0.020831
v 0.161264 0.026606 -0.024215
v 0.174598 0.013137 -0.025900
v 0.179078 0.009329 -0.023398
v 0.182950 0.006369 -0.019462
v 0.194819 0.022111 -0.009550
v 0.196210 0.020230 -0.002353
v 0.150819 0.036730 -0.006164
v 0.191687 0.007975 -0.011788
v 0.154627 0.034510 -0.013615
v 0.156941 0.032331 -0.018792
v 0.160124 0.029144 -0.022929
v 0.164110 0.025058 -0.025680
v 0.178114 0.011923 -0.025166
v 0.182464 0.008579 -0.021873
v 0.185911 0.006020 -0.017299
v 0.185964 0.008762 -0.019698
v 0.182022 0.011720 -0.023630
v 0.167646 0.024020 -0.026343
v 0.163373 0.028305 -0.024236
v 0.159765 0.031911 -0.020743
v 0.157083 0.034613 -0.016051
v 0.153517 0.037295 -0.007057
v 0.188892 0.006615 -0.014675
v 0.191981 0.004683 -0.003029
v 0.151033 0.037667 -0.001452
v 0.180649 0.038538 -0.012281
v 0.185256 0.035400 -0.012674
v 0.165501 0.022269 -0.026211
v 0.169987 0.017608 -0.026815
v 0.155009 0.036298 -0.010884
v 0.177314 0.015381 -0.026106
v 0.172365 0.019563 -0.026997
v 0.168570 0.020509 -0.027028
v 0.173318 0.015983 -0.026889
v 0.150447 0.035438 -0.007405
v 0.152628 0.035794 -0.008685
v 0.184284 0.038534 -0.003263
v 0.188636 0.034869 -0.003297
v 0.000829 0.001675 -0.007709
v 0.002141 0.002442 -0.002117
v -0.007106 0.008798 -0.007481
v -0.005228 0.007209 -0.006032
v -0.004332 0.005629 -0.007518
v -0.003145 0.004885 -0.006087
v -0.000729 0.002437 -0.007646
v 0.000132 0.002700 -0.002111
v 0.171760 0.023991 -0.026148
v 0.176619 0.019699 -0.026107
v 0.179312 0.033145 -0.020018
v 0.183663 0.029572 -0.020071
v 0.179968 0.029293 -0.022140
v 0.175842 0.028989 -0.023621
v 0.180429 0.024962 -0.023668
v 0.176147 0.024485 -0.025223
v 0.181972 0.036128 -0.015312
v 0.186297 0.032653 -0.015344
v 0.182894 0.033181 -0.017958
v 0.187613 0.025686 -0.018994
v 0.184805 0.020916 -0.022333
v 0.180888 0.020317 -0.024501
v 0.184299 0.025403 -0.021545
v 0.186997 0.029486 -0.017489
v 0.181451 0.015716 -0.024523
v 0.190052 0.028606 -0.014478
v 0.190916 0.021710 -0.016928
v 0.188611 0.017085 -0.019733
v 0.185281 0.016376 -0.022332
v 0.188154 0.021412 -0.019770
v 0.190493 0.025386 -0.016107
v 0.185730 0.012216 -0.021444
v 0.192991 0.024148 -0.012836
v 0.192027 0.010951 -0.014168
v 0.189177 0.009584 -0.017075
v 0.189013 0.013066 -0.018823
v 0.193441 0.018650 -0.013752
v 0.193128 0.021448 -0.013818
v 0.191355 0.017861 -0.016840
v 0.194572 0.019907 -0.011251
v 0.193922 0.015669 -0.012728
v 0.191784 0.014216 -0.015906
v 0.174837 0.036183 -0.018873
v 0.171350 0.032679 -0.022215
v 0.175487 0.032901 -0.021464
v 0.171488 0.028648 -0.024453
v 0.178437 0.036344 -0.017400
v 0.170394 0.038469 -0.016841
v 0.167097 0.035681 -0.019641
v 0.171075 0.035919 -0.019653
v 0.167120 0.032385 -0.022293
v 0.173844 0.038762 -0.015961
v 0.165911 0.039491 -0.014681
v 0.163822 0.037902 -0.016241
v 0.166917 0.038102 -0.017010
v 0.163253 0.035355 -0.018932
v 0.169180 0.040289 -0.013899
v 0.177295 0.038837 -0.014422
v 0.172432 0.040638 -0.012843
v 0.167186 0.041266 -0.011075
v 0.167224 0.028244 -0.024684
v 0.163170 0.031987 -0.021844
v 0.159927 0.034917 -0.017756
v 0.158210 0.038906 -0.009839
v 0.161228 0.040256 -0.009813
v 0.157335 0.039276 -0.007490
v 0.157738 0.037073 -0.012833
v 0.155885 0.037992 -0.008625
v 0.160825 0.037728 -0.014568
v 0.163525 0.039941 -0.012373
v -0.022510 0.023420 -0.006523
v -0.020547 0.022290 -0.005494
v -0.001208 0.003527 -0.002082
v 0.147108 0.036142 -0.005207
v 0.013771 0.003903 -0.006319
v 0.026764 0.006822 -0.006242
v 0.040828 0.010100 -0.006196
v 0.054582 0.013457 -0.006098
v 0.068417 0.016779 -0.006027
v 0.082656 0.020239 -0.005861
v 0.096364 0.023643 -0.005756
v 0.110607 0.027201 -0.005549
v 0.124217 0.030547 -0.005510
v 0.137326 0.033825 -0.005440
v 0.006095 0.002333 -0.006287
v -0.023996 0.025074 -0.001745
v -0.009201 0.011767 -0.002027
v -0.015905 0.018354 -0.001973
v 0.157166 0.039738 -0.004585
v 0.162271 0.041497 -0.006307
v 0.167892 0.042387 -0.006841
v 0.173434 0.041980 -0.007938
v 0.178741 0.040433 -0.009008
v 0.191766 0.029929 -0.009064
v 0.194465 0.024966 -0.007936
v 0.195573 0.014796 -0.007847
v 0.194015 0.009894 -0.008744
v 0.187802 0.002387 -0.008918
v 0.195806 0.019751 -0.006927
v 0.190807 0.005258 -0.009004
v 0.152331 0.037742 -0.004351
v 0.183682 0.037812 -0.009605
v 0.188041 0.034204 -0.009636
v 0.002026 0.001982 -0.006253
v -0.005130 0.007342 -0.002017
v -0.002941 0.005006 -0.002050
v 0.000128 0.002376 -0.006230
v -0.020524 0.022508 -0.001858
v -0.018507 0.020685 -0.003840
v -0.000547 0.002947 -0.004192
v -0.002108 0.004144 -0.004134
v -0.003990 0.005977 -0.004074
v 0.000934 0.002332 -0.004230
v 0.186320 0.036584 -0.006555
v 0.181628 0.039736 -0.006312
v 0.149342 0.037024 -0.003189
v 0.193153 0.007176 -0.005993
v 0.195614 0.022663 -0.004922
v 0.189823 0.002936 -0.006047
v 0.195497 0.012148 -0.005634
v 0.196196 0.017304 -0.004862
v 0.193639 0.027942 -0.005831
v 0.190395 0.032606 -0.006398
v 0.176363 0.041749 -0.005713
v 0.170804 0.042654 -0.004871
v 0.165191 0.042391 -0.004506
v 0.159659 0.040835 -0.003725
v 0.154178 0.038648 -0.002824
v -0.012583 0.015094 -0.004022
v -0.006810 0.009148 -0.004057
v -0.022400 0.023974 -0.003594
v 0.003803 0.002359 -0.004240
v 0.130854 0.032502 -0.003709
v 0.117340 0.029171 -0.003730
v 0.103350 0.025767 -0.003821
v 0.089369 0.022297 -0.003934
v 0.075480 0.018891 -0.004027
v 0.061462 0.015524 -0.004112
v 0.047794 0.012202 -0.004162
v 0.033778 0.008836 -0.004210
v 0.019752 0.005617 -0.004256
v 0.009359 0.003321 -0.004274
v 0.142453 0.035344 -0.003629
v -0.002459 0.001805 0.006040
v 0.143476 0.033415 0.006377
v 0.146502 0.034479 0.001612
v -0.001508 0.001360 -0.000000
v 0.009519 0.001088 0.007567
v 0.020215 0.003434 0.007514
v 0.034227 0.006618 0.007424
v 0.048057 0.009932 0.007325
v 0.061793 0.013267 0.007217
v 0.075999 0.016687 0.007061
v 0.089980 0.020126 0.006906
v 0.103957 0.023639 0.006721
v 0.117944 0.027131 0.006587
v 0.131434 0.030510 0.006557
v 0.142471 0.033606 0.000000
v 0.131190 0.030825 0.000000
v 0.117654 0.027536 0.000000
v 0.103661 0.024208 0.000000
v 0.089681 0.020777 0.000000
v 0.075854 0.017394 0.000000
v 0.061982 0.014069 0.000000
v 0.048370 0.010756 0.000000
v 0.034185 0.007342 0.000000
v 0.020117 0.004085 0.000000
v 0.014221 0.002643 0.001996
v 0.027016 0.005533 0.001960
v 0.041361 0.008924 0.001938
v 0.055164 0.012277 0.001902
v 0.068847 0.015587 0.001878
v 0.082890 0.018961 0.001817
v 0.096606 0.022370 0.001785
v 0.110820 0.025805 0.001728
v 0.124481 0.029089 0.001733
v 0.137455 0.032293 0.001712
v 0.009846 0.001805 -0.000000
v 0.003688 0.000224 0.007546
v 0.006553 0.001024 0.001997
v -0.024690 0.023690 0.005064
v -0.003267 0.002668 -0.000000
v -0.003323 0.002752 0.007490
v -0.019800 0.019237 -0.000000
v -0.013911 0.013683 -0.000000
v -0.019635 0.019313 0.006967
v -0.013827 0.013828 0.007314
v -0.010704 0.010333 0.005946
v -0.017314 0.016873 0.005770
v 0.157327 0.037797 0.001484
v 0.148946 0.035112 0.000000
v 0.155917 0.036869 0.005157
v 0.162943 0.039972 0.002112
v 0.160153 0.038966 0.000000
v 0.160230 0.038576 0.006671
v 0.168120 0.040834 0.002199
v 0.165541 0.040608 0.000000
v 0.165086 0.039710 0.008175
v 0.173400 0.040553 0.002545
v 0.170758 0.040854 0.000000
v 0.170391 0.039950 0.009135
v 0.178523 0.039240 0.002910
v 0.176039 0.040063 0.000000
v 0.175237 0.038896 0.010572
v 0.190758 0.029505 0.002976
v 0.180999 0.038254 0.000000
v 0.187898 0.030388 0.011547
v 0.193122 0.024905 0.002608
v 0.192173 0.027318 0.000000
v 0.190955 0.026219 0.010509
v 0.194267 0.015027 0.002522
v 0.193869 0.022577 0.000000
v 0.193419 0.017422 0.008936
v 0.193116 0.010304 0.002781
v 0.193960 0.012664 0.000000
v 0.192458 0.013192 0.010331
v 0.187888 0.002220 0.002859
v 0.192062 0.007990 0.000000
v 0.187044 0.005314 0.011141
v 0.185093 0.004938 0.013849
v 0.153344 0.033342 0.010075
v 0.155484 0.031813 0.015449
v 0.158048 0.029383 0.019893
v 0.161582 0.026078 0.023054
v 0.174417 0.013446 0.024637
v 0.178673 0.009880 0.022279
v 0.182342 0.007111 0.018564
v 0.194427 0.017621 0.000000
v 0.192975 0.021738 0.008964
v 0.194246 0.020009 0.002244
v 0.154117 0.036613 0.000000
v 0.151421 0.034994 0.005583
v 0.189044 0.003717 0.000000
v 0.190153 0.008921 0.011018
v 0.155520 0.033083 0.012718
v 0.157678 0.031040 0.017618
v 0.160641 0.028163 0.021399
v 0.164426 0.024487 0.023905
v 0.177612 0.012458 0.023436
v 0.181654 0.009437 0.020408
v 0.184846 0.007109 0.016181
v 0.184861 0.009635 0.018337
v 0.181202 0.012283 0.021950
v 0.167760 0.023533 0.024439
v 0.163734 0.027432 0.022508
v 0.160376 0.030682 0.019328
v 0.157931 0.033159 0.015005
v 0.154310 0.035623 0.006354
v 0.187570 0.007695 0.013699
v 0.190386 0.005830 0.002823
v 0.151593 0.035756 0.001355
v 0.189179 0.031593 0.000000
v 0.185361 0.035315 0.000000
v 0.179859 0.036899 0.011549
v 0.184122 0.033998 0.011907
v 0.165691 0.022044 0.024927
v 0.170014 0.017660 0.025500
v 0.155928 0.034753 0.010025
v 0.176824 0.015598 0.024223
v 0.172200 0.019436 0.025044
v 0.168666 0.020333 0.025149
v 0.173135 0.016169 0.025021
v 0.150881 0.034308 0.006849
v 0.153407 0.034295 0.007820
v 0.183202 0.036886 0.003119
v 0.187251 0.033462 0.003149
v 0.004049 0.000729 -0.000000
v 0.000491 0.000416 0.007577
v 0.002002 0.000483 0.002016
v -0.008226 0.007841 -0.000000
v -0.008091 0.007902 0.007430
v -0.006645 0.005922 0.005958
v -0.005325 0.004624 -0.000000
v -0.005297 0.004713 0.007456
v -0.004465 0.003504 0.005997
v 0.000530 0.000645 -0.000000
v -0.001401 0.001301 0.007555
v -0.000616 0.000882 0.002042
v 0.171602 0.023510 0.024253
v 0.176145 0.019541 0.024217
v 0.178654 0.031993 0.018575
v 0.182690 0.028693 0.018614
v 0.179267 0.028440 0.020516
v 0.175420 0.028151 0.021892
v 0.179685 0.024413 0.021932
v 0.175692 0.023965 0.023386
v 0.181092 0.034698 0.014308
v 0.185101 0.031487 0.014327
v 0.181962 0.032008 0.016700
v 0.186349 0.025095 0.017614
v 0.183747 0.020660 0.020696
v 0.180106 0.020098 0.022718
v 0.183286 0.024834 0.019960
v 0.185764 0.028593 0.016257
v 0.180645 0.015881 0.022755
v 0.188583 0.027744 0.013513
v 0.189400 0.021410 0.015709
v 0.187269 0.017131 0.018300
v 0.184184 0.016472 0.020716
v 0.186854 0.021134 0.018322
v 0.189000 0.024802 0.014975
v 0.184620 0.012713 0.019922
v 0.191298 0.023634 0.011985
v 0.190451 0.011592 0.013210
v 0.187827 0.010366 0.015901
v 0.187648 0.013475 0.017485
v 0.191722 0.018575 0.012790
v 0.191431 0.021161 0.012857
v 0.189806 0.017851 0.015628
v 0.192755 0.019724 0.010504
v 0.192166 0.015835 0.011865
v 0.190205 0.014521 0.014787
v 0.174505 0.034787 0.017533
v 0.171247 0.031560 0.020599
v 0.175106 0.031774 0.019901
v 0.171348 0.027824 0.022674
v 0.177832 0.034921 0.016198
v 0.170388 0.036883 0.015677
v 0.167318 0.034317 0.018238
v 0.171016 0.034548 0.018242
v 0.167293 0.031264 0.020686
v 0.173573 0.037138 0.014889
v 0.166255 0.037817 0.013696
v 0.164314 0.036345 0.015129
v 0.167180 0.036548 0.015826
v 0.163737 0.033975 0.017611
v 0.169263 0.038542 0.012994
v 0.176764 0.037191 0.013499
v 0.172255 0.038846 0.012050
v 0.167408 0.039429 0.010402
v 0.167355 0.027427 0.022901
v 0.163586 0.030839 0.020300
v 0.160617 0.033503 0.016562
v 0.159063 0.037243 0.009163
v 0.161879 0.038491 0.009210
v 0.158180 0.037559 0.006953
v 0.158605 0.035509 0.011968
v 0.156781 0.036362 0.007918
v 0.161518 0.036153 0.013597
v 0.164035 0.038216 0.011574
v -0.023682 0.022695 -0.000000
v -0.023328 0.022443 0.006454
v -0.021789 0.020833 0.005408
v -0.002374 0.001917 0.002033
v 0.147585 0.034304 0.004818
v 0.014158 0.002051 0.006020
v 0.027185 0.004979 0.005928
v 0.041265 0.008263 0.005870
v 0.055024 0.011623 0.005764
v 0.068857 0.014946 0.005687
v 0.083103 0.018407 0.005520
v 0.096816 0.021810 0.005425
v 0.111056 0.025363 0.005247
v 0.124670 0.028705 0.005240
v 0.137771 0.031985 0.005157
v 0.006322 0.000458 0.006017
v -0.024863 0.024062 0.001714
v -0.010645 0.010385 0.001998
v -0.017265 0.016890 0.001944
v 0.157911 0.037915 0.004309
v 0.162804 0.039614 0.005997
v 0.168027 0.040446 0.006499
v 0.173169 0.040065 0.007539
v 0.178091 0.038637 0.008535
v 0.190165 0.028906 0.008558
v 0.192648 0.024353 0.007492
v 0.193677 0.015031 0.007390
v 0.192287 0.010639 0.008201
v 0.186883 0.003247 0.008507
v 0.193879 0.019561 0.006539
v 0.189318 0.006411 0.008410
v 0.152977 0.035906 0.003976
v 0.182653 0.036220 0.009086
v 0.186700 0.032864 0.009108
v 0.001835 0.000114 0.006040
v -0.006599 0.005987 0.001983
v -0.004308 0.003552 0.002008
v -0.000618 0.000646 0.006084
v -0.021833 0.020997 0.001819
v -0.019831 0.019188 0.003779
v -0.001545 0.001238 0.004090
v -0.003396 0.002624 0.004054
v -0.005427 0.004592 0.004005
v 0.000464 0.000434 0.004078
v 0.185092 0.035071 0.006239
v 0.180752 0.037996 0.006012
v 0.149864 0.035120 0.002945
v 0.191494 0.008160 0.005614
v 0.193701 0.022240 0.004674
v 0.188402 0.004131 0.005642
v 0.193626 0.012646 0.005322
v 0.194236 0.017314 0.004615
v 0.191896 0.027075 0.005536
v 0.188893 0.031365 0.006081
v 0.175884 0.039849 0.005454
v 0.170718 0.040688 0.004655
v 0.165517 0.040448 0.004313
v 0.160312 0.038963 0.003560
v 0.154857 0.036786 0.002642
v -0.013984 0.013670 0.003971
v -0.008282 0.007797 0.004002
v -0.023640 0.022515 0.003517
v 0.003882 0.000391 0.004031
v 0.131325 0.030574 0.003484
v 0.117810 0.027246 0.003486
v 0.103820 0.023847 0.003547
v 0.089840 0.020380 0.003642
v 0.075944 0.016972 0.003733
v 0.061924 0.013605 0.003821
v 0.048256 0.010282 0.003876
v 0.034228 0.006912 0.003933
v 0.020184 0.003686 0.003992
v 0.009718 0.001375 0.004028
v 0.142912 0.033419 0.003384
v -0.002459 0.001805 -0.006040
v 0.143476 0.033415 -0.006377
v 0.146502 0.034479 -0.001612
v 0.009519 0.001088 -0.007567
v 0.020214 0.003434 -0.007514
v 0.034227 0.006618 -0.007424
v 0.048057 0.009932 -0.007325
v 0.061793 0.013267 -0.007217
v 0.075999 0.016687 -0.007061
v 0.089980 0.020126 -0.006906
v 0.103957 0.023639 -0.006721
v 0.117944 0.027131 -0.006587
v 0.131434 0.030510 -0.006557
v 0.014221 0.002643 -0.001996
v 0.027016 0.005533 -0.001960
v 0.041361 0.008924 -0.001938
v 0.055164 0.012277 -0.001902
v 0.068847 0.015587 -0.001878
v 0.082890 0.018961 -0.001817
v 0.096606 0.022370 -0.001785
v 0.110820 0.025805 -0.001728
v 0.124481 0.029089 -0.001733
v 0.137455 0.032293 -0.001712
v 0.003688 0.000224 -0.007546
v 0.006553 0.001024 -0.001997
v -0.024690 0.023690 -0.005064
v -0.003323 0.002752 -0.007490
v -0.019635 0.019313 -0.006967
v -0.013827 0.013828 -0.007314
v -0.010704 0.010333 -0.005946
v -0.017314 0.016873 -0.005770
v 0.157327 0.037797 -0.001484
v 0.155917 0.036869 -0.005157
v 0.162943 0.039972 -0.002112
v 0.160230 0.038576 -0.006671
v 0.168120 0.040834 -0.002199
v 0.165086 0.039710 -0.008175
v 0.173400 0.040553 -0.002545
v 0.170391 0.039950 -0.009135
v 0.178523 0.039240 -0.002910
v 0.175237 0.038896 -0.010572
v 0.190758 0.029505 -0.002976
v 0.187898 0.030388 -0.011547
v 0.193122 0.024905 -0.002608
v 0.190955 0.026219 -0.010509
v 0.194267 0.015027 -0.002522
v 0.193419 0.017422 -0.008936
v 0.193116 0.010304 -0.002780
v 0.192458 0.013192 -0.010331
v 0.187888 0.002220 -0.002859
v 0.187044 0.005314 -0.011141
v 0.185093 0.004938 -0.013849
v 0.153344 0.033342 -0.010075
v 0.155484 0.031813 -0.015449
v 0.158048 0.029383 -0.019893
v 0.161582 0.026078 -0.023054
v 0.174417 0.013446 -0.024637
v 0.178673 0.009880 -0.022279
v 0.182342 0.007111 -0.018564
v 0.192975 0.021738 -0.008964
v 0.194246 0.020009 -0.002244
v 0.151421 0.034994 -0.005583
v 0.190153 0.008921 -0.011018
v 0.155520 0.033083 -0.012718
v 0.157678 0.031040 -0.017618
v 0.160641 0.028163 -0.021399
v 0.164426 0.024487 -0.023905
v 0.177612 0.012458 -0.023436
v 0.181654 0.009437 -0.020408
v 0.184846 0.007109 -0.016181
v 0.184861 0.009635 -0.018337
v 0.181202 0.012283 -0.021950
v 0.167760 0.023533 -0.024439
v 0.163734 0.027432 -0.022508
v 0.160376 0.030682 -0.019328
v 0.157931 0.033159 -0.015005
v 0.154310 0.035623 -0.006354
v 0.187570 0.007695 -0.013699
v 0.190386 0.005830 -0.002823
v 0.151593 0.035756 -0.001355
v 0.179859 0.036899 -0.011549
v 0.184122 0.033998 -0.011907
v 0.165691 0.022044 -0.024927
v 0.170014 0.017660 -0.025500
v 0.155928 0.034753 -0.010025
v 0.176824 0.015598 -0.024223
v 0.172200 0.019436 -0.025044
v 0.168666 0.020333 -0.025149
v 0.173135 0.016169 -0.025021
v 0.150881 0.034308 -0.006849
v 0.153407 0.034295 -0.007820
v 0.183202 0.036886 -0.003119
v 0.187251 0.033462 -0.003149
v 0.000491 0.000416 -0.007577
v 0.002002 0.000483 -0.002016
v -0.008091 0.007902 -0.007430
v -0.006645 0.005922 -0.005958
v -0.005297 0.004713 -0.007456
v -0.004465 0.003504 -0.005997
v -0.001401 0.001301 -0.007555
v -0.000616 0.000882 -0.002042
v 0.171602 0.023510 -0.024253
v 0.176145 0.019541 -0.024217
v 0.178654 0.031993 -0.018575
v 0.182690 0.028693 -0.018614
v 0.179267 0.028440 -0.020516
v 0.175420 0.028151 -0.021892
v 0.179685 0.024413 -0.021932
v 0.175692 0.023965 -0.023386
v 0.181092 0.034698 -0.014308
v 0.185101 0.031487 -0.014327
v 0.181962 0.032008 -0.016700
v 0.186349 0.025095 -0.017614
v 0.183747 0.020660 -0.020696
v 0.180106 0.020098 -0.022718
v 0.183286 0.024834 -0.019960
v 0.185764 0.028593 -0.016257
v 0.180645 0.015881 -0.022755
v 0.188583 0.027744 -0.013513
v 0.189400 0.021410 -0.015709
v 0.187269 0.017131 -0.018300
v 0.184184 0.016472 -0.020716
v 0.186854 0.021134 -0.018322
v 0.189000 0.024802 -0.014975
v 0.184620 0.012713 -0.019922
v 0.191298 0.023634 -0.011985
v 0.190451 0.011592 -0.013210
v 0.187827 0.010366 -0.015901
v 0.187648 0.013475 -0.017485
v 0.191722 0.018575 -0.012790
v 0.191431 0.021161 -0.012857
v 0.189806 0.017851 -0.015628
v 0.192755 0.019724 -0.010504
v 0.192166 0.015835 -0.011865
v 0.190205 0.014521 -0.014787
v 0.174505 0.034787 -0.017533
v 0.171247 0.031560 -0.020599
v 0.175106 0.031774 -0.019901
v 0.171348 0.027824 -0.022674
v 0.177832 0.034921 -0.016198
v 0.170388 0.036883 -0.015677
v 0.167318 0.034317 -0.018238
v 0.171016 0.034548 -0.018242
v 0.167293 0.031264 -0.020686
v 0.173573 0.037138 -0.014889
v 0.166255 0.037817 -0.013696
v 0.164314 0.036345 -0.015129
v 0.167180 0.036548 -0.015826
v 0.163737 0.033975 -0.017611
v 0.169263 0.038542 -0.012994
v 0.176764 0.037191 -0.013499
v 0.172255 0.038846 -0.012050
v 0.167408 0.039429 -0.010402
v 0.167355 0.027427 -0.022901
v 0.163586 0.030839 -0.020300
v 0.160617 0.033503 -0.016562
v 0.159063 0.037243 -0.009163
v 0.161879 0.038491 -0.009210
v 0.158180 0.037559 -0.006953
v 0.158605 0.035509 -0.011968
v 0.156781 0.036362 -0.007918
v 0.161518 0.036153 -0.013597
v 0.164035 0.038216 -0.011574
v -0.023328 0.022443 -0.006454
v -0.021789 0.020833 -0.005408
v -0.002374 0.001917 -0.002033
v 0.147585 0.034304 -0.004818
v 0.014158 0.002051 -0.006020
v 0.027185 0.004979 -0.005928
v 0.041265 0.008263 -0.005870
v 0.055024 0.011623 -0.005764
v 0.068857 0.014946 -0.005687
v 0.083103 0.018407 -0.005520
v 0.096816 0.021810 -0.005425
v 0.111056 0.025363 -0.005247
v 0.124670 0.028705 -0.005240
v 0.137771 0.031985 -0.005157
v 0.006322 0.000458 -0.006017
v -0.024863 0.024062 -0.001714
v -0.010645 0.010385 -0.001998
v -0.017265 0.016890 -0.001944
v 0.157911 0.037915 -0.004309
v 0.162804 0.039614 -0.005997
v 0.168027 0.040446 -0.006499
v 0.173169 0.040065 -0.007539
v 0.178091 0.038637 -0.008535
v 0.190165 0.028906 -0.008558
v 0.192648 0.024353 -0.007492
v 0.193677 0.015031 -0.007390
v 0.192287 0.010639 -0.008201
v 0.186883 0.003247 -0.008507
v 0.193879 0.019561 -0.006539
v 0.189318 0.006411 -0.008410
v 0.152977 0.035906 -0.003976
v 0.182653 0.036220 -0.009086
v 0.186700 0.032864 -0.009108
v 0.001835 0.000114 -0.006040
v -0.006599 0.005987 -0.001983
v -0.004308 0.003552 -0.002008
v -0.000618 0.000646 -0.006084
v -0.021833 0.020997 -0.001819
v -0.019831 0.019188 -0.003779
v -0.001545 0.001238 -0.004090
v -0.003396 0.002624 -0.004054
v -0.005427 0.004592 -0.004005
v 0.000464 0.000434 -0.004078
v 0.185092 0.035071 -0.006239
v 0.180752 0.037996 -0.006012
v 0.149864 0.035120 -0.002945
v 0.191494 0.008160 -0.005614
v 0.193701 0.022240 -0.004674
v 0.188402 0.004131 -0.005642
v 0.193626 0.012646 -0.005322
v 0.194236 0.017314 -0.004615
v 0.191896 0.027075 -0.005536
v 0.188893 0.031365 -0.006081
v 0.175884 0.039849 -0.005454
v 0.170718 0.040688 -0.004655
v 0.165517 0.040448 -0.004313
v 0.160312 0.038963 -0.003560
v 0.154857 0.036786 -0.002642
v -0.013984 0.013670 -0.003971
v -0.008282 0.007797 -0.004002
v -0.023640 0.022515 -0.003517
v 0.003882 0.000391 -0.004031
v 0.131325 0.030574 -0.003484
v 0.117810 0.027246 -0.003486
v 0.103820 0.023847 -0.003547
v 0.089840 0.020380 -0.003642
v 0.075944 0.016972 -0.003733
v 0.061924 0.013605 -0.003821
v 0.048256 0.010282 -0.003876
v 0.034228 0.006912 -0.003933
v 0.020184 0.003686 -0.003992
v 0.009718 0.001375 -0.004028
v 0.142912 0.033419 -0.003384
v -0.001944 0.002468 0.008071
v 0.147710 0.034713 0.006970
v 0.013947 0.002618 0.008201
v 0.027075 0.005561 0.008097
v 0.041011 0.008786 0.008031
v 0.054746 0.012149 0.007894
v 0.068657 0.015478 0.007791
v 0.083003 0.018982 0.007580
v 0.096711 0.022383 0.007448
v 0.110965 0.026000 0.007193
v 0.124553 0.029374 0.007155
v 0.137727 0.032691 0.007047
v 0.006110 0.001052 0.008180
v -0.024189 0.023991 0.006283
v -0.024939 0.025062 -0.000000
v -0.016698 0.017523 0.007688
v -0.010050 0.010922 0.007931
v 0.186125 0.003208 0.011492
v 0.188119 0.001126 0.000000
v 0.153798 0.032981 0.013095
v 0.156052 0.030989 0.018215
v 0.159227 0.028034 0.022158
v 0.163199 0.024189 0.024734
v 0.176339 0.011068 0.024213
v 0.180441 0.007757 0.021049
v 0.183769 0.005225 0.016670
v 0.167497 0.019760 0.026007
v 0.171909 0.015196 0.025872
v 0.151567 0.034160 0.008222
v 0.001867 0.000805 0.008160
v -0.005966 0.006485 0.007991
v -0.003890 0.004121 0.008025
v -0.000238 0.001337 0.008161
v -0.021155 0.021433 0.007224
v -0.024867 0.024820 0.003429
v 0.187550 0.001747 0.005846
v -0.001944 0.002468 -0.008071
v 0.147710 0.034713 -0.006970
v 0.013947 0.002618 -0.008201
v 0.027075 0.005561 -0.008097
v 0.041011 0.008786 -0.008031
v 0.054746 0.012149 -0.007894
v 0.068657 0.015478 -0.007791
v 0.083003 0.018982 -0.007580
v 0.096711 0.022383 -0.007448
v 0.110965 0.026000 -0.007193
v 0.124553 0.029374 -0.007155
v 0.137727 0.032691 -0.007047
v 0.006110 0.001052 -0.008180
v -0.024189 0.023991 -0.006283
v -0.016698 0.017523 -0.007688
v -0.010050 0.010922 -0.007931
v 0.186125 0.003208 -0.011492
v 0.153798 0.032981 -0.013095
v 0.156052 0.030989 -0.018215
v 0.159227 0.028034 -0.022157
v 0.163199 0.024189 -0.024734
v 0.176339 0.011068 -0.024213
v 0.180441 0.007757 -0.021049
v 0.183769 0.005225 -0.016670
v 0.167497 0.019760 -0.026007
v 0.171909 0.015196 -0.025872
v 0.151567 0.034160 -0.008222
v 0.001867 0.000805 -0.008160
v -0.005966 0.006485 -0.007991
v -0.003890 0.004121 -0.008025
v -0.000238 0.001337 -0.008161
v -0.021155 0.021433 -0.007224
v -0.024867 0.024820 -0.003429
v 0.187550 0.001747 -0.005846
v 0.142148 0.035489 0.001810
v 0.009435 0.003628 0.002138
v 0.019702 0.005904 0.002129
v 0.033743 0.009146 0.002105
v 0.047867 0.012543 0.002081
v 0.061498 0.015858 0.002058
v 0.075415 0.019196 0.002015
v 0.089256 0.022585 0.001967
v 0.103240 0.026030 0.001910
v 0.117232 0.029383 0.001864
v 0.130759 0.032686 0.001854
v 0.003889 0.002601 0.002120
v -0.022423 0.024097 0.001797
v -0.006774 0.009186 0.002022
v -0.012532 0.015106 0.002011
v 0.154694 0.038705 0.004225
v 0.159667 0.040694 0.005459
v 0.165046 0.042086 0.006650
v 0.170693 0.042342 0.007308
v 0.176121 0.041341 0.008524
v 0.190004 0.032151 0.009424
v 0.193266 0.027517 0.008564
v 0.195861 0.017247 0.007229
v 0.195000 0.012345 0.008383
v 0.189160 0.003436 0.009010
v 0.195330 0.022347 0.007263
v 0.184316 0.007209 0.019718
v 0.180378 0.010153 0.023703
v 0.175738 0.013875 0.026229
v 0.162038 0.027191 0.024481
v 0.158414 0.030861 0.021021
v 0.155711 0.033551 0.016296
v 0.153593 0.035220 0.010919
v 0.187240 0.004990 0.014675
v 0.192531 0.007482 0.008932
v 0.150035 0.036948 0.004772
v 0.166295 0.022811 0.026533
v 0.170919 0.018213 0.027151
v 0.151732 0.036326 0.007265
v 0.181274 0.039258 0.009373
v 0.185935 0.036108 0.009695
v 0.000952 0.002489 0.002116
v -0.003926 0.006010 0.002029
v -0.002024 0.004184 0.002067
v -0.000531 0.003040 0.002098
v 0.174165 0.021823 0.026320
v 0.181519 0.031408 0.020190
v 0.178139 0.026994 0.023820
v 0.184191 0.034472 0.015443
v 0.182669 0.022933 0.023166
v 0.185705 0.027664 0.019661
v 0.179072 0.017660 0.025508
v 0.188260 0.030698 0.015014
v 0.186788 0.018934 0.021188
v 0.189354 0.023660 0.018097
v 0.183684 0.013883 0.023161
v 0.191642 0.026391 0.013760
v 0.190563 0.008663 0.014520
v 0.187564 0.010772 0.019400
v 0.192280 0.019984 0.015459
v 0.194469 0.017856 0.011746
v 0.194032 0.021979 0.011795
v 0.190274 0.015484 0.017967
v 0.193127 0.013331 0.013575
v 0.173574 0.030900 0.023078
v 0.177078 0.034747 0.019571
v 0.169184 0.034281 0.021060
v 0.172607 0.037427 0.017953
v 0.165181 0.036869 0.018005
v 0.168195 0.039250 0.015631
v 0.179665 0.037590 0.014965
v 0.174879 0.039854 0.013706
v 0.169927 0.041160 0.011894
v 0.169441 0.026152 0.025596
v 0.165122 0.030207 0.023429
v 0.161412 0.033548 0.019944
v 0.159091 0.039818 0.008595
v 0.156693 0.037628 0.010552
v 0.155468 0.038368 0.007045
v 0.158758 0.036120 0.015331
v 0.164123 0.040862 0.010514
v 0.163359 0.038934 0.014342
v -0.018482 0.020720 0.001920
v -0.018554 0.020592 0.005677
v -0.000578 0.002789 0.006190
v -0.002216 0.004045 0.006113
v -0.004079 0.005887 0.006055
v 0.000911 0.002103 0.006247
v 0.186537 0.036804 0.003305
v 0.181828 0.039962 0.003173
v 0.148735 0.037045 0.001590
v 0.193597 0.007043 0.003008
v 0.195756 0.022919 0.002489
v 0.190324 0.002634 0.003035
v 0.195777 0.012141 0.002831
v 0.196361 0.017507 0.002444
v 0.193857 0.028158 0.002957
v 0.190619 0.032819 0.003236
v 0.176490 0.041939 0.002863
v 0.170845 0.042800 0.002432
v 0.165224 0.042531 0.002275
v 0.159571 0.040864 0.001891
v 0.153703 0.038554 0.001415
v -0.012659 0.015026 0.005948
v -0.006871 0.009055 0.006027
v -0.022386 0.023781 0.005304
v 0.003720 0.002038 0.006265
v 0.130971 0.032244 0.005482
v 0.117470 0.028884 0.005516
v 0.103482 0.025427 0.005649
v 0.089504 0.021931 0.005813
v 0.075565 0.018506 0.005944
v 0.061440 0.015109 0.006069
v 0.047732 0.011780 0.006148
v 0.033829 0.008447 0.006220
v 0.019820 0.005251 0.006285
v 0.009293 0.002935 0.006313
v 0.142807 0.035125 0.005385
v 0.142148 0.035489 -0.001810
v 0.009435 0.003628 -0.002138
v 0.019702 0.005904 -0.002129
v 0.033743 0.009146 -0.002105
v 0.047867 0.012543 -0.002081
v 0.061498 0.015858 -0.002058
v 0.075415 0.019196 -0.002015
v 0.089256 0.022585 -0.001967
v 0.103240 0.026030 -0.001910
v 0.117232 0.029383 -0.001864
v 0.130759 0.032686 -0.001854
v 0.003889 0.002601 -0.002120
v -0.022423 0.024097 -0.001797
v -0.006774 0.009186 -0.002022
v -0.012532 0.015106 -0.002011
v 0.154694 0.038705 -0.004225
v 0.159667 0.040694 -0.005459
v 0.165046 0.042086 -0.006650
v 0.170693 0.042342 -0.007308
v 0.176121 0.041341 -0.008524
v 0.190003 0.032151 -0.009424
v 0.193266 0.027517 -0.008564
v 0.195861 0.017247 -0.007229
v 0.195000 0.012345 -0.008383
v 0.189160 0.003436 -0.009010
v 0.195330 0.022347 -0.007263
v 0.184316 0.007209 -0.019718
v 0.180378 0.010153 -0.023703
v 0.175738 0.013875 -0.026229
v 0.162038 0.027191 -0.024481
v 0.158414 0.030861 -0.021021
v 0.155711 0.033551 -0.016296
v 0.153593 0.035220 -0.010919
v 0.187240 0.004990 -0.014675
v 0.192531 0.007482 -0.008932
v 0.150035 0.036948 -0.004772
v 0.166294 0.022811 -0.026533
v 0.170919 0.018213 -0.027151
v 0.151732 0.036326 -0.007265
v 0.181274 0.039258 -0.009373
v 0.185935 0.036108 -0.009695
v 0.000952 0.002489 -0.002116
v -0.003926 0.006010 -0.002029
v -0.002024 0.004184 -0.002067
v -0.000531 0.003040 -0.002098
v 0.174165 0.021823 -0.026320
v 0.181519 0.031408 -0.020190
v 0.178139 0.026994 -0.023820
v 0.184191 0.034472 -0.015443
v 0.182669 0.022933 -0.023166
v 0.185705 0.027664 -0.019661
v 0.179072 0.017660 -0.025508
v 0.188260 0.030698 -0.015014
v 0.186788 0.018934 -0.021188
v 0.189354 0.023660 -0.018097
v 0.183684 0.013883 -0.023161
v 0.191642 0.026391 -0.013760
v 0.190563 0.008663 -0.014520
v 0.187564 0.010772 -0.019400
v 0.192280 0.019984 -0.015459
v 0.194469 0.017856 -0.011746
v 0.194032 0.021979 -0.011795
v 0.190274 0.015484 -0.017967
v 0.193127 0.013331 -0.013575
v 0.173574 0.030900 -0.023078
v 0.177078 0.034747 -0.019571
v 0.169184 0.034281 -0.021060
v 0.172607 0.037427 -0.017953
v 0.165181 0.036869 -0.018005
v 0.168195 0.039250 -0.015631
v 0.179665 0.037590 -0.014965
v 0.174879 0.039854 -0.013706
v 0.169927 0.041160 -0.011894
v 0.169441 0.026152 -0.025596
v 0.165122 0.030207 -0.023429
v 0.161412 0.033548 -0.019944
v 0.159091 0.039818 -0.008595
v 0.156693 0.037628 -0.010552
v 0.155468 0.038368 -0.007045
v 0.158758 0.036120 -0.015331
v 0.164123 0.040862 -0.010514
v 0.163359 0.038934 -0.014342
v -0.018482 0.020720 -0.001920
v -0.018554 0.020592 -0.005677
v -0.000578 0.002789 -0.006190
v -0.002216 0.004045 -0.006113
v -0.004079 0.005887 -0.006055
v 0.000911 0.002103 -0.006247
v 0.186537 0.036804 -0.003305
v 0.181828 0.039962 -0.003173
v 0.148735 0.037045 -0.001590
v 0.193597 0.007043 -0.003008
v 0.195756 0.022919 -0.002489
v 0.190324 0.002634 -0.003035
v 0.195777 0.012141 -0.002831
v 0.196361 0.017507 -0.002444
v 0.193857 0.028158 -0.002957
v 0.190619 0.032819 -0.003236
v 0.176490 0.041939 -0.002863
v 0.170845 0.042800 -0.002432
v 0.165224 0.042531 -0.002275
v 0.159571 0.040864 -0.001891
v 0.153703 0.038554 -0.001415
v -0.012659 0.015026 -0.005948
v -0.006871 0.009055 -0.006027
v -0.022386 0.023781 -0.005304
v 0.003720 0.002038 -0.006265
v 0.130971 0.032244 -0.005482
v 0.117470 0.028884 -0.005516
v 0.103482 0.025427 -0.005649
v 0.089504 0.021931 -0.005813
v 0.075565 0.018506 -0.005944
v 0.061440 0.015109 -0.006069
v 0.047732 0.011780 -0.006148
v 0.033829 0.008447 -0.006220
v 0.019820 0.005251 -0.006285
v 0.009293 0.002935 -0.006313
v 0.142807 0.035125 -0.005385
v 0.142606 0.033552 0.001684
v 0.009805 0.001675 0.001999
v 0.020136 0.003965 0.001980
v 0.034197 0.007212 0.001949
v 0.048333 0.010613 0.001919
v 0.061962 0.013929 0.001893
v 0.075881 0.017267 0.001848
v 0.089729 0.020658 0.001802
v 0.103710 0.024100 0.001755
v 0.117702 0.027450 0.001726
v 0.131231 0.030751 0.001728
v 0.003996 0.000628 0.002003
v -0.023670 0.022643 0.001755
v -0.008245 0.007831 0.001991
v -0.013935 0.013683 0.001983
v 0.155418 0.036882 0.003908
v 0.160343 0.038847 0.005177
v 0.165389 0.040168 0.006322
v 0.170624 0.040402 0.006942
v 0.175663 0.039474 0.008087
v 0.188528 0.030958 0.008902
v 0.191548 0.026691 0.008085
v 0.193932 0.017262 0.006818
v 0.193171 0.012831 0.007879
v 0.187805 0.004635 0.008427
v 0.193442 0.021948 0.006858
v 0.183372 0.008198 0.018421
v 0.179717 0.010856 0.022091
v 0.175397 0.014237 0.024413
v 0.162454 0.026411 0.022811
v 0.159039 0.029705 0.019662
v 0.156551 0.032172 0.015293
v 0.154457 0.033766 0.010037
v 0.186066 0.006145 0.013740
v 0.190927 0.008459 0.008360
v 0.150590 0.035098 0.004365
v 0.166506 0.022442 0.024690
v 0.170882 0.018221 0.025263
v 0.152414 0.034725 0.006513
v 0.180429 0.037555 0.008872
v 0.184741 0.034637 0.009168
v 0.000508 0.000584 0.002031
v -0.005358 0.004618 0.001991
v -0.003308 0.002659 0.002022
v -0.001521 0.001327 0.002041
v 0.173853 0.021505 0.024413
v 0.180701 0.030391 0.018728
v 0.177556 0.026300 0.022074
v 0.183149 0.033169 0.014423
v 0.181766 0.022529 0.021466
v 0.184583 0.026927 0.018232
v 0.178432 0.017661 0.023663
v 0.186922 0.029678 0.014014
v 0.185583 0.018830 0.019640
v 0.187959 0.023217 0.016787
v 0.182719 0.014215 0.021502
v 0.190052 0.025701 0.012845
v 0.189114 0.009544 0.013546
v 0.186326 0.011423 0.018041
v 0.190656 0.019812 0.014356
v 0.192662 0.017835 0.010957
v 0.192257 0.021635 0.011014
v 0.188808 0.015669 0.016678
v 0.191447 0.013724 0.012653
v 0.173311 0.029920 0.021393
v 0.176583 0.033468 0.018169
v 0.169243 0.033033 0.019537
v 0.172436 0.035928 0.016694
v 0.165559 0.035402 0.016743
v 0.168361 0.037600 0.014568
v 0.178958 0.036045 0.013993
v 0.174523 0.038124 0.012845
v 0.169940 0.039329 0.011168
v 0.169430 0.025504 0.023743
v 0.165396 0.029221 0.021749
v 0.161971 0.032255 0.018566
v 0.159876 0.038081 0.008044
v 0.157597 0.036033 0.009776
v 0.156314 0.036676 0.006443
v 0.159552 0.034616 0.014317
v 0.164570 0.039055 0.009875
v 0.163889 0.037293 0.013384
v -0.019810 0.019226 0.001887
v -0.019818 0.019154 0.005603
v -0.001540 0.001154 0.006069
v -0.003453 0.002591 0.006017
v -0.005463 0.004566 0.005973
v 0.000438 0.000290 0.006068
v 0.185292 0.035271 0.003159
v 0.180936 0.038205 0.003035
v 0.149229 0.035117 0.001478
v 0.191900 0.008022 0.002819
v 0.193831 0.022480 0.002372
v 0.188856 0.003821 0.002827
v 0.193880 0.012633 0.002682
v 0.194386 0.017504 0.002330
v 0.192102 0.027270 0.002817
v 0.189106 0.031553 0.003088
v 0.176001 0.040023 0.002745
v 0.170751 0.040822 0.002334
v 0.165546 0.040578 0.002187
v 0.160212 0.038978 0.001816
v 0.154345 0.036669 0.001334
v -0.014000 0.013661 0.005886
v -0.008285 0.007764 0.005959
v -0.023567 0.022379 0.005211
v 0.003770 0.000155 0.006021
v 0.131421 0.030401 0.005217
v 0.117921 0.027044 0.005232
v 0.103932 0.023592 0.005330
v 0.089954 0.020099 0.005475
v 0.076008 0.016674 0.005603
v 0.061881 0.013276 0.005731
v 0.048174 0.009945 0.005817
v 0.034259 0.006607 0.005899
v 0.020231 0.003405 0.005978
v 0.009627 0.001072 0.006026
v 0.143251 0.033292 0.005053
v 0.142606 0.033552 -0.001684
v 0.009805 0.001675 -0.001999
v 0.020136 0.003965 -0.001980
v 0.034197 0.007212 -0.001949
v 0.048333 0.010613 -0.001919
v 0.061962 0.013929 -0.001893
v 0.075881 0.017267 -0.001848
v 0.089729 0.020658 -0.001802
v 0.103710 0.024100 -0.001755
v 0.117702 0.027450 -0.001726
v 0.131231 0.030751 -0.001728
v 0.003996 0.000628 -0.002003
v -0.023670 0.022643 -0.001755
v -0.008245 0.007831 -0.001991
v -0.013935 0.013683 -0.001983
v 0.155418 0.036882 -0.003908
v 0.160343 0.038847 -0.005177
v 0.165389 0.040168 -0.006322
v 0.170624 0.040402 -0.006942
v 0.175663 0.039474 -0.008087
v 0.188528 0.030958 -0.008902
v 0.191548 0.026691 -0.008085
v 0.193932 0.017262 -0.006818
v 0.193171 0.012831 -0.007879
v 0.187805 0.004635 -0.008427
v 0.193442 0.021948 -0.006858
v 0.183372 0.008198 -0.018421
v 0.179717 0.010856 -0.022091
v 0.175397 0.014237 -0.024413
v 0.162454 0.026411 -0.022811
v 0.159039 0.029705 -0.019662
v 0.156551 0.032172 -0.015293
v 0.154457 0.033766 -0.010037
v 0.186066 0.006145 -0.013740
v 0.190927 0.008459 -0.008360
v 0.150590 0.035098 -0.004365
v 0.166506 0.022442 -0.024690
v 0.170882 0.018221 -0.025263
v 0.152414 0.034725 -0.006513
v 0.180429 0.037555 -0.008872
v 0.184741 0.034637 -0.009168
v 0.000508 0.000584 -0.002031
v -0.005358 0.004618 -0.001991
v -0.003308 0.002659 -0.002022
v -0.001521 0.001327 -0.002041
v 0.173853 0.021505 -0.024413
v 0.180701 0.030391 -0.018728
v 0.177556 0.026300 -0.022074
v 0.183149 0.033169 -0.014423
v 0.181766 0.022529 -0.021466
v 0.184583 0.026927 -0.018232
v 0.178432 0.017661 -0.023663
v 0.186922 0.029678 -0.014014
v 0.185583 0.018830 -0.019640
v 0.187959 0.023217 -0.016787
v 0.182719 0.014215 -0.021502
v 0.190052 0.025701 -0.012845
v 0.189114 0.009544 -0.013546
v 0.186326 0.011423 -0.018041
v 0.190656 0.019812 -0.014356
v 0.192662 0.017835 -0.010957
v 0.192257 0.021635 -0.011014
v 0.188808 0.015669 -0.016678
v 0.191447 0.013724 -0.012653
v 0.173311 0.029920 -0.021393
v 0.176583 0.033468 -0.018169
v 0.169243 0.033033 -0.019537
v 0.172436 0.035928 -0.016694
v 0.165559 0.035402 -0.016743
v 0.168361 0.037600 -0.014568
v 0.178958 0.036045 -0.013993
v 0.174523 0.038124 -0.012845
v 0.169940 0.039329 -0.011168
v 0.169430 0.025504 -0.023743
v 0.165396 0.029221 -0.021749
v 0.161971 0.032255 -0.018566
v 0.159876 0.038081 -0.008044
v 0.157597 0.036033 -0.009776
v 0.156314 0.036676 -0.006443
v 0.159552 0.034616 -0.014317
v 0.164570 0.039055 -0.009875
v 0.163889 0.037293 -0.013384
v -0.019810 0.019226 -0.001887
v -0.019818 0.019154 -0.005603
v -0.001540 0.001154 -0.006069
v -0.003453 0.002591 -0.006017
v -0.005463 0.004566 -0.005973
v 0.000438 0.000290 -0.006068
v 0.185292 0.035271 -0.003159
v 0.180936 0.038205 -0.003035
v 0.149229 0.035117 -0.001478
v 0.191900 0.008022 -0.002819
v 0.193831 0.022480 -0.002372
v 0.188856 0.003821 -0.002827
v 0.193880 0.012633 -0.002682
v 0.194386 0.017504 -0.002330
v 0.192102 0.027270 -0.002817
v 0.189106 0.031553 -0.003088
v 0.176001 0.040023 -0.002745
v 0.170751 0.040822 -0.002334
v 0.165546 0.040578 -0.002187
v 0.160212 0.038978 -0.001816
v 0.154345 0.036669 -0.001334
v -0.014000 0.013661 -0.005886
v -0.008285 0.007764 -0.005959
v -0.023567 0.022379 -0.005211
v 0.003770 0.000155 -0.006021
v 0.131421 0.030401 -0.005217
v 0.117921 0.027044 -0.005232
v 0.103932 0.023592 -0.005330
v 0.089954 0.020099 -0.005475
v 0.076008 0.016674 -0.005603
v 0.061881 0.013276 -0.005731
v 0.048174 0.009945 -0.005817
v 0.034259 0.006607 -0.005899
v 0.020231 0.003405 -0.005978
v 0.009627 0.001072 -0.006026
v 0.143251 0.033292 -0.005053
v 0.143359 0.033980 0.006972
v 0.009386 0.001640 0.008203
v 0.020089 0.003986 0.008154
v 0.034090 0.007161 0.008065
v 0.047886 0.010464 0.007964
v 0.061633 0.013801 0.007849
v 0.075866 0.017229 0.007685
v 0.089858 0.020672 0.007519
v 0.103834 0.024193 0.007314
v 0.117820 0.027701 0.007158
v 0.131307 0.031088 0.007118
v 0.003652 0.000800 0.008163
v -0.024736 0.024559 0.005071
v -0.002913 0.003234 0.008042
v -0.019200 0.019791 0.007474
v -0.013371 0.014287 0.007840
v 0.187963 0.001296 0.002934
v 0.185071 0.004156 0.014158
v 0.152716 0.033624 0.010355
v 0.154861 0.032109 0.015776
v 0.157512 0.029630 0.020352
v 0.161145 0.026208 0.023613
v 0.174138 0.013046 0.025236
v 0.178461 0.009304 0.022806
v 0.182220 0.006412 0.018985
v 0.165326 0.022022 0.025536
v 0.169693 0.017459 0.026124
v 0.150178 0.034641 0.007233
v 0.000655 0.000991 0.008168
v -0.007605 0.008328 0.007973
v -0.004829 0.005151 0.008008
v -0.001067 0.001832 0.008120
v -0.022930 0.022904 0.006916
v -0.024918 0.024991 0.001713
v 0.186942 0.002397 0.008709
v 0.143359 0.033980 -0.006972
v 0.009386 0.001640 -0.008203
v 0.020089 0.003986 -0.008154
v 0.034090 0.007161 -0.008065
v 0.047886 0.010464 -0.007964
v 0.061633 0.013801 -0.007849
v 0.075866 0.017229 -0.007685
v 0.089858 0.020672 -0.007519
v 0.103834 0.024193 -0.007314
v 0.117820 0.027701 -0.007158
v 0.131307 0.031088 -0.007118
v 0.003652 0.000800 -0.008163
v -0.024736 0.024559 -0.005071
v -0.002913 0.003234 -0.008042
v -0.019200 0.019791 -0.007474
v -0.013371 0.014287 -0.007840
v 0.187963 0.001296 -0.002934
v 0.185071 0.004156 -0.014158
v 0.152716 0.033624 -0.010355
v 0.154860 0.032109 -0.015776
v 0.157512 0.029630 -0.020352
v 0.161145 0.026208 -0.023613
v 0.174138 0.013046 -0.025236
v 0.178461 0.009304 -0.022806
v 0.182220 0.006412 -0.018985
v 0.165326 0.022022 -0.025536
v 0.169693 0.017459 -0.026124
v 0.150178 0.034641 -0.007233
v 0.000655 0.000991 -0.008168
v -0.007605 0.008328 -0.007973
v -0.004829 0.005151 -0.008008
v -0.001067 0.001832 -0.008120
v -0.022930 0.022904 -0.006916
v -0.024918 0.024991 -0.001713
v 0.186942 0.002397 -0.008709
vn -0.2347 0.9629 0.1333
vn -0.2277 0.9638 0.1390
vn -0.2324 0.9692 0.0810
vn -0.2377 0.9682 0.0776
vn -0.2265 0.9640 0.1394
vn -0.2266 0.9707 0.0804
vn -0.2271 0.9739 -0.0000
vn -0.2345 0.9721 -0.0000
vn -0.2390 0.9710 -0.0000
vn -0.1661 0.9755 0.1442
vn -0.2006 0.9677 0.1526
vn -0.2054 0.9742 0.0935
vn -0.1775 0.9802 0.0873
vn -0.2125 0.9646 0.1563
vn -0.2150 0.9719 0.0961
vn -0.2164 0.9763 -0.0000
vn -0.2076 0.9782 -0.0000
vn -0.1824 0.9832 -0.0000
vn -0.2162 0.9634 0.1585
vn -0.2187 0.9709 0.0977
vn -0.2202 0.9619 0.1623
vn -0.2234 0.9696 0.1003
vn -0.2251 0.9743 -0.0000
vn -0.2201 0.9755 -0.0000
vn -0.2250 0.9598 0.1678
vn -0.2285 0.9680 0.1042
vn -0.2295 0.9581 0.1717
vn -0.2323 0.9668 0.1069
vn -0.2339 0.9723 -0.0000
vn -0.2303 0.9731 -0.0000
vn -0.2323 0.9573 0.1723
vn -0.2345 0.9662 0.1072
vn -0.2320 0.9572 0.1729
vn -0.2347 0.9661 0.1074
vn -0.2363 0.9717 -0.0000
vn -0.2358 0.9718 -0.0000
vn -0.2301 0.9572 0.1758
vn -0.2334 0.9662 0.1093
vn -0.2287 0.9571 0.1781
vn -0.2314 0.9665 0.1108
vn -0.2330 0.9725 -0.0000
vn -0.2352 0.9719 -0.0000
vn -0.2297 0.9570 0.1772
vn -0.2318 0.9665 0.1102
vn -0.2334 0.9563 0.1763
vn -0.2361 0.9656 0.1094
vn -0.2377 0.9713 -0.0000
vn -0.2332 0.9724 -0.0000
vn -0.2364 0.9553 0.1776
vn -0.2395 0.9646 0.1103
vn -0.2358 0.9556 0.1767
vn -0.2375 0.9652 0.1095
vn -0.2387 0.9711 -0.0000
vn -0.2412 0.9705 -0.0000
vn -0.2336 0.9575 0.1690
vn -0.2337 0.9668 0.1038
vn -0.2325 0.9598 0.1575
vn -0.2320 0.9680 0.0955
vn -0.2322 0.9727 -0.0000
vn -0.2341 0.9722 -0.0000
vn -0.2334 0.9611 0.1474
vn -0.2332 0.9684 0.0882
vn -0.2368 0.9615 0.1393
vn -0.2366 0.9681 0.0824
vn -0.2367 0.9716 -0.0000
vn -0.2333 0.9724 -0.0000
vn -0.2386 0.9619 0.1333
vn -0.2391 0.9679 0.0780
vn -0.2395 0.9709 -0.0000
vn 0.0045 0.9936 0.1124
vn -0.1022 0.9863 0.1297
vn -0.1223 0.9895 0.0770
vn -0.0219 0.9976 0.0651
vn -0.1308 0.9914 -0.0000
vn -0.0328 0.9995 -0.0000
vn 0.6419 0.7651 0.0506
vn 0.6489 0.7606 0.0229
vn 0.5834 0.8115 0.0341
vn 0.5740 0.8160 0.0679
vn 0.6514 0.7588 -0.0000
vn 0.5869 0.8097 -0.0000
vn 0.2296 0.9733 -0.0000
vn 0.2245 0.9728 0.0576
vn 0.2079 0.9720 0.1096
vn 0.7466 0.6639 0.0424
vn 0.7443 0.6675 0.0194
vn 0.7374 0.6752 0.0179
vn 0.7369 0.6748 0.0404
vn 0.7433 0.6690 -0.0000
vn 0.7375 0.6753 -0.0000
vn 0.7183 0.6957 -0.0000
vn 0.7183 0.6955 0.0173
vn 0.7181 0.6948 0.0400
vn 0.7008 0.7132 0.0152
vn 0.7012 0.7120 0.0375
vn 0.7006 0.7136 -0.0000
vn 0.6851 0.7285 -0.0000
vn 0.6848 0.7286 0.0137
vn 0.6837 0.7289 0.0359
vn -0.3070 0.9453 0.1100
vn -0.3292 0.9258 0.1860
vn -0.3827 0.9132 0.1402
vn -0.3569 0.9306 0.0806
vn -0.3576 0.8811 0.3096
vn -0.4163 0.8810 0.2247
vn -0.4151 0.8921 0.1784
vn -0.3927 0.9134 0.1073
vn -0.3781 0.9241 0.0556
vn -0.3573 0.9268 0.1157
vn -0.3565 0.9325 0.0583
vn -0.3667 0.9102 0.1926
vn -0.2873 0.9287 0.2343
vn -0.2762 0.9496 0.1485
vn -0.2765 0.9578 0.0788
vn -0.1703 0.9715 0.1649
vn -0.1627 0.9825 0.0909
vn -0.1917 0.9493 0.2492
vn -0.0862 0.9653 0.2465
vn -0.0637 0.9842 0.1649
vn -0.0529 0.9943 0.0922
vn 0.0395 0.9844 0.1715
vn 0.0475 0.9943 0.0960
vn 0.0236 0.9658 0.2581
vn 0.1250 0.9499 0.2864
vn 0.1391 0.9720 0.1895
vn 0.1460 0.9836 0.1059
vn 0.2362 0.9487 0.2102
vn 0.2443 0.9625 0.1178
vn 0.2187 0.9227 0.3174
vn 0.3125 0.8851 0.3447
vn 0.3334 0.9145 0.2292
vn 0.3425 0.9305 0.1296
vn 0.6942 0.7055 0.1425
vn 0.6831 0.6859 0.2509
vn 0.7452 0.6174 0.2518
vn 0.7511 0.6439 0.1456
vn 0.6569 0.6512 0.3799
vn 0.7242 0.5779 0.3762
vn 0.7895 0.4916 0.3674
vn 0.8118 0.5277 0.2501
vn 0.8197 0.5533 0.1481
vn 0.8738 0.4237 0.2386
vn 0.8851 0.4428 0.1432
vn 0.8492 0.3969 0.3483
vn 0.8996 0.2991 0.3182
vn 0.9236 0.3165 0.2164
vn 0.9352 0.3294 0.1304
vn 0.9893 0.1049 0.1012
vn 0.9793 0.0985 0.1769
vn 0.9817 -0.0122 0.1902
vn 0.9944 -0.0063 0.1054
vn 0.9576 0.0947 0.2723
vn 0.9553 -0.0090 0.2954
vn 0.9362 -0.1078 0.3344
vn 0.9682 -0.1199 0.2197
vn 0.9854 -0.1175 0.1232
vn 0.9360 -0.2506 0.2471
vn 0.9572 -0.2508 0.1447
vn 0.9016 -0.2311 0.3658
vn 0.8415 -0.3832 0.3808
vn 0.8739 -0.4070 0.2658
vn 0.8984 -0.4064 0.1667
vn 0.7689 -0.6044 0.2086
vn 0.7370 -0.6100 0.2912
vn 0.6402 -0.7037 0.3081
vn 0.6822 -0.6954 0.2258
vn 0.6995 -0.6022 0.3848
vn 0.5887 -0.7059 0.3938
vn 0.2063 -0.9148 0.3471
vn 0.2716 -0.9187 0.2866
vn 0.3330 -0.9176 0.2171
vn 0.9592 0.2092 0.1902
vn 0.9696 0.2171 0.1131
vn 0.9374 0.1996 0.2853
vn -0.0247 -0.8094 0.5868
vn 0.0354 -0.8553 0.5170
vn 0.4172 -0.6196 0.6648
vn 0.3511 -0.5503 0.7575
vn 0.0887 -0.8854 0.4563
vn 0.4762 -0.6674 0.5725
vn 0.6128 -0.5266 0.5892
vn 0.5620 -0.4566 0.6897
vn 0.5010 -0.3686 0.7830
vn -0.1827 -0.6792 0.7109
vn -0.0971 -0.7492 0.6552
vn 0.2760 -0.4650 0.8412
vn 0.1933 -0.3716 0.9080
vn 0.4297 -0.2711 0.8613
vn 0.3514 -0.1721 0.9203
vn -0.3711 -0.5356 0.7586
vn -0.2769 -0.6061 0.7456
vn 0.1061 -0.2769 0.9550
vn 0.0194 -0.1852 0.9825
vn 0.2702 -0.0764 0.9598
vn 0.1909 0.0141 0.9815
vn -0.6964 -0.0267 0.7172
vn -0.6524 -0.1483 0.7432
vn -0.3142 0.2963 0.9020
vn -0.3705 0.4121 0.8324
vn -0.6160 -0.2524 0.7462
vn -0.2616 0.1866 0.9470
vn -0.0931 0.3624 0.9274
vn -0.1607 0.4531 0.8769
vn -0.2344 0.5437 0.8059
vn -0.8044 0.1843 0.5648
vn -0.7490 0.0917 0.6562
vn -0.4317 0.5184 0.7382
vn -0.4950 0.5990 0.6294
vn -0.3118 0.6242 0.7164
vn -0.3866 0.6857 0.6167
vn -0.8733 0.2508 0.4177
vn -0.8493 0.2358 0.4722
vn -0.5555 0.6457 0.5239
vn -0.6029 0.6622 0.4450
vn -0.4524 0.7245 0.5201
vn -0.5026 0.7424 0.4430
vn -0.7286 0.2714 0.6288
vn -0.8603 0.2531 0.4425
vn -0.6135 0.6670 0.4228
vn -0.5368 0.6831 0.4952
vn -0.5244 0.7519 0.3996
vn -0.4925 0.7714 0.4031
vn 0.1440 -0.9041 0.4023
vn 0.5328 -0.6951 0.4827
vn 0.6578 -0.5751 0.4863
vn 0.7991 -0.5334 0.2774
vn 0.8266 -0.5303 0.1882
vn 0.7682 -0.5140 0.3817
vn -0.2194 0.9379 0.2688
vn -0.2622 0.9360 0.2349
vn -0.2522 0.9591 0.1288
vn -0.2083 0.6452 0.7351
vn -0.2708 0.8513 0.4494
vn -0.5768 -0.3355 0.7448
vn -0.2051 0.0866 0.9749
vn -0.5249 -0.4047 0.7488
vn -0.1390 -0.0065 0.9903
vn 0.0424 0.1873 0.9814
vn -0.0267 0.2741 0.9613
vn -0.4560 -0.4690 0.7564
vn -0.0634 -0.0958 0.9934
vn 0.1151 0.1012 0.9882
vn -0.4043 0.4031 0.8210
vn -0.3738 0.7391 0.5603
vn -0.4161 0.8165 0.4003
vn 0.4320 0.8681 0.2445
vn 0.4437 0.8852 0.1396
vn 0.4068 0.8370 0.3660
vn 0.4992 0.7794 0.3786
vn 0.5300 0.8095 0.2526
vn 0.5468 0.8247 0.1446
vn 0.6158 0.7462 0.2527
vn 0.6335 0.7603 0.1437
vn 0.5838 0.7166 0.3818
vn 0.3848 0.9200 0.0749
vn 0.1804 0.9790 0.0944
vn 0.1495 0.9873 0.0531
vn 0.3590 0.9325 0.0403
vn 0.1367 0.9906 -0.0000
vn 0.3479 0.9375 -0.0000
vn 0.6944 0.7174 0.0550
vn 0.6911 0.7223 0.0277
vn 0.7286 0.6845 0.0238
vn 0.7340 0.6774 0.0488
vn 0.6896 0.7242 -0.0000
vn 0.7262 0.6874 -0.0000
vn 0.6042 0.7949 0.0560
vn 0.6051 0.7956 0.0278
vn 0.6470 0.7620 0.0284
vn 0.6457 0.7615 0.0565
vn 0.6053 0.7960 -0.0000
vn 0.6474 0.7622 -0.0000
vn 0.5325 0.8443 0.0605
vn 0.5228 0.8519 0.0307
vn 0.5183 0.8552 -0.0000
vn 0.1542 0.3432 0.9265
vn 0.1072 0.2753 0.9554
vn 0.1858 0.1992 0.9622
vn 0.2356 0.2705 0.9334
vn 0.2659 0.1238 0.9560
vn 0.3173 0.1997 0.9271
vn 0.3917 0.6616 0.6395
vn 0.3304 0.5770 0.7469
vn 0.4093 0.5089 0.7573
vn 0.4719 0.5964 0.6493
vn 0.2708 0.4922 0.8273
vn 0.3499 0.4216 0.8366
vn 0.4286 0.3507 0.8327
vn 0.4874 0.4381 0.7553
vn 0.5498 0.5267 0.6483
vn 0.2104 0.4146 0.8854
vn 0.2910 0.3426 0.8933
vn 0.3713 0.2720 0.8878
vn 0.4511 0.7310 0.5119
vn 0.5338 0.6677 0.5189
vn 0.6105 0.5996 0.5175
vn 0.4514 0.2023 0.8691
vn 0.5059 0.2805 0.8158
vn 0.3999 0.1287 0.9075
vn 0.4823 0.0543 0.8743
vn 0.5297 0.1315 0.8379
vn 0.5791 0.2104 0.7876
vn 0.5625 0.3667 0.7410
vn 0.6233 0.4539 0.6368
vn 0.6317 0.2957 0.7166
vn 0.6901 0.3798 0.6160
vn 0.3480 0.0460 0.9364
vn 0.4312 -0.0376 0.9015
vn 0.6816 0.5255 0.5091
vn 0.7473 0.4457 0.4930
vn 0.6037 0.0587 0.7951
vn 0.6479 0.1389 0.7489
vn 0.5606 -0.0248 0.8277
vn 0.6320 -0.1081 0.7674
vn 0.6732 -0.0146 0.7393
vn 0.7145 0.0682 0.6963
vn 0.6961 0.2227 0.6826
vn 0.7515 0.3034 0.5858
vn 0.7585 0.1486 0.6345
vn 0.8089 0.2243 0.5434
vn 0.5106 -0.1278 0.8503
vn 0.5821 -0.2230 0.7820
vn 0.8070 0.3616 0.4669
vn 0.8600 0.2745 0.4301
vn 0.7507 -0.2714 0.6023
vn 0.6914 -0.4027 0.5998
vn 0.7324 -0.4697 0.4928
vn 0.7995 -0.3366 0.4974
vn 0.6425 -0.3176 0.6974
vn 0.6954 -0.1926 0.6923
vn 0.8149 0.0814 0.5739
vn 0.8564 0.1508 0.4939
vn 0.7780 0.0045 0.6283
vn 0.8366 -0.0464 0.5459
vn 0.8666 0.0287 0.4982
vn 0.8872 0.0910 0.4523
vn 0.9158 0.0020 0.4017
vn 0.8903 -0.0829 0.4478
vn 0.9241 0.0937 0.3704
vn 0.9021 0.1887 0.3882
vn 0.7383 -0.0847 0.6692
vn 0.7984 -0.1462 0.5841
vn 0.8537 -0.1952 0.4827
vn 0.1294 0.4866 0.8640
vn 0.0733 0.4176 0.9057
vn 0.1910 0.5609 0.8055
vn 0.1106 0.6260 0.7720
vn 0.0482 0.5566 0.8294
vn -0.0069 0.4920 0.8705
vn 0.2508 0.6416 0.7249
vn 0.3096 0.7220 0.6187
vn 0.2264 0.7767 0.5878
vn 0.1704 0.7015 0.6920
vn -0.0332 0.6218 0.7825
vn -0.0876 0.5643 0.8209
vn 0.0305 0.6848 0.7280
vn -0.0474 0.7348 0.6766
vn -0.1147 0.6783 0.7257
vn -0.1708 0.6304 0.7573
vn 0.0908 0.7545 0.6500
vn 0.1442 0.8239 0.5481
vn 0.0630 0.8631 0.5010
vn 0.0138 0.7997 0.6002
vn -0.1982 0.7243 0.6604
vn -0.2564 0.6868 0.6801
vn -0.1238 0.7762 0.6182
vn -0.1976 0.8070 0.5566
vn -0.2733 0.7770 0.5671
vn -0.3337 0.7393 0.5849
vn -0.0687 0.8398 0.5385
vn -0.0326 0.8945 0.4458
vn -0.1537 0.9031 0.4009
vn -0.1815 0.8597 0.4775
vn 0.3644 0.7889 0.4948
vn 0.2758 0.8397 0.4679
vn 0.1878 0.8815 0.4332
vn 0.1001 0.9143 0.3926
vn -0.0013 0.9364 0.3509
vn -0.1195 0.9374 0.3272
vn 0.0303 0.3532 0.9351
vn -0.0450 0.4324 0.9005
vn -0.1217 0.5122 0.8502
vn -0.2035 0.5887 0.7823
vn -0.2879 0.6549 0.6987
vn -0.3664 0.7082 0.6035
vn -0.3905 0.8754 0.2847
vn -0.3201 0.8892 0.3269
vn -0.4455 0.8579 0.2561
vn -0.4759 0.8193 0.3199
vn -0.4400 0.8219 0.3618
vn -0.3811 0.8291 0.4091
vn -0.4627 0.7698 0.4397
vn -0.4932 0.7770 0.3911
vn -0.4966 0.7941 0.3504
vn -0.4590 0.8352 0.3028
vn -0.4252 0.7480 0.5095
vn -0.3752 0.7893 0.4861
vn -0.2305 0.9152 0.3307
vn -0.2729 0.8769 0.3956
vn -0.2956 0.8348 0.4645
vn 0.6667 0.7451 0.0162
vn 0.6624 0.7480 0.0403
vn 0.6682 0.7440 -0.0000
vn 0.5435 0.6157 0.5706
vn 0.6733 0.7248 0.1463
vn 0.6459 0.7477 0.1542
vn 0.5029 0.6392 0.5817
vn 0.6202 0.7662 0.1683
vn 0.4623 0.6551 0.5977
vn 0.4793 0.6646 0.5732
vn 0.4246 0.6946 0.5807
vn 0.5320 0.8303 0.1662
vn 0.5940 0.7882 0.1613
vn 0.3290 0.7314 0.5973
vn 0.4037 0.8966 0.1819
vn 0.6362 0.7544 0.1619
vn 0.5206 0.6316 0.5745
vn 0.6900 0.7060 0.1598
vn 0.5706 0.5877 0.5737
vn 0.7322 0.6639 0.1520
vn 0.6120 0.5545 0.5639
vn 0.7420 0.6545 0.1452
vn 0.6224 0.5505 0.5565
vn 0.1868 0.7671 0.6137
vn 0.2111 0.9562 0.2026
vn 0.0447 0.7813 0.6225
vn 0.0337 0.9747 0.2210
vn 0.5571 0.8304 -0.0000
vn 0.5548 0.8297 0.0608
vn 0.6423 0.7641 0.0604
vn 0.6449 0.7643 -0.0000
vn 0.6980 0.7136 0.0600
vn 0.6987 0.7154 -0.0000
vn 0.3457 0.9384 -0.0000
vn 0.3454 0.9370 0.0527
vn 0.4480 0.8922 0.0580
vn 0.4488 0.8936 -0.0000
vn -0.2411 0.9678 0.0719
vn -0.2364 0.9716 -0.0000
vn -0.2871 0.9561 0.0586
vn -0.2783 0.9605 -0.0000
vn 0.9242 -0.3818 -0.0000
vn 0.9168 -0.3910 0.0809
vn 0.8506 -0.5161 0.1004
vn 0.8612 -0.5082 -0.0000
vn 0.7947 -0.5955 0.1172
vn 0.8061 -0.5917 -0.0000
vn 0.9411 0.3382 -0.0000
vn 0.9399 0.3362 0.0606
vn 0.9736 0.2220 0.0526
vn 0.9746 0.2239 -0.0000
vn 0.9928 0.1109 0.0451
vn 0.9935 0.1136 -0.0000
vn 0.7130 -0.6894 0.1281
vn 0.7255 -0.6882 -0.0000
vn 0.3819 -0.9158 0.1243
vn 0.4019 -0.9157 -0.0000
vn 0.9948 -0.1016 -0.0000
vn 0.9929 -0.1073 0.0516
vn 0.9690 -0.2388 0.0637
vn 0.9728 -0.2316 -0.0000
vn 0.9990 0.0030 0.0445
vn 1.0000 0.0076 -0.0000
vn 0.8217 0.5700 -0.0000
vn 0.8215 0.5664 0.0659
vn 0.8895 0.4521 0.0654
vn 0.8907 0.4546 -0.0000
vn 0.7510 0.6573 0.0628
vn 0.7503 0.6611 -0.0000
vn 0.1493 0.9888 -0.0000
vn 0.1488 0.9880 0.0419
vn 0.2473 0.9678 0.0470
vn 0.2478 0.9688 -0.0000
vn -0.0485 0.9988 -0.0000
vn -0.0492 0.9981 0.0365
vn 0.0507 0.9980 0.0379
vn 0.0513 0.9987 -0.0000
vn -0.2836 0.9590 -0.0000
vn -0.2810 0.9593 0.0299
vn -0.1621 0.9861 0.0356
vn -0.1628 0.9867 -0.0000
vn -0.3643 0.9313 -0.0000
vn -0.3683 0.9294 0.0228
vn -0.3587 0.9332 0.0215
vn -0.3600 0.9330 -0.0000
vn -0.3370 0.9407 0.0397
vn -0.3285 0.9445 -0.0000
vn 0.5904 0.5806 0.5607
vn 0.7105 0.6884 0.1457
vn 0.6936 0.7056 0.1451
vn 0.5714 0.5957 0.5645
vn 0.7294 0.6687 0.1444
vn 0.6095 0.5641 0.5570
vn 0.5523 0.8131 0.1838
vn 0.3674 0.6957 0.6173
vn 0.1609 0.9498 0.2685
vn 0.1504 0.8075 0.5703
vn -0.0528 0.7719 0.6335
vn -0.0793 0.9679 0.2387
vn -0.1170 0.7570 0.6428
vn -0.1521 0.9555 0.2530
vn -0.1777 0.7186 0.6723
vn -0.1759 0.7204 0.6709
vn -0.2330 0.9381 0.2562
vn -0.2323 0.9369 0.2614
vn -0.1663 0.7162 0.6778
vn -0.2261 0.9394 0.2575
vn -0.1702 0.7131 0.6800
vn -0.1749 0.7160 0.6758
vn -0.2290 0.9356 0.2687
vn -0.2277 0.9333 0.2777
vn -0.1680 0.7072 0.6868
vn -0.1670 0.7095 0.6846
vn -0.2279 0.9302 0.2877
vn -0.2285 0.9281 0.2939
vn -0.1674 0.7116 0.6823
vn -0.1696 0.7084 0.6851
vn -0.2282 0.9283 0.2936
vn -0.2256 0.9296 0.2914
vn -0.1649 0.7155 0.6789
vn -0.1645 0.7138 0.6808
vn -0.2225 0.9303 0.2915
vn -0.2212 0.9306 0.2915
vn -0.1703 0.7220 0.6706
vn -0.1677 0.7186 0.6749
vn -0.2222 0.9314 0.2883
vn -0.2247 0.9320 0.2844
vn -0.1695 0.7265 0.6659
vn -0.1709 0.7241 0.6682
vn -0.2255 0.9322 0.2830
vn -0.2223 0.9334 0.2817
vn -0.1636 0.7361 0.6568
vn -0.1669 0.7310 0.6617
vn -0.2173 0.9359 0.2772
vn -0.2129 0.9386 0.2714
vn -0.1604 0.7425 0.6504
vn -0.1612 0.7399 0.6531
vn -0.2096 0.9405 0.2673
vn -0.2062 0.9420 0.2648
vn -0.1514 0.7468 0.6476
vn -0.1927 0.9459 0.2610
vn -0.1514 0.6956 0.7023
vn -0.2150 0.9393 0.2673
vn -0.2347 0.9629 -0.1333
vn -0.2377 0.9682 -0.0776
vn -0.2324 0.9692 -0.0810
vn -0.2277 0.9638 -0.1390
vn -0.2266 0.9707 -0.0804
vn -0.2265 0.9640 -0.1394
vn -0.1661 0.9755 -0.1442
vn -0.1775 0.9802 -0.0873
vn -0.2054 0.9742 -0.0935
vn -0.2006 0.9677 -0.1526
vn -0.2150 0.9719 -0.0961
vn -0.2125 0.9646 -0.1563
vn -0.2187 0.9709 -0.0977
vn -0.2162 0.9634 -0.1585
vn -0.2234 0.9696 -0.1003
vn -0.2202 0.9619 -0.1623
vn -0.2285 0.9680 -0.1042
vn -0.2250 0.9598 -0.1678
vn -0.2323 0.9668 -0.1069
vn -0.2295 0.9581 -0.1717
vn -0.2345 0.9662 -0.1072
vn -0.2323 0.9573 -0.1723
vn -0.2347 0.9661 -0.1074
vn -0.2320 0.9572 -0.1729
vn -0.2334 0.9662 -0.1093
vn -0.2301 0.9572 -0.1758
vn -0.2314 0.9665 -0.1108
vn -0.2287 0.9571 -0.1781
vn -0.2318 0.9665 -0.1102
vn -0.2297 0.9570 -0.1772
vn -0.2361 0.9656 -0.1094
vn -0.2334 0.9563 -0.1763
vn -0.2395 0.9646 -0.1103
vn -0.2364 0.9553 -0.1776
vn -0.2375 0.9652 -0.1095
vn -0.2358 0.9556 -0.1767
vn -0.2337 0.9668 -0.1038
vn -0.2336 0.9575 -0.1690
vn -0.2320 0.9680 -0.0955
vn -0.2325 0.9598 -0.1575
vn -0.2332 0.9684 -0.0882
vn -0.2334 0.9611 -0.1474
vn -0.2366 0.9681 -0.0824
vn -0.2368 0.9615 -0.1393
vn -0.2391 0.9679 -0.0780
vn -0.2386 0.9619 -0.1333
vn 0.0045 0.9936 -0.1124
vn -0.0219 0.9976 -0.0651
vn -0.1223 0.9895 -0.0770
vn -0.1022 0.9863 -0.1297
vn 0.6420 0.7651 -0.0506
vn 0.5740 0.8160 -0.0679
vn 0.5834 0.8115 -0.0341
vn 0.6489 0.7606 -0.0229
vn 0.2079 0.9720 -0.1096
vn 0.2245 0.9728 -0.0576
vn 0.7466 0.6639 -0.0424
vn 0.7369 0.6748 -0.0404
vn 0.7374 0.6752 -0.0179
vn 0.7443 0.6675 -0.0194
vn 0.7181 0.6948 -0.0400
vn 0.7183 0.6955 -0.0173
vn 0.7012 0.7120 -0.0375
vn 0.7008 0.7132 -0.0152
vn 0.6837 0.7289 -0.0359
vn 0.6848 0.7286 -0.0137
vn -0.3070 0.9453 -0.1100
vn -0.3569 0.9306 -0.0806
vn -0.3827 0.9132 -0.1402
vn -0.3292 0.9258 -0.1860
vn -0.3781 0.9241 -0.0556
vn -0.3927 0.9134 -0.1073
vn -0.4151 0.8921 -0.1784
vn -0.4163 0.8810 -0.2247
vn -0.3576 0.8811 -0.3096
vn -0.3565 0.9325 -0.0583
vn -0.3573 0.9268 -0.1157
vn -0.2765 0.9578 -0.0788
vn -0.2762 0.9496 -0.1485
vn -0.2873 0.9287 -0.2343
vn -0.3667 0.9102 -0.1926
vn -0.1627 0.9825 -0.0909
vn -0.1703 0.9715 -0.1649
vn -0.0529 0.9943 -0.0922
vn -0.0637 0.9842 -0.1649
vn -0.0862 0.9653 -0.2465
vn -0.1917 0.9493 -0.2492
vn 0.0475 0.9943 -0.0960
vn 0.0395 0.9844 -0.1715
vn 0.1460 0.9836 -0.1059
vn 0.1391 0.9720 -0.1895
vn 0.1250 0.9499 -0.2864
vn 0.0236 0.9658 -0.2581
vn 0.2443 0.9625 -0.1178
vn 0.2362 0.9487 -0.2102
vn 0.3425 0.9305 -0.1296
vn 0.3334 0.9145 -0.2292
vn 0.3125 0.8852 -0.3447
vn 0.2187 0.9227 -0.3174
vn 0.6942 0.7055 -0.1425
vn 0.7511 0.6439 -0.1456
vn 0.7452 0.6174 -0.2518
vn 0.6831 0.6859 -0.2509
vn 0.8197 0.5533 -0.1481
vn 0.8118 0.5277 -0.2501
vn 0.7895 0.4916 -0.3674
vn 0.7242 0.5779 -0.3762
vn 0.6569 0.6512 -0.3799
vn 0.8851 0.4428 -0.1432
vn 0.8738 0.4237 -0.2386
vn 0.9352 0.3294 -0.1304
vn 0.9236 0.3165 -0.2164
vn 0.8996 0.2991 -0.3182
vn 0.8492 0.3969 -0.3483
vn 0.9893 0.1049 -0.1012
vn 0.9944 -0.0063 -0.1054
vn 0.9817 -0.0122 -0.1902
vn 0.9793 0.0985 -0.1769
vn 0.9854 -0.1175 -0.1232
vn 0.9682 -0.1199 -0.2197
vn 0.9362 -0.1078 -0.3344
vn 0.9553 -0.0090 -0.2954
vn 0.9576 0.0947 -0.2723
vn 0.9572 -0.2508 -0.1447
vn 0.9360 -0.2506 -0.2471
vn 0.8984 -0.4064 -0.1667
vn 0.8739 -0.4070 -0.2658
vn 0.8415 -0.3832 -0.3808
vn 0.9016 -0.2311 -0.3658
vn 0.7689 -0.6044 -0.2086
vn 0.6822 -0.6954 -0.2258
vn 0.6402 -0.7037 -0.3081
vn 0.7370 -0.6100 -0.2912
vn 0.3330 -0.9176 -0.2171
vn 0.2716 -0.9187 -0.2866
vn 0.2063 -0.9149 -0.3471
vn 0.5887 -0.7059 -0.3938
vn 0.6995 -0.6022 -0.3848
vn 0.9696 0.2171 -0.1131
vn 0.9592 0.2092 -0.1902
vn 0.9374 0.1996 -0.2853
vn -0.0247 -0.8094 -0.5868
vn 0.3511 -0.5503 -0.7575
vn 0.4172 -0.6196 -0.6648
vn 0.0354 -0.8553 -0.5170
vn 0.5010 -0.3686 -0.7830
vn 0.5620 -0.4566 -0.6897
vn 0.6128 -0.5266 -0.5892
vn 0.4762 -0.6674 -0.5725
vn 0.0887 -0.8854 -0.4563
vn -0.1827 -0.6791 -0.7109
vn 0.1933 -0.3716 -0.9080
vn 0.2760 -0.4650 -0.8412
vn -0.0971 -0.7492 -0.6552
vn 0.3514 -0.1721 -0.9203
vn 0.4297 -0.2711 -0.8613
vn -0.3711 -0.5356 -0.7586
vn 0.0194 -0.1852 -0.9825
vn 0.1061 -0.2769 -0.9550
vn -0.2769 -0.6061 -0.7456
vn 0.1909 0.0141 -0.9815
vn 0.2702 -0.0764 -0.9598
vn -0.6964 -0.0266 -0.7172
vn -0.3705 0.4121 -0.8324
vn -0.3142 0.2963 -0.9020
vn -0.6524 -0.1483 -0.7432
vn -0.2344 0.5437 -0.8059
vn -0.1607 0.4531 -0.8769
vn -0.0931 0.3624 -0.9274
vn -0.2616 0.1866 -0.9470
vn -0.6160 -0.2524 -0.7462
vn -0.8044 0.1844 -0.5648
vn -0.4950 0.5990 -0.6294
vn -0.4317 0.5184 -0.7382
vn -0.7490 0.0917 -0.6562
vn -0.3866 0.6857 -0.6167
vn -0.3118 0.6242 -0.7164
vn -0.8733 0.2508 -0.4177
vn -0.6029 0.6622 -0.4450
vn -0.5555 0.6457 -0.5239
vn -0.8493 0.2359 -0.4722
vn -0.5026 0.7424 -0.4430
vn -0.4524 0.7245 -0.5201
vn -0.7286 0.2714 -0.6288
vn -0.5368 0.6831 -0.4952
vn -0.6135 0.6670 -0.4228
vn -0.8603 0.2531 -0.4425
vn -0.4925 0.7714 -0.4031
vn -0.5244 0.7519 -0.3996
vn 0.5328 -0.6951 -0.4827
vn 0.1440 -0.9041 -0.4023
vn 0.6578 -0.5751 -0.4863
vn 0.8266 -0.5303 -0.1882
vn 0.7991 -0.5334 -0.2774
vn 0.7682 -0.5140 -0.3817
vn -0.2522 0.9591 -0.1288
vn -0.2622 0.9360 -0.2349
vn -0.2194 0.9379 -0.2688
vn -0.2708 0.8513 -0.4494
vn -0.2083 0.6452 -0.7351
vn -0.2051 0.0866 -0.9749
vn -0.5768 -0.3355 -0.7448
vn -0.0267 0.2741 -0.9613
vn 0.0424 0.1873 -0.9814
vn -0.1390 -0.0065 -0.9903
vn -0.5249 -0.4047 -0.7488
vn -0.0634 -0.0958 -0.9934
vn -0.4560 -0.4690 -0.7564
vn 0.1151 0.1012 -0.9882
vn -0.3738 0.7391 -0.5603
vn -0.4043 0.4031 -0.8210
vn -0.4161 0.8165 -0.4003
vn 0.4437 0.8852 -0.1396
vn 0.4320 0.8681 -0.2445
vn 0.5468 0.8247 -0.1446
vn 0.5300 0.8095 -0.2526
vn 0.4992 0.7794 -0.3786
vn 0.4068 0.8370 -0.3660
vn 0.6335 0.7603 -0.1437
vn 0.6158 0.7462 -0.2527
vn 0.5838 0.7166 -0.3818
vn 0.3848 0.9200 -0.0749
vn 0.3590 0.9325 -0.0403
vn 0.1495 0.9873 -0.0531
vn 0.1804 0.9790 -0.0944
vn 0.6944 0.7174 -0.0550
vn 0.7340 0.6774 -0.0488
vn 0.7286 0.6845 -0.0238
vn 0.6911 0.7223 -0.0277
vn 0.6042 0.7949 -0.0560
vn 0.6457 0.7615 -0.0565
vn 0.6470 0.7620 -0.0284
vn 0.6051 0.7956 -0.0278
vn 0.5228 0.8519 -0.0307
vn 0.5325 0.8443 -0.0605
vn 0.1542 0.3432 -0.9265
vn 0.2356 0.2705 -0.9334
vn 0.1858 0.1992 -0.9622
vn 0.1072 0.2753 -0.9554
vn 0.3173 0.1997 -0.9271
vn 0.2659 0.1238 -0.9560
vn 0.3917 0.6616 -0.6395
vn 0.4719 0.5964 -0.6493
vn 0.4093 0.5089 -0.7573
vn 0.3304 0.5770 -0.7469
vn 0.5498 0.5267 -0.6483
vn 0.4874 0.4381 -0.7553
vn 0.4286 0.3507 -0.8327
vn 0.3499 0.4216 -0.8366
vn 0.2708 0.4922 -0.8273
vn 0.2910 0.3426 -0.8933
vn 0.2104 0.4146 -0.8854
vn 0.3713 0.2720 -0.8878
vn 0.5338 0.6677 -0.5189
vn 0.4511 0.7310 -0.5119
vn 0.6105 0.5996 -0.5175
vn 0.5059 0.2805 -0.8158
vn 0.4514 0.2023 -0.8691
vn 0.5791 0.2104 -0.7876
vn 0.5297 0.1315 -0.8379
vn 0.4823 0.0543 -0.8743
vn 0.3999 0.1287 -0.9075
vn 0.6233 0.4539 -0.6368
vn 0.5626 0.3667 -0.7410
vn 0.6901 0.3798 -0.6160
vn 0.6317 0.2957 -0.7166
vn 0.4312 -0.0376 -0.9015
vn 0.3480 0.0460 -0.9364
vn 0.7473 0.4457 -0.4929
vn 0.6816 0.5255 -0.5091
vn 0.6479 0.1389 -0.7489
vn 0.6037 0.0587 -0.7951
vn 0.7145 0.0682 -0.6963
vn 0.6732 -0.0146 -0.7393
vn 0.6320 -0.1081 -0.7674
vn 0.5606 -0.0248 -0.8277
vn 0.7515 0.3034 -0.5858
vn 0.6961 0.2227 -0.6826
vn 0.8089 0.2243 -0.5434
vn 0.7585 0.1486 -0.6345
vn 0.5821 -0.2230 -0.7820
vn 0.5106 -0.1278 -0.8503
vn 0.8600 0.2745 -0.4301
vn 0.8070 0.3616 -0.4669
vn 0.7507 -0.2714 -0.6023
vn 0.7995 -0.3366 -0.4974
vn 0.7324 -0.4697 -0.4928
vn 0.6914 -0.4027 -0.5998
vn 0.6954 -0.1926 -0.6923
vn 0.6425 -0.3176 -0.6974
vn 0.8564 0.1509 -0.4939
vn 0.8149 0.0814 -0.5739
vn 0.8872 0.0910 -0.4523
vn 0.8666 0.0287 -0.4982
vn 0.8366 -0.0464 -0.5459
vn 0.7780 0.0045 -0.6283
vn 0.8903 -0.0829 -0.4478
vn 0.9158 0.0020 -0.4017
vn 0.9241 0.0937 -0.3704
vn 0.9021 0.1888 -0.3882
vn 0.7984 -0.1462 -0.5841
vn 0.7383 -0.0847 -0.6692
vn 0.8537 -0.1952 -0.4827
vn 0.0733 0.4176 -0.9057
vn 0.1294 0.4866 -0.8640
vn -0.0069 0.4920 -0.8705
vn 0.0482 0.5566 -0.8294
vn 0.1106 0.6260 -0.7720
vn 0.1910 0.5609 -0.8055
vn 0.2508 0.6416 -0.7249
vn 0.1704 0.7015 -0.6920
vn 0.2264 0.7767 -0.5878
vn 0.3096 0.7220 -0.6187
vn -0.0876 0.5643 -0.8209
vn -0.0332 0.6218 -0.7825
vn -0.1708 0.6304 -0.7573
vn -0.1147 0.6783 -0.7257
vn -0.0474 0.7348 -0.6766
vn 0.0305 0.6848 -0.7280
vn 0.0908 0.7545 -0.6500
vn 0.0138 0.7997 -0.6002
vn 0.0630 0.8631 -0.5010
vn 0.1442 0.8239 -0.5481
vn -0.2564 0.6868 -0.6801
vn -0.1982 0.7243 -0.6604
vn -0.3337 0.7393 -0.5849
vn -0.2733 0.7770 -0.5671
vn -0.1976 0.8070 -0.5565
vn -0.1238 0.7762 -0.6182
vn -0.0687 0.8398 -0.5385
vn -0.1815 0.8597 -0.4775
vn -0.1537 0.9031 -0.4009
vn -0.0326 0.8945 -0.4458
vn 0.2758 0.8397 -0.4679
vn 0.3644 0.7889 -0.4948
vn 0.1001 0.9143 -0.3926
vn 0.1878 0.8815 -0.4332
vn -0.1195 0.9374 -0.3272
vn -0.0013 0.9364 -0.3509
vn -0.0450 0.4324 -0.9005
vn 0.0303 0.3532 -0.9351
vn -0.2035 0.5887 -0.7823
vn -0.1217 0.5122 -0.8502
vn -0.3664 0.7082 -0.6035
vn -0.2879 0.6549 -0.6987
vn -0.3201 0.8892 -0.3269
vn -0.3905 0.8754 -0.2847
vn -0.3811 0.8291 -0.4091
vn -0.4400 0.8219 -0.3618
vn -0.4759 0.8193 -0.3199
vn -0.4455 0.8579 -0.2561
vn -0.4932 0.7770 -0.3911
vn -0.4627 0.7698 -0.4397
vn -0.4966 0.7941 -0.3504
vn -0.4590 0.8352 -0.3028
vn -0.3752 0.7893 -0.4861
vn -0.4252 0.7480 -0.5095
vn -0.2729 0.8769 -0.3956
vn -0.2305 0.9152 -0.3307
vn -0.2956 0.8348 -0.4645
vn 0.6624 0.7480 -0.0403
vn 0.6667 0.7451 -0.0162
vn 0.5435 0.6157 -0.5706
vn 0.5029 0.6392 -0.5817
vn 0.6459 0.7477 -0.1542
vn 0.6733 0.7248 -0.1463
vn 0.4623 0.6551 -0.5977
vn 0.6202 0.7662 -0.1683
vn 0.4793 0.6646 -0.5732
vn 0.5940 0.7882 -0.1613
vn 0.5320 0.8303 -0.1662
vn 0.4246 0.6946 -0.5807
vn 0.4037 0.8966 -0.1819
vn 0.3290 0.7314 -0.5973
vn 0.5206 0.6316 -0.5745
vn 0.6362 0.7544 -0.1619
vn 0.5706 0.5877 -0.5737
vn 0.6900 0.7060 -0.1598
vn 0.6120 0.5545 -0.5639
vn 0.7322 0.6639 -0.1520
vn 0.6224 0.5505 -0.5565
vn 0.7420 0.6545 -0.1452
vn 0.2111 0.9562 -0.2026
vn 0.1868 0.7671 -0.6137
vn 0.0337 0.9747 -0.2210
vn 0.0447 0.7813 -0.6225
vn 0.6423 0.7641 -0.0604
vn 0.5548 0.8297 -0.0608
vn 0.6980 0.7136 -0.0600
vn 0.4480 0.8922 -0.0580
vn 0.3454 0.9370 -0.0527
vn -0.2411 0.9678 -0.0719
vn -0.2871 0.9561 -0.0586
vn 0.8506 -0.5161 -0.1004
vn 0.9168 -0.3910 -0.0809
vn 0.7947 -0.5955 -0.1172
vn 0.9736 0.2221 -0.0526
vn 0.9399 0.3362 -0.0606
vn 0.9928 0.1109 -0.0451
vn 0.7130 -0.6894 -0.1281
vn 0.3819 -0.9158 -0.1243
vn 0.9690 -0.2388 -0.0637
vn 0.9929 -0.1073 -0.0516
vn 0.9990 0.0030 -0.0445
vn 0.8895 0.4521 -0.0654
vn 0.8215 0.5664 -0.0659
vn 0.7510 0.6573 -0.0628
vn 0.2473 0.9678 -0.0470
vn 0.1488 0.9880 -0.0419
vn 0.0507 0.9980 -0.0379
vn -0.0492 0.9981 -0.0365
vn -0.1621 0.9861 -0.0356
vn -0.2810 0.9593 -0.0299
vn -0.3587 0.9332 -0.0215
vn -0.3683 0.9294 -0.0228
vn -0.3370 0.9407 -0.0397
vn 0.5904 0.5806 -0.5607
vn 0.5714 0.5957 -0.5645
vn 0.6936 0.7056 -0.1451
vn 0.7105 0.6884 -0.1457
vn 0.6095 0.5641 -0.5570
vn 0.7294 0.6687 -0.1444
vn 0.3674 0.6957 -0.6173
vn 0.5523 0.8131 -0.1838
vn 0.1504 0.8075 -0.5703
vn 0.1609 0.9498 -0.2685
vn -0.0793 0.9679 -0.2387
vn -0.0528 0.7719 -0.6335
vn -0.1521 0.9555 -0.2530
vn -0.1170 0.7570 -0.6428
vn -0.1777 0.7186 -0.6723
vn -0.2323 0.9369 -0.2614
vn -0.2330 0.9381 -0.2562
vn -0.1759 0.7204 -0.6709
vn -0.2261 0.9394 -0.2575
vn -0.1663 0.7162 -0.6778
vn -0.1702 0.7131 -0.6800
vn -0.2277 0.9333 -0.2777
vn -0.2290 0.9356 -0.2687
vn -0.1749 0.7160 -0.6758
vn -0.1680 0.7072 -0.6868
vn -0.2285 0.9281 -0.2939
vn -0.2279 0.9302 -0.2877
vn -0.1670 0.7095 -0.6846
vn -0.1674 0.7116 -0.6823
vn -0.2256 0.9296 -0.2914
vn -0.2282 0.9283 -0.2936
vn -0.1696 0.7084 -0.6851
vn -0.1649 0.7155 -0.6789
vn -0.2212 0.9306 -0.2915
vn -0.2225 0.9303 -0.2915
vn -0.1645 0.7138 -0.6808
vn -0.1703 0.7220 -0.6706
vn -0.2247 0.9320 -0.2844
vn -0.2222 0.9314 -0.2883
vn -0.1677 0.7186 -0.6749
vn -0.1695 0.7265 -0.6659
vn -0.2223 0.9334 -0.2817
vn -0.2255 0.9322 -0.2830
vn -0.1709 0.7241 -0.6682
vn -0.1636 0.7361 -0.6568
vn -0.2129 0.9386 -0.2714
vn -0.2173 0.9359 -0.2772
vn -0.1669 0.7310 -0.6617
vn -0.1604 0.7425 -0.6504
vn -0.2062 0.9420 -0.2648
vn -0.2096 0.9405 -0.2673
vn -0.1612 0.7399 -0.6531
vn -0.1927 0.9459 -0.2610
vn -0.1514 0.7468 -0.6476
vn -0.2150 0.9393 -0.2673
vn -0.1514 0.6956 -0.7023
vn 0.2357 -0.9655 -0.1111
vn 0.2377 -0.9681 -0.0793
vn 0.2325 -0.9691 -0.0823
vn 0.2286 -0.9664 -0.1178
vn 0.2390 -0.9710 -0.0000
vn 0.2345 -0.9721 -0.0000
vn 0.2272 -0.9739 -0.0000
vn 0.2270 -0.9705 -0.0809
vn 0.2268 -0.9662 -0.1224
vn 0.1615 -0.9788 -0.1257
vn 0.1727 -0.9809 -0.0892
vn 0.2039 -0.9743 -0.0958
vn 0.1994 -0.9706 -0.1346
vn 0.1778 -0.9841 -0.0000
vn 0.2063 -0.9785 -0.0000
vn 0.2163 -0.9763 -0.0000
vn 0.2148 -0.9717 -0.0987
vn 0.2128 -0.9672 -0.1385
vn 0.2186 -0.9706 -0.1005
vn 0.2168 -0.9660 -0.1409
vn 0.2201 -0.9755 -0.0000
vn 0.2251 -0.9743 -0.0000
vn 0.2233 -0.9692 -0.1033
vn 0.2209 -0.9645 -0.1448
vn 0.2284 -0.9676 -0.1075
vn 0.2256 -0.9625 -0.1505
vn 0.2304 -0.9731 -0.0000
vn 0.2340 -0.9722 -0.0000
vn 0.2322 -0.9664 -0.1103
vn 0.2302 -0.9608 -0.1544
vn 0.2344 -0.9658 -0.1107
vn 0.2330 -0.9600 -0.1550
vn 0.2359 -0.9718 -0.0000
vn 0.2363 -0.9717 -0.0000
vn 0.2346 -0.9657 -0.1110
vn 0.2327 -0.9600 -0.1555
vn 0.2333 -0.9658 -0.1131
vn 0.2308 -0.9600 -0.1584
vn 0.2352 -0.9719 -0.0000
vn 0.2330 -0.9725 -0.0000
vn 0.2313 -0.9661 -0.1147
vn 0.2296 -0.9599 -0.1606
vn 0.2317 -0.9661 -0.1140
vn 0.2306 -0.9599 -0.1595
vn 0.2332 -0.9724 -0.0000
vn 0.2377 -0.9713 -0.0000
vn 0.2360 -0.9651 -0.1133
vn 0.2343 -0.9592 -0.1584
vn 0.2393 -0.9642 -0.1143
vn 0.2373 -0.9582 -0.1596
vn 0.2412 -0.9705 -0.0000
vn 0.2387 -0.9711 -0.0000
vn 0.2374 -0.9648 -0.1135
vn 0.2367 -0.9586 -0.1584
vn 0.2335 -0.9664 -0.1074
vn 0.2346 -0.9605 -0.1500
vn 0.2320 -0.9727 -0.0000
vn 0.2319 -0.9677 -0.0986
vn 0.2333 -0.9626 -0.1376
vn 0.2331 -0.9682 -0.0908
vn 0.2341 -0.9639 -0.1268
vn 0.2366 -0.9716 -0.0000
vn 0.2365 -0.9679 -0.0846
vn 0.2374 -0.9642 -0.1182
vn 0.2391 -0.9677 -0.0799
vn 0.2394 -0.9645 -0.1117
vn 0.2394 -0.9709 -0.0000
vn -0.0250 -0.9953 -0.0932
vn -0.0010 -0.9978 -0.0661
vn 0.1099 -0.9909 -0.0783
vn 0.0906 -0.9897 -0.1107
vn 0.0092 -1.0000 -0.0000
vn 0.1184 -0.9930 -0.0000
vn -0.6567 -0.7537 -0.0265
vn -0.7132 -0.7003 -0.0307
vn -0.7175 -0.6961 -0.0260
vn -0.6617 -0.7494 -0.0225
vn -0.9304 -0.3663 0.0101
vn -0.9310 -0.3650 -0.0043
vn -0.9320 -0.3625 -0.0000
vn -0.7198 -0.6942 -0.0000
vn -0.6641 -0.7477 -0.0000
vn -0.7466 -0.6649 -0.0215
vn -0.7374 -0.6752 -0.0193
vn -0.7374 -0.6752 -0.0179
vn -0.7438 -0.6681 -0.0196
vn -0.7187 -0.6951 -0.0186
vn -0.7183 -0.6955 -0.0173
vn -0.7183 -0.6957 -0.0000
vn -0.7375 -0.6754 -0.0000
vn -0.7427 -0.6696 -0.0000
vn -0.7018 -0.7122 -0.0158
vn -0.7008 -0.7132 -0.0152
vn -0.6846 -0.7288 -0.0137
vn -0.6848 -0.7286 -0.0137
vn -0.6850 -0.7285 -0.0000
vn -0.7005 -0.7136 -0.0000
vn 0.3064 -0.9461 -0.1051
vn 0.3555 -0.9315 -0.0767
vn 0.3807 -0.9146 -0.1363
vn 0.3261 -0.9288 -0.1761
vn 0.3778 -0.9245 -0.0516
vn 0.3920 -0.9142 -0.1028
vn 0.4147 -0.8928 -0.1759
vn 0.4143 -0.8819 -0.2249
vn 0.3488 -0.8865 -0.3042
vn 0.3587 -0.9318 -0.0550
vn 0.3590 -0.9266 -0.1117
vn 0.2794 -0.9571 -0.0763
vn 0.2784 -0.9493 -0.1458
vn 0.2892 -0.9287 -0.2322
vn 0.3683 -0.9102 -0.1895
vn 0.1636 -0.9825 -0.0890
vn 0.1710 -0.9717 -0.1628
vn 0.0522 -0.9946 -0.0900
vn 0.0632 -0.9847 -0.1623
vn 0.0858 -0.9660 -0.2438
vn 0.1923 -0.9497 -0.2473
vn -0.0479 -0.9945 -0.0934
vn -0.0399 -0.9849 -0.1685
vn -0.1458 -0.9839 -0.1032
vn -0.1391 -0.9726 -0.1865
vn -0.1252 -0.9508 -0.2835
vn -0.0241 -0.9667 -0.2549
vn -0.2435 -0.9630 -0.1151
vn -0.2356 -0.9495 -0.2072
vn -0.3415 -0.9313 -0.1268
vn -0.3327 -0.9155 -0.2263
vn -0.3120 -0.8863 -0.3423
vn -0.2182 -0.9237 -0.3148
vn -0.6943 -0.7061 -0.1388
vn -0.7500 -0.6460 -0.1424
vn -0.7450 -0.6192 -0.2482
vn -0.6837 -0.6868 -0.2468
vn -0.8187 -0.5554 -0.1457
vn -0.8116 -0.5293 -0.2475
vn -0.7899 -0.4926 -0.3653
vn -0.7247 -0.5792 -0.3734
vn -0.6578 -0.6522 -0.3767
vn -0.8852 -0.4432 -0.1414
vn -0.8742 -0.4240 -0.2366
vn -0.9357 -0.3285 -0.1284
vn -0.9243 -0.3159 -0.2142
vn -0.9004 -0.2984 -0.3164
vn -0.8498 -0.3970 -0.3467
vn -0.9896 -0.1050 -0.0985
vn -0.9947 0.0043 -0.1026
vn -0.9822 0.0102 -0.1875
vn -0.9798 -0.0986 -0.1741
vn -0.9862 0.1135 -0.1204
vn -0.9692 0.1162 -0.2172
vn -0.9370 0.1038 -0.3335
vn -0.9558 0.0070 -0.2939
vn -0.9581 -0.0946 -0.2704
vn -0.9580 0.2490 -0.1421
vn -0.9369 0.2494 -0.2450
vn -0.8973 0.4095 -0.1647
vn -0.8726 0.4111 -0.2637
vn -0.8405 0.3865 -0.3797
vn -0.9022 0.2292 -0.3653
vn -0.7758 0.5952 -0.2093
vn -0.7965 0.5600 -0.2280
vn -0.7639 0.5665 -0.3089
vn -0.7441 0.6018 -0.2901
vn -0.9566 0.2077 -0.2046
vn -0.9372 0.2077 -0.2804
vn -0.9059 0.2115 -0.3668
vn -0.7200 0.5691 -0.3972
vn -0.7070 0.5947 -0.3827
vn -0.9700 -0.2164 -0.1108
vn -0.9598 -0.2086 -0.1877
vn -0.9382 -0.1988 -0.2833
vn -0.6829 0.0706 -0.7270
vn -0.4851 0.4019 -0.7766
vn -0.5521 0.4779 -0.6832
vn -0.7492 0.1408 -0.6471
vn -0.5114 0.3556 -0.7823
vn -0.5719 0.4460 -0.6885
vn -0.6219 0.5180 -0.5874
vn -0.6121 0.5298 -0.5870
vn -0.8095 0.1865 -0.5566
vn -0.5545 -0.1159 -0.8241
vn -0.3356 0.2044 -0.9195
vn -0.4116 0.3080 -0.8577
vn -0.6157 -0.0176 -0.7878
vn -0.3622 0.1548 -0.9192
vn -0.4403 0.2556 -0.8607
vn -0.4650 -0.3152 -0.8273
vn -0.1946 -0.0066 -0.9809
vn -0.2618 0.0981 -0.9601
vn -0.5036 -0.2165 -0.8364
vn -0.2041 -0.0328 -0.9784
vn -0.2819 0.0580 -0.9577
vn -0.2892 -0.8074 -0.5143
vn 0.1282 -0.6109 -0.7813
vn 0.0694 -0.5104 -0.8571
vn -0.3245 -0.7412 -0.5877
vn 0.2156 -0.5586 -0.8010
vn 0.1420 -0.4685 -0.8720
vn 0.0750 -0.3786 -0.9225
vn 0.0183 -0.4100 -0.9119
vn -0.3546 -0.6679 -0.6544
vn -0.2030 -0.9044 -0.3754
vn 0.2603 -0.7682 -0.5849
vn 0.1928 -0.7005 -0.6871
vn -0.2492 -0.8619 -0.4417
vn 0.3691 -0.7002 -0.6111
vn 0.2935 -0.6389 -0.7111
vn -0.0858 -0.9662 -0.2431
vn 0.3867 -0.8276 -0.4068
vn 0.3293 -0.8095 -0.4861
vn -0.1444 -0.9397 -0.3100
vn 0.4860 -0.7564 -0.4378
vn 0.4360 -0.7385 -0.5144
vn -0.0573 -0.9657 -0.2533
vn 0.3527 -0.8306 -0.4310
vn 0.4055 -0.8322 -0.3781
vn -0.0520 -0.9759 -0.2121
vn 0.4731 -0.7840 -0.4019
vn 0.5054 -0.7664 -0.3964
vn -0.6680 0.5588 -0.4915
vn -0.8625 0.2076 -0.4615
vn -0.6659 0.5675 -0.4842
vn -0.8234 0.5357 -0.1872
vn -0.7955 0.5399 -0.2753
vn -0.7650 0.5205 -0.3794
vn 0.2519 -0.9604 -0.1188
vn 0.2511 -0.9537 -0.1655
vn 0.2150 -0.9710 -0.1049
vn 0.2213 -0.9191 -0.3261
vn 0.0963 -0.9817 0.1640
vn -0.0300 -0.3110 -0.9499
vn -0.3818 -0.5888 -0.7124
vn 0.0096 -0.2913 -0.9566
vn -0.0585 -0.2054 -0.9769
vn -0.0803 -0.2107 -0.9742
vn -0.4079 -0.5023 -0.7624
vn -0.1346 -0.1092 -0.9849
vn -0.4348 -0.4103 -0.8017
vn -0.1298 -0.1198 -0.9843
vn 0.2547 -0.8497 -0.4617
vn -0.0609 -0.9811 -0.1838
vn 0.4017 -0.8242 -0.3992
vn -0.4436 -0.8857 -0.1368
vn -0.4321 -0.8689 -0.2416
vn -0.5482 -0.8243 -0.1415
vn -0.5313 -0.8097 -0.2493
vn -0.5000 -0.7801 -0.3761
vn -0.4069 -0.8380 -0.3637
vn -0.6350 -0.7597 -0.1401
vn -0.6172 -0.7464 -0.2488
vn -0.5849 -0.7172 -0.3788
vn -0.3766 -0.9247 -0.0557
vn -0.3542 -0.9342 -0.0413
vn -0.1668 -0.9845 -0.0540
vn -0.1930 -0.9783 -0.0751
vn -0.3449 -0.9386 -0.0000
vn -0.1559 -0.9878 -0.0000
vn -0.6940 -0.7192 -0.0341
vn -0.7335 -0.6791 -0.0281
vn -0.7275 -0.6857 -0.0240
vn -0.6898 -0.7235 -0.0279
vn -0.7252 -0.6886 -0.0000
vn -0.6883 -0.7254 -0.0000
vn -0.5969 -0.8015 -0.0358
vn -0.6441 -0.7641 -0.0356
vn -0.6439 -0.7646 -0.0285
vn -0.5957 -0.8027 -0.0283
vn -0.6440 -0.7650 -0.0000
vn -0.5953 -0.8035 -0.0000
vn -0.5081 -0.8607 -0.0317
vn -0.5185 -0.8541 -0.0411
vn -0.5038 -0.8638 -0.0000
vn -0.1547 -0.3445 -0.9260
vn -0.2364 -0.2725 -0.9327
vn -0.1869 -0.2028 -0.9612
vn -0.1080 -0.2780 -0.9545
vn -0.3182 -0.2026 -0.9261
vn -0.2670 -0.1284 -0.9551
vn -0.3906 -0.6611 -0.6406
vn -0.4711 -0.5957 -0.6506
vn -0.4078 -0.5070 -0.7593
vn -0.3289 -0.5754 -0.7488
vn -0.5491 -0.5258 -0.6496
vn -0.4861 -0.4361 -0.7573
vn -0.4273 -0.3488 -0.8341
vn -0.3485 -0.4196 -0.8381
vn -0.2694 -0.4903 -0.8289
vn -0.2907 -0.3422 -0.8935
vn -0.2100 -0.4139 -0.8858
vn -0.3710 -0.2720 -0.8879
vn -0.5340 -0.6681 -0.5181
vn -0.4511 -0.7315 -0.5113
vn -0.6109 -0.5999 -0.5166
vn -0.5046 -0.2789 -0.8171
vn -0.4511 -0.2030 -0.8691
vn -0.5779 -0.2093 -0.7888
vn -0.5295 -0.1330 -0.8378
vn -0.4835 -0.0592 -0.8734
vn -0.4009 -0.1326 -0.9065
vn -0.6227 -0.4528 -0.6381
vn -0.5613 -0.3647 -0.7429
vn -0.6894 -0.3788 -0.6174
vn -0.6305 -0.2940 -0.7184
vn -0.4326 0.0318 -0.9010
vn -0.3492 -0.0515 -0.9356
vn -0.7474 -0.4458 -0.4926
vn -0.6820 -0.5258 -0.5084
vn -0.6469 -0.1385 -0.7499
vn -0.6035 -0.0611 -0.7950
vn -0.7139 -0.0687 -0.6969
vn -0.6731 0.0114 -0.7395
vn -0.6332 0.1028 -0.7671
vn -0.5619 0.0193 -0.8270
vn -0.7510 -0.3023 -0.5871
vn -0.6951 -0.2212 -0.6841
vn -0.8089 -0.2226 -0.5441
vn -0.7581 -0.1474 -0.6353
vn -0.5835 0.2196 -0.7819
vn -0.5122 0.1226 -0.8501
vn -0.8606 -0.2734 -0.4296
vn -0.8073 -0.3613 -0.4667
vn -0.7507 0.2696 -0.6031
vn -0.7990 0.3376 -0.4976
vn -0.7302 0.4748 -0.4912
vn -0.6907 0.4051 -0.5990
vn -0.6962 0.1885 -0.6927
vn -0.6431 0.3170 -0.6971
vn -0.8566 -0.1492 -0.4939
vn -0.8149 -0.0810 -0.5740
vn -0.8873 -0.0905 -0.4522
vn -0.8666 -0.0301 -0.4981
vn -0.8364 0.0430 -0.5464
vn -0.7777 -0.0063 -0.6287
vn -0.8905 0.0787 -0.4482
vn -0.9159 -0.0043 -0.4015
vn -0.9244 -0.0935 -0.3698
vn -0.9027 -0.1874 -0.3874
vn -0.7982 0.1423 -0.5854
vn -0.7381 0.0808 -0.6698
vn -0.8539 0.1921 -0.4837
vn -0.0735 -0.4183 -0.9053
vn -0.1289 -0.4858 -0.8645
vn 0.0069 -0.4924 -0.8703
vn -0.0476 -0.5558 -0.8299
vn -0.1094 -0.6245 -0.7733
vn -0.1897 -0.5592 -0.8070
vn -0.2493 -0.6403 -0.7266
vn -0.1691 -0.7004 -0.6934
vn -0.2253 -0.7767 -0.5883
vn -0.3085 -0.7217 -0.6196
vn 0.0877 -0.5644 -0.8209
vn 0.0337 -0.6210 -0.7831
vn 0.1712 -0.6301 -0.7574
vn 0.1152 -0.6775 -0.7265
vn 0.0480 -0.7337 -0.6778
vn -0.0296 -0.6836 -0.7293
vn -0.0899 -0.7536 -0.6511
vn -0.0134 -0.7992 -0.6010
vn -0.0629 -0.8635 -0.5005
vn -0.1434 -0.8240 -0.5482
vn 0.2577 -0.6865 -0.6799
vn 0.1992 -0.7236 -0.6609
vn 0.3362 -0.7387 -0.5842
vn 0.2753 -0.7764 -0.5669
vn 0.1992 -0.8066 -0.5566
vn 0.1245 -0.7755 -0.6189
vn 0.0690 -0.8398 -0.5384
vn 0.1827 -0.8598 -0.4768
vn 0.1544 -0.9037 -0.3994
vn 0.0325 -0.8952 -0.4444
vn -0.2751 -0.8405 -0.4668
vn -0.3639 -0.7896 -0.4940
vn -0.1002 -0.9151 -0.3905
vn -0.1873 -0.8823 -0.4317
vn 0.1195 -0.9382 -0.3248
vn 0.0009 -0.9374 -0.3483
vn 0.0448 -0.4335 -0.9000
vn -0.0308 -0.3550 -0.9344
vn 0.2038 -0.5890 -0.7820
vn 0.1217 -0.5127 -0.8499
vn 0.3689 -0.7082 -0.6020
vn 0.2893 -0.6552 -0.6979
vn 0.3228 -0.8883 -0.3267
vn 0.3931 -0.8744 -0.2842
vn 0.3851 -0.8272 -0.4092
vn 0.4437 -0.8196 -0.3624
vn 0.4777 -0.8173 -0.3223
vn 0.4461 -0.8574 -0.2565
vn 0.4955 -0.7754 -0.3914
vn 0.4666 -0.7682 -0.4384
vn 0.4963 -0.7931 -0.3531
vn 0.4577 -0.8348 -0.3061
vn 0.3787 -0.7881 -0.4853
vn 0.4288 -0.7472 -0.5077
vn 0.2750 -0.8764 -0.3953
vn 0.2317 -0.9152 -0.3297
vn 0.2981 -0.8342 -0.4639
vn -0.6636 -0.7478 -0.0174
vn -0.6666 -0.7452 -0.0162
vn -0.6681 -0.7440 -0.0000
vn -0.6046 -0.6086 0.5139
vn -0.5934 -0.6157 0.5184
vn -0.6633 -0.7439 0.0819
vn -0.6849 -0.7238 0.0832
vn -0.5954 -0.6145 0.5175
vn -0.6560 -0.7510 0.0750
vn -0.5417 -0.6973 0.4694
vn -0.5996 -0.7985 0.0531
vn -0.5316 -0.8457 0.0468
vn -0.4926 -0.7386 0.4602
vn -0.4021 -0.9151 0.0305
vn -0.3822 -0.8106 0.4436
vn -0.5752 -0.6677 0.4726
vn -0.6451 -0.7622 0.0543
vn -0.6230 -0.6218 0.4745
vn -0.6990 -0.7129 0.0565
vn -0.6573 -0.5801 0.4811
vn -0.7400 -0.6697 0.0630
vn -0.6585 -0.5717 0.4893
vn -0.7485 -0.6594 0.0701
vn -0.2214 -0.9752 0.0078
vn -0.2167 -0.8814 0.4196
vn -0.0501 -0.9987 -0.0132
vn -0.0592 -0.9145 0.4001
vn -0.5586 -0.8294 -0.0000
vn -0.6464 -0.7630 -0.0000
vn -0.6438 -0.7630 -0.0583
vn -0.5563 -0.8289 -0.0590
vn -0.6983 -0.7158 -0.0000
vn -0.6977 -0.7140 -0.0579
vn -0.3442 -0.9389 -0.0000
vn -0.4484 -0.8939 -0.0000
vn -0.4477 -0.8924 -0.0563
vn -0.3440 -0.9376 -0.0510
vn 0.2414 -0.9678 -0.0713
vn 0.2779 -0.9606 -0.0000
vn 0.2868 -0.9563 -0.0576
vn -0.9240 0.3825 -0.0000
vn -0.8594 0.5113 -0.0000
vn -0.8483 0.5199 -0.1004
vn -0.9163 0.3925 -0.0799
vn -0.8132 0.5819 -0.0000
vn -0.8017 0.5858 -0.1187
vn -0.9415 -0.3369 -0.0000
vn -0.9749 -0.2226 -0.0000
vn -0.9740 -0.2209 -0.0513
vn -0.9403 -0.3350 -0.0596
vn -0.9936 -0.1133 -0.0000
vn -0.9929 -0.1107 -0.0436
vn -0.8282 0.5604 -0.0000
vn -0.8189 0.5588 -0.1312
vn -0.9750 0.2222 -0.0000
vn -0.9693 0.2162 -0.1173
vn -0.9953 0.0971 -0.0000
vn -0.9736 0.2281 -0.0000
vn -0.9698 0.2359 -0.0622
vn -0.9934 0.1029 -0.0500
vn -1.0000 -0.0096 -0.0000
vn -0.9991 -0.0050 -0.0429
vn -0.8199 -0.5724 -0.0000
vn -0.8905 -0.4550 -0.0000
vn -0.8894 -0.4525 -0.0643
vn -0.8200 -0.5688 -0.0646
vn -0.7482 -0.6635 -0.0000
vn -0.7491 -0.6596 -0.0610
vn -0.1489 -0.9888 -0.0000
vn -0.2468 -0.9691 -0.0000
vn -0.2464 -0.9681 -0.0454
vn -0.1485 -0.9881 -0.0403
vn 0.0477 -0.9989 -0.0000
vn -0.0517 -0.9987 -0.0000
vn -0.0511 -0.9980 -0.0365
vn 0.0484 -0.9982 -0.0353
vn 0.2873 -0.9578 -0.0000
vn 0.1639 -0.9865 -0.0000
vn 0.1632 -0.9860 -0.0345
vn 0.2845 -0.9583 -0.0285
vn 0.3643 -0.9313 -0.0000
vn 0.3626 -0.9319 -0.0000
vn 0.3613 -0.9322 -0.0199
vn 0.3683 -0.9295 -0.0210
vn 0.3276 -0.9448 -0.0000
vn 0.3360 -0.9411 -0.0383
vn -0.6283 -0.5965 0.4994
vn -0.6162 -0.6038 0.5057
vn -0.7022 -0.7075 0.0790
vn -0.7178 -0.6922 0.0748
vn -0.6435 -0.5839 0.4950
vn -0.7358 -0.6733 0.0732
vn -0.6564 -0.5420 0.5248
vn -0.7106 -0.7002 0.0690
vn -0.8086 -0.3459 0.4760
vn -0.9251 -0.3441 0.1606
vn 0.0709 -0.9970 -0.0317
vn 0.0521 -0.9213 0.3853
vn 0.1511 -0.9874 -0.0466
vn 0.1309 -0.9183 0.3737
vn 0.2209 -0.8790 0.4226
vn 0.2411 -0.9702 -0.0256
vn 0.2427 -0.9699 -0.0183
vn 0.2235 -0.8754 0.4286
vn 0.2364 -0.9715 -0.0195
vn 0.2179 -0.8795 0.4230
vn 0.2252 -0.8883 0.4003
vn 0.2389 -0.9699 -0.0472
vn 0.2381 -0.9706 -0.0351
vn 0.2193 -0.8839 0.4130
vn 0.2306 -0.8982 0.3743
vn 0.2412 -0.9679 -0.0710
vn 0.2409 -0.9686 -0.0611
vn 0.2314 -0.8931 0.3858
vn 0.2262 -0.9030 0.3653
vn 0.2374 -0.9686 -0.0733
vn 0.2399 -0.9680 -0.0735
vn 0.2271 -0.9015 0.3684
vn 0.2223 -0.9067 0.3584
vn 0.2326 -0.9695 -0.0775
vn 0.2346 -0.9691 -0.0755
vn 0.2257 -0.9046 0.3617
vn 0.2231 -0.9069 0.3575
vn 0.2351 -0.9692 -0.0737
vn 0.2326 -0.9696 -0.0761
vn 0.2201 -0.9076 0.3575
vn 0.2203 -0.9085 0.3551
vn 0.2323 -0.9698 -0.0737
vn 0.2361 -0.9689 -0.0737
vn 0.2253 -0.9069 0.3561
vn 0.2090 -0.9090 0.3605
vn 0.2218 -0.9729 -0.0647
vn 0.2265 -0.9715 -0.0701
vn 0.2129 -0.9095 0.3570
vn 0.2005 -0.9090 0.3654
vn 0.2139 -0.9751 -0.0589
vn 0.2185 -0.9739 -0.0611
vn 0.2067 -0.9085 0.3633
vn 0.1969 -0.9789 -0.0551
vn 0.1799 -0.9123 0.3680
vn 0.2219 -0.9738 -0.0489
vn 0.1968 -0.9069 0.3726
vn 0.2357 -0.9655 0.1111
vn 0.2286 -0.9664 0.1178
vn 0.2325 -0.9691 0.0823
vn 0.2377 -0.9681 0.0793
vn 0.2268 -0.9662 0.1224
vn 0.2270 -0.9705 0.0809
vn 0.1615 -0.9788 0.1257
vn 0.1994 -0.9706 0.1346
vn 0.2039 -0.9743 0.0958
vn 0.1727 -0.9809 0.0892
vn 0.2128 -0.9672 0.1385
vn 0.2148 -0.9717 0.0987
vn 0.2168 -0.9660 0.1409
vn 0.2186 -0.9706 0.1005
vn 0.2209 -0.9645 0.1448
vn 0.2233 -0.9692 0.1033
vn 0.2256 -0.9625 0.1505
vn 0.2284 -0.9676 0.1075
vn 0.2302 -0.9608 0.1544
vn 0.2322 -0.9664 0.1103
vn 0.2330 -0.9600 0.1550
vn 0.2344 -0.9658 0.1107
vn 0.2327 -0.9600 0.1555
vn 0.2346 -0.9657 0.1110
vn 0.2308 -0.9600 0.1584
vn 0.2333 -0.9658 0.1131
vn 0.2296 -0.9599 0.1606
vn 0.2313 -0.9661 0.1147
vn 0.2306 -0.9599 0.1595
vn 0.2317 -0.9661 0.1140
vn 0.2343 -0.9592 0.1584
vn 0.2360 -0.9651 0.1133
vn 0.2373 -0.9582 0.1596
vn 0.2393 -0.9642 0.1143
vn 0.2367 -0.9586 0.1584
vn 0.2374 -0.9648 0.1135
vn 0.2346 -0.9605 0.1500
vn 0.2335 -0.9664 0.1074
vn 0.2333 -0.9626 0.1376
vn 0.2319 -0.9677 0.0986
vn 0.2341 -0.9639 0.1268
vn 0.2331 -0.9682 0.0908
vn 0.2374 -0.9642 0.1182
vn 0.2365 -0.9679 0.0846
vn 0.2394 -0.9645 0.1117
vn 0.2391 -0.9677 0.0799
vn -0.0250 -0.9953 0.0932
vn 0.0906 -0.9897 0.1107
vn 0.1099 -0.9909 0.0783
vn -0.0010 -0.9978 0.0661
vn -0.6567 -0.7537 0.0265
vn -0.6617 -0.7494 0.0225
vn -0.7175 -0.6961 0.0260
vn -0.7132 -0.7003 0.0307
vn -0.9310 -0.3650 0.0043
vn -0.9304 -0.3663 -0.0101
vn -0.7466 -0.6649 0.0215
vn -0.7438 -0.6681 0.0196
vn -0.7374 -0.6752 0.0179
vn -0.7374 -0.6752 0.0193
vn -0.7183 -0.6955 0.0173
vn -0.7187 -0.6951 0.0186
vn -0.7008 -0.7132 0.0152
vn -0.7018 -0.7122 0.0158
vn -0.6848 -0.7286 0.0137
vn -0.6846 -0.7288 0.0137
vn 0.3064 -0.9461 0.1051
vn 0.3261 -0.9288 0.1761
vn 0.3807 -0.9146 0.1363
vn 0.3555 -0.9315 0.0767
vn 0.3488 -0.8865 0.3041
vn 0.4143 -0.8819 0.2249
vn 0.4147 -0.8928 0.1759
vn 0.3920 -0.9142 0.1028
vn 0.3778 -0.9245 0.0516
vn 0.3590 -0.9266 0.1117
vn 0.3587 -0.9318 0.0550
vn 0.3683 -0.9102 0.1895
vn 0.2892 -0.9287 0.2322
vn 0.2784 -0.9493 0.1458
vn 0.2794 -0.9571 0.0763
vn 0.1710 -0.9717 0.1628
vn 0.1636 -0.9825 0.0890
vn 0.1923 -0.9497 0.2473
vn 0.0858 -0.9660 0.2438
vn 0.0632 -0.9847 0.1623
vn 0.0522 -0.9946 0.0900
vn -0.0399 -0.9849 0.1685
vn -0.0479 -0.9945 0.0934
vn -0.0241 -0.9667 0.2549
vn -0.1252 -0.9508 0.2835
vn -0.1391 -0.9726 0.1864
vn -0.1458 -0.9839 0.1032
vn -0.2356 -0.9495 0.2072
vn -0.2435 -0.9630 0.1151
vn -0.2182 -0.9237 0.3148
vn -0.3120 -0.8863 0.3423
vn -0.3327 -0.9155 0.2263
vn -0.3415 -0.9313 0.1268
vn -0.6943 -0.7061 0.1388
vn -0.6837 -0.6868 0.2468
vn -0.7450 -0.6192 0.2482
vn -0.7500 -0.6460 0.1424
vn -0.6578 -0.6522 0.3767
vn -0.7247 -0.5792 0.3734
vn -0.7899 -0.4926 0.3653
vn -0.8116 -0.5292 0.2475
vn -0.8187 -0.5554 0.1457
vn -0.8742 -0.4240 0.2366
vn -0.8852 -0.4432 0.1414
vn -0.8498 -0.3970 0.3466
vn -0.9004 -0.2984 0.3164
vn -0.9243 -0.3159 0.2142
vn -0.9357 -0.3285 0.1284
vn -0.9896 -0.1050 0.0985
vn -0.9798 -0.0986 0.1741
vn -0.9822 0.0102 0.1875
vn -0.9947 0.0043 0.1026
vn -0.9581 -0.0946 0.2704
vn -0.9558 0.0070 0.2939
vn -0.9370 0.1038 0.3335
vn -0.9692 0.1162 0.2172
vn -0.9862 0.1135 0.1204
vn -0.9369 0.2494 0.2450
vn -0.9580 0.2490 0.1421
vn -0.9022 0.2292 0.3653
vn -0.8405 0.3865 0.3797
vn -0.8726 0.4111 0.2637
vn -0.8973 0.4095 0.1647
vn -0.7758 0.5952 0.2093
vn -0.7441 0.6018 0.2901
vn -0.7640 0.5665 0.3089
vn -0.7965 0.5600 0.2280
vn -0.7070 0.5947 0.3827
vn -0.7200 0.5691 0.3972
vn -0.9060 0.2114 0.3668
vn -0.9372 0.2076 0.2804
vn -0.9566 0.2077 0.2046
vn -0.9598 -0.2086 0.1877
vn -0.9700 -0.2163 0.1108
vn -0.9382 -0.1988 0.2833
vn -0.6829 0.0706 0.7271
vn -0.7492 0.1409 0.6471
vn -0.5521 0.4779 0.6832
vn -0.4851 0.4019 0.7766
vn -0.8095 0.1865 0.5566
vn -0.6121 0.5298 0.5871
vn -0.6219 0.5180 0.5874
vn -0.5719 0.4460 0.6885
vn -0.5114 0.3556 0.7823
vn -0.5545 -0.1159 0.8241
vn -0.6157 -0.0176 0.7878
vn -0.4116 0.3080 0.8577
vn -0.3356 0.2044 0.9195
vn -0.4403 0.2556 0.8607
vn -0.3622 0.1548 0.9192
vn -0.4650 -0.3152 0.8273
vn -0.5036 -0.2165 0.8364
vn -0.2618 0.0981 0.9601
vn -0.1946 -0.0066 0.9809
vn -0.2819 0.0580 0.9577
vn -0.2041 -0.0328 0.9784
vn -0.2892 -0.8074 0.5143
vn -0.3245 -0.7412 0.5877
vn 0.0694 -0.5104 0.8571
vn 0.1282 -0.6109 0.7813
vn -0.3546 -0.6679 0.6544
vn 0.0183 -0.4100 0.9119
vn 0.0750 -0.3786 0.9225
vn 0.1420 -0.4685 0.8720
vn 0.2156 -0.5586 0.8010
vn -0.2030 -0.9044 0.3754
vn -0.2492 -0.8619 0.4417
vn 0.1928 -0.7005 0.6871
vn 0.2603 -0.7682 0.5849
vn 0.2935 -0.6389 0.7111
vn 0.3691 -0.7002 0.6111
vn -0.0857 -0.9662 0.2431
vn -0.1444 -0.9397 0.3100
vn 0.3293 -0.8095 0.4861
vn 0.3867 -0.8276 0.4068
vn 0.4360 -0.7385 0.5144
vn 0.4860 -0.7564 0.4378
vn -0.0573 -0.9657 0.2533
vn -0.0520 -0.9759 0.2122
vn 0.4055 -0.8322 0.3781
vn 0.3527 -0.8306 0.4310
vn 0.5054 -0.7664 0.3964
vn 0.4731 -0.7840 0.4019
vn -0.8625 0.2076 0.4615
vn -0.6680 0.5588 0.4915
vn -0.6659 0.5675 0.4842
vn -0.7955 0.5399 0.2753
vn -0.8234 0.5357 0.1872
vn -0.7650 0.5205 0.3794
vn 0.2150 -0.9710 0.1049
vn 0.2511 -0.9537 0.1655
vn 0.2519 -0.9604 0.1188
vn 0.0963 -0.9817 -0.1640
vn 0.2213 -0.9191 0.3261
vn -0.3818 -0.5888 0.7124
vn -0.0301 -0.3110 0.9499
vn -0.4079 -0.5023 0.7624
vn -0.0803 -0.2107 0.9742
vn -0.0585 -0.2054 0.9769
vn 0.0096 -0.2913 0.9566
vn -0.4348 -0.4103 0.8017
vn -0.1346 -0.1092 0.9849
vn -0.1298 -0.1198 0.9843
vn -0.0609 -0.9811 0.1838
vn 0.2547 -0.8497 0.4617
vn 0.4017 -0.8242 0.3992
vn -0.4321 -0.8689 0.2416
vn -0.4436 -0.8857 0.1368
vn -0.4069 -0.8380 0.3637
vn -0.5000 -0.7801 0.3761
vn -0.5313 -0.8097 0.2493
vn -0.5482 -0.8243 0.1415
vn -0.6172 -0.7464 0.2488
vn -0.6350 -0.7597 0.1401
vn -0.5849 -0.7172 0.3788
vn -0.3766 -0.9247 0.0557
vn -0.1930 -0.9783 0.0751
vn -0.1668 -0.9845 0.0540
vn -0.3542 -0.9343 0.0413
vn -0.6940 -0.7192 0.0341
vn -0.6898 -0.7235 0.0279
vn -0.7275 -0.6857 0.0240
vn -0.7335 -0.6791 0.0281
vn -0.5969 -0.8015 0.0358
vn -0.5957 -0.8027 0.0283
vn -0.6439 -0.7646 0.0285
vn -0.6441 -0.7641 0.0356
vn -0.5185 -0.8541 0.0411
vn -0.5081 -0.8607 0.0317
vn -0.1547 -0.3445 0.9260
vn -0.1080 -0.2780 0.9545
vn -0.1869 -0.2028 0.9612
vn -0.2364 -0.2725 0.9327
vn -0.2670 -0.1284 0.9551
vn -0.3182 -0.2026 0.9261
vn -0.3906 -0.6611 0.6406
vn -0.3289 -0.5754 0.7488
vn -0.4078 -0.5070 0.7593
vn -0.4711 -0.5957 0.6506
vn -0.2694 -0.4903 0.8289
vn -0.3485 -0.4196 0.8381
vn -0.4273 -0.3488 0.8341
vn -0.4861 -0.4361 0.7573
vn -0.5491 -0.5258 0.6496
vn -0.2100 -0.4139 0.8858
vn -0.2907 -0.3422 0.8935
vn -0.3710 -0.2720 0.8879
vn -0.4511 -0.7315 0.5113
vn -0.5340 -0.6681 0.5181
vn -0.6109 -0.5999 0.5166
vn -0.4511 -0.2030 0.8691
vn -0.5046 -0.2789 0.8170
vn -0.4009 -0.1326 0.9065
vn -0.4835 -0.0592 0.8734
vn -0.5295 -0.1330 0.8378
vn -0.5779 -0.2093 0.7888
vn -0.5613 -0.3647 0.7429
vn -0.6227 -0.4528 0.6381
vn -0.6305 -0.2940 0.7184
vn -0.6894 -0.3788 0.6174
vn -0.3492 -0.0515 0.9356
vn -0.4326 0.0318 0.9010
vn -0.6820 -0.5258 0.5084
vn -0.7474 -0.4458 0.4926
vn -0.6035 -0.0611 0.7950
vn -0.6469 -0.1385 0.7499
vn -0.5619 0.0193 0.8270
vn -0.6332 0.1028 0.7671
vn -0.6731 0.0114 0.7395
vn -0.7139 -0.0687 0.6969
vn -0.6951 -0.2212 0.6841
vn -0.7510 -0.3023 0.5871
vn -0.7581 -0.1474 0.6353
vn -0.8089 -0.2226 0.5441
vn -0.5122 0.1226 0.8501
vn -0.5835 0.2196 0.7819
vn -0.8073 -0.3613 0.4667
vn -0.8606 -0.2734 0.4296
vn -0.7507 0.2696 0.6031
vn -0.6907 0.4051 0.5990
vn -0.7302 0.4748 0.4912
vn -0.7990 0.3376 0.4976
vn -0.6431 0.3170 0.6971
vn -0.6962 0.1885 0.6927
vn -0.8149 -0.0810 0.5740
vn -0.8566 -0.1492 0.4939
vn -0.7777 -0.0063 0.6287
vn -0.8364 0.0430 0.5464
vn -0.8666 -0.0301 0.4981
vn -0.8873 -0.0904 0.4522
vn -0.9159 -0.0043 0.4015
vn -0.8905 0.0787 0.4482
vn -0.9244 -0.0935 0.3698
vn -0.9027 -0.1874 0.3874
vn -0.7381 0.0808 0.6698
vn -0.7982 0.1423 0.5854
vn -0.8539 0.1921 0.4837
vn -0.1289 -0.4858 0.8645
vn -0.0735 -0.4183 0.9053
vn -0.1897 -0.5592 0.8070
vn -0.1094 -0.6245 0.7733
vn -0.0476 -0.5558 0.8299
vn 0.0069 -0.4924 0.8703
vn -0.2493 -0.6403 0.7266
vn -0.3085 -0.7217 0.6196
vn -0.2253 -0.7767 0.5883
vn -0.1691 -0.7004 0.6934
vn 0.0337 -0.6210 0.7831
vn 0.0877 -0.5644 0.8209
vn -0.0296 -0.6836 0.7293
vn 0.0480 -0.7337 0.6778
vn 0.1152 -0.6775 0.7265
vn 0.1712 -0.6301 0.7574
vn -0.0899 -0.7536 0.6511
vn -0.1434 -0.8240 0.5482
vn -0.0629 -0.8635 0.5005
vn -0.0134 -0.7992 0.6010
vn 0.1992 -0.7236 0.6609
vn 0.2577 -0.6865 0.6799
vn 0.1245 -0.7755 0.6189
vn 0.1992 -0.8066 0.5566
vn 0.2753 -0.7764 0.5669
vn 0.3362 -0.7387 0.5842
vn 0.0690 -0.8398 0.5384
vn 0.0325 -0.8952 0.4444
vn 0.1544 -0.9037 0.3994
vn 0.1827 -0.8598 0.4768
vn -0.3639 -0.7896 0.4940
vn -0.2751 -0.8405 0.4668
vn -0.1873 -0.8823 0.4317
vn -0.1002 -0.9151 0.3905
vn 0.0009 -0.9374 0.3483
vn 0.1195 -0.9382 0.3248
vn -0.0308 -0.3550 0.9344
vn 0.0448 -0.4335 0.9000
vn 0.1217 -0.5127 0.8499
vn 0.2038 -0.5890 0.7820
vn 0.2893 -0.6552 0.6979
vn 0.3689 -0.7082 0.6020
vn 0.3931 -0.8744 0.2842
vn 0.3228 -0.8883 0.3267
vn 0.4461 -0.8574 0.2565
vn 0.4777 -0.8173 0.3223
vn 0.4437 -0.8196 0.3624
vn 0.3851 -0.8272 0.4092
vn 0.4666 -0.7682 0.4384
vn 0.4955 -0.7754 0.3914
vn 0.4963 -0.7931 0.3531
vn 0.4577 -0.8348 0.3061
vn 0.4288 -0.7472 0.5077
vn 0.3787 -0.7881 0.4853
vn 0.2317 -0.9152 0.3297
vn 0.2750 -0.8764 0.3953
vn 0.2981 -0.8342 0.4639
vn -0.6666 -0.7452 0.0162
vn -0.6636 -0.7478 0.0174
vn -0.6046 -0.6086 -0.5139
vn -0.6849 -0.7238 -0.0832
vn -0.6633 -0.7439 -0.0819
vn -0.5934 -0.6157 -0.5184
vn -0.6560 -0.7510 -0.0750
vn -0.5954 -0.6145 -0.5175
vn -0.5417 -0.6973 -0.4694
vn -0.4926 -0.7386 -0.4602
vn -0.5316 -0.8457 -0.0468
vn -0.5996 -0.7985 -0.0531
vn -0.3822 -0.8106 -0.4436
vn -0.4021 -0.9151 -0.0305
vn -0.6451 -0.7622 -0.0543
vn -0.5752 -0.6677 -0.4726
vn -0.6990 -0.7129 -0.0565
vn -0.6230 -0.6218 -0.4745
vn -0.7400 -0.6697 -0.0630
vn -0.6573 -0.5801 -0.4811
vn -0.7485 -0.6594 -0.0701
vn -0.6585 -0.5717 -0.4893
vn -0.2167 -0.8814 -0.4196
vn -0.2214 -0.9752 -0.0078
vn -0.0592 -0.9145 -0.4001
vn -0.0501 -0.9987 0.0132
vn -0.5563 -0.8289 0.0590
vn -0.6438 -0.7630 0.0583
vn -0.6977 -0.7140 0.0579
vn -0.3440 -0.9376 0.0510
vn -0.4477 -0.8924 0.0563
vn 0.2414 -0.9678 0.0713
vn 0.2868 -0.9563 0.0576
vn -0.9163 0.3925 0.0799
vn -0.8483 0.5199 0.1004
vn -0.8017 0.5858 0.1187
vn -0.9403 -0.3350 0.0596
vn -0.9740 -0.2209 0.0513
vn -0.9929 -0.1107 0.0436
vn -0.8189 0.5588 0.1312
vn -0.9693 0.2162 0.1173
vn -0.9934 0.1029 0.0500
vn -0.9698 0.2359 0.0622
vn -0.9991 -0.0050 0.0429
vn -0.8200 -0.5688 0.0646
vn -0.8894 -0.4525 0.0643
vn -0.7491 -0.6596 0.0610
vn -0.1485 -0.9881 0.0403
vn -0.2464 -0.9681 0.0454
vn 0.0484 -0.9982 0.0353
vn -0.0511 -0.9980 0.0365
vn 0.2845 -0.9583 0.0285
vn 0.1632 -0.9860 0.0345
vn 0.3683 -0.9295 0.0210
vn 0.3613 -0.9322 0.0199
vn 0.3360 -0.9411 0.0383
vn -0.6283 -0.5965 -0.4994
vn -0.7178 -0.6922 -0.0748
vn -0.7022 -0.7075 -0.0790
vn -0.6162 -0.6038 -0.5057
vn -0.7358 -0.6733 -0.0732
vn -0.6435 -0.5839 -0.4950
vn -0.7106 -0.7002 -0.0690
vn -0.6564 -0.5420 -0.5248
vn -0.9251 -0.3441 -0.1606
vn -0.8086 -0.3459 -0.4760
vn 0.0521 -0.9213 -0.3853
vn 0.0709 -0.9970 0.0317
vn 0.1309 -0.9183 -0.3737
vn 0.1511 -0.9874 0.0466
vn 0.2209 -0.8790 -0.4226
vn 0.2235 -0.8754 -0.4286
vn 0.2427 -0.9699 0.0183
vn 0.2411 -0.9702 0.0256
vn 0.2179 -0.8795 -0.4230
vn 0.2364 -0.9715 0.0195
vn 0.2252 -0.8883 -0.4003
vn 0.2193 -0.8839 -0.4130
vn 0.2381 -0.9706 0.0351
vn 0.2389 -0.9699 0.0472
vn 0.2306 -0.8982 -0.3743
vn 0.2314 -0.8931 -0.3858
vn 0.2409 -0.9686 0.0611
vn 0.2412 -0.9679 0.0710
vn 0.2262 -0.9030 -0.3653
vn 0.2271 -0.9015 -0.3684
vn 0.2399 -0.9680 0.0735
vn 0.2374 -0.9686 0.0733
vn 0.2223 -0.9067 -0.3584
vn 0.2257 -0.9046 -0.3617
vn 0.2346 -0.9691 0.0755
vn 0.2326 -0.9695 0.0775
vn 0.2231 -0.9069 -0.3575
vn 0.2201 -0.9076 -0.3575
vn 0.2326 -0.9696 0.0761
vn 0.2351 -0.9692 0.0737
vn 0.2203 -0.9085 -0.3551
vn 0.2253 -0.9069 -0.3561
vn 0.2361 -0.9689 0.0737
vn 0.2323 -0.9698 0.0737
vn 0.2090 -0.9090 -0.3605
vn 0.2129 -0.9095 -0.3570
vn 0.2265 -0.9715 0.0701
vn 0.2218 -0.9729 0.0647
vn 0.2005 -0.9090 -0.3654
vn 0.2067 -0.9085 -0.3633
vn 0.2185 -0.9739 0.0611
vn 0.2139 -0.9751 0.0589
vn 0.1799 -0.9123 -0.3680
vn 0.1969 -0.9789 0.0551
vn 0.1968 -0.9069 -0.3726
vn 0.2219 -0.9738 0.0489
vn 0.0464 -0.2065 0.9773
vn -0.0267 -0.3089 0.9507
vn 0.0484 -0.1545 0.9868
vn 0.0289 -0.1640 0.9860
vn 0.0392 -0.1622 0.9860
vn 0.0169 -0.1655 0.9861
vn 0.0444 -0.1641 0.9854
vn 0.0443 -0.1681 0.9848
vn 0.0446 -0.1730 0.9839
vn 0.0490 -0.1758 0.9832
vn 0.0524 -0.1755 0.9831
vn 0.0508 -0.1763 0.9830
vn 0.0500 -0.1795 0.9825
vn 0.0545 -0.1809 0.9820
vn 0.0580 -0.1800 0.9820
vn 0.0555 -0.1798 0.9821
vn 0.0538 -0.1797 0.9822
vn 0.0581 -0.1757 0.9827
vn 0.0594 -0.1676 0.9841
vn 0.0504 -0.1594 0.9859
vn 0.0405 -0.1530 0.9874
vn 0.0395 -0.1465 0.9884
vn 0.0438 -0.1427 0.9888
vn 0.0044 -0.1587 0.9873
vn -0.0084 -0.1505 0.9886
vn -0.7394 0.5946 0.3159
vn -0.5326 0.3823 0.7551
vn -0.7593 0.6401 0.1174
vn -0.0585 -0.0412 0.9974
vn -0.0681 -0.0353 0.9971
vn -0.0591 -0.0408 0.9974
vn -0.0807 0.0247 0.9964
vn -0.0547 0.0091 0.9985
vn -0.1151 0.0349 0.9927
vn -0.0407 -0.0056 0.9992
vn -0.0339 -0.0124 0.9993
vn -0.6298 -0.7766 0.0157
vn -0.6186 -0.7857 -0.0000
vn -0.6524 -0.7575 0.0219
vn -0.7077 -0.7048 -0.0501
vn -0.6968 -0.7172 -0.0115
vn -0.7047 -0.7038 -0.0897
vn -0.7699 -0.6022 0.2113
vn -0.7992 -0.5814 0.1524
vn -0.6707 -0.6431 0.3696
vn -0.8125 -0.5671 0.1350
vn -0.8061 -0.5719 0.1523
vn -0.7809 -0.6012 0.1698
vn -0.7531 -0.6385 0.1586
vn -0.7327 -0.6699 0.1202
vn -0.7228 -0.6875 0.0703
vn -0.6896 -0.7207 -0.0706
vn -0.6767 -0.7306 -0.0905
vn -0.7044 -0.7079 -0.0528
vn -0.6717 -0.7325 -0.1107
vn -0.6776 -0.7254 -0.1214
vn -0.6913 -0.7132 -0.1159
vn -0.7201 -0.6935 0.0244
vn -0.7191 -0.6948 -0.0106
vn -0.7151 -0.6981 -0.0349
vn -0.3518 -0.5529 0.7553
vn -0.0347 -0.1391 0.9897
vn -0.0685 -0.0943 0.9932
vn -0.0302 -0.0159 0.9994
vn -0.0334 -0.0186 0.9993
vn -0.0477 -0.0271 0.9985
vn -0.0811 -0.0503 0.9954
vn -0.2089 0.1018 0.9726
vn -0.7539 0.6545 0.0580
vn -0.7505 0.6609 -0.0000
vn -0.6762 -0.7366 0.0144
vn 0.0464 -0.2065 -0.9773
vn 0.0484 -0.1545 -0.9868
vn -0.0267 -0.3089 -0.9507
vn 0.0289 -0.1640 -0.9860
vn 0.0169 -0.1655 -0.9861
vn 0.0392 -0.1622 -0.9860
vn 0.0444 -0.1641 -0.9854
vn 0.0442 -0.1681 -0.9848
vn 0.0446 -0.1731 -0.9839
vn 0.0490 -0.1758 -0.9832
vn 0.0524 -0.1755 -0.9831
vn 0.0508 -0.1763 -0.9830
vn 0.0500 -0.1795 -0.9825
vn 0.0545 -0.1809 -0.9820
vn 0.0580 -0.1800 -0.9820
vn 0.0555 -0.1798 -0.9821
vn 0.0538 -0.1797 -0.9822
vn 0.0581 -0.1757 -0.9827
vn 0.0594 -0.1676 -0.9841
vn 0.0504 -0.1594 -0.9859
vn 0.0405 -0.1530 -0.9874
vn 0.0395 -0.1465 -0.9884
vn 0.0438 -0.1427 -0.9888
vn 0.0044 -0.1587 -0.9873
vn -0.0084 -0.1505 -0.9886
vn -0.7394 0.5946 -0.3159
vn -0.7593 0.6401 -0.1174
vn -0.5326 0.3823 -0.7551
vn -0.0585 -0.0412 -0.9974
vn -0.0591 -0.0408 -0.9974
vn -0.0681 -0.0353 -0.9971
vn -0.0807 0.0247 -0.9964
vn -0.1151 0.0349 -0.9927
vn -0.0547 0.0091 -0.9985
vn -0.0407 -0.0056 -0.9992
vn -0.0339 -0.0124 -0.9993
vn -0.6298 -0.7766 -0.0157
vn -0.6524 -0.7575 -0.0219
vn -0.7077 -0.7048 0.0501
vn -0.7047 -0.7038 0.0897
vn -0.6968 -0.7172 0.0115
vn -0.7699 -0.6022 -0.2113
vn -0.6706 -0.6431 -0.3696
vn -0.7992 -0.5814 -0.1524
vn -0.8125 -0.5671 -0.1350
vn -0.8061 -0.5719 -0.1523
vn -0.7809 -0.6012 -0.1697
vn -0.7531 -0.6385 -0.1586
vn -0.7327 -0.6699 -0.1202
vn -0.7228 -0.6875 -0.0703
vn -0.6896 -0.7207 0.0706
vn -0.7044 -0.7079 0.0528
vn -0.6767 -0.7306 0.0905
vn -0.6717 -0.7325 0.1107
vn -0.6776 -0.7254 0.1214
vn -0.6913 -0.7132 0.1159
vn -0.7201 -0.6935 -0.0244
vn -0.7191 -0.6948 0.0107
vn -0.7151 -0.6981 0.0349
vn -0.3518 -0.5529 -0.7553
vn -0.0347 -0.1391 -0.9897
vn -0.0685 -0.0943 -0.9932
vn -0.0302 -0.0159 -0.9994
vn -0.0334 -0.0186 -0.9993
vn -0.0477 -0.0271 -0.9985
vn -0.0811 -0.0503 -0.9954
vn -0.2089 0.1018 -0.9726
vn -0.7539 0.6545 -0.0580
vn -0.6762 -0.7366 -0.0144
vt 0.909091 0.250000
vt 0.952652 0.250000
vt 0.952967 0.375000
vt 0.909091 0.375000
vt 0.984849 0.250000
vt 0.986111 0.373264
vt 1.000000 0.500000
vt 0.954546 0.500000
vt 0.909091 0.500000
vt 0.049242 0.250000
vt 0.069602 0.250000
vt 0.069366 0.375000
vt 0.048927 0.375000
vt 0.098485 0.250000
vt 0.097854 0.375000
vt 0.090909 0.500000
vt 0.068182 0.500000
vt 0.045455 0.500000
vt 0.137311 0.250000
vt 0.137153 0.375000
vt 0.181818 0.250000
vt 0.181818 0.375000
vt 0.181818 0.500000
vt 0.136364 0.500000
vt 0.227273 0.250000
vt 0.227273 0.375000
vt 0.272727 0.250000
vt 0.272727 0.375000
vt 0.272727 0.500000
vt 0.227273 0.500000
vt 0.318182 0.250000
vt 0.318182 0.375000
vt 0.363636 0.250000
vt 0.363636 0.375000
vt 0.363636 0.500000
vt 0.318182 0.500000
vt 0.409091 0.250000
vt 0.409091 0.375000
vt 0.454546 0.250000
vt 0.454545 0.375000
vt 0.454545 0.500000
vt 0.409091 0.500000
vt 0.500000 0.250000
vt 0.500000 0.375000
vt 0.545455 0.250000
vt 0.545455 0.375000
vt 0.545455 0.500000
vt 0.500000 0.500000
vt 0.590909 0.250000
vt 0.590909 0.375000
vt 0.636364 0.250000
vt 0.636364 0.375000
vt 0.636364 0.500000
vt 0.590909 0.500000
vt 0.681818 0.250000
vt 0.681818 0.375000
vt 0.727273 0.250000
vt 0.727273 0.375000
vt 0.727273 0.500000
vt 0.681818 0.500000
vt 0.772727 0.250000
vt 0.772727 0.375000
vt 0.818182 0.250000
vt 0.818182 0.375000
vt 0.818182 0.500000
vt 0.772727 0.500000
vt 0.863636 0.250000
vt 0.863636 0.375000
vt 0.863636 0.500000
vt 0.024621 0.250000
vt 0.034801 0.250000
vt 0.034683 0.375000
vt 0.024463 0.375000
vt 0.034091 0.500000
vt 0.022727 0.500000
vt 0.000000 0.250000
vt 0.000000 0.364583
vt 0.000000 0.416667
vt 1.000000 0.250000
vt 1.000000 0.125868
vt 1.000000 0.125000
vt 1.000000 0.000000
vt 1.000000 0.128472
vt 1.000000 0.034722
vt 0.998264 0.125868
vt 0.996528 0.130208
vt 0.999566 0.130208
vt 0.972222 0.041667
vt 0.996528 0.041667
vt 1.000000 0.041667
vt 1.000000 0.130208
vt 0.998264 0.000000
vt 1.000000 0.005208
vt 0.992622 0.005208
vt 0.927083 0.005208
vt 0.992622 0.129340
vt 0.927083 0.038194
vt 0.985303 0.128958
vt 0.998220 0.129028
vt 0.998106 0.250000
vt 0.989091 0.030000
vt 0.998876 0.036944
vt 0.998876 0.003090
vt 0.999798 0.004028
vt 0.011364 0.250000
vt 0.017282 0.250000
vt 0.017243 0.375000
vt 0.011364 0.375000
vt 0.017045 0.500000
vt 0.011364 0.500000
vt 0.001894 0.250000
vt 0.001736 0.373264
vt 0.000197 0.366319
vt 0.000237 0.250000
vt 0.000000 0.500000
vt 0.000039 0.423611
vt 0.005919 0.250000
vt 0.005879 0.375000
vt 0.005682 0.500000
vt 1.000000 0.003472
vt 0.000000 0.000000
vt 0.500000 0.000000
vt 0.735677 0.004340
vt 0.000000 0.041667
vt 0.000000 0.130208
vt 0.001894 0.041667
vt 0.005919 0.041667
vt 0.005919 0.130208
vt 0.001894 0.130208
vt 0.011364 0.041667
vt 0.011364 0.130208
vt 0.000237 0.130208
vt 0.000237 0.041667
vt 0.017282 0.041667
vt 0.017282 0.130208
vt 0.024621 0.041667
vt 0.024621 0.130208
vt 1.000000 0.416667
vt 1.000000 0.364583
vt 0.998422 0.366320
vt 0.999684 0.423611
vt 0.000000 0.130883
vt 0.000000 0.045235
vt 0.000000 0.132909
vt 0.000000 0.062500
vt 0.034801 0.041667
vt 0.034801 0.130208
vt 0.049242 0.041667
vt 0.049242 0.130208
vt 0.818182 0.041667
vt 0.863636 0.041667
vt 0.863636 0.130208
vt 0.818182 0.130208
vt 0.909091 0.041667
vt 0.909091 0.130208
vt 0.727273 0.041667
vt 0.772727 0.041667
vt 0.772727 0.130208
vt 0.727273 0.130208
vt 0.636364 0.041667
vt 0.681818 0.041667
vt 0.681818 0.130208
vt 0.636364 0.130208
vt 0.545455 0.041667
vt 0.590909 0.041667
vt 0.590909 0.130208
vt 0.545455 0.130208
vt 0.454546 0.041667
vt 0.500000 0.041667
vt 0.500000 0.130208
vt 0.454546 0.130208
vt 0.363636 0.041667
vt 0.409091 0.041667
vt 0.409091 0.130208
vt 0.363636 0.130208
vt 0.272727 0.041667
vt 0.318182 0.041667
vt 0.318182 0.130208
vt 0.272727 0.130208
vt 0.181818 0.041667
vt 0.227273 0.041667
vt 0.227273 0.130208
vt 0.181818 0.130208
vt 0.098485 0.041667
vt 0.137311 0.041667
vt 0.137311 0.130208
vt 0.098485 0.130208
vt 0.069602 0.041667
vt 0.069602 0.130208
vt 0.953106 0.040417
vt 0.952765 0.129896
vt 0.954545 0.375000
vt 0.954546 0.250000
vt 1.000000 0.375000
vt 0.999684 0.000868
vt 0.000000 0.366319
vt 0.000000 0.375000
vt 0.005682 0.375000
vt 0.005682 0.250000
vt 0.000000 0.125000
vt 0.005682 0.125000
vt 0.005682 0.000000
vt 0.011364 0.125000
vt 0.011364 0.000000
vt 0.000039 0.038194
vt 0.000000 0.129340
vt 0.017243 0.125000
vt 0.017045 0.000000
vt 0.024463 0.125000
vt 0.022727 0.000000
vt 1.000000 0.366319
vt 0.034683 0.125000
vt 0.034091 0.000000
vt 0.048927 0.125000
vt 0.045455 0.000000
vt 0.818182 0.000000
vt 0.818182 0.125000
vt 0.863636 0.125000
vt 0.863636 0.000000
vt 0.909091 0.125000
vt 0.909091 0.000000
vt 0.727273 0.000000
vt 0.727273 0.125000
vt 0.772727 0.125000
vt 0.772727 0.000000
vt 0.636364 0.000000
vt 0.636364 0.125000
vt 0.681818 0.125000
vt 0.681818 0.000000
vt 0.545455 0.000000
vt 0.545455 0.125000
vt 0.590909 0.125000
vt 0.590909 0.000000
vt 0.454545 0.000000
vt 0.454546 0.125000
vt 0.500000 0.125000
vt 0.363636 0.000000
vt 0.363636 0.125000
vt 0.409091 0.125000
vt 0.409091 0.000000
vt 0.272727 0.000000
vt 0.272727 0.125000
vt 0.318182 0.125000
vt 0.318182 0.000000
vt 0.181818 0.000000
vt 0.181818 0.125000
vt 0.227273 0.125000
vt 0.227273 0.000000
vt 0.090909 0.000000
vt 0.097854 0.125000
vt 0.137153 0.125000
vt 0.136364 0.000000
vt 0.069366 0.125000
vt 0.068182 0.000000
vt 0.954545 0.125000
vt 0.954546 0.000000
vt 0.953081 0.004896
vt 0.986566 0.003090
vt 0.909091 0.005208
vt 0.069366 0.005208
vt 0.097854 0.005208
vt 0.048927 0.005208
vt 0.137153 0.005208
vt 0.181818 0.005208
vt 0.227273 0.005208
vt 0.272727 0.005208
vt 0.318182 0.005208
vt 0.363636 0.005208
vt 0.409091 0.005208
vt 0.454545 0.005208
vt 0.500000 0.005208
vt 0.545455 0.005208
vt 0.590909 0.005208
vt 0.636364 0.005208
vt 0.681818 0.005208
vt 0.727273 0.005208
vt 0.772727 0.005208
vt 0.818182 0.005208
vt 0.863636 0.005208
vt 0.034683 0.005208
vt 0.024463 0.005208
vt 0.000000 0.131559
vt 0.000000 0.048804
vt 0.000197 0.009549
vt 0.001736 0.006076
vt 0.000000 0.010417
vt 0.998535 0.000556
vt 0.017243 0.005208
vt 0.011364 0.005208
vt 0.005879 0.005208
vt 0.000000 0.015239
s 1
usemtl Material.001
f 130/1/1 815/2/2 1629/3/3 578/4/4
f 815/2/2 120/5/5 547/6/6 1629/3/3
f 1629/3/3 547/6/6 4/7/7 559/8/8
f 578/4/4 1629/3/3 559/8/8 15/9/9
f 131/10/10 814/11/11 1630/12/12 581/13/13
f 814/11/11 121/14/14 569/15/15 1630/12/12
f 1630/12/12 569/15/15 24/16/16 579/17/17
f 581/13/13 1630/12/12 579/17/17 25/18/18
f 121/14/14 813/19/19 1631/20/20 569/15/15
f 813/19/19 122/21/21 570/22/22 1631/20/20
f 1631/20/20 570/22/22 23/23/23 568/24/24
f 569/15/15 1631/20/20 568/24/24 24/16/16
f 122/21/21 812/25/25 1632/26/26 570/22/22
f 812/25/25 123/27/27 571/28/28 1632/26/26
f 1632/26/26 571/28/28 22/29/29 567/30/30
f 570/22/22 1632/26/26 567/30/30 23/23/23
f 123/27/27 811/31/31 1633/32/32 571/28/28
f 811/31/31 124/33/33 572/34/34 1633/32/32
f 1633/32/32 572/34/34 21/35/35 566/36/36
f 571/28/28 1633/32/32 566/36/36 22/29/29
f 124/33/33 810/37/37 1634/38/38 572/34/34
f 810/37/37 125/39/39 573/40/40 1634/38/38
f 1634/38/38 573/40/40 20/41/41 565/42/42
f 572/34/34 1634/38/38 565/42/42 21/35/35
f 125/39/39 809/43/43 1635/44/44 573/40/40
f 809/43/43 126/45/45 574/46/46 1635/44/44
f 1635/44/44 574/46/46 19/47/47 564/48/48
f 573/40/40 1635/44/44 564/48/48 20/41/41
f 126/45/45 808/49/49 1636/50/50 574/46/46
f 808/49/49 127/51/51 575/52/52 1636/50/50
f 1636/50/50 575/52/52 18/53/53 563/54/54
f 574/46/46 1636/50/50 563/54/54 19/47/47
f 127/51/51 807/55/55 1637/56/56 575/52/52
f 807/55/55 128/57/57 576/58/58 1637/56/56
f 1637/56/56 576/58/58 17/59/59 562/60/60
f 575/52/52 1637/56/56 562/60/60 18/53/53
f 128/57/57 806/61/61 1638/62/62 576/58/58
f 806/61/61 129/63/63 577/64/64 1638/62/62
f 1638/62/62 577/64/64 16/65/65 561/66/66
f 576/58/58 1638/62/62 561/66/66 17/59/59
f 129/63/63 805/67/67 1639/68/68 577/64/64
f 805/67/67 130/1/1 578/4/4 1639/68/68
f 1639/68/68 578/4/4 15/9/9 560/69/69
f 577/64/64 1639/68/68 560/69/69 16/65/65
f 150/70/70 804/71/71 1640/72/72 670/73/73
f 804/71/71 131/10/10 581/13/13 1640/72/72
f 1640/72/72 581/13/13 25/18/18 668/74/74
f 670/73/73 1640/72/72 668/74/74 83/75/75
f 154/76/76 780/77/77 1641/77/78 803/76/79
f 780/77/77 117/78/80 742/78/81 1641/77/78
f 1641/77/78 742/78/81 28/78/82 758/77/83
f 803/76/79 1641/77/78 758/77/83 132/76/84
f 151/76/85 777/77/86 1642/77/87 802/76/88
f 777/77/86 85/78/89 671/78/90 1642/77/87
f 1642/77/87 671/78/90 30/78/91 759/77/92
f 802/76/88 1642/77/87 759/77/92 133/76/93
f 133/76/93 759/77/92 1643/77/94 801/76/95
f 759/77/92 30/78/91 586/78/96 1643/77/94
f 1643/77/94 586/78/96 29/78/97 760/77/98
f 801/76/95 1643/77/94 760/77/98 134/76/99
f 147/79/100 773/80/101 1644/81/102 800/79/103
f 773/80/101 63/82/104 593/82/105 1644/81/102
f 1644/81/102 593/82/105 33/82/106 761/80/107
f 800/79/103 1644/81/102 761/80/107 135/79/108
f 135/79/108 761/80/107 1645/83/109 799/79/110
f 761/80/107 33/82/106 596/84/111 1645/83/109
f 1645/83/109 596/84/111 35/82/112 762/80/113
f 799/79/110 1645/83/109 762/80/113 136/79/114
f 136/79/114 762/80/113 1646/81/115 798/79/116
f 762/80/113 35/82/112 599/82/117 1646/81/115
f 1646/81/115 599/82/117 37/82/118 763/81/119
f 798/79/116 1646/81/115 763/81/119 137/79/120
f 137/79/120 763/81/119 1647/81/121 797/79/122
f 763/81/119 37/82/118 602/82/123 1647/81/121
f 1647/81/121 602/82/123 39/82/124 764/81/125
f 797/79/122 1647/81/121 764/81/125 138/79/126
f 138/79/126 764/81/125 1648/81/127 796/79/128
f 764/81/125 39/82/124 605/82/129 1648/81/127
f 1648/81/127 605/82/129 41/82/130 765/81/131
f 796/79/128 1648/81/127 765/81/131 139/79/132
f 149/79/133 775/80/134 1649/81/135 795/79/136
f 775/80/134 76/82/137 608/82/138 1649/81/135
f 1649/81/135 608/82/138 43/82/139 766/81/140
f 795/79/136 1649/81/135 766/81/140 140/79/141
f 140/79/141 766/81/140 1650/81/142 794/79/143
f 766/81/140 43/82/139 611/82/144 1650/81/142
f 1650/81/142 611/82/144 45/82/145 767/81/146
f 794/79/143 1650/81/142 767/81/146 141/79/147
f 145/79/148 771/80/149 1651/83/150 793/79/151
f 771/80/149 61/82/152 614/84/153 1651/83/150
f 1651/83/150 614/84/153 47/82/154 768/80/155
f 793/79/151 1651/83/150 768/80/155 142/79/156
f 142/79/156 768/80/155 1652/81/157 792/79/158
f 768/80/155 47/82/154 617/82/159 1652/81/157
f 1652/81/157 617/82/159 49/82/160 769/85/161
f 792/79/158 1652/81/157 769/85/161 143/79/162
f 146/79/163 772/86/164 1653/87/165 791/79/166
f 772/86/164 65/88/167 620/89/168 1653/87/165
f 1653/87/165 620/89/168 51/90/169 770/91/170
f 791/79/166 1653/87/165 770/91/170 144/79/171
f 141/79/147 767/81/146 1654/81/172 790/79/173
f 767/81/146 45/82/145 630/82/174 1654/81/172
f 1654/81/172 630/82/174 61/82/152 771/80/149
f 790/79/173 1654/81/172 771/80/149 145/79/148
f 58/82/175 628/82/176 1655/82/177 641/82/178
f 628/82/176 59/82/179 642/92/180 1655/82/177
f 1655/82/177 642/92/180 72/82/181 643/82/182
f 641/82/178 1655/82/177 643/82/182 71/82/183
f 57/82/184 627/82/185 1656/82/186 640/82/187
f 627/82/185 58/82/175 641/82/178 1656/82/186
f 1656/82/186 641/82/178 71/82/183 644/82/188
f 640/82/187 1656/82/186 644/82/188 70/82/189
f 78/82/190 626/82/191 1657/82/192 663/82/193
f 626/82/191 57/82/184 640/82/187 1657/82/192
f 1657/82/192 640/82/187 70/82/189 660/82/194
f 663/82/193 1657/82/192 660/82/194 81/82/195
f 55/82/196 625/82/197 1658/82/198 638/82/199
f 625/82/197 56/82/200 639/82/201 1658/82/198
f 1658/82/198 639/82/201 69/82/202 646/82/203
f 638/82/199 1658/82/198 646/82/203 68/82/204
f 54/82/205 624/82/206 1659/82/207 637/82/208
f 624/82/206 55/82/196 638/82/199 1659/82/207
f 1659/82/207 638/82/199 68/82/204 647/82/209
f 637/82/208 1659/82/207 647/82/209 67/82/210
f 53/82/211 623/82/212 1660/82/213 636/82/214
f 623/82/212 54/82/205 637/82/208 1660/82/213
f 1660/82/213 637/82/208 67/82/210 648/82/215
f 636/82/214 1660/82/213 648/82/215 66/82/216
f 80/82/217 622/82/218 1661/82/219 665/82/220
f 622/82/218 53/82/211 636/82/214 1661/82/219
f 1661/82/219 636/82/214 66/82/216 659/82/221
f 665/82/220 1661/82/219 659/82/221 79/82/222
f 59/82/179 621/93/223 1662/94/224 642/92/180
f 621/93/223 51/90/169 620/89/168 1662/94/224
f 1662/94/224 620/89/168 65/88/167 650/95/225
f 642/92/180 1662/94/224 650/95/225 72/82/181
f 143/79/162 769/85/161 1663/96/226 789/79/227
f 769/85/161 49/82/160 635/97/228 1663/96/226
f 1663/96/226 635/97/228 65/88/167 772/86/164
f 789/79/227 1663/96/226 772/86/164 146/79/163
f 120/5/5 746/98/229 1664/99/230 788/100/231
f 746/98/229 2/101/232 633/102/233 1664/99/230
f 1664/99/230 633/102/233 63/82/104 773/80/101
f 788/100/231 1664/99/230 773/80/101 147/79/100
f 56/82/200 657/82/234 1665/82/235 639/82/201
f 657/82/234 77/82/236 662/82/237 1665/82/235
f 1665/82/235 662/82/237 82/82/238 645/82/239
f 639/82/201 1665/82/235 645/82/239 69/82/202
f 77/82/236 658/82/240 1666/82/241 662/82/237
f 658/82/240 78/82/190 663/82/193 1666/82/241
f 1666/82/241 663/82/193 81/82/195 661/82/242
f 662/82/237 1666/82/241 661/82/242 82/82/238
f 2/101/232 664/103/243 1667/104/244 633/102/233
f 664/103/243 80/82/217 665/82/220 1667/104/244
f 1667/104/244 665/82/220 79/82/222 649/82/245
f 633/102/233 1667/104/244 649/82/245 63/82/104
f 139/79/132 765/81/131 1668/81/246 787/79/247
f 765/81/131 41/82/130 655/82/248 1668/81/246
f 1668/81/246 655/82/248 75/82/249 774/80/250
f 787/79/247 1668/81/246 774/80/250 148/79/251
f 148/79/251 774/80/250 1669/83/252 786/79/253
f 774/80/250 75/82/249 656/84/254 1669/83/252
f 1669/83/252 656/84/254 76/82/137 775/80/134
f 786/79/253 1669/83/252 775/80/134 149/79/133
f 153/105/255 785/106/256 1670/107/257 679/108/258
f 785/106/256 150/70/70 670/73/73 1670/107/257
f 1670/107/257 670/73/73 83/75/75 677/109/259
f 679/108/258 1670/107/257 677/109/259 89/110/260
f 152/76/261 778/77/262 1671/77/263 784/76/264
f 778/77/262 87/78/265 674/78/266 1671/77/263
f 1671/77/263 674/78/266 85/78/89 777/77/86
f 784/76/264 1671/77/263 777/77/86 151/76/85
f 119/111/267 745/112/268 1672/113/269 783/114/270
f 745/112/268 3/115/271 583/116/272 1672/113/269
f 1672/113/269 583/116/272 87/78/265 778/77/262
f 783/114/270 1672/113/269 778/77/262 152/76/261
f 119/111/267 782/117/273 1673/118/274 745/112/268
f 782/117/273 153/105/255 679/108/258 1673/118/274
f 1673/118/274 679/108/258 89/110/260 548/119/275
f 745/112/268 1673/118/274 548/119/275 3/115/271
f 93/82/276 680/82/277 1674/82/278 687/82/279
f 680/82/277 82/82/238 661/82/242 1674/82/278
f 1674/82/278 661/82/242 81/82/195 681/82/280
f 687/82/279 1674/82/278 681/82/280 94/82/281
f 95/82/282 682/82/283 1675/82/284 690/82/285
f 682/82/283 91/82/286 684/82/287 1675/82/284
f 1675/82/284 684/82/287 92/82/288 683/82/289
f 690/82/285 1675/82/284 683/82/289 96/82/290
f 91/82/286 685/82/291 1676/82/292 684/82/287
f 685/82/291 93/82/276 687/82/279 1676/82/292
f 1676/82/292 687/82/279 94/82/281 686/82/293
f 684/82/287 1676/82/292 686/82/293 92/82/288
f 75/82/249 688/82/294 1677/120/295 656/84/254
f 688/82/294 95/82/282 690/82/285 1677/120/295
f 1677/120/295 690/82/285 96/82/290 689/82/296
f 656/84/254 1677/120/295 689/82/296 76/82/137
f 92/82/288 686/82/293 1678/82/297 694/82/298
f 686/82/293 94/82/281 693/82/299 1678/82/297
f 1678/82/297 693/82/299 98/82/300 692/82/301
f 694/82/298 1678/82/297 692/82/301 97/82/302
f 96/82/290 683/82/289 1679/82/303 695/82/304
f 683/82/289 92/82/288 694/82/298 1679/82/303
f 1679/82/303 694/82/298 97/82/302 691/82/305
f 695/82/304 1679/82/303 691/82/305 99/82/306
f 98/121/300 693/121/299 1680/121/307 696/121/308
f 693/121/299 94/121/281 681/121/280 1680/121/307
f 1680/121/307 681/121/280 81/121/195 660/121/194
f 696/121/308 1680/121/307 660/121/194 70/121/189
f 43/121/139 608/121/138 1681/121/309 697/121/310
f 608/121/138 76/121/137 689/121/296 1681/121/309
f 1681/121/309 689/121/296 96/121/290 695/121/304
f 697/121/310 1681/121/309 695/121/304 99/121/306
f 97/82/302 692/82/301 1682/82/311 701/82/312
f 692/82/301 98/82/300 700/82/313 1682/82/311
f 1682/82/311 700/82/313 101/82/314 699/82/315
f 701/82/312 1682/82/311 699/82/315 100/82/316
f 99/82/306 691/82/305 1683/82/317 702/82/318
f 691/82/305 97/82/302 701/82/312 1683/82/317
f 1683/82/317 701/82/312 100/82/316 698/82/319
f 702/82/318 1683/82/317 698/82/319 102/82/320
f 101/121/314 700/121/313 1684/121/321 703/121/322
f 700/121/313 98/121/300 696/121/308 1684/121/321
f 1684/121/321 696/121/308 70/121/189 644/121/188
f 703/121/322 1684/121/321 644/121/188 71/121/183
f 45/121/145 611/121/144 1685/121/323 704/121/324
f 611/121/144 43/121/139 697/121/310 1685/121/323
f 1685/121/323 697/121/310 99/121/306 702/121/318
f 704/121/324 1685/121/323 702/121/318 102/121/320
f 103/121/325 706/122/326 1686/123/327 705/122/328
f 706/122/326 72/82/181 650/95/225 1686/123/327
f 1686/123/327 650/95/225 65/88/167 635/97/228
f 705/122/328 1686/123/327 635/97/228 49/82/160
f 101/121/314 703/121/322 1687/121/329 707/121/330
f 703/121/322 71/121/183 643/121/182 1687/121/329
f 1687/121/329 643/121/182 72/121/181 706/121/326
f 707/121/330 1687/121/329 706/121/326 103/121/325
f 102/82/320 698/82/319 1688/82/331 709/82/332
f 698/82/319 100/82/316 710/82/333 1688/82/331
f 1688/82/331 710/82/333 104/82/334 708/82/335
f 709/82/332 1688/82/331 708/82/335 105/82/336
f 47/82/154 614/84/153 1689/120/337 712/82/338
f 614/84/153 61/82/152 711/82/339 1689/120/337
f 1689/120/337 711/82/339 105/82/336 708/82/335
f 712/82/338 1689/120/337 708/82/335 104/82/334
f 61/121/152 630/121/174 1690/121/340 711/121/339
f 630/121/174 45/121/145 704/121/324 1690/121/340
f 1690/121/340 704/121/324 102/121/320 709/121/332
f 711/121/339 1690/121/340 709/121/332 105/121/336
f 104/121/334 710/121/333 1691/121/341 713/121/342
f 710/121/333 100/121/316 699/121/315 1691/121/341
f 1691/121/341 699/121/315 101/121/314 707/121/330
f 713/121/342 1691/121/341 707/121/330 103/121/325
f 47/121/154 712/121/338 1692/121/343 617/121/159
f 712/121/338 104/121/334 713/121/342 1692/121/343
f 1692/121/343 713/121/342 103/121/325 705/121/328
f 617/121/159 1692/121/343 705/121/328 49/121/160
f 93/82/276 685/82/291 1693/82/344 717/82/345
f 685/82/291 91/82/286 716/82/346 1693/82/344
f 1693/82/344 716/82/346 106/82/347 715/82/348
f 717/82/345 1693/82/344 715/82/348 107/82/349
f 91/82/286 682/82/283 1694/82/350 716/82/346
f 682/82/283 95/82/282 718/82/351 1694/82/350
f 1694/82/350 718/82/351 108/82/352 714/82/353
f 716/82/346 1694/82/350 714/82/353 106/82/347
f 107/82/349 715/82/348 1695/82/354 722/82/355
f 715/82/348 106/82/347 721/82/356 1695/82/354
f 1695/82/354 721/82/356 109/82/357 720/82/358
f 722/82/355 1695/82/354 720/82/358 110/82/359
f 106/82/347 714/82/353 1696/82/360 721/82/356
f 714/82/353 108/82/352 723/82/361 1696/82/360
f 1696/82/360 723/82/361 111/82/362 719/82/363
f 721/82/356 1696/82/360 719/82/363 109/82/357
f 110/82/359 720/82/358 1697/82/364 727/82/365
f 720/82/358 109/82/357 726/82/366 1697/82/364
f 1697/82/364 726/82/366 112/82/367 725/82/368
f 727/82/365 1697/82/364 725/82/368 113/82/369
f 109/82/357 719/82/363 1698/82/370 726/82/366
f 719/82/363 111/82/362 728/82/371 1698/82/370
f 1698/82/370 728/82/371 114/82/372 724/82/373
f 726/82/366 1698/82/370 724/82/373 112/82/367
f 108/121/352 718/121/351 1699/121/374 729/121/375
f 718/121/351 95/121/282 688/121/294 1699/121/374
f 1699/121/374 688/121/294 75/121/249 655/121/248
f 729/121/375 1699/121/374 655/121/248 41/121/130
f 111/121/362 723/121/361 1700/121/376 730/121/377
f 723/121/361 108/121/352 729/121/375 1700/121/376
f 1700/121/376 729/121/375 41/121/130 605/121/129
f 730/121/377 1700/121/376 605/121/129 39/121/124
f 114/121/372 728/121/371 1701/121/378 731/121/379
f 728/121/371 111/121/362 730/121/377 1701/121/378
f 1701/121/378 730/121/377 39/121/124 602/121/123
f 731/121/379 1701/121/378 602/121/123 37/121/118
f 69/121/202 645/121/239 1702/121/380 732/121/381
f 645/121/239 82/121/238 680/121/277 1702/121/380
f 1702/121/380 680/121/277 93/121/276 717/121/345
f 732/121/381 1702/121/380 717/121/345 107/121/349
f 68/121/204 646/121/203 1703/121/382 733/121/383
f 646/121/203 69/121/202 732/121/381 1703/121/382
f 1703/121/382 732/121/381 107/121/349 722/121/355
f 733/121/383 1703/121/382 722/121/355 110/121/359
f 67/121/210 647/121/209 1704/121/384 734/121/385
f 647/121/209 68/121/204 733/121/383 1704/121/384
f 1704/121/384 733/121/383 110/121/359 727/121/365
f 734/121/385 1704/121/384 727/121/365 113/121/369
f 35/82/112 596/84/111 1705/120/386 736/82/387
f 596/84/111 33/82/106 737/82/388 1705/120/386
f 1705/120/386 737/82/388 115/82/389 735/82/390
f 736/82/387 1705/120/386 735/82/390 116/82/391
f 66/82/216 738/82/392 1706/82/393 659/82/221
f 738/82/392 116/82/391 735/82/390 1706/82/393
f 1706/82/393 735/82/390 115/82/389 739/82/394
f 659/82/221 1706/82/393 739/82/394 79/82/222
f 115/121/389 737/121/388 1707/121/395 739/121/394
f 737/121/388 33/121/106 593/121/105 1707/121/395
f 1707/121/395 593/121/105 63/121/104 649/121/245
f 739/121/394 1707/121/395 649/121/245 79/121/222
f 116/121/391 738/121/392 1708/121/396 740/121/397
f 738/121/392 66/121/216 648/121/215 1708/121/396
f 1708/121/396 648/121/215 67/121/210 734/121/385
f 740/121/397 1708/121/396 734/121/385 113/121/369
f 114/121/372 731/121/379 1709/121/398 741/121/399
f 731/121/379 37/121/118 599/121/117 1709/121/398
f 1709/121/398 599/121/117 35/121/112 736/121/387
f 741/121/399 1709/121/398 736/121/387 116/121/391
f 112/121/367 724/121/373 1710/121/400 725/121/368
f 724/121/373 114/121/372 741/121/399 1710/121/400
f 1710/121/400 741/121/399 116/121/391 740/121/397
f 725/121/368 1710/121/400 740/121/397 113/121/369
f 134/76/99 760/77/98 1711/77/401 781/76/402
f 760/77/98 29/78/97 585/78/403 1711/77/401
f 1711/77/401 585/78/403 117/78/80 780/77/77
f 781/76/402 1711/77/401 780/77/77 154/76/76
f 31/124/404 590/125/405 1712/125/406 587/124/407
f 590/125/405 134/76/99 781/76/402 1712/125/406
f 1712/125/406 781/76/402 154/76/76 744/125/408
f 587/124/407 1712/125/406 744/125/408 118/124/409
f 1/126/410 678/127/411 1713/128/412 545/129/413
f 678/127/411 90/130/414 779/131/415 1713/128/412
f 1713/128/412 779/131/415 153/105/255 782/117/273
f 545/129/413 1713/128/412 782/117/273 119/111/267
f 1/126/410 545/129/413 1714/132/416 584/133/417
f 545/129/413 119/111/267 783/114/270 1714/132/416
f 1714/132/416 783/114/270 152/76/261 676/125/418
f 584/133/417 1714/132/416 676/125/418 88/124/419
f 88/124/419 676/125/418 1715/125/420 675/124/421
f 676/125/418 152/76/261 784/76/264 1715/125/420
f 1715/125/420 784/76/264 151/76/85 673/125/422
f 675/124/421 1715/125/420 673/125/422 86/124/423
f 90/130/414 669/134/424 1716/135/425 779/131/415
f 669/134/424 84/136/426 776/137/427 1716/135/425
f 1716/135/425 776/137/427 150/70/70 785/106/256
f 779/131/415 1716/135/425 785/106/256 153/105/255
f 74/138/428 666/139/429 1717/139/430 654/138/431
f 666/139/429 148/79/251 786/79/253 1717/139/430
f 1717/139/430 786/79/253 149/79/133 667/139/432
f 654/138/431 1717/139/430 667/139/432 73/138/433
f 42/138/434 603/139/435 1718/139/436 607/138/437
f 603/139/435 139/79/132 787/79/247 1718/139/436
f 1718/139/436 787/79/247 148/79/251 666/139/429
f 607/138/437 1718/139/436 666/139/429 74/138/428
f 4/7/7 547/6/6 1719/140/438 592/141/439
f 547/6/6 120/5/5 788/100/231 1719/140/438
f 1719/140/438 788/100/231 147/79/100 652/139/440
f 592/141/439 1719/140/438 652/139/440 62/138/441
f 50/138/442 615/139/443 1720/139/444 619/138/445
f 615/139/443 143/79/162 789/79/227 1720/139/444
f 1720/139/444 789/79/227 146/79/163 651/139/446
f 619/138/445 1720/139/444 651/139/446 64/138/447
f 46/138/448 609/139/449 1721/139/450 613/138/451
f 609/139/449 141/79/147 790/79/173 1721/139/450
f 1721/139/450 790/79/173 145/79/148 631/139/452
f 613/138/451 1721/139/450 631/139/452 60/138/453
f 64/138/447 651/139/446 1722/139/454 634/138/455
f 651/139/446 146/79/163 791/79/166 1722/139/454
f 1722/139/454 791/79/166 144/79/171 618/139/456
f 634/138/455 1722/139/454 618/139/456 52/138/457
f 48/138/458 612/139/459 1723/139/460 616/138/461
f 612/139/459 142/79/156 792/79/158 1723/139/460
f 1723/139/460 792/79/158 143/79/162 615/139/443
f 616/138/461 1723/139/460 615/139/443 50/138/442
f 60/138/453 631/139/452 1724/139/462 629/138/463
f 631/139/452 145/79/148 793/79/151 1724/139/462
f 1724/139/462 793/79/151 142/79/156 612/139/459
f 629/138/463 1724/139/462 612/139/459 48/138/458
f 44/138/464 606/139/465 1725/139/466 610/138/467
f 606/139/465 140/79/141 794/79/143 1725/139/466
f 1725/139/466 794/79/143 141/79/147 609/139/449
f 610/138/467 1725/139/466 609/139/449 46/138/448
f 73/138/433 667/139/432 1726/139/468 653/138/469
f 667/139/432 149/79/133 795/79/136 1726/139/468
f 1726/139/468 795/79/136 140/79/141 606/139/465
f 653/138/469 1726/139/468 606/139/465 44/138/464
f 40/138/470 600/139/471 1727/139/472 604/138/473
f 600/139/471 138/79/126 796/79/128 1727/139/472
f 1727/139/472 796/79/128 139/79/132 603/139/435
f 604/138/473 1727/139/472 603/139/435 42/138/434
f 38/138/474 597/139/475 1728/139/476 601/138/477
f 597/139/475 137/79/120 797/79/122 1728/139/476
f 1728/139/476 797/79/122 138/79/126 600/139/471
f 601/138/477 1728/139/476 600/139/471 40/138/470
f 36/138/478 594/139/479 1729/139/480 598/138/481
f 594/139/479 136/79/114 798/79/116 1729/139/480
f 1729/139/480 798/79/116 137/79/120 597/139/475
f 598/138/481 1729/139/480 597/139/475 38/138/474
f 34/138/482 591/139/483 1730/139/484 595/138/485
f 591/139/483 135/79/108 799/79/110 1730/139/484
f 1730/139/484 799/79/110 136/79/114 594/139/479
f 595/138/485 1730/139/484 594/139/479 36/138/478
f 62/138/441 652/139/440 1731/139/486 632/138/487
f 652/139/440 147/79/100 800/79/103 1731/139/486
f 1731/139/486 800/79/103 135/79/108 591/139/483
f 632/138/487 1731/139/486 591/139/483 34/138/482
f 32/124/488 589/125/489 1732/125/490 588/124/491
f 589/125/489 133/76/93 801/76/95 1732/125/490
f 1732/125/490 801/76/95 134/76/99 590/125/405
f 588/124/491 1732/125/490 590/125/405 31/124/404
f 86/124/423 673/125/422 1733/125/492 672/124/493
f 673/125/422 151/76/85 802/76/88 1733/125/492
f 1733/125/492 802/76/88 133/76/93 589/125/489
f 672/124/493 1733/125/492 589/125/489 32/124/488
f 118/124/409 744/125/408 1734/142/494 743/143/495
f 744/125/408 154/76/76 803/76/79 1734/142/494
f 1734/142/494 803/76/79 132/76/84 582/144/496
f 743/143/495 1734/142/494 582/144/496 27/145/497
f 84/136/426 580/146/498 1735/147/499 776/137/427
f 580/146/498 26/148/500 757/149/501 1735/147/499
f 1735/147/499 757/149/501 131/10/10 804/71/71
f 776/137/427 1735/147/499 804/71/71 150/70/70
f 13/150/502 558/151/503 1736/152/504 755/153/505
f 558/151/503 14/154/506 756/155/507 1736/152/504
f 1736/152/504 756/155/507 130/1/1 805/67/67
f 755/153/505 1736/152/504 805/67/67 129/63/63
f 12/156/508 557/157/509 1737/158/510 754/159/511
f 557/157/509 13/150/502 755/153/505 1737/158/510
f 1737/158/510 755/153/505 129/63/63 806/61/61
f 754/159/511 1737/158/510 806/61/61 128/57/57
f 11/160/512 556/161/513 1738/162/514 753/163/515
f 556/161/513 12/156/508 754/159/511 1738/162/514
f 1738/162/514 754/159/511 128/57/57 807/55/55
f 753/163/515 1738/162/514 807/55/55 127/51/51
f 10/164/516 555/165/517 1739/166/518 752/167/519
f 555/165/517 11/160/512 753/163/515 1739/166/518
f 1739/166/518 753/163/515 127/51/51 808/49/49
f 752/167/519 1739/166/518 808/49/49 126/45/45
f 9/168/520 554/169/521 1740/170/522 751/171/523
f 554/169/521 10/164/516 752/167/519 1740/170/522
f 1740/170/522 752/167/519 126/45/45 809/43/43
f 751/171/523 1740/170/522 809/43/43 125/39/39
f 8/172/524 553/173/525 1741/174/526 750/175/527
f 553/173/525 9/168/520 751/171/523 1741/174/526
f 1741/174/526 751/171/523 125/39/39 810/37/37
f 750/175/527 1741/174/526 810/37/37 124/33/33
f 7/176/528 552/177/529 1742/178/530 749/179/531
f 552/177/529 8/172/524 750/175/527 1742/178/530
f 1742/178/530 750/175/527 124/33/33 811/31/31
f 749/179/531 1742/178/530 811/31/31 123/27/27
f 6/180/532 551/181/533 1743/182/534 748/183/535
f 551/181/533 7/176/528 749/179/531 1743/182/534
f 1743/182/534 749/179/531 123/27/27 812/25/25
f 748/183/535 1743/182/534 812/25/25 122/21/21
f 5/184/536 550/185/537 1744/186/538 747/187/539
f 550/185/537 6/180/532 748/183/535 1744/186/538
f 1744/186/538 748/183/535 122/21/21 813/19/19
f 747/187/539 1744/186/538 813/19/19 121/14/14
f 26/148/500 549/188/540 1745/189/541 757/149/501
f 549/188/540 5/184/536 747/187/539 1745/189/541
f 1745/189/541 747/187/539 121/14/14 814/11/11
f 757/149/501 1745/189/541 814/11/11 131/10/10
f 14/154/506 546/190/542 1746/191/543 756/155/507
f 546/190/542 2/101/232 746/98/229 1746/191/543
f 1746/191/543 746/98/229 120/5/5 815/2/2
f 756/155/507 1746/191/543 815/2/2 130/1/1
f 248/1/544 838/4/545 1747/192/546 1051/193/547
f 838/4/545 15/9/9 559/8/8 1747/192/546
f 1747/192/546 559/8/8 4/7/7 818/194/548
f 1051/193/547 1747/192/546 818/194/548 238/79/549
f 249/10/550 840/13/551 1748/12/552 1050/11/553
f 840/13/551 25/18/18 579/17/17 1748/12/552
f 1748/12/552 579/17/17 24/16/16 829/15/554
f 1050/11/553 1748/12/552 829/15/554 239/14/555
f 239/14/555 829/15/554 1749/20/556 1049/19/557
f 829/15/554 24/16/16 568/24/24 1749/20/556
f 1749/20/556 568/24/24 23/23/23 830/22/558
f 1049/19/557 1749/20/556 830/22/558 240/21/559
f 240/21/559 830/22/558 1750/26/560 1048/25/561
f 830/22/558 23/23/23 567/30/30 1750/26/560
f 1750/26/560 567/30/30 22/29/29 831/28/562
f 1048/25/561 1750/26/560 831/28/562 241/27/563
f 241/27/563 831/28/562 1751/32/564 1047/31/565
f 831/28/562 22/29/29 566/36/36 1751/32/564
f 1751/32/564 566/36/36 21/35/35 832/34/566
f 1047/31/565 1751/32/564 832/34/566 242/33/567
f 242/33/567 832/34/566 1752/38/568 1046/37/569
f 832/34/566 21/35/35 565/42/42 1752/38/568
f 1752/38/568 565/42/42 20/41/41 833/40/570
f 1046/37/569 1752/38/568 833/40/570 243/39/571
f 243/39/571 833/40/570 1753/44/572 1045/43/573
f 833/40/570 20/41/41 564/48/48 1753/44/572
f 1753/44/572 564/48/48 19/47/47 834/46/574
f 1045/43/573 1753/44/572 834/46/574 244/45/575
f 244/45/575 834/46/574 1754/50/576 1044/49/577
f 834/46/574 19/47/47 563/54/54 1754/50/576
f 1754/50/576 563/54/54 18/53/53 835/52/578
f 1044/49/577 1754/50/576 835/52/578 245/51/579
f 245/51/579 835/52/578 1755/56/580 1043/55/581
f 835/52/578 18/53/53 562/60/60 1755/56/580
f 1755/56/580 562/60/60 17/59/59 836/58/582
f 1043/55/581 1755/56/580 836/58/582 246/57/583
f 246/57/583 836/58/582 1756/62/584 1042/61/585
f 836/58/582 17/59/59 561/66/66 1756/62/584
f 1756/62/584 561/66/66 16/65/65 837/64/586
f 1042/61/585 1756/62/584 837/64/586 247/63/587
f 247/63/587 837/64/586 1757/68/588 1041/67/589
f 837/64/586 16/65/65 560/69/69 1757/68/588
f 1757/68/588 560/69/69 15/9/9 838/4/545
f 1041/67/589 1757/68/588 838/4/545 248/1/544
f 268/70/590 910/73/591 1758/72/592 1040/71/593
f 910/73/591 83/75/75 668/74/74 1758/72/592
f 1758/72/592 668/74/74 25/18/18 840/13/551
f 1040/71/593 1758/72/592 840/13/551 249/10/550
f 272/76/594 1039/76/595 1759/77/596 1016/77/597
f 1039/76/595 250/76/598 994/77/599 1759/77/596
f 1759/77/596 994/77/599 28/78/82 742/78/81
f 1016/77/597 1759/77/596 742/78/81 117/78/80
f 269/76/600 1038/76/601 1760/77/602 1013/77/603
f 1038/76/601 251/76/604 995/77/605 1760/77/602
f 1760/77/602 995/77/605 30/78/91 671/78/90
f 1013/77/603 1760/77/602 671/78/90 85/78/89
f 251/76/604 1037/76/606 1761/77/607 995/77/605
f 1037/76/606 252/76/608 996/77/609 1761/77/607
f 1761/77/607 996/77/609 29/78/97 586/78/96
f 995/77/605 1761/77/607 586/78/96 30/78/91
f 265/79/610 1036/79/611 1762/81/612 1009/80/613
f 1036/79/611 253/79/614 997/80/615 1762/81/612
f 1762/81/612 997/80/615 171/82/616 848/82/617
f 1009/80/613 1762/81/612 848/82/617 189/82/618
f 253/79/614 1035/79/619 1763/83/620 997/80/615
f 1035/79/619 254/79/621 998/80/622 1763/83/620
f 1763/83/620 998/80/622 172/82/623 850/84/624
f 997/80/615 1763/83/620 850/84/624 171/82/616
f 254/79/621 1034/79/625 1764/81/626 998/80/622
f 1034/79/625 255/79/627 999/81/628 1764/81/626
f 1764/81/626 999/81/628 173/82/629 852/82/630
f 998/80/622 1764/81/626 852/82/630 172/82/623
f 255/79/627 1033/79/631 1765/81/632 999/81/628
f 1033/79/631 256/79/633 1000/81/634 1765/81/632
f 1765/81/632 1000/81/634 174/82/635 854/82/636
f 999/81/628 1765/81/632 854/82/636 173/82/629
f 256/79/633 1032/79/637 1766/81/638 1000/81/634
f 1032/79/637 257/79/639 1001/81/640 1766/81/638
f 1766/81/638 1001/81/640 175/82/641 856/82/642
f 1000/81/634 1766/81/638 856/82/642 174/82/635
f 267/79/643 1031/79/644 1767/81/645 1011/80/646
f 1031/79/644 258/79/647 1002/81/648 1767/81/645
f 1767/81/645 1002/81/648 176/82/649 858/82/650
f 1011/80/646 1767/81/645 858/82/650 199/82/651
f 258/79/647 1030/79/652 1768/81/653 1002/81/648
f 1030/79/652 259/79/654 1003/81/655 1768/81/653
f 1768/81/653 1003/81/655 177/82/656 860/82/657
f 1002/81/648 1768/81/653 860/82/657 176/82/649
f 263/79/658 1029/79/659 1769/83/660 1007/80/661
f 1029/79/659 260/79/662 1004/80/663 1769/83/660
f 1769/83/660 1004/80/663 178/82/664 862/84/665
f 1007/80/661 1769/83/660 862/84/665 188/82/666
f 260/79/662 1028/79/667 1770/81/668 1004/80/663
f 1028/79/667 261/79/669 1005/85/670 1770/81/668
f 1770/81/668 1005/85/670 179/82/671 864/82/672
f 1004/80/663 1770/81/668 864/82/672 178/82/664
f 264/79/673 1027/79/674 1771/87/675 1008/86/676
f 1027/79/674 262/79/677 1006/91/678 1771/87/675
f 1771/87/675 1006/91/678 180/90/679 866/89/680
f 1008/86/676 1771/87/675 866/89/680 190/88/681
f 259/79/654 1026/79/682 1772/81/683 1003/81/655
f 1026/79/682 263/79/658 1007/80/661 1772/81/683
f 1772/81/683 1007/80/661 188/82/666 875/82/684
f 1003/81/655 1772/81/683 875/82/684 177/82/656
f 186/82/685 884/82/686 1773/82/687 874/82/688
f 884/82/686 196/82/689 886/82/690 1773/82/687
f 1773/82/687 886/82/690 197/82/691 885/92/692
f 874/82/688 1773/82/687 885/92/692 187/82/693
f 185/82/694 883/82/695 1774/82/696 873/82/697
f 883/82/695 195/82/698 887/82/699 1774/82/696
f 1774/82/696 887/82/699 196/82/689 884/82/686
f 873/82/697 1774/82/696 884/82/686 186/82/685
f 201/82/700 904/82/701 1775/82/702 872/82/703
f 904/82/701 204/82/704 901/82/705 1775/82/702
f 1775/82/702 901/82/705 195/82/698 883/82/695
f 872/82/703 1775/82/702 883/82/695 185/82/694
f 183/82/706 881/82/707 1776/82/708 871/82/709
f 881/82/707 193/82/710 889/82/711 1776/82/708
f 1776/82/708 889/82/711 194/82/712 882/82/713
f 871/82/709 1776/82/708 882/82/713 184/82/714
f 182/82/715 880/82/716 1777/82/717 870/82/718
f 880/82/716 192/82/719 890/82/720 1777/82/717
f 1777/82/717 890/82/720 193/82/710 881/82/707
f 870/82/718 1777/82/717 881/82/707 183/82/706
f 181/82/721 879/82/722 1778/82/723 869/82/724
f 879/82/722 191/82/725 891/82/726 1778/82/723
f 1778/82/723 891/82/726 192/82/719 880/82/716
f 869/82/724 1778/82/723 880/82/716 182/82/715
f 203/82/727 906/82/728 1779/82/729 868/82/730
f 906/82/728 202/82/731 900/82/732 1779/82/729
f 1779/82/729 900/82/732 191/82/725 879/82/722
f 868/82/730 1779/82/729 879/82/722 181/82/721
f 187/82/693 885/92/692 1780/94/733 867/93/734
f 885/92/692 197/82/691 893/95/735 1780/94/733
f 1780/94/733 893/95/735 190/88/681 866/89/680
f 867/93/734 1780/94/733 866/89/680 180/90/679
f 261/79/669 1025/79/736 1781/96/737 1005/85/670
f 1025/79/736 264/79/673 1008/86/676 1781/96/737
f 1781/96/737 1008/86/676 190/88/681 878/97/738
f 1005/85/670 1781/96/737 878/97/738 179/82/671
f 238/79/549 1024/79/739 1782/83/740 982/81/741
f 1024/79/739 265/79/610 1009/80/613 1782/83/740
f 1782/83/740 1009/80/613 189/82/618 877/84/742
f 982/81/741 1782/83/740 877/84/742 156/82/743
f 184/82/714 882/82/713 1783/82/744 898/82/745
f 882/82/713 194/82/712 888/82/746 1783/82/744
f 1783/82/744 888/82/746 205/82/747 903/82/748
f 898/82/745 1783/82/744 903/82/748 200/82/749
f 200/82/749 903/82/748 1784/82/750 899/82/751
f 903/82/748 205/82/747 902/82/752 1784/82/750
f 1784/82/750 902/82/752 204/82/704 904/82/701
f 899/82/751 1784/82/750 904/82/701 201/82/700
f 156/82/743 877/84/742 1785/120/753 905/195/754
f 877/84/742 189/82/618 892/82/755 1785/120/753
f 1785/120/753 892/82/755 202/82/731 906/82/728
f 905/195/754 1785/120/753 906/82/728 203/82/727
f 257/79/639 1023/79/756 1786/81/757 1001/81/640
f 1023/79/756 266/79/758 1010/80/759 1786/81/757
f 1786/81/757 1010/80/759 198/82/760 896/82/761
f 1001/81/640 1786/81/757 896/82/761 175/82/641
f 266/79/758 1022/79/762 1787/83/763 1010/80/759
f 1022/79/762 267/79/643 1011/80/646 1787/83/763
f 1787/83/763 1011/80/646 199/82/651 897/84/764
f 1010/80/759 1787/83/763 897/84/764 198/82/760
f 271/105/765 916/108/766 1788/107/767 1021/106/768
f 916/108/766 89/110/260 677/109/259 1788/107/767
f 1788/107/767 677/109/259 83/75/75 910/73/591
f 1021/106/768 1788/107/767 910/73/591 268/70/590
f 270/76/769 1020/76/770 1789/77/771 1014/77/772
f 1020/76/770 269/76/600 1013/77/603 1789/77/771
f 1789/77/771 1013/77/603 85/78/89 674/78/266
f 1014/77/772 1789/77/771 674/78/266 87/78/265
f 237/76/773 1019/76/774 1790/196/775 981/197/776
f 1019/76/774 270/76/769 1014/77/772 1790/196/775
f 1790/196/775 1014/77/772 87/78/265 583/116/272
f 981/197/776 1790/196/775 583/116/272 3/115/271
f 237/76/773 981/197/776 1791/198/777 1018/199/778
f 981/197/776 3/115/271 548/119/275 1791/198/777
f 1791/198/777 548/119/275 89/110/260 916/108/766
f 1018/199/778 1791/198/777 916/108/766 271/105/765
f 212/82/779 924/82/780 1792/82/781 917/82/782
f 924/82/780 213/82/783 918/82/784 1792/82/781
f 1792/82/781 918/82/784 204/82/704 902/82/752
f 917/82/782 1792/82/781 902/82/752 205/82/747
f 214/82/785 927/82/786 1793/82/787 919/82/788
f 927/82/786 215/82/789 920/82/790 1793/82/787
f 1793/82/787 920/82/790 211/82/791 921/82/792
f 919/82/788 1793/82/787 921/82/792 210/82/793
f 210/82/793 921/82/792 1794/82/794 922/82/795
f 921/82/792 211/82/791 923/82/796 1794/82/794
f 1794/82/794 923/82/796 213/82/783 924/82/780
f 922/82/795 1794/82/794 924/82/780 212/82/779
f 198/82/760 897/84/764 1795/120/797 925/82/798
f 897/84/764 199/82/651 926/82/799 1795/120/797
f 1795/120/797 926/82/799 215/82/789 927/82/786
f 925/82/798 1795/120/797 927/82/786 214/82/785
f 211/82/791 931/82/800 1796/82/801 923/82/796
f 931/82/800 216/82/802 929/82/803 1796/82/801
f 1796/82/801 929/82/803 217/82/804 930/82/805
f 923/82/796 1796/82/801 930/82/805 213/82/783
f 215/82/789 932/82/806 1797/82/807 920/82/790
f 932/82/806 218/82/808 928/82/809 1797/82/807
f 1797/82/807 928/82/809 216/82/802 931/82/800
f 920/82/790 1797/82/807 931/82/800 211/82/791
f 217/121/804 933/121/810 1798/121/811 930/121/805
f 933/121/810 195/121/698 901/121/705 1798/121/811
f 1798/121/811 901/121/705 204/121/704 918/121/784
f 930/121/805 1798/121/811 918/121/784 213/121/783
f 176/121/649 934/121/812 1799/121/813 858/121/650
f 934/121/812 218/121/808 932/121/806 1799/121/813
f 1799/121/813 932/121/806 215/121/789 926/121/799
f 858/121/650 1799/121/813 926/121/799 199/121/651
f 216/82/802 938/82/814 1800/82/815 929/82/803
f 938/82/814 219/82/816 936/82/817 1800/82/815
f 1800/82/815 936/82/817 220/82/818 937/82/819
f 929/82/803 1800/82/815 937/82/819 217/82/804
f 218/82/808 939/82/820 1801/82/821 928/82/809
f 939/82/820 221/82/822 935/82/823 1801/82/821
f 1801/82/821 935/82/823 219/82/816 938/82/814
f 928/82/809 1801/82/821 938/82/814 216/82/802
f 220/121/818 940/121/824 1802/121/825 937/121/819
f 940/121/824 196/121/689 887/121/699 1802/121/825
f 1802/121/825 887/121/699 195/121/698 933/121/810
f 937/121/819 1802/121/825 933/121/810 217/121/804
f 177/121/656 941/121/826 1803/121/827 860/121/657
f 941/121/826 221/121/822 939/121/820 1803/121/827
f 1803/121/827 939/121/820 218/121/808 934/121/812
f 860/121/657 1803/121/827 934/121/812 176/121/649
f 222/121/828 942/122/829 1804/123/830 943/122/831
f 942/122/829 179/82/671 878/97/738 1804/123/830
f 1804/123/830 878/97/738 190/88/681 893/95/735
f 943/122/831 1804/123/830 893/95/735 197/82/691
f 220/121/818 944/121/832 1805/121/833 940/121/824
f 944/121/832 222/121/828 943/121/831 1805/121/833
f 1805/121/833 943/121/831 197/121/691 886/121/690
f 940/121/824 1805/121/833 886/121/690 196/121/689
f 221/82/822 946/82/834 1806/82/835 935/82/823
f 946/82/834 224/82/836 945/82/837 1806/82/835
f 1806/82/835 945/82/837 223/82/838 947/82/839
f 935/82/823 1806/82/835 947/82/839 219/82/816
f 178/82/664 949/82/840 1807/120/841 862/84/665
f 949/82/840 223/82/838 945/82/837 1807/120/841
f 1807/120/841 945/82/837 224/82/836 948/82/842
f 862/84/665 1807/120/841 948/82/842 188/82/666
f 188/121/666 948/121/842 1808/121/843 875/121/684
f 948/121/842 224/121/836 946/121/834 1808/121/843
f 1808/121/843 946/121/834 221/121/822 941/121/826
f 875/121/684 1808/121/843 941/121/826 177/121/656
f 223/121/838 950/121/844 1809/121/845 947/121/839
f 950/121/844 222/121/828 944/121/832 1809/121/845
f 1809/121/845 944/121/832 220/121/818 936/121/817
f 947/121/839 1809/121/845 936/121/817 219/121/816
f 178/121/664 864/121/672 1810/121/846 949/121/840
f 864/121/672 179/121/671 942/121/829 1810/121/846
f 1810/121/846 942/121/829 222/121/828 950/121/844
f 949/121/840 1810/121/846 950/121/844 223/121/838
f 212/82/779 954/82/847 1811/82/848 922/82/795
f 954/82/847 226/82/849 952/82/850 1811/82/848
f 1811/82/848 952/82/850 225/82/851 953/82/852
f 922/82/795 1811/82/848 953/82/852 210/82/793
f 210/82/793 953/82/852 1812/82/853 919/82/788
f 953/82/852 225/82/851 951/82/854 1812/82/853
f 1812/82/853 951/82/854 227/82/855 955/82/856
f 919/82/788 1812/82/853 955/82/856 214/82/785
f 226/82/849 959/82/857 1813/82/858 952/82/850
f 959/82/857 229/82/859 957/82/860 1813/82/858
f 1813/82/858 957/82/860 228/82/861 958/82/862
f 952/82/850 1813/82/858 958/82/862 225/82/851
f 225/82/851 958/82/862 1814/82/863 951/82/854
f 958/82/862 228/82/861 956/82/864 1814/82/863
f 1814/82/863 956/82/864 230/82/865 960/82/866
f 951/82/854 1814/82/863 960/82/866 227/82/855
f 229/82/859 964/82/867 1815/82/868 957/82/860
f 964/82/867 232/82/869 962/82/870 1815/82/868
f 1815/82/868 962/82/870 231/82/871 963/82/872
f 957/82/860 1815/82/868 963/82/872 228/82/861
f 228/82/861 963/82/872 1816/82/873 956/82/864
f 963/82/872 231/82/871 961/82/874 1816/82/873
f 1816/82/873 961/82/874 233/82/875 965/82/876
f 956/82/864 1816/82/873 965/82/876 230/82/865
f 227/121/855 966/121/877 1817/121/878 955/121/856
f 966/121/877 175/121/641 896/121/761 1817/121/878
f 1817/121/878 896/121/761 198/121/760 925/121/798
f 955/121/856 1817/121/878 925/121/798 214/121/785
f 230/121/865 967/121/879 1818/121/880 960/121/866
f 967/121/879 174/121/635 856/121/642 1818/121/880
f 1818/121/880 856/121/642 175/121/641 966/121/877
f 960/121/866 1818/121/880 966/121/877 227/121/855
f 233/121/875 968/121/881 1819/121/882 965/121/876
f 968/121/881 173/121/629 854/121/636 1819/121/882
f 1819/121/882 854/121/636 174/121/635 967/121/879
f 965/121/876 1819/121/882 967/121/879 230/121/865
f 194/121/712 969/121/883 1820/121/884 888/121/746
f 969/121/883 226/121/849 954/121/847 1820/121/884
f 1820/121/884 954/121/847 212/121/779 917/121/782
f 888/121/746 1820/121/884 917/121/782 205/121/747
f 193/121/710 970/121/885 1821/121/886 889/121/711
f 970/121/885 229/121/859 959/121/857 1821/121/886
f 1821/121/886 959/121/857 226/121/849 969/121/883
f 889/121/711 1821/121/886 969/121/883 194/121/712
f 192/121/719 971/121/887 1822/121/888 890/121/720
f 971/121/887 232/121/869 964/121/867 1822/121/888
f 1822/121/888 964/121/867 229/121/859 970/121/885
f 890/121/720 1822/121/888 970/121/885 193/121/710
f 172/82/623 973/82/889 1823/120/890 850/84/624
f 973/82/889 235/82/891 972/82/892 1823/120/890
f 1823/120/890 972/82/892 234/82/893 974/82/894
f 850/84/624 1823/120/890 974/82/894 171/82/616
f 191/82/725 900/82/732 1824/82/895 975/82/896
f 900/82/732 202/82/731 976/82/897 1824/82/895
f 1824/82/895 976/82/897 234/82/893 972/82/892
f 975/82/896 1824/82/895 972/82/892 235/82/891
f 234/121/893 976/121/897 1825/121/898 974/121/894
f 976/121/897 202/121/731 892/121/755 1825/121/898
f 1825/121/898 892/121/755 189/121/618 848/121/617
f 974/121/894 1825/121/898 848/121/617 171/121/616
f 235/121/891 977/121/899 1826/121/900 975/121/896
f 977/121/899 232/121/869 971/121/887 1826/121/900
f 1826/121/900 971/121/887 192/121/719 891/121/726
f 975/121/896 1826/121/900 891/121/726 191/121/725
f 233/121/875 978/121/901 1827/121/902 968/121/881
f 978/121/901 235/121/891 973/121/889 1827/121/902
f 1827/121/902 973/121/889 172/121/623 852/121/630
f 968/121/881 1827/121/902 852/121/630 173/121/629
f 231/121/871 962/121/870 1828/121/903 961/121/874
f 962/121/870 232/121/869 977/121/899 1828/121/903
f 1828/121/903 977/121/899 235/121/891 978/121/901
f 961/121/874 1828/121/903 978/121/901 233/121/875
f 252/76/608 1017/76/904 1829/77/905 996/77/609
f 1017/76/904 272/76/594 1016/77/597 1829/77/905
f 1829/77/905 1016/77/597 117/78/80 585/78/403
f 996/77/609 1829/77/905 585/78/403 29/78/97
f 169/124/906 843/124/907 1830/125/908 846/125/909
f 843/124/907 236/124/910 980/125/911 1830/125/908
f 1830/125/908 980/125/911 272/76/594 1017/76/904
f 846/125/909 1830/125/908 1017/76/904 252/76/608
f 155/121/912 816/200/913 1831/201/914 915/202/915
f 816/200/913 237/76/773 1018/199/778 1831/201/914
f 1831/201/914 1018/199/778 271/105/765 1015/203/916
f 915/202/915 1831/201/914 1015/203/916 209/204/917
f 155/121/912 842/205/918 1832/206/919 816/200/913
f 842/205/918 208/124/920 914/125/921 1832/206/919
f 1832/206/919 914/125/921 270/76/769 1019/76/774
f 816/200/913 1832/206/919 1019/76/774 237/76/773
f 208/124/920 913/124/922 1833/125/923 914/125/921
f 913/124/922 207/124/924 912/125/925 1833/125/923
f 1833/125/923 912/125/925 269/76/600 1020/76/770
f 914/125/921 1833/125/923 1020/76/770 270/76/769
f 209/204/917 1015/203/916 1834/207/926 909/208/927
f 1015/203/916 271/105/765 1021/106/768 1834/207/926
f 1834/207/926 1021/106/768 268/70/590 1012/209/928
f 909/208/927 1834/207/926 1012/209/928 206/210/929
f 74/138/428 654/138/431 1835/139/930 907/139/931
f 654/138/431 73/138/433 908/139/932 1835/139/930
f 1835/139/930 908/139/932 267/79/643 1022/79/762
f 907/139/931 1835/139/930 1022/79/762 266/79/758
f 42/138/434 607/138/437 1836/139/933 855/139/934
f 607/138/437 74/138/428 907/139/931 1836/139/933
f 1836/139/933 907/139/931 266/79/758 1023/79/756
f 855/139/934 1836/139/933 1023/79/756 257/79/639
f 4/7/7 592/141/439 1837/211/935 818/194/548
f 592/141/439 62/138/441 895/139/936 1837/211/935
f 1837/211/935 895/139/936 265/79/610 1024/79/739
f 818/194/548 1837/211/935 1024/79/739 238/79/549
f 50/138/442 619/138/445 1838/139/937 863/139/938
f 619/138/445 64/138/447 894/139/939 1838/139/937
f 1838/139/937 894/139/939 264/79/673 1025/79/736
f 863/139/938 1838/139/937 1025/79/736 261/79/669
f 46/138/448 613/138/451 1839/139/940 859/139/941
f 613/138/451 60/138/453 876/139/942 1839/139/940
f 1839/139/940 876/139/942 263/79/658 1026/79/682
f 859/139/941 1839/139/940 1026/79/682 259/79/654
f 64/138/447 634/138/455 1840/139/943 894/139/939
f 634/138/455 52/138/457 865/139/944 1840/139/943
f 1840/139/943 865/139/944 262/79/677 1027/79/674
f 894/139/939 1840/139/943 1027/79/674 264/79/673
f 48/138/458 616/138/461 1841/139/945 861/139/946
f 616/138/461 50/138/442 863/139/938 1841/139/945
f 1841/139/945 863/139/938 261/79/669 1028/79/667
f 861/139/946 1841/139/945 1028/79/667 260/79/662
f 60/138/453 629/138/463 1842/139/947 876/139/942
f 629/138/463 48/138/458 861/139/946 1842/139/947
f 1842/139/947 861/139/946 260/79/662 1029/79/659
f 876/139/942 1842/139/947 1029/79/659 263/79/658
f 44/138/464 610/138/467 1843/139/948 857/139/949
f 610/138/467 46/138/448 859/139/941 1843/139/948
f 1843/139/948 859/139/941 259/79/654 1030/79/652
f 857/139/949 1843/139/948 1030/79/652 258/79/647
f 73/138/433 653/138/469 1844/139/950 908/139/932
f 653/138/469 44/138/464 857/139/949 1844/139/950
f 1844/139/950 857/139/949 258/79/647 1031/79/644
f 908/139/932 1844/139/950 1031/79/644 267/79/643
f 40/138/470 604/138/473 1845/139/951 853/139/952
f 604/138/473 42/138/434 855/139/934 1845/139/951
f 1845/139/951 855/139/934 257/79/639 1032/79/637
f 853/139/952 1845/139/951 1032/79/637 256/79/633
f 38/138/474 601/138/477 1846/139/953 851/139/954
f 601/138/477 40/138/470 853/139/952 1846/139/953
f 1846/139/953 853/139/952 256/79/633 1033/79/631
f 851/139/954 1846/139/953 1033/79/631 255/79/627
f 36/138/478 598/138/481 1847/139/955 849/139/956
f 598/138/481 38/138/474 851/139/954 1847/139/955
f 1847/139/955 851/139/954 255/79/627 1034/79/625
f 849/139/956 1847/139/955 1034/79/625 254/79/621
f 34/138/482 595/138/485 1848/139/957 847/139/958
f 595/138/485 36/138/478 849/139/956 1848/139/957
f 1848/139/957 849/139/956 254/79/621 1035/79/619
f 847/139/958 1848/139/957 1035/79/619 253/79/614
f 62/138/441 632/138/487 1849/139/959 895/139/936
f 632/138/487 34/138/482 847/139/958 1849/139/959
f 1849/139/959 847/139/958 253/79/614 1036/79/611
f 895/139/936 1849/139/959 1036/79/611 265/79/610
f 170/124/960 844/124/961 1850/125/962 845/125/963
f 844/124/961 169/124/906 846/125/909 1850/125/962
f 1850/125/962 846/125/909 252/76/608 1037/76/606
f 845/125/963 1850/125/962 1037/76/606 251/76/604
f 207/124/924 911/124/964 1851/125/965 912/125/925
f 911/124/964 170/124/960 845/125/963 1851/125/965
f 1851/125/965 845/125/963 251/76/604 1038/76/601
f 912/125/925 1851/125/965 1038/76/601 269/76/600
f 236/124/910 979/143/966 1852/142/967 980/125/911
f 979/143/966 168/145/968 841/144/969 1852/142/967
f 1852/142/967 841/144/969 250/76/598 1039/76/595
f 980/125/911 1852/142/967 1039/76/595 272/76/594
f 206/210/929 1012/209/928 1853/212/970 839/213/971
f 1012/209/928 268/70/590 1040/71/593 1853/212/970
f 1853/212/970 1040/71/593 249/10/550 993/214/972
f 839/213/971 1853/212/970 993/214/972 167/215/973
f 165/216/974 991/217/975 1854/218/976 828/219/977
f 991/217/975 247/63/587 1041/67/589 1854/218/976
f 1854/218/976 1041/67/589 248/1/544 992/220/978
f 828/219/977 1854/218/976 992/220/978 166/221/979
f 164/222/980 990/223/981 1855/224/982 827/225/983
f 990/223/981 246/57/583 1042/61/585 1855/224/982
f 1855/224/982 1042/61/585 247/63/587 991/217/975
f 827/225/983 1855/224/982 991/217/975 165/216/974
f 163/226/984 989/227/985 1856/228/986 826/229/987
f 989/227/985 245/51/579 1043/55/581 1856/228/986
f 1856/228/986 1043/55/581 246/57/583 990/223/981
f 826/229/987 1856/228/986 990/223/981 164/222/980
f 162/230/988 988/231/989 1857/232/990 825/233/991
f 988/231/989 244/45/575 1044/49/577 1857/232/990
f 1857/232/990 1044/49/577 245/51/579 989/227/985
f 825/233/991 1857/232/990 989/227/985 163/226/984
f 161/234/992 987/235/993 1858/236/994 824/122/995
f 987/235/993 243/39/571 1045/43/573 1858/236/994
f 1858/236/994 1045/43/573 244/45/575 988/231/989
f 824/122/995 1858/236/994 988/231/989 162/230/988
f 160/237/996 986/238/997 1859/239/998 823/240/999
f 986/238/997 242/33/567 1046/37/569 1859/239/998
f 1859/239/998 1046/37/569 243/39/571 987/235/993
f 823/240/999 1859/239/998 987/235/993 161/234/992
f 159/241/1000 985/242/1001 1860/243/1002 822/244/1003
f 985/242/1001 241/27/563 1047/31/565 1860/243/1002
f 1860/243/1002 1047/31/565 242/33/567 986/238/997
f 822/244/1003 1860/243/1002 986/238/997 160/237/996
f 158/245/1004 984/246/1005 1861/247/1006 821/248/1007
f 984/246/1005 240/21/559 1048/25/561 1861/247/1006
f 1861/247/1006 1048/25/561 241/27/563 985/242/1001
f 821/248/1007 1861/247/1006 985/242/1001 159/241/1000
f 157/249/1008 983/250/1009 1862/251/1010 820/252/1011
f 983/250/1009 239/14/555 1049/19/557 1862/251/1010
f 1862/251/1010 1049/19/557 240/21/559 984/246/1005
f 820/252/1011 1862/251/1010 984/246/1005 158/245/1004
f 167/215/973 993/214/972 1863/253/1012 819/254/1013
f 993/214/972 249/10/550 1050/11/553 1863/253/1012
f 1863/253/1012 1050/11/553 239/14/555 983/250/1009
f 819/254/1013 1863/253/1012 983/250/1009 157/249/1008
f 166/221/979 992/220/978 1864/255/1014 817/256/1015
f 992/220/978 248/1/544 1051/193/547 1864/255/1014
f 1864/255/1014 1051/193/547 238/79/549 982/81/741
f 817/256/1015 1864/255/1014 982/81/741 156/82/743
f 402/1/1016 1085/4/1017 1865/192/1018 1322/193/1019
f 1085/4/1017 287/9/1020 1066/8/1021 1865/192/1018
f 1865/192/1018 1066/8/1021 276/7/1022 1054/194/1023
f 1322/193/1019 1865/192/1018 1054/194/1023 392/79/1024
f 403/10/1025 1088/13/1026 1866/12/1027 1321/11/1028
f 1088/13/1026 297/18/1029 1086/17/1030 1866/12/1027
f 1866/12/1027 1086/17/1030 296/16/1031 1076/15/1032
f 1321/11/1028 1866/12/1027 1076/15/1032 393/14/1033
f 393/14/1033 1076/15/1032 1867/20/1034 1320/19/1035
f 1076/15/1032 296/16/1031 1075/24/1036 1867/20/1034
f 1867/20/1034 1075/24/1036 295/23/1037 1077/22/1038
f 1320/19/1035 1867/20/1034 1077/22/1038 394/21/1039
f 394/21/1039 1077/22/1038 1868/26/1040 1319/25/1041
f 1077/22/1038 295/23/1037 1074/30/1042 1868/26/1040
f 1868/26/1040 1074/30/1042 294/29/1043 1078/28/1044
f 1319/25/1041 1868/26/1040 1078/28/1044 395/27/1045
f 395/27/1045 1078/28/1044 1869/32/1046 1318/31/1047
f 1078/28/1044 294/29/1043 1073/36/1048 1869/32/1046
f 1869/32/1046 1073/36/1048 293/35/1049 1079/34/1050
f 1318/31/1047 1869/32/1046 1079/34/1050 396/33/1051
f 396/33/1051 1079/34/1050 1870/38/1052 1317/37/1053
f 1079/34/1050 293/35/1049 1072/42/1054 1870/38/1052
f 1870/38/1052 1072/42/1054 292/41/1055 1080/40/1056
f 1317/37/1053 1870/38/1052 1080/40/1056 397/39/1057
f 397/39/1057 1080/40/1056 1871/44/1058 1316/43/1059
f 1080/40/1056 292/41/1055 1071/48/1060 1871/44/1058
f 1871/44/1058 1071/48/1060 291/47/1061 1081/46/1062
f 1316/43/1059 1871/44/1058 1081/46/1062 398/45/1063
f 398/45/1063 1081/46/1062 1872/50/1064 1315/49/1065
f 1081/46/1062 291/47/1061 1070/54/1066 1872/50/1064
f 1872/50/1064 1070/54/1066 290/53/1067 1082/52/1068
f 1315/49/1065 1872/50/1064 1082/52/1068 399/51/1069
f 399/51/1069 1082/52/1068 1873/56/1070 1314/55/1071
f 1082/52/1068 290/53/1067 1069/60/1043 1873/56/1070
f 1873/56/1070 1069/60/1043 289/59/1072 1083/58/1073
f 1314/55/1071 1873/56/1070 1083/58/1073 400/57/1074
f 400/57/1074 1083/58/1073 1874/62/1075 1313/61/1076
f 1083/58/1073 289/59/1072 1068/66/1060 1874/62/1075
f 1874/62/1075 1068/66/1060 288/65/1077 1084/64/1078
f 1313/61/1076 1874/62/1075 1084/64/1078 401/63/1079
f 401/63/1079 1084/64/1078 1875/68/1080 1312/67/1081
f 1084/64/1078 288/65/1077 1067/69/1082 1875/68/1080
f 1875/68/1080 1067/69/1082 287/9/1020 1085/4/1017
f 1312/67/1081 1875/68/1080 1085/4/1017 402/1/1016
f 422/70/1083 1177/73/1084 1876/72/1085 1311/71/1086
f 1177/73/1084 355/75/1087 1175/74/1088 1876/72/1085
f 1876/72/1085 1175/74/1088 297/18/1029 1088/13/1026
f 1311/71/1086 1876/72/1085 1088/13/1026 403/10/1025
f 426/76/1089 1310/76/1090 1877/77/1091 1287/77/1092
f 1310/76/1090 404/76/1093 1265/77/1094 1877/77/1091
f 1877/77/1091 1265/77/1094 300/78/1095 1249/78/1096
f 1287/77/1092 1877/77/1091 1249/78/1096 389/78/1097
f 423/76/1098 1309/76/1099 1878/77/1100 1284/77/1101
f 1309/76/1099 405/76/1102 1266/77/1103 1878/77/1100
f 1878/77/1100 1266/77/1103 302/78/1104 1178/78/1105
f 1284/77/1101 1878/77/1100 1178/78/1105 357/78/1106
f 405/76/1102 1308/76/1107 1879/77/1108 1266/77/1103
f 1308/76/1107 406/76/1109 1267/77/1110 1879/77/1108
f 1879/77/1108 1267/77/1110 301/78/1111 1093/78/1112
f 1266/77/1103 1879/77/1108 1093/78/1112 302/78/1104
f 419/79/1113 1307/79/1114 1880/81/1115 1280/80/1116
f 1307/79/1114 407/79/1117 1268/80/1118 1880/81/1115
f 1880/81/1115 1268/80/1118 305/82/1119 1100/82/1120
f 1280/80/1116 1880/81/1115 1100/82/1120 335/82/1121
f 407/79/1117 1306/79/1122 1881/83/1123 1268/80/1118
f 1306/79/1122 408/79/1124 1269/80/1125 1881/83/1123
f 1881/83/1123 1269/80/1125 307/82/1126 1103/84/1127
f 1268/80/1118 1881/83/1123 1103/84/1127 305/82/1119
f 408/79/1124 1305/79/1128 1882/81/1129 1269/80/1125
f 1305/79/1128 409/79/1130 1270/81/1131 1882/81/1129
f 1882/81/1129 1270/81/1131 309/82/1132 1106/82/1133
f 1269/80/1125 1882/81/1129 1106/82/1133 307/82/1126
f 409/79/1130 1304/79/1134 1883/81/1135 1270/81/1131
f 1304/79/1134 410/79/1136 1271/81/1137 1883/81/1135
f 1883/81/1135 1271/81/1137 311/82/1138 1109/82/1139
f 1270/81/1131 1883/81/1135 1109/82/1139 309/82/1132
f 410/79/1136 1303/79/1140 1884/81/1141 1271/81/1137
f 1303/79/1140 411/79/1142 1272/81/1143 1884/81/1141
f 1884/81/1141 1272/81/1143 313/82/1144 1112/82/1145
f 1271/81/1137 1884/81/1141 1112/82/1145 311/82/1138
f 421/79/1146 1302/79/1147 1885/81/1148 1282/80/1149
f 1302/79/1147 412/79/1150 1273/81/1151 1885/81/1148
f 1885/81/1148 1273/81/1151 315/82/1152 1115/82/1153
f 1282/80/1149 1885/81/1148 1115/82/1153 348/82/1154
f 412/79/1150 1301/79/1155 1886/81/1156 1273/81/1151
f 1301/79/1155 413/79/1157 1274/81/1158 1886/81/1156
f 1886/81/1156 1274/81/1158 317/82/1159 1118/82/1160
f 1273/81/1151 1886/81/1156 1118/82/1160 315/82/1152
f 417/79/1161 1300/79/1162 1887/83/1163 1278/80/1164
f 1300/79/1162 414/79/1165 1275/80/1166 1887/83/1163
f 1887/83/1163 1275/80/1166 319/82/1167 1121/84/1168
f 1278/80/1164 1887/83/1163 1121/84/1168 333/82/1169
f 414/79/1165 1299/79/1170 1888/81/1171 1275/80/1166
f 1299/79/1170 415/79/1172 1276/85/1173 1888/81/1171
f 1888/81/1171 1276/85/1173 321/82/1174 1124/82/1175
f 1275/80/1166 1888/81/1171 1124/82/1175 319/82/1167
f 418/79/1176 1298/79/1177 1889/87/1178 1279/86/1179
f 1298/79/1177 416/79/1180 1277/91/1181 1889/87/1178
f 1889/87/1178 1277/91/1181 323/90/1182 1127/89/1183
f 1279/86/1179 1889/87/1178 1127/89/1183 337/88/1184
f 413/79/1157 1297/79/1185 1890/81/1186 1274/81/1158
f 1297/79/1185 417/79/1161 1278/80/1164 1890/81/1186
f 1890/81/1186 1278/80/1164 333/82/1169 1137/82/1187
f 1274/81/1158 1890/81/1186 1137/82/1187 317/82/1159
f 330/82/1188 1148/82/1189 1891/82/1190 1135/82/1191
f 1148/82/1189 343/82/1192 1150/82/1193 1891/82/1190
f 1891/82/1190 1150/82/1193 344/82/1194 1149/92/1195
f 1135/82/1191 1891/82/1190 1149/92/1195 331/82/1196
f 329/82/1197 1147/82/1198 1892/82/1199 1134/82/1200
f 1147/82/1198 342/82/1201 1151/82/1202 1892/82/1199
f 1892/82/1199 1151/82/1202 343/82/1192 1148/82/1189
f 1134/82/1200 1892/82/1199 1148/82/1189 330/82/1188
f 350/82/1203 1170/82/1204 1893/82/1205 1133/82/1206
f 1170/82/1204 353/82/1207 1167/82/1208 1893/82/1205
f 1893/82/1205 1167/82/1208 342/82/1201 1147/82/1198
f 1133/82/1206 1893/82/1205 1147/82/1198 329/82/1197
f 327/82/1209 1145/82/1210 1894/82/1211 1132/82/1212
f 1145/82/1210 340/82/1213 1153/82/1214 1894/82/1211
f 1894/82/1211 1153/82/1214 341/82/1215 1146/82/1216
f 1132/82/1212 1894/82/1211 1146/82/1216 328/82/1217
f 326/82/1218 1144/82/1219 1895/82/1220 1131/82/1221
f 1144/82/1219 339/82/1222 1154/82/1223 1895/82/1220
f 1895/82/1220 1154/82/1223 340/82/1213 1145/82/1210
f 1131/82/1221 1895/82/1220 1145/82/1210 327/82/1209
f 325/82/1224 1143/82/1225 1896/82/1226 1130/82/1227
f 1143/82/1225 338/82/1228 1155/82/1229 1896/82/1226
f 1896/82/1226 1155/82/1229 339/82/1222 1144/82/1219
f 1130/82/1227 1896/82/1226 1144/82/1219 326/82/1218
f 352/82/1230 1172/82/1231 1897/82/1232 1129/82/1233
f 1172/82/1231 351/82/1234 1166/82/1235 1897/82/1232
f 1897/82/1232 1166/82/1235 338/82/1228 1143/82/1225
f 1129/82/1233 1897/82/1232 1143/82/1225 325/82/1224
f 331/82/1196 1149/92/1195 1898/94/1236 1128/93/1237
f 1149/92/1195 344/82/1194 1157/95/1238 1898/94/1236
f 1898/94/1236 1157/95/1238 337/88/1184 1127/89/1183
f 1128/93/1237 1898/94/1236 1127/89/1183 323/90/1182
f 415/79/1172 1296/79/1239 1899/96/1240 1276/85/1173
f 1296/79/1239 418/79/1176 1279/86/1179 1899/96/1240
f 1899/96/1240 1279/86/1179 337/88/1184 1142/97/1241
f 1276/85/1173 1899/96/1240 1142/97/1241 321/82/1174
f 392/79/1024 1295/79/1242 1900/83/1243 1253/81/1244
f 1295/79/1242 419/79/1113 1280/80/1116 1900/83/1243
f 1900/83/1243 1280/80/1116 335/82/1121 1140/84/1245
f 1253/81/1244 1900/83/1243 1140/84/1245 274/82/1246
f 328/82/1217 1146/82/1216 1901/82/1247 1164/82/1248
f 1146/82/1216 341/82/1215 1152/82/1249 1901/82/1247
f 1901/82/1247 1152/82/1249 354/82/1250 1169/82/1251
f 1164/82/1248 1901/82/1247 1169/82/1251 349/82/1252
f 349/82/1252 1169/82/1251 1902/82/1253 1165/82/1254
f 1169/82/1251 354/82/1250 1168/82/1255 1902/82/1253
f 1902/82/1253 1168/82/1255 353/82/1207 1170/82/1204
f 1165/82/1254 1902/82/1253 1170/82/1204 350/82/1203
f 274/82/1246 1140/84/1245 1903/120/1256 1171/195/1257
f 1140/84/1245 335/82/1121 1156/82/1258 1903/120/1256
f 1903/120/1256 1156/82/1258 351/82/1234 1172/82/1231
f 1171/195/1257 1903/120/1256 1172/82/1231 352/82/1230
f 411/79/1142 1294/79/1259 1904/81/1260 1272/81/1143
f 1294/79/1259 420/79/1261 1281/80/1262 1904/81/1260
f 1904/81/1260 1281/80/1262 347/82/1263 1162/82/1264
f 1272/81/1143 1904/81/1260 1162/82/1264 313/82/1144
f 420/79/1261 1293/79/1265 1905/83/1266 1281/80/1262
f 1293/79/1265 421/79/1146 1282/80/1149 1905/83/1266
f 1905/83/1266 1282/80/1149 348/82/1154 1163/84/1267
f 1281/80/1262 1905/83/1266 1163/84/1267 347/82/1263
f 425/105/1268 1186/108/1269 1906/107/1270 1292/106/1271
f 1186/108/1269 361/110/1272 1184/109/1273 1906/107/1270
f 1906/107/1270 1184/109/1273 355/75/1087 1177/73/1084
f 1292/106/1271 1906/107/1270 1177/73/1084 422/70/1083
f 424/76/1274 1291/76/1275 1907/77/1276 1285/77/1277
f 1291/76/1275 423/76/1098 1284/77/1101 1907/77/1276
f 1907/77/1276 1284/77/1101 357/78/1106 1181/78/1278
f 1285/77/1277 1907/77/1276 1181/78/1278 359/78/1279
f 391/76/1280 1290/76/1281 1908/196/1282 1252/197/1283
f 1290/76/1281 424/76/1274 1285/77/1277 1908/196/1282
f 1908/196/1282 1285/77/1277 359/78/1279 1090/116/1284
f 1252/197/1283 1908/196/1282 1090/116/1284 275/115/1285
f 391/76/1280 1252/197/1283 1909/198/1286 1289/199/1287
f 1252/197/1283 275/115/1285 1055/119/1288 1909/198/1286
f 1909/198/1286 1055/119/1288 361/110/1272 1186/108/1269
f 1289/199/1287 1909/198/1286 1186/108/1269 425/105/1268
f 365/82/1289 1194/82/1290 1910/82/1291 1187/82/1292
f 1194/82/1290 366/82/1293 1188/82/1294 1910/82/1291
f 1910/82/1291 1188/82/1294 353/82/1207 1168/82/1255
f 1187/82/1292 1910/82/1291 1168/82/1255 354/82/1250
f 367/82/1295 1197/82/1296 1911/82/1297 1189/82/1298
f 1197/82/1296 368/82/1299 1190/82/1300 1911/82/1297
f 1911/82/1297 1190/82/1300 364/82/1301 1191/82/1302
f 1189/82/1298 1911/82/1297 1191/82/1302 363/82/1303
f 363/82/1303 1191/82/1302 1912/82/1304 1192/82/1305
f 1191/82/1302 364/82/1301 1193/82/1306 1912/82/1304
f 1912/82/1304 1193/82/1306 366/82/1293 1194/82/1290
f 1192/82/1305 1912/82/1304 1194/82/1290 365/82/1289
f 347/82/1263 1163/84/1267 1913/120/1307 1195/82/1308
f 1163/84/1267 348/82/1154 1196/82/1309 1913/120/1307
f 1913/120/1307 1196/82/1309 368/82/1299 1197/82/1296
f 1195/82/1308 1913/120/1307 1197/82/1296 367/82/1295
f 364/82/1301 1201/82/1310 1914/82/1311 1193/82/1306
f 1201/82/1310 369/82/1312 1199/82/1313 1914/82/1311
f 1914/82/1311 1199/82/1313 370/82/1314 1200/82/1315
f 1193/82/1306 1914/82/1311 1200/82/1315 366/82/1293
f 368/82/1299 1202/82/1316 1915/82/1317 1190/82/1300
f 1202/82/1316 371/82/1318 1198/82/1319 1915/82/1317
f 1915/82/1317 1198/82/1319 369/82/1312 1201/82/1310
f 1190/82/1300 1915/82/1317 1201/82/1310 364/82/1301
f 370/121/1314 1203/121/1320 1916/121/1321 1200/121/1315
f 1203/121/1320 342/121/1201 1167/121/1208 1916/121/1321
f 1916/121/1321 1167/121/1208 353/121/1207 1188/121/1294
f 1200/121/1315 1916/121/1321 1188/121/1294 366/121/1293
f 315/121/1152 1204/121/1322 1917/121/1323 1115/121/1153
f 1204/121/1322 371/121/1318 1202/121/1316 1917/121/1323
f 1917/121/1323 1202/121/1316 368/121/1299 1196/121/1309
f 1115/121/1153 1917/121/1323 1196/121/1309 348/121/1154
f 369/82/1312 1208/82/1324 1918/82/1325 1199/82/1313
f 1208/82/1324 372/82/1326 1206/82/1327 1918/82/1325
f 1918/82/1325 1206/82/1327 373/82/1328 1207/82/1329
f 1199/82/1313 1918/82/1325 1207/82/1329 370/82/1314
f 371/82/1318 1209/82/1330 1919/82/1331 1198/82/1319
f 1209/82/1330 374/82/1332 1205/82/1333 1919/82/1331
f 1919/82/1331 1205/82/1333 372/82/1326 1208/82/1324
f 1198/82/1319 1919/82/1331 1208/82/1324 369/82/1312
f 373/121/1328 1210/121/1334 1920/121/1335 1207/121/1329
f 1210/121/1334 343/121/1192 1151/121/1202 1920/121/1335
f 1920/121/1335 1151/121/1202 342/121/1201 1203/121/1320
f 1207/121/1329 1920/121/1335 1203/121/1320 370/121/1314
f 317/121/1159 1211/121/1336 1921/121/1337 1118/121/1160
f 1211/121/1336 374/121/1332 1209/121/1330 1921/121/1337
f 1921/121/1337 1209/121/1330 371/121/1318 1204/121/1322
f 1118/121/1160 1921/121/1337 1204/121/1322 315/121/1152
f 375/121/1338 1212/122/1339 1922/123/1340 1213/122/1341
f 1212/122/1339 321/82/1174 1142/97/1241 1922/123/1340
f 1922/123/1340 1142/97/1241 337/88/1184 1157/95/1238
f 1213/122/1341 1922/123/1340 1157/95/1238 344/82/1194
f 373/121/1328 1214/121/1342 1923/121/1343 1210/121/1334
f 1214/121/1342 375/121/1338 1213/121/1341 1923/121/1343
f 1923/121/1343 1213/121/1341 344/121/1194 1150/121/1193
f 1210/121/1334 1923/121/1343 1150/121/1193 343/121/1192
f 374/82/1332 1216/82/1344 1924/82/1345 1205/82/1333
f 1216/82/1344 377/82/1346 1215/82/1347 1924/82/1345
f 1924/82/1345 1215/82/1347 376/82/1348 1217/82/1349
f 1205/82/1333 1924/82/1345 1217/82/1349 372/82/1326
f 319/82/1167 1219/82/1350 1925/120/1351 1121/84/1168
f 1219/82/1350 376/82/1348 1215/82/1347 1925/120/1351
f 1925/120/1351 1215/82/1347 377/82/1346 1218/82/1352
f 1121/84/1168 1925/120/1351 1218/82/1352 333/82/1169
f 333/121/1169 1218/121/1352 1926/121/1353 1137/121/1187
f 1218/121/1352 377/121/1346 1216/121/1344 1926/121/1353
f 1926/121/1353 1216/121/1344 374/121/1332 1211/121/1336
f 1137/121/1187 1926/121/1353 1211/121/1336 317/121/1159
f 376/121/1348 1220/121/1354 1927/121/1355 1217/121/1349
f 1220/121/1354 375/121/1338 1214/121/1342 1927/121/1355
f 1927/121/1355 1214/121/1342 373/121/1328 1206/121/1327
f 1217/121/1349 1927/121/1355 1206/121/1327 372/121/1326
f 319/121/1167 1124/121/1175 1928/121/1356 1219/121/1350
f 1124/121/1175 321/121/1174 1212/121/1339 1928/121/1356
f 1928/121/1356 1212/121/1339 375/121/1338 1220/121/1354
f 1219/121/1350 1928/121/1356 1220/121/1354 376/121/1348
f 365/82/1289 1224/82/1357 1929/82/1358 1192/82/1305
f 1224/82/1357 379/82/1359 1222/82/1360 1929/82/1358
f 1929/82/1358 1222/82/1360 378/82/1361 1223/82/1362
f 1192/82/1305 1929/82/1358 1223/82/1362 363/82/1303
f 363/82/1303 1223/82/1362 1930/82/1363 1189/82/1298
f 1223/82/1362 378/82/1361 1221/82/1364 1930/82/1363
f 1930/82/1363 1221/82/1364 380/82/1365 1225/82/1366
f 1189/82/1298 1930/82/1363 1225/82/1366 367/82/1295
f 379/82/1359 1229/82/1367 1931/82/1368 1222/82/1360
f 1229/82/1367 382/82/1369 1227/82/1370 1931/82/1368
f 1931/82/1368 1227/82/1370 381/82/1371 1228/82/1372
f 1222/82/1360 1931/82/1368 1228/82/1372 378/82/1361
f 378/82/1361 1228/82/1372 1932/82/1373 1221/82/1364
f 1228/82/1372 381/82/1371 1226/82/1374 1932/82/1373
f 1932/82/1373 1226/82/1374 383/82/1375 1230/82/1376
f 1221/82/1364 1932/82/1373 1230/82/1376 380/82/1365
f 382/82/1369 1234/82/1377 1933/82/1378 1227/82/1370
f 1234/82/1377 385/82/1379 1232/82/1380 1933/82/1378
f 1933/82/1378 1232/82/1380 384/82/1381 1233/82/1382
f 1227/82/1370 1933/82/1378 1233/82/1382 381/82/1371
f 381/82/1371 1233/82/1382 1934/82/1383 1226/82/1374
f 1233/82/1382 384/82/1381 1231/82/1384 1934/82/1383
f 1934/82/1383 1231/82/1384 386/82/1385 1235/82/1386
f 1226/82/1374 1934/82/1383 1235/82/1386 383/82/1375
f 380/121/1365 1236/121/1387 1935/121/1388 1225/121/1366
f 1236/121/1387 313/121/1144 1162/121/1264 1935/121/1388
f 1935/121/1388 1162/121/1264 347/121/1263 1195/121/1308
f 1225/121/1366 1935/121/1388 1195/121/1308 367/121/1295
f 383/121/1375 1237/121/1389 1936/121/1390 1230/121/1376
f 1237/121/1389 311/121/1138 1112/121/1145 1936/121/1390
f 1936/121/1390 1112/121/1145 313/121/1144 1236/121/1387
f 1230/121/1376 1936/121/1390 1236/121/1387 380/121/1365
f 386/121/1385 1238/121/1391 1937/121/1392 1235/121/1386
f 1238/121/1391 309/121/1132 1109/121/1139 1937/121/1392
f 1937/121/1392 1109/121/1139 311/121/1138 1237/121/1389
f 1235/121/1386 1937/121/1392 1237/121/1389 383/121/1375
f 341/121/1215 1239/121/1393 1938/121/1394 1152/121/1249
f 1239/121/1393 379/121/1359 1224/121/1357 1938/121/1394
f 1938/121/1394 1224/121/1357 365/121/1289 1187/121/1292
f 1152/121/1249 1938/121/1394 1187/121/1292 354/121/1250
f 340/121/1213 1240/121/1395 1939/121/1396 1153/121/1214
f 1240/121/1395 382/121/1369 1229/121/1367 1939/121/1396
f 1939/121/1396 1229/121/1367 379/121/1359 1239/121/1393
f 1153/121/1214 1939/121/1396 1239/121/1393 341/121/1215
f 339/121/1222 1241/121/1397 1940/121/1398 1154/121/1223
f 1241/121/1397 385/121/1379 1234/121/1377 1940/121/1398
f 1940/121/1398 1234/121/1377 382/121/1369 1240/121/1395
f 1154/121/1223 1940/121/1398 1240/121/1395 340/121/1213
f 307/82/1126 1243/82/1399 1941/120/1400 1103/84/1127
f 1243/82/1399 388/82/1401 1242/82/1402 1941/120/1400
f 1941/120/1400 1242/82/1402 387/82/1403 1244/82/1404
f 1103/84/1127 1941/120/1400 1244/82/1404 305/82/1119
f 338/82/1228 1166/82/1235 1942/82/1405 1245/82/1406
f 1166/82/1235 351/82/1234 1246/82/1407 1942/82/1405
f 1942/82/1405 1246/82/1407 387/82/1403 1242/82/1402
f 1245/82/1406 1942/82/1405 1242/82/1402 388/82/1401
f 387/121/1403 1246/121/1407 1943/121/1408 1244/121/1404
f 1246/121/1407 351/121/1234 1156/121/1258 1943/121/1408
f 1943/121/1408 1156/121/1258 335/121/1121 1100/121/1120
f 1244/121/1404 1943/121/1408 1100/121/1120 305/121/1119
f 388/121/1401 1247/121/1409 1944/121/1410 1245/121/1406
f 1247/121/1409 385/121/1379 1241/121/1397 1944/121/1410
f 1944/121/1410 1241/121/1397 339/121/1222 1155/121/1229
f 1245/121/1406 1944/121/1410 1155/121/1229 338/121/1228
f 386/121/1385 1248/121/1411 1945/121/1412 1238/121/1391
f 1248/121/1411 388/121/1401 1243/121/1399 1945/121/1412
f 1945/121/1412 1243/121/1399 307/121/1126 1106/121/1133
f 1238/121/1391 1945/121/1412 1106/121/1133 309/121/1132
f 384/121/1381 1232/121/1380 1946/121/1413 1231/121/1384
f 1232/121/1380 385/121/1379 1247/121/1409 1946/121/1413
f 1946/121/1413 1247/121/1409 388/121/1401 1248/121/1411
f 1231/121/1384 1946/121/1413 1248/121/1411 386/121/1385
f 406/76/1109 1288/76/1414 1947/77/1415 1267/77/1110
f 1288/76/1414 426/76/1089 1287/77/1092 1947/77/1415
f 1947/77/1415 1287/77/1092 389/78/1097 1092/78/1416
f 1267/77/1110 1947/77/1415 1092/78/1416 301/78/1111
f 303/124/1417 1094/124/1418 1948/125/1419 1097/125/1420
f 1094/124/1418 390/124/1421 1251/125/1422 1948/125/1419
f 1948/125/1419 1251/125/1422 426/76/1089 1288/76/1414
f 1097/125/1420 1948/125/1419 1288/76/1414 406/76/1109
f 273/121/1423 1052/200/1424 1949/201/1425 1185/202/1426
f 1052/200/1424 391/76/1280 1289/199/1287 1949/201/1425
f 1949/201/1425 1289/199/1287 425/105/1268 1286/203/1427
f 1185/202/1426 1949/201/1425 1286/203/1427 362/204/1428
f 273/121/1423 1091/205/1429 1950/206/1430 1052/200/1424
f 1091/205/1429 360/124/1431 1183/125/1432 1950/206/1430
f 1950/206/1430 1183/125/1432 424/76/1274 1290/76/1281
f 1052/200/1424 1950/206/1430 1290/76/1281 391/76/1280
f 360/124/1431 1182/124/1433 1951/125/1434 1183/125/1432
f 1182/124/1433 358/124/1435 1180/125/1436 1951/125/1434
f 1951/125/1434 1180/125/1436 423/76/1098 1291/76/1275
f 1183/125/1432 1951/125/1434 1291/76/1275 424/76/1274
f 362/204/1428 1286/203/1427 1952/207/1437 1176/208/1438
f 1286/203/1427 425/105/1268 1292/106/1271 1952/207/1437
f 1952/207/1437 1292/106/1271 422/70/1083 1283/209/1439
f 1176/208/1438 1952/207/1437 1283/209/1439 356/210/1440
f 346/138/1441 1161/138/1442 1953/139/1443 1173/139/1444
f 1161/138/1442 345/138/1445 1174/139/1446 1953/139/1443
f 1953/139/1443 1174/139/1446 421/79/1146 1293/79/1265
f 1173/139/1444 1953/139/1443 1293/79/1265 420/79/1261
f 314/138/1447 1114/138/1448 1954/139/1449 1110/139/1450
f 1114/138/1448 346/138/1441 1173/139/1444 1954/139/1449
f 1954/139/1449 1173/139/1444 420/79/1261 1294/79/1259
f 1110/139/1450 1954/139/1449 1294/79/1259 411/79/1142
f 276/7/1022 1099/141/1077 1955/211/1451 1054/194/1023
f 1099/141/1077 334/138/1452 1159/139/1453 1955/211/1451
f 1955/211/1451 1159/139/1453 419/79/1113 1295/79/1242
f 1054/194/1023 1955/211/1451 1295/79/1242 392/79/1024
f 322/138/1454 1126/138/1455 1956/139/1456 1122/139/1457
f 1126/138/1455 336/138/1458 1158/139/1459 1956/139/1456
f 1956/139/1456 1158/139/1459 418/79/1176 1296/79/1239
f 1122/139/1457 1956/139/1456 1296/79/1239 415/79/1172
f 318/138/1460 1120/138/1461 1957/139/1462 1116/139/1463
f 1120/138/1461 332/138/1464 1138/139/1465 1957/139/1462
f 1957/139/1462 1138/139/1465 417/79/1161 1297/79/1185
f 1116/139/1463 1957/139/1462 1297/79/1185 413/79/1157
f 336/138/1458 1141/138/1466 1958/139/1467 1158/139/1459
f 1141/138/1466 324/138/1468 1125/139/1469 1958/139/1467
f 1958/139/1467 1125/139/1469 416/79/1180 1298/79/1177
f 1158/139/1459 1958/139/1467 1298/79/1177 418/79/1176
f 320/138/1470 1123/138/1471 1959/139/1472 1119/139/1473
f 1123/138/1471 322/138/1454 1122/139/1457 1959/139/1472
f 1959/139/1472 1122/139/1457 415/79/1172 1299/79/1170
f 1119/139/1473 1959/139/1472 1299/79/1170 414/79/1165
f 332/138/1464 1136/138/1474 1960/139/1475 1138/139/1465
f 1136/138/1474 320/138/1470 1119/139/1473 1960/139/1475
f 1960/139/1475 1119/139/1473 414/79/1165 1300/79/1162
f 1138/139/1465 1960/139/1475 1300/79/1162 417/79/1161
f 316/138/1476 1117/138/1477 1961/139/1478 1113/139/1479
f 1117/138/1477 318/138/1460 1116/139/1463 1961/139/1478
f 1961/139/1478 1116/139/1463 413/79/1157 1301/79/1155
f 1113/139/1479 1961/139/1478 1301/79/1155 412/79/1150
f 345/138/1445 1160/138/1480 1962/139/1481 1174/139/1446
f 1160/138/1480 316/138/1476 1113/139/1479 1962/139/1481
f 1962/139/1481 1113/139/1479 412/79/1150 1302/79/1147
f 1174/139/1446 1962/139/1481 1302/79/1147 421/79/1146
f 312/138/1482 1111/138/1483 1963/139/1484 1107/139/1485
f 1111/138/1483 314/138/1447 1110/139/1450 1963/139/1484
f 1963/139/1484 1110/139/1450 411/79/1142 1303/79/1140
f 1107/139/1485 1963/139/1484 1303/79/1140 410/79/1136
f 310/138/1486 1108/138/1487 1964/139/1488 1104/139/1489
f 1108/138/1487 312/138/1482 1107/139/1485 1964/139/1488
f 1964/139/1488 1107/139/1485 410/79/1136 1304/79/1134
f 1104/139/1489 1964/139/1488 1304/79/1134 409/79/1130
f 308/138/1490 1105/138/1491 1965/139/1492 1101/139/1493
f 1105/138/1491 310/138/1486 1104/139/1489 1965/139/1492
f 1965/139/1492 1104/139/1489 409/79/1130 1305/79/1128
f 1101/139/1493 1965/139/1492 1305/79/1128 408/79/1124
f 306/138/1494 1102/138/1495 1966/139/1496 1098/139/1497
f 1102/138/1495 308/138/1490 1101/139/1493 1966/139/1496
f 1966/139/1496 1101/139/1493 408/79/1124 1306/79/1122
f 1098/139/1497 1966/139/1496 1306/79/1122 407/79/1117
f 334/138/1452 1139/138/1498 1967/139/1499 1159/139/1453
f 1139/138/1498 306/138/1494 1098/139/1497 1967/139/1499
f 1967/139/1499 1098/139/1497 407/79/1117 1307/79/1114
f 1159/139/1453 1967/139/1499 1307/79/1114 419/79/1113
f 304/124/1500 1095/124/1501 1968/125/1502 1096/125/1503
f 1095/124/1501 303/124/1417 1097/125/1420 1968/125/1502
f 1968/125/1502 1097/125/1420 406/76/1109 1308/76/1107
f 1096/125/1503 1968/125/1502 1308/76/1107 405/76/1102
f 358/124/1435 1179/124/1504 1969/125/1505 1180/125/1436
f 1179/124/1504 304/124/1500 1096/125/1503 1969/125/1505
f 1969/125/1505 1096/125/1503 405/76/1102 1309/76/1099
f 1180/125/1436 1969/125/1505 1309/76/1099 423/76/1098
f 390/124/1421 1250/143/1506 1970/142/1507 1251/125/1422
f 1250/143/1506 299/145/1508 1089/144/1509 1970/142/1507
f 1970/142/1507 1089/144/1509 404/76/1093 1310/76/1090
f 1251/125/1422 1970/142/1507 1310/76/1090 426/76/1089
f 356/210/1440 1283/209/1439 1971/212/1510 1087/213/1511
f 1283/209/1439 422/70/1083 1311/71/1086 1971/212/1510
f 1971/212/1510 1311/71/1086 403/10/1025 1264/214/1512
f 1087/213/1511 1971/212/1510 1264/214/1512 298/215/1513
f 285/216/1514 1262/217/1515 1972/218/1516 1065/219/1517
f 1262/217/1515 401/63/1079 1312/67/1081 1972/218/1516
f 1972/218/1516 1312/67/1081 402/1/1016 1263/220/1518
f 1065/219/1517 1972/218/1516 1263/220/1518 286/221/1519
f 284/222/1520 1261/223/1521 1973/224/1522 1064/225/1523
f 1261/223/1521 400/57/1074 1313/61/1076 1973/224/1522
f 1973/224/1522 1313/61/1076 401/63/1079 1262/217/1515
f 1064/225/1523 1973/224/1522 1262/217/1515 285/216/1514
f 283/226/1524 1260/227/1525 1974/228/1526 1063/229/1527
f 1260/227/1525 399/51/1069 1314/55/1071 1974/228/1526
f 1974/228/1526 1314/55/1071 400/57/1074 1261/223/1521
f 1063/229/1527 1974/228/1526 1261/223/1521 284/222/1520
f 282/230/1528 1259/231/1529 1975/232/1530 1062/233/1531
f 1259/231/1529 398/45/1063 1315/49/1065 1975/232/1530
f 1975/232/1530 1315/49/1065 399/51/1069 1260/227/1525
f 1062/233/1531 1975/232/1530 1260/227/1525 283/226/1524
f 281/234/1532 1258/235/1533 1976/236/1534 1061/122/1535
f 1258/235/1533 397/39/1057 1316/43/1059 1976/236/1534
f 1976/236/1534 1316/43/1059 398/45/1063 1259/231/1529
f 1061/122/1535 1976/236/1534 1259/231/1529 282/230/1528
f 280/237/1536 1257/238/1537 1977/239/1538 1060/240/1539
f 1257/238/1537 396/33/1051 1317/37/1053 1977/239/1538
f 1977/239/1538 1317/37/1053 397/39/1057 1258/235/1533
f 1060/240/1539 1977/239/1538 1258/235/1533 281/234/1532
f 279/241/1540 1256/242/1541 1978/243/1542 1059/244/1543
f 1256/242/1541 395/27/1045 1318/31/1047 1978/243/1542
f 1978/243/1542 1318/31/1047 396/33/1051 1257/238/1537
f 1059/244/1543 1978/243/1542 1257/238/1537 280/237/1536
f 278/245/1544 1255/246/1545 1979/247/1546 1058/248/1547
f 1255/246/1545 394/21/1039 1319/25/1041 1979/247/1546
f 1979/247/1546 1319/25/1041 395/27/1045 1256/242/1541
f 1058/248/1547 1979/247/1546 1256/242/1541 279/241/1540
f 277/249/1548 1254/250/1549 1980/251/1550 1057/252/1551
f 1254/250/1549 393/14/1033 1320/19/1035 1980/251/1550
f 1980/251/1550 1320/19/1035 394/21/1039 1255/246/1545
f 1057/252/1551 1980/251/1550 1255/246/1545 278/245/1544
f 298/215/1513 1264/214/1512 1981/253/1552 1056/254/1553
f 1264/214/1512 403/10/1025 1321/11/1028 1981/253/1552
f 1981/253/1552 1321/11/1028 393/14/1033 1254/250/1549
f 1056/254/1553 1981/253/1552 1254/250/1549 277/249/1548
f 286/221/1519 1263/220/1518 1982/255/1554 1053/256/1555
f 1263/220/1518 402/1/1016 1322/193/1019 1982/255/1554
f 1982/255/1554 1322/193/1019 392/79/1024 1253/81/1244
f 1053/256/1555 1982/255/1554 1253/81/1244 274/82/1246
f 520/1/1556 1558/2/1557 1983/3/1558 1345/4/1559
f 1558/2/1557 510/5/1560 1325/6/1561 1983/3/1558
f 1983/3/1558 1325/6/1561 276/7/1022 1066/8/1021
f 1345/4/1559 1983/3/1558 1066/8/1021 287/9/1020
f 521/10/1562 1557/11/1563 1984/12/1564 1347/13/1565
f 1557/11/1563 511/14/1566 1336/15/1567 1984/12/1564
f 1984/12/1564 1336/15/1567 296/16/1031 1086/17/1030
f 1347/13/1565 1984/12/1564 1086/17/1030 297/18/1029
f 511/14/1566 1556/19/1568 1985/20/1569 1336/15/1567
f 1556/19/1568 512/21/1570 1337/22/1571 1985/20/1569
f 1985/20/1569 1337/22/1571 295/23/1037 1075/24/1036
f 1336/15/1567 1985/20/1569 1075/24/1036 296/16/1031
f 512/21/1570 1555/25/1572 1986/26/1573 1337/22/1571
f 1555/25/1572 513/27/1574 1338/28/1575 1986/26/1573
f 1986/26/1573 1338/28/1575 294/29/1043 1074/30/1042
f 1337/22/1571 1986/26/1573 1074/30/1042 295/23/1037
f 513/27/1574 1554/31/1576 1987/32/1577 1338/28/1575
f 1554/31/1576 514/33/1578 1339/34/1579 1987/32/1577
f 1987/32/1577 1339/34/1579 293/35/1049 1073/36/1048
f 1338/28/1575 1987/32/1577 1073/36/1048 294/29/1043
f 514/33/1578 1553/37/1580 1988/38/1581 1339/34/1579
f 1553/37/1580 515/39/1582 1340/40/1583 1988/38/1581
f 1988/38/1581 1340/40/1583 292/41/1055 1072/42/1054
f 1339/34/1579 1988/38/1581 1072/42/1054 293/35/1049
f 515/39/1582 1552/43/1584 1989/44/1585 1340/40/1583
f 1552/43/1584 516/45/1586 1341/46/1587 1989/44/1585
f 1989/44/1585 1341/46/1587 291/47/1061 1071/48/1060
f 1340/40/1583 1989/44/1585 1071/48/1060 292/41/1055
f 516/45/1586 1551/49/1588 1990/50/1589 1341/46/1587
f 1551/49/1588 517/51/1590 1342/52/1591 1990/50/1589
f 1990/50/1589 1342/52/1591 290/53/1067 1070/54/1066
f 1341/46/1587 1990/50/1589 1070/54/1066 291/47/1061
f 517/51/1590 1550/55/1592 1991/56/1593 1342/52/1591
f 1550/55/1592 518/57/1594 1343/58/1595 1991/56/1593
f 1991/56/1593 1343/58/1595 289/59/1072 1069/60/1043
f 1342/52/1591 1991/56/1593 1069/60/1043 290/53/1067
f 518/57/1594 1549/61/1596 1992/62/1597 1343/58/1595
f 1549/61/1596 519/63/1598 1344/64/1599 1992/62/1597
f 1992/62/1597 1344/64/1599 288/65/1077 1068/66/1060
f 1343/58/1595 1992/62/1597 1068/66/1060 289/59/1072
f 519/63/1598 1548/67/1600 1993/68/1601 1344/64/1599
f 1548/67/1600 520/1/1556 1345/4/1559 1993/68/1601
f 1993/68/1601 1345/4/1559 287/9/1020 1067/69/1082
f 1344/64/1599 1993/68/1601 1067/69/1082 288/65/1077
f 540/70/1602 1547/71/1603 1994/72/1604 1417/73/1605
f 1547/71/1603 521/10/1562 1347/13/1565 1994/72/1604
f 1994/72/1604 1347/13/1565 297/18/1029 1175/74/1088
f 1417/73/1605 1994/72/1604 1175/74/1088 355/75/1087
f 544/76/1606 1523/77/1607 1995/77/1608 1546/76/1609
f 1523/77/1607 389/78/1097 1249/78/1096 1995/77/1608
f 1995/77/1608 1249/78/1096 300/78/1095 1501/77/1610
f 1546/76/1609 1995/77/1608 1501/77/1610 522/76/1611
f 541/76/1612 1520/77/1613 1996/77/1614 1545/76/1615
f 1520/77/1613 357/78/1106 1178/78/1105 1996/77/1614
f 1996/77/1614 1178/78/1105 302/78/1104 1502/77/1616
f 1545/76/1615 1996/77/1614 1502/77/1616 523/76/1617
f 523/76/1617 1502/77/1616 1997/77/1618 1544/76/1619
f 1502/77/1616 302/78/1104 1093/78/1112 1997/77/1618
f 1997/77/1618 1093/78/1112 301/78/1111 1503/77/1620
f 1544/76/1619 1997/77/1618 1503/77/1620 524/76/1621
f 537/79/1622 1516/80/1623 1998/81/1624 1543/79/1625
f 1516/80/1623 461/82/1626 1355/82/1627 1998/81/1624
f 1998/81/1624 1355/82/1627 443/82/1628 1504/80/1629
f 1543/79/1625 1998/81/1624 1504/80/1629 525/79/1630
f 525/79/1630 1504/80/1629 1999/83/1631 1542/79/1632
f 1504/80/1629 443/82/1628 1357/84/1633 1999/83/1631
f 1999/83/1631 1357/84/1633 444/82/1634 1505/80/1635
f 1542/79/1632 1999/83/1631 1505/80/1635 526/79/1636
f 526/79/1636 1505/80/1635 2000/81/1637 1541/79/1638
f 1505/80/1635 444/82/1634 1359/82/1639 2000/81/1637
f 2000/81/1637 1359/82/1639 445/82/1640 1506/81/1641
f 1541/79/1638 2000/81/1637 1506/81/1641 527/79/1642
f 527/79/1642 1506/81/1641 2001/81/1643 1540/79/1644
f 1506/81/1641 445/82/1640 1361/82/1645 2001/81/1643
f 2001/81/1643 1361/82/1645 446/82/1646 1507/81/1647
f 1540/79/1644 2001/81/1643 1507/81/1647 528/79/1648
f 528/79/1648 1507/81/1647 2002/81/1649 1539/79/1650
f 1507/81/1647 446/82/1646 1363/82/1651 2002/81/1649
f 2002/81/1649 1363/82/1651 447/82/1652 1508/81/1653
f 1539/79/1650 2002/81/1649 1508/81/1653 529/79/1654
f 539/79/1655 1518/80/1656 2003/81/1657 1538/79/1658
f 1518/80/1656 471/82/1659 1365/82/1660 2003/81/1657
f 2003/81/1657 1365/82/1660 448/82/1661 1509/81/1662
f 1538/79/1658 2003/81/1657 1509/81/1662 530/79/1663
f 530/79/1663 1509/81/1662 2004/81/1664 1537/79/1665
f 1509/81/1662 448/82/1661 1367/82/1666 2004/81/1664
f 2004/81/1664 1367/82/1666 449/82/1667 1510/81/1668
f 1537/79/1665 2004/81/1664 1510/81/1668 531/79/1669
f 535/79/1670 1514/80/1671 2005/83/1672 1536/79/1673
f 1514/80/1671 460/82/1674 1369/84/1675 2005/83/1672
f 2005/83/1672 1369/84/1675 450/82/1676 1511/80/1677
f 1536/79/1673 2005/83/1672 1511/80/1677 532/79/1678
f 532/79/1678 1511/80/1677 2006/81/1679 1535/79/1680
f 1511/80/1677 450/82/1676 1371/82/1681 2006/81/1679
f 2006/81/1679 1371/82/1681 451/82/1682 1512/85/1683
f 1535/79/1680 2006/81/1679 1512/85/1683 533/79/1684
f 536/79/1685 1515/86/1686 2007/87/1687 1534/79/1688
f 1515/86/1686 462/88/1689 1373/89/1690 2007/87/1687
f 2007/87/1687 1373/89/1690 452/90/1691 1513/91/1692
f 1534/79/1688 2007/87/1687 1513/91/1692 534/79/1693
f 531/79/1669 1510/81/1668 2008/81/1694 1533/79/1695
f 1510/81/1668 449/82/1667 1382/82/1696 2008/81/1694
f 2008/81/1694 1382/82/1696 460/82/1674 1514/80/1671
f 1533/79/1695 2008/81/1694 1514/80/1671 535/79/1670
f 458/82/1697 1381/82/1698 2009/82/1699 1391/82/1700
f 1381/82/1698 459/82/1701 1392/92/1702 2009/82/1699
f 2009/82/1699 1392/92/1702 469/82/1703 1393/82/1704
f 1391/82/1700 2009/82/1699 1393/82/1704 468/82/1705
f 457/82/1706 1380/82/1707 2010/82/1708 1390/82/1709
f 1380/82/1707 458/82/1697 1391/82/1700 2010/82/1708
f 2010/82/1708 1391/82/1700 468/82/1705 1394/82/1710
f 1390/82/1709 2010/82/1708 1394/82/1710 467/82/1711
f 473/82/1712 1379/82/1713 2011/82/1714 1411/82/1715
f 1379/82/1713 457/82/1706 1390/82/1709 2011/82/1714
f 2011/82/1714 1390/82/1709 467/82/1711 1408/82/1716
f 1411/82/1715 2011/82/1714 1408/82/1716 476/82/1717
f 455/82/1718 1378/82/1719 2012/82/1720 1388/82/1721
f 1378/82/1719 456/82/1722 1389/82/1723 2012/82/1720
f 2012/82/1720 1389/82/1723 466/82/1724 1396/82/1725
f 1388/82/1721 2012/82/1720 1396/82/1725 465/82/1726
f 454/82/1727 1377/82/1728 2013/82/1729 1387/82/1730
f 1377/82/1728 455/82/1718 1388/82/1721 2013/82/1729
f 2013/82/1729 1388/82/1721 465/82/1726 1397/82/1731
f 1387/82/1730 2013/82/1729 1397/82/1731 464/82/1732
f 453/82/1733 1376/82/1734 2014/82/1735 1386/82/1736
f 1376/82/1734 454/82/1727 1387/82/1730 2014/82/1735
f 2014/82/1735 1387/82/1730 464/82/1732 1398/82/1737
f 1386/82/1736 2014/82/1735 1398/82/1737 463/82/1738
f 475/82/1739 1375/82/1740 2015/82/1741 1413/82/1742
f 1375/82/1740 453/82/1733 1386/82/1736 2015/82/1741
f 2015/82/1741 1386/82/1736 463/82/1738 1407/82/1743
f 1413/82/1742 2015/82/1741 1407/82/1743 474/82/1744
f 459/82/1701 1374/93/1745 2016/94/1746 1392/92/1702
f 1374/93/1745 452/90/1691 1373/89/1690 2016/94/1746
f 2016/94/1746 1373/89/1690 462/88/1689 1400/95/1747
f 1392/92/1702 2016/94/1746 1400/95/1747 469/82/1703
f 533/79/1684 1512/85/1683 2017/96/1748 1532/79/1749
f 1512/85/1683 451/82/1682 1385/97/1750 2017/96/1748
f 2017/96/1748 1385/97/1750 462/88/1689 1515/86/1686
f 1532/79/1749 2017/96/1748 1515/86/1686 536/79/1685
f 510/5/1560 1489/98/1751 2018/99/1752 1531/100/1753
f 1489/98/1751 428/101/1754 1384/102/1755 2018/99/1752
f 2018/99/1752 1384/102/1755 461/82/1626 1516/80/1623
f 1531/100/1753 2018/99/1752 1516/80/1623 537/79/1622
f 456/82/1722 1405/82/1756 2019/82/1757 1389/82/1723
f 1405/82/1756 472/82/1758 1410/82/1759 2019/82/1757
f 2019/82/1757 1410/82/1759 477/82/1760 1395/82/1761
f 1389/82/1723 2019/82/1757 1395/82/1761 466/82/1724
f 472/82/1758 1406/82/1762 2020/82/1763 1410/82/1759
f 1406/82/1762 473/82/1712 1411/82/1715 2020/82/1763
f 2020/82/1763 1411/82/1715 476/82/1717 1409/82/1764
f 1410/82/1759 2020/82/1763 1409/82/1764 477/82/1760
f 428/101/1754 1412/103/1765 2021/104/1766 1384/102/1755
f 1412/103/1765 475/82/1739 1413/82/1742 2021/104/1766
f 2021/104/1766 1413/82/1742 474/82/1744 1399/82/1767
f 1384/102/1755 2021/104/1766 1399/82/1767 461/82/1626
f 529/79/1654 1508/81/1653 2022/81/1768 1530/79/1769
f 1508/81/1653 447/82/1652 1403/82/1770 2022/81/1768
f 2022/81/1768 1403/82/1770 470/82/1771 1517/80/1772
f 1530/79/1769 2022/81/1768 1517/80/1772 538/79/1773
f 538/79/1773 1517/80/1772 2023/83/1774 1529/79/1775
f 1517/80/1772 470/82/1771 1404/84/1776 2023/83/1774
f 2023/83/1774 1404/84/1776 471/82/1659 1518/80/1656
f 1529/79/1775 2023/83/1774 1518/80/1656 539/79/1655
f 543/105/1777 1528/106/1778 2024/107/1779 1423/108/1780
f 1528/106/1778 540/70/1602 1417/73/1605 2024/107/1779
f 2024/107/1779 1417/73/1605 355/75/1087 1184/109/1273
f 1423/108/1780 2024/107/1779 1184/109/1273 361/110/1272
f 542/76/1781 1521/77/1782 2025/77/1783 1527/76/1784
f 1521/77/1782 359/78/1279 1181/78/1278 2025/77/1783
f 2025/77/1783 1181/78/1278 357/78/1106 1520/77/1613
f 1527/76/1784 2025/77/1783 1520/77/1613 541/76/1612
f 509/111/1785 1488/112/1786 2026/113/1787 1526/114/1788
f 1488/112/1786 275/115/1285 1090/116/1284 2026/113/1787
f 2026/113/1787 1090/116/1284 359/78/1279 1521/77/1782
f 1526/114/1788 2026/113/1787 1521/77/1782 542/76/1781
f 509/111/1785 1525/117/1789 2027/118/1790 1488/112/1786
f 1525/117/1789 543/105/1777 1423/108/1780 2027/118/1790
f 2027/118/1790 1423/108/1780 361/110/1272 1055/119/1288
f 1488/112/1786 2027/118/1790 1055/119/1288 275/115/1285
f 484/82/1791 1424/82/1792 2028/82/1793 1431/82/1794
f 1424/82/1792 477/82/1760 1409/82/1764 2028/82/1793
f 2028/82/1793 1409/82/1764 476/82/1717 1425/82/1795
f 1431/82/1794 2028/82/1793 1425/82/1795 485/82/1796
f 486/82/1797 1426/82/1798 2029/82/1799 1434/82/1800
f 1426/82/1798 482/82/1801 1428/82/1802 2029/82/1799
f 2029/82/1799 1428/82/1802 483/82/1803 1427/82/1804
f 1434/82/1800 2029/82/1799 1427/82/1804 487/82/1805
f 482/82/1801 1429/82/1806 2030/82/1807 1428/82/1802
f 1429/82/1806 484/82/1791 1431/82/1794 2030/82/1807
f 2030/82/1807 1431/82/1794 485/82/1796 1430/82/1808
f 1428/82/1802 2030/82/1807 1430/82/1808 483/82/1803
f 470/82/1771 1432/82/1809 2031/120/1810 1404/84/1776
f 1432/82/1809 486/82/1797 1434/82/1800 2031/120/1810
f 2031/120/1810 1434/82/1800 487/82/1805 1433/82/1811
f 1404/84/1776 2031/120/1810 1433/82/1811 471/82/1659
f 483/82/1803 1430/82/1808 2032/82/1812 1438/82/1813
f 1430/82/1808 485/82/1796 1437/82/1814 2032/82/1812
f 2032/82/1812 1437/82/1814 489/82/1815 1436/82/1816
f 1438/82/1813 2032/82/1812 1436/82/1816 488/82/1817
f 487/82/1805 1427/82/1804 2033/82/1818 1439/82/1819
f 1427/82/1804 483/82/1803 1438/82/1813 2033/82/1818
f 2033/82/1818 1438/82/1813 488/82/1817 1435/82/1820
f 1439/82/1819 2033/82/1818 1435/82/1820 490/82/1821
f 489/121/1815 1437/121/1814 2034/121/1822 1440/121/1823
f 1437/121/1814 485/121/1796 1425/121/1795 2034/121/1822
f 2034/121/1822 1425/121/1795 476/121/1717 1408/121/1716
f 1440/121/1823 2034/121/1822 1408/121/1716 467/121/1711
f 448/121/1661 1365/121/1660 2035/121/1824 1441/121/1825
f 1365/121/1660 471/121/1659 1433/121/1811 2035/121/1824
f 2035/121/1824 1433/121/1811 487/121/1805 1439/121/1819
f 1441/121/1825 2035/121/1824 1439/121/1819 490/121/1821
f 488/82/1817 1436/82/1816 2036/82/1826 1445/82/1827
f 1436/82/1816 489/82/1815 1444/82/1828 2036/82/1826
f 2036/82/1826 1444/82/1828 492/82/1829 1443/82/1830
f 1445/82/1827 2036/82/1826 1443/82/1830 491/82/1831
f 490/82/1821 1435/82/1820 2037/82/1832 1446/82/1833
f 1435/82/1820 488/82/1817 1445/82/1827 2037/82/1832
f 2037/82/1832 1445/82/1827 491/82/1831 1442/82/1834
f 1446/82/1833 2037/82/1832 1442/82/1834 493/82/1835
f 492/121/1829 1444/121/1828 2038/121/1836 1447/121/1837
f 1444/121/1828 489/121/1815 1440/121/1823 2038/121/1836
f 2038/121/1836 1440/121/1823 467/121/1711 1394/121/1710
f 1447/121/1837 2038/121/1836 1394/121/1710 468/121/1705
f 449/121/1667 1367/121/1666 2039/121/1838 1448/121/1839
f 1367/121/1666 448/121/1661 1441/121/1825 2039/121/1838
f 2039/121/1838 1441/121/1825 490/121/1821 1446/121/1833
f 1448/121/1839 2039/121/1838 1446/121/1833 493/121/1835
f 494/121/1840 1450/122/1841 2040/123/1842 1449/122/1843
f 1450/122/1841 469/82/1703 1400/95/1747 2040/123/1842
f 2040/123/1842 1400/95/1747 462/88/1689 1385/97/1750
f 1449/122/1843 2040/123/1842 1385/97/1750 451/82/1682
f 492/121/1829 1447/121/1837 2041/121/1844 1451/121/1845
f 1447/121/1837 468/121/1705 1393/121/1704 2041/121/1844
f 2041/121/1844 1393/121/1704 469/121/1703 1450/121/1841
f 1451/121/1845 2041/121/1844 1450/121/1841 494/121/1840
f 493/82/1835 1442/82/1834 2042/82/1846 1453/82/1847
f 1442/82/1834 491/82/1831 1454/82/1848 2042/82/1846
f 2042/82/1846 1454/82/1848 495/82/1849 1452/82/1850
f 1453/82/1847 2042/82/1846 1452/82/1850 496/82/1851
f 450/82/1676 1369/84/1675 2043/120/1852 1456/82/1853
f 1369/84/1675 460/82/1674 1455/82/1854 2043/120/1852
f 2043/120/1852 1455/82/1854 496/82/1851 1452/82/1850
f 1456/82/1853 2043/120/1852 1452/82/1850 495/82/1849
f 460/121/1674 1382/121/1696 2044/121/1855 1455/121/1854
f 1382/121/1696 449/121/1667 1448/121/1839 2044/121/1855
f 2044/121/1855 1448/121/1839 493/121/1835 1453/121/1847
f 1455/121/1854 2044/121/1855 1453/121/1847 496/121/1851
f 495/121/1849 1454/121/1848 2045/121/1856 1457/121/1857
f 1454/121/1848 491/121/1831 1443/121/1830 2045/121/1856
f 2045/121/1856 1443/121/1830 492/121/1829 1451/121/1845
f 1457/121/1857 2045/121/1856 1451/121/1845 494/121/1840
f 450/121/1676 1456/121/1853 2046/121/1858 1371/121/1681
f 1456/121/1853 495/121/1849 1457/121/1857 2046/121/1858
f 2046/121/1858 1457/121/1857 494/121/1840 1449/121/1843
f 1371/121/1681 2046/121/1858 1449/121/1843 451/121/1682
f 484/82/1791 1429/82/1806 2047/82/1859 1461/82/1860
f 1429/82/1806 482/82/1801 1460/82/1861 2047/82/1859
f 2047/82/1859 1460/82/1861 497/82/1862 1459/82/1863
f 1461/82/1860 2047/82/1859 1459/82/1863 498/82/1864
f 482/82/1801 1426/82/1798 2048/82/1865 1460/82/1861
f 1426/82/1798 486/82/1797 1462/82/1866 2048/82/1865
f 2048/82/1865 1462/82/1866 499/82/1867 1458/82/1868
f 1460/82/1861 2048/82/1865 1458/82/1868 497/82/1862
f 498/82/1864 1459/82/1863 2049/82/1869 1466/82/1870
f 1459/82/1863 497/82/1862 1465/82/1871 2049/82/1869
f 2049/82/1869 1465/82/1871 500/82/1872 1464/82/1873
f 1466/82/1870 2049/82/1869 1464/82/1873 501/82/1874
f 497/82/1862 1458/82/1868 2050/82/1875 1465/82/1871
f 1458/82/1868 499/82/1867 1467/82/1876 2050/82/1875
f 2050/82/1875 1467/82/1876 502/82/1877 1463/82/1878
f 1465/82/1871 2050/82/1875 1463/82/1878 500/82/1872
f 501/82/1874 1464/82/1873 2051/82/1879 1471/82/1880
f 1464/82/1873 500/82/1872 1470/82/1881 2051/82/1879
f 2051/82/1879 1470/82/1881 503/82/1882 1469/82/1883
f 1471/82/1880 2051/82/1879 1469/82/1883 504/82/1884
f 500/82/1872 1463/82/1878 2052/82/1885 1470/82/1881
f 1463/82/1878 502/82/1877 1472/82/1886 2052/82/1885
f 2052/82/1885 1472/82/1886 505/82/1887 1468/82/1888
f 1470/82/1881 2052/82/1885 1468/82/1888 503/82/1882
f 499/121/1867 1462/121/1866 2053/121/1889 1473/121/1890
f 1462/121/1866 486/121/1797 1432/121/1809 2053/121/1889
f 2053/121/1889 1432/121/1809 470/121/1771 1403/121/1770
f 1473/121/1890 2053/121/1889 1403/121/1770 447/121/1652
f 502/121/1877 1467/121/1876 2054/121/1891 1474/121/1892
f 1467/121/1876 499/121/1867 1473/121/1890 2054/121/1891
f 2054/121/1891 1473/121/1890 447/121/1652 1363/121/1651
f 1474/121/1892 2054/121/1891 1363/121/1651 446/121/1646
f 505/121/1887 1472/121/1886 2055/121/1893 1475/121/1894
f 1472/121/1886 502/121/1877 1474/121/1892 2055/121/1893
f 2055/121/1893 1474/121/1892 446/121/1646 1361/121/1645
f 1475/121/1894 2055/121/1893 1361/121/1645 445/121/1640
f 466/121/1724 1395/121/1761 2056/121/1895 1476/121/1896
f 1395/121/1761 477/121/1760 1424/121/1792 2056/121/1895
f 2056/121/1895 1424/121/1792 484/121/1791 1461/121/1860
f 1476/121/1896 2056/121/1895 1461/121/1860 498/121/1864
f 465/121/1726 1396/121/1725 2057/121/1897 1477/121/1898
f 1396/121/1725 466/121/1724 1476/121/1896 2057/121/1897
f 2057/121/1897 1476/121/1896 498/121/1864 1466/121/1870
f 1477/121/1898 2057/121/1897 1466/121/1870 501/121/1874
f 464/121/1732 1397/121/1731 2058/121/1899 1478/121/1900
f 1397/121/1731 465/121/1726 1477/121/1898 2058/121/1899
f 2058/121/1899 1477/121/1898 501/121/1874 1471/121/1880
f 1478/121/1900 2058/121/1899 1471/121/1880 504/121/1884
f 444/82/1634 1357/84/1633 2059/120/1901 1480/82/1902
f 1357/84/1633 443/82/1628 1481/82/1903 2059/120/1901
f 2059/120/1901 1481/82/1903 506/82/1904 1479/82/1905
f 1480/82/1902 2059/120/1901 1479/82/1905 507/82/1906
f 463/82/1738 1482/82/1907 2060/82/1908 1407/82/1743
f 1482/82/1907 507/82/1906 1479/82/1905 2060/82/1908
f 2060/82/1908 1479/82/1905 506/82/1904 1483/82/1909
f 1407/82/1743 2060/82/1908 1483/82/1909 474/82/1744
f 506/121/1904 1481/121/1903 2061/121/1910 1483/121/1909
f 1481/121/1903 443/121/1628 1355/121/1627 2061/121/1910
f 2061/121/1910 1355/121/1627 461/121/1626 1399/121/1767
f 1483/121/1909 2061/121/1910 1399/121/1767 474/121/1744
f 507/121/1906 1482/121/1907 2062/121/1911 1484/121/1912
f 1482/121/1907 463/121/1738 1398/121/1737 2062/121/1911
f 2062/121/1911 1398/121/1737 464/121/1732 1478/121/1900
f 1484/121/1912 2062/121/1911 1478/121/1900 504/121/1884
f 505/121/1887 1475/121/1894 2063/121/1913 1485/121/1914
f 1475/121/1894 445/121/1640 1359/121/1639 2063/121/1913
f 2063/121/1913 1359/121/1639 444/121/1634 1480/121/1902
f 1485/121/1914 2063/121/1913 1480/121/1902 507/121/1906
f 503/121/1882 1468/121/1888 2064/121/1915 1469/121/1883
f 1468/121/1888 505/121/1887 1485/121/1914 2064/121/1915
f 2064/121/1915 1485/121/1914 507/121/1906 1484/121/1912
f 1469/121/1883 2064/121/1915 1484/121/1912 504/121/1884
f 524/76/1621 1503/77/1620 2065/77/1916 1524/76/1917
f 1503/77/1620 301/78/1111 1092/78/1416 2065/77/1916
f 2065/77/1916 1092/78/1416 389/78/1097 1523/77/1607
f 1524/76/1917 2065/77/1916 1523/77/1607 544/76/1606
f 441/124/1918 1353/125/1919 2066/125/1920 1350/124/1921
f 1353/125/1919 524/76/1621 1524/76/1917 2066/125/1920
f 2066/125/1920 1524/76/1917 544/76/1606 1487/125/1922
f 1350/124/1921 2066/125/1920 1487/125/1922 508/124/1923
f 427/126/1924 1422/127/1925 2067/128/1926 1323/129/1927
f 1422/127/1925 481/130/1928 1522/131/1929 2067/128/1926
f 2067/128/1926 1522/131/1929 543/105/1777 1525/117/1789
f 1323/129/1927 2067/128/1926 1525/117/1789 509/111/1785
f 427/126/1924 1323/129/1927 2068/132/1930 1349/133/1931
f 1323/129/1927 509/111/1785 1526/114/1788 2068/132/1930
f 2068/132/1930 1526/114/1788 542/76/1781 1421/125/1932
f 1349/133/1931 2068/132/1930 1421/125/1932 480/124/1933
f 480/124/1933 1421/125/1932 2069/125/1934 1420/124/1935
f 1421/125/1932 542/76/1781 1527/76/1784 2069/125/1934
f 2069/125/1934 1527/76/1784 541/76/1612 1419/125/1936
f 1420/124/1935 2069/125/1934 1419/125/1936 479/124/1937
f 481/130/1928 1416/134/1938 2070/135/1939 1522/131/1929
f 1416/134/1938 478/136/1940 1519/137/1941 2070/135/1939
f 2070/135/1939 1519/137/1941 540/70/1602 1528/106/1778
f 1522/131/1929 2070/135/1939 1528/106/1778 543/105/1777
f 346/138/1441 1414/139/1942 2071/139/1943 1161/138/1442
f 1414/139/1942 538/79/1773 1529/79/1775 2071/139/1943
f 2071/139/1943 1529/79/1775 539/79/1655 1415/139/1944
f 1161/138/1442 2071/139/1943 1415/139/1944 345/138/1445
f 314/138/1447 1362/139/1945 2072/139/1946 1114/138/1448
f 1362/139/1945 529/79/1654 1530/79/1769 2072/139/1946
f 2072/139/1946 1530/79/1769 538/79/1773 1414/139/1942
f 1114/138/1448 2072/139/1946 1414/139/1942 346/138/1441
f 276/7/1022 1325/6/1561 2073/140/1947 1099/141/1077
f 1325/6/1561 510/5/1560 1531/100/1753 2073/140/1947
f 2073/140/1947 1531/100/1753 537/79/1622 1402/139/1948
f 1099/141/1077 2073/140/1947 1402/139/1948 334/138/1452
f 322/138/1454 1370/139/1949 2074/139/1950 1126/138/1455
f 1370/139/1949 533/79/1684 1532/79/1749 2074/139/1950
f 2074/139/1950 1532/79/1749 536/79/1685 1401/139/1951
f 1126/138/1455 2074/139/1950 1401/139/1951 336/138/1458
f 318/138/1460 1366/139/1952 2075/139/1953 1120/138/1461
f 1366/139/1952 531/79/1669 1533/79/1695 2075/139/1953
f 2075/139/1953 1533/79/1695 535/79/1670 1383/139/1954
f 1120/138/1461 2075/139/1953 1383/139/1954 332/138/1464
f 336/138/1458 1401/139/1951 2076/139/1955 1141/138/1466
f 1401/139/1951 536/79/1685 1534/79/1688 2076/139/1955
f 2076/139/1955 1534/79/1688 534/79/1693 1372/139/1956
f 1141/138/1466 2076/139/1955 1372/139/1956 324/138/1468
f 320/138/1470 1368/139/1957 2077/139/1958 1123/138/1471
f 1368/139/1957 532/79/1678 1535/79/1680 2077/139/1958
f 2077/139/1958 1535/79/1680 533/79/1684 1370/139/1949
f 1123/138/1471 2077/139/1958 1370/139/1949 322/138/1454
f 332/138/1464 1383/139/1954 2078/139/1959 1136/138/1474
f 1383/139/1954 535/79/1670 1536/79/1673 2078/139/1959
f 2078/139/1959 1536/79/1673 532/79/1678 1368/139/1957
f 1136/138/1474 2078/139/1959 1368/139/1957 320/138/1470
f 316/138/1476 1364/139/1960 2079/139/1961 1117/138/1477
f 1364/139/1960 530/79/1663 1537/79/1665 2079/139/1961
f 2079/139/1961 1537/79/1665 531/79/1669 1366/139/1952
f 1117/138/1477 2079/139/1961 1366/139/1952 318/138/1460
f 345/138/1445 1415/139/1944 2080/139/1962 1160/138/1480
f 1415/139/1944 539/79/1655 1538/79/1658 2080/139/1962
f 2080/139/1962 1538/79/1658 530/79/1663 1364/139/1960
f 1160/138/1480 2080/139/1962 1364/139/1960 316/138/1476
f 312/138/1482 1360/139/1963 2081/139/1964 1111/138/1483
f 1360/139/1963 528/79/1648 1539/79/1650 2081/139/1964
f 2081/139/1964 1539/79/1650 529/79/1654 1362/139/1945
f 1111/138/1483 2081/139/1964 1362/139/1945 314/138/1447
f 310/138/1486 1358/139/1965 2082/139/1966 1108/138/1487
f 1358/139/1965 527/79/1642 1540/79/1644 2082/139/1966
f 2082/139/1966 1540/79/1644 528/79/1648 1360/139/1963
f 1108/138/1487 2082/139/1966 1360/139/1963 312/138/1482
f 308/138/1490 1356/139/1967 2083/139/1968 1105/138/1491
f 1356/139/1967 526/79/1636 1541/79/1638 2083/139/1968
f 2083/139/1968 1541/79/1638 527/79/1642 1358/139/1965
f 1105/138/1491 2083/139/1968 1358/139/1965 310/138/1486
f 306/138/1494 1354/139/1969 2084/139/1970 1102/138/1495
f 1354/139/1969 525/79/1630 1542/79/1632 2084/139/1970
f 2084/139/1970 1542/79/1632 526/79/1636 1356/139/1967
f 1102/138/1495 2084/139/1970 1356/139/1967 308/138/1490
f 334/138/1452 1402/139/1948 2085/139/1971 1139/138/1498
f 1402/139/1948 537/79/1622 1543/79/1625 2085/139/1971
f 2085/139/1971 1543/79/1625 525/79/1630 1354/139/1969
f 1139/138/1498 2085/139/1971 1354/139/1969 306/138/1494
f 442/124/1972 1352/125/1973 2086/125/1974 1351/124/1975
f 1352/125/1973 523/76/1617 1544/76/1619 2086/125/1974
f 2086/125/1974 1544/76/1619 524/76/1621 1353/125/1919
f 1351/124/1975 2086/125/1974 1353/125/1919 441/124/1918
f 479/124/1937 1419/125/1936 2087/125/1976 1418/124/1977
f 1419/125/1936 541/76/1612 1545/76/1615 2087/125/1976
f 2087/125/1976 1545/76/1615 523/76/1617 1352/125/1973
f 1418/124/1977 2087/125/1976 1352/125/1973 442/124/1972
f 508/124/1923 1487/125/1922 2088/142/1978 1486/143/1979
f 1487/125/1922 544/76/1606 1546/76/1609 2088/142/1978
f 2088/142/1978 1546/76/1609 522/76/1611 1348/144/1980
f 1486/143/1979 2088/142/1978 1348/144/1980 440/145/1981
f 478/136/1940 1346/146/1982 2089/147/1983 1519/137/1941
f 1346/146/1982 439/148/1984 1500/149/1985 2089/147/1983
f 2089/147/1983 1500/149/1985 521/10/1562 1547/71/1603
f 1519/137/1941 2089/147/1983 1547/71/1603 540/70/1602
f 437/150/1986 1335/151/1987 2090/152/1988 1498/153/1989
f 1335/151/1987 438/154/1990 1499/155/1991 2090/152/1988
f 2090/152/1988 1499/155/1991 520/1/1556 1548/67/1600
f 1498/153/1989 2090/152/1988 1548/67/1600 519/63/1598
f 436/156/1992 1334/157/1993 2091/158/1994 1497/159/1995
f 1334/157/1993 437/150/1986 1498/153/1989 2091/158/1994
f 2091/158/1994 1498/153/1989 519/63/1598 1549/61/1596
f 1497/159/1995 2091/158/1994 1549/61/1596 518/57/1594
f 435/160/1996 1333/161/1997 2092/162/1998 1496/163/1999
f 1333/161/1997 436/156/1992 1497/159/1995 2092/162/1998
f 2092/162/1998 1497/159/1995 518/57/1594 1550/55/1592
f 1496/163/1999 2092/162/1998 1550/55/1592 517/51/1590
f 434/164/2000 1332/165/2001 2093/166/2002 1495/167/2003
f 1332/165/2001 435/160/1996 1496/163/1999 2093/166/2002
f 2093/166/2002 1496/163/1999 517/51/1590 1551/49/1588
f 1495/167/2003 2093/166/2002 1551/49/1588 516/45/1586
f 433/168/2004 1331/169/2005 2094/170/2006 1494/171/2007
f 1331/169/2005 434/164/2000 1495/167/2003 2094/170/2006
f 2094/170/2006 1495/167/2003 516/45/1586 1552/43/1584
f 1494/171/2007 2094/170/2006 1552/43/1584 515/39/1582
f 432/172/2008 1330/173/2009 2095/174/2010 1493/175/2011
f 1330/173/2009 433/168/2004 1494/171/2007 2095/174/2010
f 2095/174/2010 1494/171/2007 515/39/1582 1553/37/1580
f 1493/175/2011 2095/174/2010 1553/37/1580 514/33/1578
f 431/176/2012 1329/177/2013 2096/178/2014 1492/179/2015
f 1329/177/2013 432/172/2008 1493/175/2011 2096/178/2014
f 2096/178/2014 1493/175/2011 514/33/1578 1554/31/1576
f 1492/179/2015 2096/178/2014 1554/31/1576 513/27/1574
f 430/180/2016 1328/181/2017 2097/182/2018 1491/183/2019
f 1328/181/2017 431/176/2012 1492/179/2015 2097/182/2018
f 2097/182/2018 1492/179/2015 513/27/1574 1555/25/1572
f 1491/183/2019 2097/182/2018 1555/25/1572 512/21/1570
f 429/184/2020 1327/185/2021 2098/186/2022 1490/187/2023
f 1327/185/2021 430/180/2016 1491/183/2019 2098/186/2022
f 2098/186/2022 1491/183/2019 512/21/1570 1556/19/1568
f 1490/187/2023 2098/186/2022 1556/19/1568 511/14/1566
f 439/148/1984 1326/188/2024 2099/189/2025 1500/149/1985
f 1326/188/2024 429/184/2020 1490/187/2023 2099/189/2025
f 2099/189/2025 1490/187/2023 511/14/1566 1557/11/1563
f 1500/149/1985 2099/189/2025 1557/11/1563 521/10/1562
f 438/154/1990 1324/190/2026 2100/191/2027 1499/155/1991
f 1324/190/2026 428/101/1754 1489/98/1751 2100/191/2027
f 2100/191/2027 1489/98/1751 510/5/1560 1558/2/1557
f 1499/155/1991 2100/191/2027 1558/2/1557 520/1/1556
f 2/101/232 546/190/542 2101/257/2028 1560/258/2029
f 546/190/542 14/154/506 1570/259/2030 2101/257/2028
f 2101/257/2028 1570/259/2030 286/221/1519 1053/256/1555
f 1560/258/2029 2101/257/2028 1053/256/1555 274/82/1246
f 5/184/536 549/188/540 2102/260/2031 1561/261/2032
f 549/188/540 26/148/500 1571/262/2033 2102/260/2031
f 2102/260/2031 1571/262/2033 298/215/1513 1056/254/1553
f 1561/261/2032 2102/260/2031 1056/254/1553 277/249/1548
f 6/180/532 550/185/537 2103/263/2034 1562/264/2035
f 550/185/537 5/184/536 1561/261/2032 2103/263/2034
f 2103/263/2034 1561/261/2032 277/249/1548 1057/252/1551
f 1562/264/2035 2103/263/2034 1057/252/1551 278/245/1544
f 7/176/528 551/181/533 2104/265/2036 1563/266/2037
f 551/181/533 6/180/532 1562/264/2035 2104/265/2036
f 2104/265/2036 1562/264/2035 278/245/1544 1058/248/1547
f 1563/266/2037 2104/265/2036 1058/248/1547 279/241/1540
f 8/172/524 552/177/529 2105/267/2038 1564/268/2039
f 552/177/529 7/176/528 1563/266/2037 2105/267/2038
f 2105/267/2038 1563/266/2037 279/241/1540 1059/244/1543
f 1564/268/2039 2105/267/2038 1059/244/1543 280/237/1536
f 9/168/520 553/173/525 2106/269/2040 1565/270/2041
f 553/173/525 8/172/524 1564/268/2039 2106/269/2040
f 2106/269/2040 1564/268/2039 280/237/1536 1060/240/1539
f 1565/270/2041 2106/269/2040 1060/240/1539 281/234/1532
f 10/164/516 554/169/521 2107/271/2042 1566/272/2043
f 554/169/521 9/168/520 1565/270/2041 2107/271/2042
f 2107/271/2042 1565/270/2041 281/234/1532 1061/122/1535
f 1566/272/2043 2107/271/2042 1061/122/1535 282/230/1528
f 11/160/512 555/165/517 2108/273/2044 1567/274/2045
f 555/165/517 10/164/516 1566/272/2043 2108/273/2044
f 2108/273/2044 1566/272/2043 282/230/1528 1062/233/1531
f 1567/274/2045 2108/273/2044 1062/233/1531 283/226/1524
f 12/156/508 556/161/513 2109/275/2046 1568/276/2047
f 556/161/513 11/160/512 1567/274/2045 2109/275/2046
f 2109/275/2046 1567/274/2045 283/226/1524 1063/229/1527
f 1568/276/2047 2109/275/2046 1063/229/1527 284/222/1520
f 13/150/502 557/157/509 2110/277/2048 1569/278/2049
f 557/157/509 12/156/508 1568/276/2047 2110/277/2048
f 2110/277/2048 1568/276/2047 284/222/1520 1064/225/1523
f 1569/278/2049 2110/277/2048 1064/225/1523 285/216/1514
f 14/154/506 558/151/503 2111/279/2050 1570/259/2030
f 558/151/503 13/150/502 1569/278/2049 2111/279/2050
f 2111/279/2050 1569/278/2049 285/216/1514 1065/219/1517
f 1570/259/2030 2111/279/2050 1065/219/1517 286/221/1519
f 26/148/500 580/146/498 2112/280/2051 1571/262/2033
f 580/146/498 84/136/426 1588/281/2052 2112/280/2051
f 2112/280/2051 1588/281/2052 356/210/1440 1087/213/1511
f 1571/262/2033 2112/280/2051 1087/213/1511 298/215/1513
f 27/145/497 582/144/496 2113/282/2053 1572/283/2054
f 582/144/496 132/76/84 1593/76/2055 2113/282/2053
f 2113/282/2053 1593/76/2055 404/76/1093 1089/144/1509
f 1572/283/2054 2113/282/2053 1089/144/1509 299/145/1508
f 1/126/410 584/133/417 2114/284/2056 1559/285/2057
f 584/133/417 88/124/419 1590/286/2058 2114/284/2056
f 2114/284/2056 1590/286/2058 360/124/1431 1091/205/1429
f 1559/285/2057 2114/284/2056 1091/205/1429 273/121/1423
f 31/124/404 587/124/407 2115/286/2059 1574/286/2060
f 587/124/407 118/124/409 1592/286/2061 2115/286/2059
f 2115/286/2059 1592/286/2061 390/124/1421 1094/124/1418
f 1574/286/2060 2115/286/2059 1094/124/1418 303/124/1417
f 32/124/488 588/124/491 2116/286/2062 1575/286/2063
f 588/124/491 31/124/404 1574/286/2060 2116/286/2062
f 2116/286/2062 1574/286/2060 303/124/1417 1095/124/1501
f 1575/286/2063 2116/286/2062 1095/124/1501 304/124/1500
f 52/138/457 618/139/456 2117/139/2064 1577/138/2065
f 618/139/456 144/79/171 1594/79/2066 2117/139/2064
f 2117/139/2064 1594/79/2066 416/79/1180 1125/139/1469
f 1577/138/2065 2117/139/2064 1125/139/1469 324/138/1468
f 51/90/169 621/93/223 2118/93/2067 1576/90/2068
f 621/93/223 59/82/179 1584/82/2069 2118/93/2067
f 2118/93/2067 1584/82/2069 331/82/1196 1128/93/1237
f 1576/90/2068 2118/93/2067 1128/93/1237 323/90/1182
f 53/82/211 622/82/218 2119/82/2070 1578/82/2071
f 622/82/218 80/82/217 1587/82/2072 2119/82/2070
f 2119/82/2070 1587/82/2072 352/82/1230 1129/82/1233
f 1578/82/2071 2119/82/2070 1129/82/1233 325/82/1224
f 54/82/205 623/82/212 2120/82/2073 1579/82/2074
f 623/82/212 53/82/211 1578/82/2071 2120/82/2073
f 2120/82/2073 1578/82/2071 325/82/1224 1130/82/1227
f 1579/82/2074 2120/82/2073 1130/82/1227 326/82/1218
f 55/82/196 624/82/206 2121/82/2075 1580/82/2076
f 624/82/206 54/82/205 1579/82/2074 2121/82/2075
f 2121/82/2075 1579/82/2074 326/82/1218 1131/82/1221
f 1580/82/2076 2121/82/2075 1131/82/1221 327/82/1209
f 56/82/200 625/82/197 2122/82/2077 1581/82/2078
f 625/82/197 55/82/196 1580/82/2076 2122/82/2077
f 2122/82/2077 1580/82/2076 327/82/1209 1132/82/1212
f 1581/82/2078 2122/82/2077 1132/82/1212 328/82/1217
f 57/82/184 626/82/191 2123/82/2079 1582/82/2080
f 626/82/191 78/82/190 1586/82/2081 2123/82/2079
f 2123/82/2079 1586/82/2081 350/82/1203 1133/82/1206
f 1582/82/2080 2123/82/2079 1133/82/1206 329/82/1197
f 58/82/175 627/82/185 2124/82/2082 1583/82/2083
f 627/82/185 57/82/184 1582/82/2080 2124/82/2082
f 2124/82/2082 1582/82/2080 329/82/1197 1134/82/1200
f 1583/82/2083 2124/82/2082 1134/82/1200 330/82/1188
f 59/82/179 628/82/176 2125/82/2084 1584/82/2069
f 628/82/176 58/82/175 1583/82/2083 2125/82/2084
f 2125/82/2084 1583/82/2083 330/82/1188 1135/82/1191
f 1584/82/2069 2125/82/2084 1135/82/1191 331/82/1196
f 77/82/236 657/82/234 2126/82/2085 1585/82/2086
f 657/82/234 56/82/200 1581/82/2078 2126/82/2085
f 2126/82/2085 1581/82/2078 328/82/1217 1164/82/1248
f 1585/82/2086 2126/82/2085 1164/82/1248 349/82/1252
f 78/82/190 658/82/240 2127/82/2087 1586/82/2081
f 658/82/240 77/82/236 1585/82/2086 2127/82/2087
f 2127/82/2087 1585/82/2086 349/82/1252 1165/82/1254
f 1586/82/2081 2127/82/2087 1165/82/1254 350/82/1203
f 80/82/217 664/103/243 2128/287/2088 1587/82/2072
f 664/103/243 2/101/232 1560/258/2029 2128/287/2088
f 2128/287/2088 1560/258/2029 274/82/1246 1171/195/1257
f 1587/82/2072 2128/287/2088 1171/195/1257 352/82/1230
f 84/136/426 669/134/424 2129/288/2089 1588/281/2052
f 669/134/424 90/130/414 1591/289/2090 2129/288/2089
f 2129/288/2089 1591/289/2090 362/204/1428 1176/208/1438
f 1588/281/2052 2129/288/2089 1176/208/1438 356/210/1440
f 86/124/423 672/124/493 2130/286/2091 1589/286/2092
f 672/124/493 32/124/488 1575/286/2063 2130/286/2091
f 2130/286/2091 1575/286/2063 304/124/1500 1179/124/1504
f 1589/286/2092 2130/286/2091 1179/124/1504 358/124/1435
f 88/124/419 675/124/421 2131/286/2093 1590/286/2058
f 675/124/421 86/124/423 1589/286/2092 2131/286/2093
f 2131/286/2093 1589/286/2092 358/124/1435 1182/124/1433
f 1590/286/2058 2131/286/2093 1182/124/1433 360/124/1431
f 90/130/414 678/127/411 2132/290/2094 1591/289/2090
f 678/127/411 1/126/410 1559/285/2057 2132/290/2094
f 2132/290/2094 1559/285/2057 273/121/1423 1185/202/1426
f 1591/289/2090 2132/290/2094 1185/202/1426 362/204/1428
f 118/124/409 743/143/495 2133/291/2095 1592/286/2061
f 743/143/495 27/145/497 1572/283/2054 2133/291/2095
f 2133/291/2095 1572/283/2054 299/145/1508 1250/143/1506
f 1592/286/2061 2133/291/2095 1250/143/1506 390/124/1421
f 132/76/84 758/77/83 2134/77/2096 1593/76/2055
f 758/77/83 28/78/82 1573/78/2097 2134/77/2096
f 2134/77/2096 1573/78/2097 300/78/1095 1265/77/1094
f 1593/76/2055 2134/77/2096 1265/77/1094 404/76/1093
f 144/79/171 770/91/170 2135/91/2098 1594/79/2066
f 770/91/170 51/90/169 1576/90/2068 2135/91/2098
f 2135/91/2098 1576/90/2068 323/90/1182 1277/91/1181
f 1594/79/2066 2135/91/2098 1277/91/1181 416/79/1180
f 166/221/979 817/256/1015 2136/257/2099 1606/259/2100
f 817/256/1015 156/82/743 1596/258/2101 2136/257/2099
f 2136/257/2099 1596/258/2101 428/101/1754 1324/190/2026
f 1606/259/2100 2136/257/2099 1324/190/2026 438/154/1990
f 167/215/973 819/254/1013 2137/260/2102 1607/262/2103
f 819/254/1013 157/249/1008 1597/261/2104 2137/260/2102
f 2137/260/2102 1597/261/2104 429/184/2020 1326/188/2024
f 1607/262/2103 2137/260/2102 1326/188/2024 439/148/1984
f 157/249/1008 820/252/1011 2138/263/2105 1597/261/2104
f 820/252/1011 158/245/1004 1598/264/2106 2138/263/2105
f 2138/263/2105 1598/264/2106 430/180/2016 1327/185/2021
f 1597/261/2104 2138/263/2105 1327/185/2021 429/184/2020
f 158/245/1004 821/248/1007 2139/265/2107 1598/264/2106
f 821/248/1007 159/241/1000 1599/266/2108 2139/265/2107
f 2139/265/2107 1599/266/2108 431/176/2012 1328/181/2017
f 1598/264/2106 2139/265/2107 1328/181/2017 430/180/2016
f 159/241/1000 822/244/1003 2140/267/2109 1599/266/2108
f 822/244/1003 160/237/996 1600/268/2110 2140/267/2109
f 2140/267/2109 1600/268/2110 432/172/2008 1329/177/2013
f 1599/266/2108 2140/267/2109 1329/177/2013 431/176/2012
f 160/237/996 823/240/999 2141/269/2111 1600/268/2110
f 823/240/999 161/234/992 1601/270/2112 2141/269/2111
f 2141/269/2111 1601/270/2112 433/168/2004 1330/173/2009
f 1600/268/2110 2141/269/2111 1330/173/2009 432/172/2008
f 161/234/992 824/122/995 2142/271/2113 1601/270/2112
f 824/122/995 162/230/988 1602/272/2114 2142/271/2113
f 2142/271/2113 1602/272/2114 434/164/2000 1331/169/2005
f 1601/270/2112 2142/271/2113 1331/169/2005 433/168/2004
f 162/230/988 825/233/991 2143/273/2115 1602/272/2114
f 825/233/991 163/226/984 1603/274/2116 2143/273/2115
f 2143/273/2115 1603/274/2116 435/160/1996 1332/165/2001
f 1602/272/2114 2143/273/2115 1332/165/2001 434/164/2000
f 163/226/984 826/229/987 2144/275/2117 1603/274/2116
f 826/229/987 164/222/980 1604/276/2118 2144/275/2117
f 2144/275/2117 1604/276/2118 436/156/1992 1333/161/1997
f 1603/274/2116 2144/275/2117 1333/161/1997 435/160/1996
f 164/222/980 827/225/983 2145/277/2119 1604/276/2118
f 827/225/983 165/216/974 1605/278/2120 2145/277/2119
f 2145/277/2119 1605/278/2120 437/150/1986 1334/157/1993
f 1604/276/2118 2145/277/2119 1334/157/1993 436/156/1992
f 165/216/974 828/219/977 2146/279/2121 1605/278/2120
f 828/219/977 166/221/979 1606/259/2100 2146/279/2121
f 2146/279/2121 1606/259/2100 438/154/1990 1335/151/1987
f 1605/278/2120 2146/279/2121 1335/151/1987 437/150/1986
f 206/210/929 839/213/971 2147/280/2122 1622/281/2123
f 839/213/971 167/215/973 1607/262/2103 2147/280/2122
f 2147/280/2122 1607/262/2103 439/148/1984 1346/146/1982
f 1622/281/2123 2147/280/2122 1346/146/1982 478/136/1940
f 250/76/598 841/144/969 2148/282/2124 1627/76/2125
f 841/144/969 168/145/968 1608/283/2126 2148/282/2124
f 2148/282/2124 1608/283/2126 440/145/1981 1348/144/1980
f 1627/76/2125 2148/282/2124 1348/144/1980 522/76/1611
f 208/124/920 842/205/918 2149/284/2127 1624/286/2128
f 842/205/918 155/121/912 1595/285/2129 2149/284/2127
f 2149/284/2127 1595/285/2129 427/126/1924 1349/133/1931
f 1624/286/2128 2149/284/2127 1349/133/1931 480/124/1933
f 236/124/910 843/124/907 2150/286/2130 1626/286/2131
f 843/124/907 169/124/906 1609/286/2132 2150/286/2130
f 2150/286/2130 1609/286/2132 441/124/1918 1350/124/1921
f 1626/286/2131 2150/286/2130 1350/124/1921 508/124/1923
f 169/124/906 844/124/961 2151/286/2133 1609/286/2132
f 844/124/961 170/124/960 1610/286/2134 2151/286/2133
f 2151/286/2133 1610/286/2134 442/124/1972 1351/124/1975
f 1609/286/2132 2151/286/2133 1351/124/1975 441/124/1918
f 262/79/677 865/139/944 2152/139/2135 1628/79/2136
f 865/139/944 52/138/457 1577/138/2065 2152/139/2135
f 2152/139/2135 1577/138/2065 324/138/1468 1372/139/1956
f 1628/79/2136 2152/139/2135 1372/139/1956 534/79/1693
f 187/82/693 867/93/734 2153/93/2137 1618/82/2138
f 867/93/734 180/90/679 1611/90/2139 2153/93/2137
f 2153/93/2137 1611/90/2139 452/90/1691 1374/93/1745
f 1618/82/2138 2153/93/2137 1374/93/1745 459/82/1701
f 203/82/727 868/82/730 2154/82/2140 1621/82/2141
f 868/82/730 181/82/721 1612/82/2142 2154/82/2140
f 2154/82/2140 1612/82/2142 453/82/1733 1375/82/1740
f 1621/82/2141 2154/82/2140 1375/82/1740 475/82/1739
f 181/82/721 869/82/724 2155/82/2143 1612/82/2142
f 869/82/724 182/82/715 1613/82/2144 2155/82/2143
f 2155/82/2143 1613/82/2144 454/82/1727 1376/82/1734
f 1612/82/2142 2155/82/2143 1376/82/1734 453/82/1733
f 182/82/715 870/82/718 2156/82/2145 1613/82/2144
f 870/82/718 183/82/706 1614/82/2146 2156/82/2145
f 2156/82/2145 1614/82/2146 455/82/1718 1377/82/1728
f 1613/82/2144 2156/82/2145 1377/82/1728 454/82/1727
f 183/82/706 871/82/709 2157/82/2147 1614/82/2146
f 871/82/709 184/82/714 1615/82/2148 2157/82/2147
f 2157/82/2147 1615/82/2148 456/82/1722 1378/82/1719
f 1614/82/2146 2157/82/2147 1378/82/1719 455/82/1718
f 201/82/700 872/82/703 2158/82/2149 1620/82/2150
f 872/82/703 185/82/694 1616/82/2151 2158/82/2149
f 2158/82/2149 1616/82/2151 457/82/1706 1379/82/1713
f 1620/82/2150 2158/82/2149 1379/82/1713 473/82/1712
f 185/82/694 873/82/697 2159/82/2152 1616/82/2151
f 873/82/697 186/82/685 1617/82/2153 2159/82/2152
f 2159/82/2152 1617/82/2153 458/82/1697 1380/82/1707
f 1616/82/2151 2159/82/2152 1380/82/1707 457/82/1706
f 186/82/685 874/82/688 2160/82/2154 1617/82/2153
f 874/82/688 187/82/693 1618/82/2138 2160/82/2154
f 2160/82/2154 1618/82/2138 459/82/1701 1381/82/1698
f 1617/82/2153 2160/82/2154 1381/82/1698 458/82/1697
f 184/82/714 898/82/745 2161/82/2155 1615/82/2148
f 898/82/745 200/82/749 1619/82/2156 2161/82/2155
f 2161/82/2155 1619/82/2156 472/82/1758 1405/82/1756
f 1615/82/2148 2161/82/2155 1405/82/1756 456/82/1722
f 200/82/749 899/82/751 2162/82/2157 1619/82/2156
f 899/82/751 201/82/700 1620/82/2150 2162/82/2157
f 2162/82/2157 1620/82/2150 473/82/1712 1406/82/1762
f 1619/82/2156 2162/82/2157 1406/82/1762 472/82/1758
f 156/82/743 905/195/754 2163/287/2158 1596/258/2101
f 905/195/754 203/82/727 1621/82/2141 2163/287/2158
f 2163/287/2158 1621/82/2141 475/82/1739 1412/103/1765
f 1596/258/2101 2163/287/2158 1412/103/1765 428/101/1754
f 209/204/917 909/208/927 2164/288/2159 1625/289/2160
f 909/208/927 206/210/929 1622/281/2123 2164/288/2159
f 2164/288/2159 1622/281/2123 478/136/1940 1416/134/1938
f 1625/289/2160 2164/288/2159 1416/134/1938 481/130/1928
f 170/124/960 911/124/964 2165/286/2161 1610/286/2134
f 911/124/964 207/124/924 1623/286/2162 2165/286/2161
f 2165/286/2161 1623/286/2162 479/124/1937 1418/124/1977
f 1610/286/2134 2165/286/2161 1418/124/1977 442/124/1972
f 207/124/924 913/124/922 2166/286/2163 1623/286/2162
f 913/124/922 208/124/920 1624/286/2128 2166/286/2163
f 2166/286/2163 1624/286/2128 480/124/1933 1420/124/1935
f 1623/286/2162 2166/286/2163 1420/124/1935 479/124/1937
f 155/121/912 915/202/915 2167/290/2164 1595/285/2129
f 915/202/915 209/204/917 1625/289/2160 2167/290/2164
f 2167/290/2164 1625/289/2160 481/130/1928 1422/127/1925
f 1595/285/2129 2167/290/2164 1422/127/1925 427/126/1924
f 168/145/968 979/143/966 2168/291/2165 1608/283/2126
f 979/143/966 236/124/910 1626/286/2131 2168/291/2165
f 2168/291/2165 1626/286/2131 508/124/1923 1486/143/1979
f 1608/283/2126 2168/291/2165 1486/143/1979 440/145/1981
f 28/78/82 994/77/599 2169/77/2166 1573/78/2097
f 994/77/599 250/76/598 1627/76/2125 2169/77/2166
f 2169/77/2166 1627/76/2125 522/76/1611 1501/77/1610
f 1573/78/2097 2169/77/2166 1501/77/1610 300/78/1095
f 180/90/679 1006/91/678 2170/91/2167 1611/90/2139
f 1006/91/678 262/79/677 1628/79/2136 2170/91/2167
f 2170/91/2167 1628/79/2136 534/79/1693 1513/91/1692
f 1611/90/2139 2170/91/2167 1513/91/1692 452/90/1691
