<?xml version="1.0" encoding="utf-8"?>
<COLLADA xmlns="http://www.collada.org/2005/11/COLLADASchema" version="1.4.1" xmlns:xsi="http://www.w3.org/2001/XMLSchema-instance">
  <asset>
    <contributor>
      <author>Blender User</author>
      <authoring_tool>Blender 4.4.3 commit date:2025-04-29, commit time:14:09, hash:802179c51ccc</authoring_tool>
    </contributor>
    <created>2025-06-16T13:25:53</created>
    <modified>2025-06-16T13:25:53</modified>
    <unit name="meter" meter="1"/>
    <up_axis>Z_UP</up_axis>
  </asset>
  <library_effects>
    <effect id="Yellow-effect">
      <profile_COMMON>
        <technique sid="common">
          <lambert>
            <emission>
              <color sid="emission">0 0 0 1</color>
            </emission>
            <diffuse>
              <color sid="diffuse">1 0.7605254 0 1</color>
            </diffuse>
            <index_of_refraction>
              <float sid="ior">1.5</float>
            </index_of_refraction>
          </lambert>
        </technique>
      </profile_COMMON>
    </effect>
    <effect id="Pink-effect">
      <profile_COMMON>
        <technique sid="common">
          <lambert>
            <emission>
              <color sid="emission">0 0 0 1</color>
            </emission>
            <diffuse>
              <color sid="diffuse">0.846869 0 0.2622508 1</color>
            </diffuse>
            <index_of_refraction>
              <float sid="ior">1.45</float>
            </index_of_refraction>
          </lambert>
        </technique>
      </profile_COMMON>
    </effect>
    <effect id="Material_001-effect">
      <profile_COMMON>
        <technique sid="common">
          <lambert>
            <emission>
              <color sid="emission">0 0 0 1</color>
            </emission>
            <diffuse>
              <color sid="diffuse">0.2202572 0.2202572 0.2202572 1</color>
            </diffuse>
            <index_of_refraction>
              <float sid="ior">1.45</float>
            </index_of_refraction>
          </lambert>
        </technique>
      </profile_COMMON>
    </effect>
  </library_effects>
  <library_images/>
  <library_materials>
    <material id="Yellow-material" name="Yellow">
      <instance_effect url="#Yellow-effect"/>
    </material>
    <material id="Pink-material" name="Pink">
      <instance_effect url="#Pink-effect"/>
    </material>
    <material id="Material_001-material" name="Material.001">
      <instance_effect url="#Material_001-effect"/>
    </material>
  </library_materials>
  <library_geometries>
    <geometry id="Cube_003-mesh" name="Cube.003">
      <mesh>
        <source id="Cube_003-mesh-positions">
          <float_array id="Cube_003-mesh-positions-array" count="36">0.5376851 -0.1543049 -0.1448059 0.5348332 -0.151453 -0.1426429 0.3262301 -0.1543049 -0.1448059 0.329082 -0.151453 -0.1426429 0.5376851 0.154305 -0.1448059 0.5348332 0.1514531 -0.1426429 0.3262301 0.154305 -0.1448059 0.329082 0.1514531 -0.1426429 0.5494326 -0.1714498 -0.005226016 0.3144826 -0.1714498 -0.005226016 0.3144826 0.17145 -0.005226016 0.5494326 0.17145 -0.005226016</float_array>
          <technique_common>
            <accessor source="#Cube_003-mesh-positions-array" count="12" stride="3">
              <param name="X" type="float"/>
              <param name="Y" type="float"/>
              <param name="Z" type="float"/>
            </accessor>
          </technique_common>
        </source>
        <source id="Cube_003-mesh-normals">
          <float_array id="Cube_003-mesh-normals-array" count="54">0 -0.9925404 -0.1219167 -0.9964771 0 -0.08386683 0 0.9925404 -0.1219165 0.996477 0 -0.08386707 0 0 -1 0 0 1 0 0.9895773 0.1440029 0.9944037 0 0.1056473 0 -0.9895772 0.1440032 -0.9944037 0 0.1056475 0 -0.9925404 -0.1219164 -0.9964771 0 -0.08386683 0 0.9925404 -0.1219165 0.996477 0 -0.08386707 0 0.9895772 0.1440035 0.9944038 0 0.1056472 0 -0.9895772 0.144003 -0.9944037 0 0.1056475</float_array>
          <technique_common>
            <accessor source="#Cube_003-mesh-normals-array" count="18" stride="3">
              <param name="X" type="float"/>
              <param name="Y" type="float"/>
              <param name="Z" type="float"/>
            </accessor>
          </technique_common>
        </source>
        <source id="Cube_003-mesh-map-0">
          <float_array id="Cube_003-mesh-map-0-array" count="120">0.375 0 0.625 0.25 0.375 0.25 0.625 0.25 0.375 0.5 0.375 0.25 0.375 0.5 0.625 0.75 0.375 0.75 0.625 0.75 0.375 1 0.375 0.75 0.375 0.5 0.125 0.75 0.125 0.5 0.8726897 0.5033718 0.6273102 0.7466282 0.6273102 0.5033717 0.8726897 0.7466282 0.8750001 0.5 0.8750001 0.75 0.6273102 0.5033717 0.8750001 0.5 0.8726897 0.5033718 0.6273102 0.5033717 0.625 0.75 0.625 0.5 0.8726897 0.7466282 0.625 0.75 0.6273102 0.7466282 0.375 0 0.625 0 0.625 0.25 0.625 0.25 0.625 0.5 0.375 0.5 0.375 0.5 0.625 0.5 0.625 0.75 0.625 0.75 0.625 1 0.375 1 0.375 0.5 0.375 0.75 0.125 0.75 0.8726897 0.5033718 0.8726897 0.7466282 0.6273102 0.7466282 0.8726897 0.7466282 0.8726897 0.5033718 0.8750001 0.5 0.6273102 0.5033717 0.625 0.5 0.8750001 0.5 0.6273102 0.5033717 0.6273102 0.7466282 0.625 0.75 0.8726897 0.7466282 0.8750001 0.75 0.625 0.75</float_array>
          <technique_common>
            <accessor source="#Cube_003-mesh-map-0-array" count="60" stride="2">
              <param name="S" type="float"/>
              <param name="T" type="float"/>
            </accessor>
          </technique_common>
        </source>
        <vertices id="Cube_003-mesh-vertices">
          <input semantic="POSITION" source="#Cube_003-mesh-positions"/>
        </vertices>
        <triangles material="Yellow-material" count="20">
          <input semantic="VERTEX" source="#Cube_003-mesh-vertices" offset="0"/>
          <input semantic="NORMAL" source="#Cube_003-mesh-normals" offset="1"/>
          <input semantic="TEXCOORD" source="#Cube_003-mesh-map-0" offset="2" set="0"/>
          <p>0 0 0 9 0 1 2 0 2 9 1 3 6 1 4 2 1 5 6 2 6 11 2 7 4 2 8 11 3 9 0 3 10 4 3 11 6 4 12 0 4 13 2 4 14 3 5 15 5 5 16 7 5 17 1 6 18 9 6 19 8 6 20 7 7 21 9 7 22 3 7 23 7 8 24 11 8 25 10 8 26 1 9 27 11 9 28 5 9 29 0 10 30 8 10 31 9 10 32 9 11 33 10 11 34 6 11 35 6 12 36 10 12 37 11 12 38 11 13 39 8 13 40 0 13 41 6 4 42 4 4 43 0 4 44 3 5 45 1 5 46 5 5 47 1 14 48 3 14 49 9 14 50 7 15 51 10 15 52 9 15 53 7 16 54 5 16 55 11 16 56 1 17 57 8 17 58 11 17 59</p>
        </triangles>
      </mesh>
    </geometry>
    <geometry id="Cube_004-mesh" name="Cube.004">
      <mesh>
        <source id="Cube_004-mesh-positions">
          <float_array id="Cube_004-mesh-positions-array" count="36">-0.3274103 -0.1543049 -0.1448059 -0.3302623 -0.151453 -0.1426429 -0.5388653 -0.1543049 -0.1448059 -0.5360134 -0.151453 -0.1426429 -0.3274103 0.154305 -0.1448059 -0.3302623 0.1514531 -0.1426429 -0.5388653 0.154305 -0.1448059 -0.5360134 0.1514531 -0.1426429 -0.3156628 -0.1714498 -0.005226016 -0.5506128 -0.1714498 -0.005226016 -0.5506129 0.17145 -0.005226016 -0.3156628 0.17145 -0.005226016</float_array>
          <technique_common>
            <accessor source="#Cube_004-mesh-positions-array" count="12" stride="3">
              <param name="X" type="float"/>
              <param name="Y" type="float"/>
              <param name="Z" type="float"/>
            </accessor>
          </technique_common>
        </source>
        <source id="Cube_004-mesh-normals">
          <float_array id="Cube_004-mesh-normals-array" count="54">0 -0.9925404 -0.1219167 -0.9964771 0 -0.08386665 0 0.9925404 -0.1219166 0.9964771 0 -0.08386683 0 0 -1 0 0 1 0 0.9895773 0.1440032 0.9944037 0 0.105647 0 -0.9895772 0.1440034 -0.9944037 0 0.1056479 0 -0.9925404 -0.1219165 -0.996477 -3.1024e-7 -0.08386743 0 0.9925404 -0.1219165 0.9964771 0 -0.08386683 0 0.9895772 0.1440033 0.9944037 0 0.1056478 0 -0.9895773 0.144003 -0.9944036 0 0.1056479</float_array>
          <technique_common>
            <accessor source="#Cube_004-mesh-normals-array" count="18" stride="3">
              <param name="X" type="float"/>
              <param name="Y" type="float"/>
              <param name="Z" type="float"/>
            </accessor>
          </technique_common>
        </source>
        <source id="Cube_004-mesh-map-0">
          <float_array id="Cube_004-mesh-map-0-array" count="120">0.375 0 0.625 0.25 0.375 0.25 0.625 0.25 0.375 0.5 0.375 0.25 0.375 0.5 0.625 0.75 0.375 0.75 0.625 0.75 0.375 1 0.375 0.75 0.375 0.5 0.125 0.75 0.125 0.5 0.8726897 0.5033718 0.6273102 0.7466282 0.6273102 0.5033717 0.8726897 0.7466282 0.8750001 0.5 0.8750001 0.75 0.6273102 0.5033717 0.8750001 0.5 0.8726897 0.5033718 0.6273102 0.5033717 0.625 0.75 0.625 0.5 0.8726897 0.7466282 0.625 0.75 0.6273102 0.7466282 0.375 0 0.625 0 0.625 0.25 0.625 0.25 0.625 0.5 0.375 0.5 0.375 0.5 0.625 0.5 0.625 0.75 0.625 0.75 0.625 1 0.375 1 0.375 0.5 0.375 0.75 0.125 0.75 0.8726897 0.5033718 0.8726897 0.7466282 0.6273102 0.7466282 0.8726897 0.7466282 0.8726897 0.5033718 0.8750001 0.5 0.6273102 0.5033717 0.625 0.5 0.8750001 0.5 0.6273102 0.5033717 0.6273102 0.7466282 0.625 0.75 0.8726897 0.7466282 0.8750001 0.75 0.625 0.75</float_array>
          <technique_common>
            <accessor source="#Cube_004-mesh-map-0-array" count="60" stride="2">
              <param name="S" type="float"/>
              <param name="T" type="float"/>
            </accessor>
          </technique_common>
        </source>
        <vertices id="Cube_004-mesh-vertices">
          <input semantic="POSITION" source="#Cube_004-mesh-positions"/>
        </vertices>
        <triangles material="Pink-material" count="20">
          <input semantic="VERTEX" source="#Cube_004-mesh-vertices" offset="0"/>
          <input semantic="NORMAL" source="#Cube_004-mesh-normals" offset="1"/>
          <input semantic="TEXCOORD" source="#Cube_004-mesh-map-0" offset="2" set="0"/>
          <p>0 0 0 9 0 1 2 0 2 9 1 3 6 1 4 2 1 5 6 2 6 11 2 7 4 2 8 11 3 9 0 3 10 4 3 11 6 4 12 0 4 13 2 4 14 3 5 15 5 5 16 7 5 17 1 6 18 9 6 19 8 6 20 7 7 21 9 7 22 3 7 23 7 8 24 11 8 25 10 8 26 1 9 27 11 9 28 5 9 29 0 10 30 8 10 31 9 10 32 9 11 33 10 11 34 6 11 35 6 12 36 10 12 37 11 12 38 11 13 39 8 13 40 0 13 41 6 4 42 4 4 43 0 4 44 3 5 45 1 5 46 5 5 47 1 14 48 3 14 49 9 14 50 7 15 51 10 15 52 9 15 53 7 16 54 5 16 55 11 16 56 1 17 57 8 17 58 11 17 59</p>
        </triangles>
      </mesh>
    </geometry>
    <geometry id="Cube_005-mesh" name="Cube.005">
      <mesh>
        <source id="Cube_005-mesh-positions">
          <float_array id="Cube_005-mesh-positions-array" count="9948">-0.272611 -0.2700882 -0.08909034 -0.272611 -0.2700882 -0.09258681 -0.272611 0.2818609 -0.08909034 -0.272611 0.2818609 -0.09258681 0.2793382 -0.2700882 -0.08909034 0.2793382 -0.2700882 -0.09258681 0.2793382 0.2818609 -0.08909034 0.2793382 0.2818609 -0.09258681 0.3032491 0.3379786 0.00999999 0.3052 0.3379786 0.009807825 0.3070759 0.3379786 0.009238779 0.3088048 0.3379786 0.008314669 0.3103201 0.3379786 0.007071018 0.3115637 0.3379786 0.005555689 0.3124879 0.3379786 0.003826797 0.313057 0.3379786 0.00195086 0.3132491 0.3379786 0 0.313057 0.3379786 -0.00195086 0.3124879 0.3379786 -0.003826797 0.3115637 0.3379786 -0.005555689 0.3103201 0.3379786 -0.007071018 0.3088048 0.3379786 -0.008314669 0.3070759 0.3379786 -0.009238779 0.3052 0.3379786 -0.009807825 0.3032491 0.3379786 -0.00999999 0.3012982 0.3379786 -0.009807825 0.2994223 0.3379786 -0.009238779 0.2976934 0.3379786 -0.008314669 0.296178 0.3379786 -0.007071018 0.2949344 0.3379786 -0.005555689 0.2940103 0.3379786 -0.003826797 0.2934412 0.3379786 -0.00195086 0.2932491 0.3379786 0 0.2934412 0.3379786 0.00195086 0.2940103 0.3379786 0.003826797 0.2949344 0.3379786 0.005555689 0.296178 0.3379786 0.007071018 0.2976934 0.3379786 0.008314669 0.2994223 0.3379786 0.009238779 0.3012982 0.3379786 0.009807825 0.3032491 0.3079786 0.00999999 0.3052 0.3079786 0.009807825 0.3070759 0.3079786 0.009238779 0.3088048 0.3079786 0.008314669 0.3103201 0.3079786 0.007071018 0.3115637 0.3079786 0.005555689 0.3124879 0.3079786 0.003826797 0.313057 0.3079786 0.00195086 0.3132491 0.3079786 0 0.313057 0.3079786 -0.00195086 0.3124879 0.3079786 -0.003826797 0.3115637 0.3079786 -0.005555689 0.3103201 0.3079786 -0.007071018 0.3088048 0.3079786 -0.008314669 0.3070759 0.3079786 -0.009238779 0.3052 0.3079786 -0.009807825 0.3032491 0.3079786 -0.00999999 0.3012982 0.3099295 -0.009807825 0.2994223 0.3118054 -0.009238779 0.2976934 0.3135343 -0.008314669 0.296178 0.3150497 -0.007071018 0.2949344 0.3162933 -0.005555689 0.2940103 0.3172174 -0.003826797 0.2934412 0.3177865 -0.00195086 0.2932491 0.3179786 0 0.2934412 0.3177865 0.00195086 0.2940103 0.3172174 0.003826797 0.2949344 0.3162933 0.005555689 0.296178 0.3150497 0.007071018 0.2976934 0.3135343 0.008314669 0.2994223 0.3118054 0.009238779 0.3012982 0.3099295 0.009807825 0.3012982 0.3060277 0.009807825 0.2994223 0.3041518 0.009238779 0.2976934 0.3024229 0.008314669 0.296178 0.3009076 0.007071018 0.2949344 0.2996639 0.005555689 0.2940103 0.2987398 0.003826797 0.2934412 0.2981708 0.00195086 0.2932491 0.2979786 0 0.2934412 0.2981708 -0.00195086 0.2940103 0.2987398 -0.003826797 0.2949344 0.2996639 -0.005555689 0.296178 0.3009076 -0.007071018 0.2976934 0.3024229 -0.008314669 0.2994223 0.3041518 -0.009238779 0.3012982 0.3060277 -0.009807825 0.2732491 0.3079786 0.00999999 0.2732491 0.3060277 0.009807825 0.2732491 0.3041518 0.009238779 0.2732491 0.3024229 0.008314669 0.2732491 0.3009076 0.007071018 0.2732491 0.299664 0.005555689 0.2732491 0.2987398 0.003826797 0.2732491 0.2981708 0.00195086 0.2732491 0.2979786 0 0.2732491 0.2981708 -0.00195086 0.2732491 0.2987398 -0.003826797 0.2732491 0.299664 -0.005555689 0.2732491 0.3009076 -0.007071018 0.2732491 0.3024229 -0.008314669 0.2732491 0.3041518 -0.009238779 0.2732491 0.3060277 -0.009807825 0.2732491 0.3079786 -0.00999999 0.2732491 0.3099295 -0.009807825 0.2732491 0.3118054 -0.009238779 0.2732491 0.3135343 -0.008314669 0.2732491 0.3150497 -0.007071018 0.2732491 0.3162933 -0.005555689 0.2732491 0.3172174 -0.003826797 0.2732491 0.3177865 -0.00195086 0.2732491 0.3179786 0 0.2732491 0.3177865 0.00195086 0.2732491 0.3172174 0.003826797 0.2732491 0.3162933 0.005555689 0.2732491 0.3150497 0.007071018 0.2732491 0.3135343 0.008314669 0.2732491 0.3118054 0.009238779 0.2732491 0.3099295 0.009807825 0.3032491 0.2779787 0.00999999 0.3052 0.2779787 0.009807825 0.3070759 0.2779787 0.009238719 0.3088048 0.2779787 0.008314669 0.3103201 0.2779787 0.007071018 0.3115637 0.2779787 0.005555689 0.3124879 0.2779787 0.003826797 0.313057 0.2779787 0.00195086 0.3132491 0.2779787 0 0.313057 0.2779787 -0.00195086 0.3124879 0.2779787 -0.003826797 0.3115637 0.2779787 -0.005555689 0.3103201 0.2779787 -0.007071018 0.3088048 0.2779787 -0.008314669 0.3070759 0.2779787 -0.009238779 0.3052 0.2779787 -0.009807825 0.3032491 0.2779787 -0.00999999 0.3012982 0.2779787 -0.009807825 0.2994223 0.2779787 -0.009238779 0.2976934 0.2779787 -0.008314669 0.296178 0.2779787 -0.007071018 0.2949344 0.2779787 -0.005555689 0.2940103 0.2779787 -0.003826797 0.2934412 0.2779787 -0.00195086 0.2932491 0.2779787 0 0.2934412 0.2779787 0.00195086 0.2940103 0.2779787 0.003826797 0.2949344 0.2779787 0.005555689 0.296178 0.2779787 0.007071018 0.2976934 0.2779787 0.008314669 0.2994223 0.2779787 0.009238719 0.3012982 0.2779787 0.009807825 0.3032491 -0.2641062 0.00999999 0.3052 -0.2641062 0.009807825 0.3070759 -0.2641062 0.009238779 0.3088048 -0.2641062 0.008314669 0.3103201 -0.2641062 0.007071018 0.3115637 -0.2641062 0.005555689 0.3124879 -0.2641062 0.003826797 0.313057 -0.2641062 0.00195086 0.3132491 -0.2641062 0 0.313057 -0.2641062 -0.00195086 0.3124879 -0.2641062 -0.003826797 0.3115637 -0.2641062 -0.005555689 0.3103201 -0.2641062 -0.007071018 0.3088048 -0.2641062 -0.008314669 0.3070759 -0.2641062 -0.009238779 0.3052 -0.2641062 -0.009807825 0.3032491 -0.2641062 -0.00999999 0.3012982 -0.2641062 -0.009807825 0.2994223 -0.2641062 -0.009238779 0.2976934 -0.2641062 -0.008314669 0.296178 -0.2641062 -0.007071018 0.2949344 -0.2641062 -0.005555689 0.2940103 -0.2641062 -0.003826797 0.2934412 -0.2641062 -0.00195086 0.2932491 -0.2641062 0 0.2934412 -0.2641062 0.00195086 0.2940103 -0.2641062 0.003826797 0.2949344 -0.2641062 0.005555689 0.296178 -0.2641062 0.007071018 0.2976934 -0.2641062 0.008314669 0.2994223 -0.2641062 0.009238779 0.3012982 -0.2641062 0.009807825 0.3032491 -0.2941061 0.00999999 0.3052 -0.2941061 0.009807825 0.3070759 -0.2941061 0.009238779 0.3088048 -0.2941061 0.008314669 0.3103201 -0.2941061 0.007071018 0.3115637 -0.2941061 0.005555689 0.3124879 -0.2941061 0.003826797 0.313057 -0.2941061 0.00195086 0.3132491 -0.2941061 0 0.313057 -0.2941061 -0.00195086 0.3124879 -0.2941061 -0.003826797 0.3115637 -0.2941061 -0.005555689 0.3103201 -0.2941061 -0.007071018 0.3088048 -0.2941061 -0.008314669 0.3070759 -0.2941061 -0.009238779 0.3052 -0.2941061 -0.009807825 0.3032491 -0.2941061 -0.00999999 0.3012982 -0.2921552 -0.009807825 0.2994223 -0.2902793 -0.009238779 0.2976934 -0.2885504 -0.008314669 0.296178 -0.2870351 -0.007071018 0.2949344 -0.2857914 -0.005555689 0.2940103 -0.2848674 -0.003826797 0.2934412 -0.2842983 -0.00195086 0.2932491 -0.2841061 0 0.2934412 -0.2842983 0.00195086 0.2940103 -0.2848674 0.003826797 0.2949344 -0.2857914 0.005555689 0.296178 -0.2870351 0.007071018 0.2976934 -0.2885504 0.008314669 0.2994223 -0.2902793 0.009238779 0.3012982 -0.2921552 0.009807825 0.3012982 -0.2960571 0.009807825 0.2994223 -0.2979329 0.009238779 0.2976934 -0.2996618 0.008314669 0.296178 -0.3011772 0.007071018 0.2949344 -0.3024208 0.005555689 0.2940103 -0.3033449 0.003826797 0.2934412 -0.303914 0.00195086 0.2932491 -0.3041061 0 0.2934412 -0.303914 -0.00195086 0.2940103 -0.3033449 -0.003826797 0.2949344 -0.3024208 -0.005555689 0.296178 -0.3011772 -0.007071018 0.2976934 -0.2996618 -0.008314669 0.2994223 -0.2979329 -0.009238779 0.3012982 -0.2960571 -0.009807825 0.2732491 -0.2941061 0.00999999 0.2732491 -0.2960571 0.009807825 0.2732491 -0.2979329 0.009238779 0.2732491 -0.2996618 0.008314669 0.2732491 -0.3011772 0.007071018 0.2732491 -0.3024208 0.005555689 0.2732491 -0.3033449 0.003826797 0.2732491 -0.303914 0.00195086 0.2732491 -0.3041061 0 0.2732491 -0.303914 -0.00195086 0.2732491 -0.3033449 -0.003826797 0.2732491 -0.3024208 -0.005555689 0.2732491 -0.3011772 -0.007071018 0.2732491 -0.2996618 -0.008314669 0.2732491 -0.2979329 -0.009238779 0.2732491 -0.2960571 -0.009807825 0.2732491 -0.2941061 -0.00999999 0.2732491 -0.2921552 -0.009807825 0.2732491 -0.2902793 -0.009238779 0.2732491 -0.2885504 -0.008314669 0.2732491 -0.2870351 -0.007071018 0.2732491 -0.2857914 -0.005555689 0.2732491 -0.2848674 -0.003826797 0.2732491 -0.2842983 -0.00195086 0.2732491 -0.2841061 0 0.2732491 -0.2842983 0.00195086 0.2732491 -0.2848674 0.003826797 0.2732491 -0.2857914 0.005555689 0.2732491 -0.2870351 0.007071018 0.2732491 -0.2885504 0.008314669 0.2732491 -0.2902793 0.009238779 0.2732491 -0.2921552 0.009807825 0.3032491 -0.3241061 0.00999999 0.3052 -0.3241061 0.009807825 0.3070759 -0.3241061 0.009238719 0.3088048 -0.3241061 0.008314669 0.3103201 -0.3241061 0.007071018 0.3115637 -0.3241061 0.005555689 0.3124879 -0.3241061 0.003826797 0.313057 -0.3241061 0.00195086 0.3132491 -0.3241061 0 0.313057 -0.3241061 -0.00195086 0.3124879 -0.3241061 -0.003826797 0.3115637 -0.3241061 -0.005555689 0.3103201 -0.3241061 -0.007071018 0.3088048 -0.3241061 -0.008314669 0.3070759 -0.3241061 -0.009238779 0.3052 -0.3241061 -0.009807825 0.3032491 -0.3241061 -0.00999999 0.3012982 -0.3241061 -0.009807825 0.2994223 -0.3241061 -0.009238779 0.2976934 -0.3241061 -0.008314669 0.296178 -0.3241061 -0.007071018 0.2949344 -0.3241061 -0.005555689 0.2940103 -0.3241061 -0.003826797 0.2934412 -0.3241061 -0.00195086 0.2932491 -0.3241061 0 0.2934412 -0.3241061 0.00195086 0.2940103 -0.3241061 0.003826797 0.2949344 -0.3241061 0.005555689 0.296178 -0.3241061 0.007071018 0.2976934 -0.3241061 0.008314669 0.2994223 -0.3241061 0.009238719 0.3012982 -0.3241061 0.009807825 -0.2929493 0.3379786 0.00999999 -0.2949002 0.3379786 0.009807825 -0.2967762 0.3379786 0.009238779 -0.298505 0.3379786 0.008314669 -0.3000204 0.3379786 0.007071018 -0.301264 0.3379786 0.005555689 -0.3021881 0.3379786 0.003826797 -0.3027572 0.3379786 0.00195086 -0.3029493 0.3379786 0 -0.3027572 0.3379786 -0.00195086 -0.3021881 0.3379786 -0.003826797 -0.301264 0.3379786 -0.005555689 -0.3000204 0.3379786 -0.007071018 -0.298505 0.3379786 -0.008314669 -0.2967762 0.3379786 -0.009238779 -0.2949002 0.3379786 -0.009807825 -0.2929493 0.3379786 -0.00999999 -0.2909984 0.3379786 -0.009807825 -0.2891225 0.3379786 -0.009238779 -0.2873936 0.3379786 -0.008314669 -0.2858783 0.3379786 -0.007071018 -0.2846347 0.3379786 -0.005555689 -0.2837105 0.3379786 -0.003826797 -0.2831415 0.3379786 -0.00195086 -0.2829493 0.3379786 0 -0.2831415 0.3379786 0.00195086 -0.2837105 0.3379786 0.003826797 -0.2846347 0.3379786 0.005555689 -0.2858783 0.3379786 0.007071018 -0.2873936 0.3379786 0.008314669 -0.2891225 0.3379786 0.009238779 -0.2909984 0.3379786 0.009807825 -0.2929493 0.3079786 0.00999999 -0.2949002 0.3079786 0.009807825 -0.2967762 0.3079786 0.009238779 -0.298505 0.3079786 0.008314669 -0.3000204 0.3079786 0.007071018 -0.301264 0.3079786 0.005555689 -0.3021881 0.3079786 0.003826797 -0.3027572 0.3079786 0.00195086 -0.3029493 0.3079786 0 -0.3027572 0.3079786 -0.00195086 -0.3021881 0.3079786 -0.003826797 -0.301264 0.3079786 -0.005555689 -0.3000204 0.3079786 -0.007071018 -0.298505 0.3079786 -0.008314669 -0.2967762 0.3079786 -0.009238779 -0.2949002 0.3079786 -0.009807825 -0.2929493 0.3079786 -0.00999999 -0.2909984 0.3099295 -0.009807825 -0.2891225 0.3118054 -0.009238779 -0.2873936 0.3135343 -0.008314669 -0.2858783 0.3150497 -0.007071018 -0.2846347 0.3162933 -0.005555689 -0.2837105 0.3172174 -0.003826797 -0.2831415 0.3177865 -0.00195086 -0.2829493 0.3179786 0 -0.2831415 0.3177865 0.00195086 -0.2837105 0.3172174 0.003826797 -0.2846347 0.3162933 0.005555689 -0.2858783 0.3150497 0.007071018 -0.2873936 0.3135343 0.008314669 -0.2891225 0.3118054 0.009238779 -0.2909984 0.3099295 0.009807825 -0.2909984 0.3060277 0.009807825 -0.2891225 0.3041518 0.009238779 -0.2873936 0.3024229 0.008314669 -0.2858783 0.3009076 0.007071018 -0.2846347 0.2996639 0.005555689 -0.2837105 0.2987398 0.003826797 -0.2831415 0.2981708 0.00195086 -0.2829493 0.2979786 0 -0.2831415 0.2981708 -0.00195086 -0.2837105 0.2987398 -0.003826797 -0.2846347 0.2996639 -0.005555689 -0.2858783 0.3009076 -0.007071018 -0.2873936 0.3024229 -0.008314669 -0.2891225 0.3041518 -0.009238779 -0.2909984 0.3060277 -0.009807825 -0.2629494 0.3079786 0.00999999 -0.2629494 0.3060277 0.009807825 -0.2629494 0.3041518 0.009238779 -0.2629494 0.3024229 0.008314669 -0.2629494 0.3009076 0.007071018 -0.2629494 0.299664 0.005555689 -0.2629494 0.2987398 0.003826797 -0.2629494 0.2981708 0.00195086 -0.2629494 0.2979786 0 -0.2629494 0.2981708 -0.00195086 -0.2629494 0.2987398 -0.003826797 -0.2629494 0.299664 -0.005555689 -0.2629494 0.3009076 -0.007071018 -0.2629494 0.3024229 -0.008314669 -0.2629494 0.3041518 -0.009238779 -0.2629494 0.3060277 -0.009807825 -0.2629494 0.3079786 -0.00999999 -0.2629494 0.3099295 -0.009807825 -0.2629494 0.3118054 -0.009238779 -0.2629494 0.3135343 -0.008314669 -0.2629494 0.3150497 -0.007071018 -0.2629494 0.3162933 -0.005555689 -0.2629494 0.3172174 -0.003826797 -0.2629494 0.3177865 -0.00195086 -0.2629494 0.3179786 0 -0.2629494 0.3177865 0.00195086 -0.2629494 0.3172174 0.003826797 -0.2629494 0.3162933 0.005555689 -0.2629494 0.3150497 0.007071018 -0.2629494 0.3135343 0.008314669 -0.2629494 0.3118054 0.009238779 -0.2629494 0.3099295 0.009807825 -0.2929493 0.2779787 0.00999999 -0.2949002 0.2779787 0.009807825 -0.2967762 0.2779787 0.009238719 -0.298505 0.2779787 0.008314669 -0.3000204 0.2779787 0.007071018 -0.301264 0.2779787 0.005555689 -0.3021881 0.2779787 0.003826797 -0.3027572 0.2779787 0.00195086 -0.3029493 0.2779787 0 -0.3027572 0.2779787 -0.00195086 -0.3021881 0.2779787 -0.003826797 -0.301264 0.2779787 -0.005555689 -0.3000204 0.2779787 -0.007071018 -0.298505 0.2779787 -0.008314669 -0.2967762 0.2779787 -0.009238779 -0.2949002 0.2779787 -0.009807825 -0.2929493 0.2779787 -0.00999999 -0.2909984 0.2779787 -0.009807825 -0.2891225 0.2779787 -0.009238779 -0.2873936 0.2779787 -0.008314669 -0.2858783 0.2779787 -0.007071018 -0.2846347 0.2779787 -0.005555689 -0.2837105 0.2779787 -0.003826797 -0.2831415 0.2779787 -0.00195086 -0.2829493 0.2779787 0 -0.2831415 0.2779787 0.00195086 -0.2837105 0.2779787 0.003826797 -0.2846347 0.2779787 0.005555689 -0.2858783 0.2779787 0.007071018 -0.2873936 0.2779787 0.008314669 -0.2891225 0.2779787 0.009238719 -0.2909984 0.2779787 0.009807825 -0.2929493 -0.2641062 0.00999999 -0.2949002 -0.2641062 0.009807825 -0.2967762 -0.2641062 0.009238779 -0.298505 -0.2641062 0.008314669 -0.3000204 -0.2641062 0.007071018 -0.301264 -0.2641062 0.005555689 -0.3021881 -0.2641062 0.003826797 -0.3027572 -0.2641062 0.00195086 -0.3029493 -0.2641062 0 -0.3027572 -0.2641062 -0.00195086 -0.3021881 -0.2641062 -0.003826797 -0.301264 -0.2641062 -0.005555689 -0.3000204 -0.2641062 -0.007071018 -0.298505 -0.2641062 -0.008314669 -0.2967762 -0.2641062 -0.009238779 -0.2949002 -0.2641062 -0.009807825 -0.2929493 -0.2641062 -0.00999999 -0.2909984 -0.2641062 -0.009807825 -0.2891225 -0.2641062 -0.009238779 -0.2873936 -0.2641062 -0.008314669 -0.2858783 -0.2641062 -0.007071018 -0.2846347 -0.2641062 -0.005555689 -0.2837105 -0.2641062 -0.003826797 -0.2831415 -0.2641062 -0.00195086 -0.2829493 -0.2641062 0 -0.2831415 -0.2641062 0.00195086 -0.2837105 -0.2641062 0.003826797 -0.2846347 -0.2641062 0.005555689 -0.2858783 -0.2641062 0.007071018 -0.2873936 -0.2641062 0.008314669 -0.2891225 -0.2641062 0.009238779 -0.2909984 -0.2641062 0.009807825 -0.2929493 -0.2941061 0.00999999 -0.2949002 -0.2941061 0.009807825 -0.2967762 -0.2941061 0.009238779 -0.298505 -0.2941061 0.008314669 -0.3000204 -0.2941061 0.007071018 -0.301264 -0.2941061 0.005555689 -0.3021881 -0.2941061 0.003826797 -0.3027572 -0.2941061 0.00195086 -0.3029493 -0.2941061 0 -0.3027572 -0.2941061 -0.00195086 -0.3021881 -0.2941061 -0.003826797 -0.301264 -0.2941061 -0.005555689 -0.3000204 -0.2941061 -0.007071018 -0.298505 -0.2941061 -0.008314669 -0.2967762 -0.2941061 -0.009238779 -0.2949002 -0.2941061 -0.009807825 -0.2929493 -0.2941061 -0.00999999 -0.2909984 -0.2921552 -0.009807825 -0.2891225 -0.2902793 -0.009238779 -0.2873936 -0.2885504 -0.008314669 -0.2858783 -0.2870351 -0.007071018 -0.2846347 -0.2857914 -0.005555689 -0.2837105 -0.2848674 -0.003826797 -0.2831415 -0.2842983 -0.00195086 -0.2829493 -0.2841061 0 -0.2831415 -0.2842983 0.00195086 -0.2837105 -0.2848674 0.003826797 -0.2846347 -0.2857914 0.005555689 -0.2858783 -0.2870351 0.007071018 -0.2873936 -0.2885504 0.008314669 -0.2891225 -0.2902793 0.009238779 -0.2909984 -0.2921552 0.009807825 -0.2909984 -0.2960571 0.009807825 -0.2891225 -0.2979329 0.009238779 -0.2873936 -0.2996618 0.008314669 -0.2858783 -0.3011772 0.007071018 -0.2846347 -0.3024208 0.005555689 -0.2837105 -0.3033449 0.003826797 -0.2831415 -0.303914 0.00195086 -0.2829493 -0.3041061 0 -0.2831415 -0.303914 -0.00195086 -0.2837105 -0.3033449 -0.003826797 -0.2846347 -0.3024208 -0.005555689 -0.2858783 -0.3011772 -0.007071018 -0.2873936 -0.2996618 -0.008314669 -0.2891225 -0.2979329 -0.009238779 -0.2909984 -0.2960571 -0.009807825 -0.2629494 -0.2941061 0.00999999 -0.2629494 -0.2960571 0.009807825 -0.2629494 -0.2979329 0.009238779 -0.2629494 -0.2996618 0.008314669 -0.2629494 -0.3011772 0.007071018 -0.2629494 -0.3024208 0.005555689 -0.2629494 -0.3033449 0.003826797 -0.2629494 -0.303914 0.00195086 -0.2629494 -0.3041061 0 -0.2629494 -0.303914 -0.00195086 -0.2629494 -0.3033449 -0.003826797 -0.2629494 -0.3024208 -0.005555689 -0.2629494 -0.3011772 -0.007071018 -0.2629494 -0.2996618 -0.008314669 -0.2629494 -0.2979329 -0.009238779 -0.2629494 -0.2960571 -0.009807825 -0.2629494 -0.2941061 -0.00999999 -0.2629494 -0.2921552 -0.009807825 -0.2629494 -0.2902793 -0.009238779 -0.2629494 -0.2885504 -0.008314669 -0.2629494 -0.2870351 -0.007071018 -0.2629494 -0.2857914 -0.005555689 -0.2629494 -0.2848674 -0.003826797 -0.2629494 -0.2842983 -0.00195086 -0.2629494 -0.2841061 0 -0.2629494 -0.2842983 0.00195086 -0.2629494 -0.2848674 0.003826797 -0.2629494 -0.2857914 0.005555689 -0.2629494 -0.2870351 0.007071018 -0.2629494 -0.2885504 0.008314669 -0.2629494 -0.2902793 0.009238779 -0.2629494 -0.2921552 0.009807825 -0.2929493 -0.3241061 0.00999999 -0.2949002 -0.3241061 0.009807825 -0.2967762 -0.3241061 0.009238719 -0.298505 -0.3241061 0.008314669 -0.3000204 -0.3241061 0.007071018 -0.301264 -0.3241061 0.005555689 -0.3021881 -0.3241061 0.003826797 -0.3027572 -0.3241061 0.00195086 -0.3029493 -0.3241061 0 -0.3027572 -0.3241061 -0.00195086 -0.3021881 -0.3241061 -0.003826797 -0.301264 -0.3241061 -0.005555689 -0.3000204 -0.3241061 -0.007071018 -0.298505 -0.3241061 -0.008314669 -0.2967762 -0.3241061 -0.009238779 -0.2949002 -0.3241061 -0.009807825 -0.2929493 -0.3241061 -0.00999999 -0.2909984 -0.3241061 -0.009807825 -0.2891225 -0.3241061 -0.009238779 -0.2873936 -0.3241061 -0.008314669 -0.2858783 -0.3241061 -0.007071018 -0.2846347 -0.3241061 -0.005555689 -0.2837105 -0.3241061 -0.003826797 -0.2831415 -0.3241061 -0.00195086 -0.2829493 -0.3241061 0 -0.2831415 -0.3241061 0.00195086 -0.2837105 -0.3241061 0.003826797 -0.2846347 -0.3241061 0.005555689 -0.2858783 -0.3241061 0.007071018 -0.2873936 -0.3241061 0.008314669 -0.2891225 -0.3241061 0.009238719 -0.2909984 -0.3241061 0.009807825 -0.2643829 0.3079435 0.009369075 0.2785938 0.3079435 0.009369075 -0.2643829 0.3145685 0.006624937 0.2785938 0.3145685 0.006624937 -0.2643829 0.3173126 0 0.2785938 0.3173126 0 -0.2643829 0.3145685 -0.006624937 0.2785938 0.3145685 -0.006624937 -0.2643829 0.3079435 -0.009369075 0.2785938 0.3079435 -0.009369075 -0.2643829 0.3013185 -0.006624937 0.2785938 0.3013185 -0.006624937 -0.2643829 0.2985744 0 0.2785938 0.2985744 0 -0.2643829 0.3013185 0.006624937 0.2785938 0.3013185 0.006624937 -0.2643829 -0.2941353 0.009369075 0.2785938 -0.2941353 0.009369075 -0.2643829 -0.2875103 0.006624937 0.2785938 -0.2875103 0.006624937 -0.2643829 -0.2847661 0 0.2785938 -0.2847661 0 -0.2643829 -0.2875103 -0.006624937 0.2785938 -0.2875103 -0.006624937 -0.2643829 -0.2941353 -0.009369075 0.2785938 -0.2941353 -0.009369075 -0.2643829 -0.3007602 -0.006624937 0.2785938 -0.3007602 -0.006624937 -0.2643829 -0.3035044 0 0.2785938 -0.3035044 0 -0.2643829 -0.3007602 0.006624937 0.2785938 -0.3007602 0.006624937 0.2932491 -0.2005339 0 0.2934412 -0.2005339 0.00195086 0.2940103 -0.2005339 0.003826797 0.2949344 -0.2005339 0.005555689 0.296178 -0.2005339 0.007071018 0.2976934 -0.2005339 0.008314669 0.2994223 -0.2005339 0.009238779 0.3012982 -0.2005339 0.009807825 0.3032491 -0.2005339 0.00999999 0.3052 -0.2005339 0.009807825 0.3070759 -0.2005339 0.009238779 0.3088048 -0.2005339 0.008314669 0.3103201 -0.2005339 0.007071018 0.3115637 -0.2005339 0.005555689 0.3124879 -0.2005339 0.003826797 0.313057 -0.2005339 0.00195086 0.3132491 -0.2005339 0 0.313057 -0.2005339 -0.00195086 0.3124879 -0.2005339 -0.003826797 0.3115637 -0.2005339 -0.005555689 0.3103201 -0.2005339 -0.007071018 0.3088048 -0.2005339 -0.008314669 0.3070759 -0.2005339 -0.009238779 0.3052 -0.2005339 -0.009807825 0.3032491 -0.2005339 -0.00999999 0.3012982 -0.2005339 -0.009807825 0.2994223 -0.2005339 -0.009238779 0.2976934 -0.2005339 -0.008314669 0.296178 -0.2005339 -0.007071018 0.2949344 -0.2005339 -0.005555689 0.2940103 -0.2005339 -0.003826797 0.2934412 -0.2005339 -0.00195086 0.2932491 -0.2305338 0 0.2934412 -0.2305338 0.00195086 0.2940103 -0.2305338 0.003826797 0.2949344 -0.2305338 0.005555689 0.296178 -0.2305338 0.007071018 0.2976934 -0.2305338 0.008314669 0.2994223 -0.2305338 0.009238779 0.3012982 -0.2305338 0.009807825 0.3032491 -0.2305338 0.00999999 0.3052 -0.2305338 0.009807825 0.3070759 -0.2305338 0.009238779 0.3088048 -0.2305338 0.008314669 0.3103201 -0.2305338 0.007071018 0.3115637 -0.2305338 0.005555689 0.3124879 -0.2305338 0.003826797 0.313057 -0.2305338 0.00195086 0.3132491 -0.2305338 0 0.313057 -0.228583 -0.00195086 0.3124879 -0.2267071 -0.003826797 0.3115637 -0.2249782 -0.005555689 0.3103201 -0.2234628 -0.007071018 0.3088048 -0.2222192 -0.008314669 0.3070759 -0.2212951 -0.009238779 0.3052 -0.2207261 -0.009807825 0.3032491 -0.2205339 -0.00999999 0.3012982 -0.2207261 -0.009807825 0.2994223 -0.2212951 -0.009238779 0.2976934 -0.2222192 -0.008314669 0.296178 -0.2234628 -0.007071018 0.2949344 -0.2249782 -0.005555689 0.2940103 -0.2267071 -0.003826797 0.2934412 -0.228583 -0.00195086 0.2934412 -0.2324848 -0.00195086 0.2940103 -0.2343608 -0.003826797 0.2949344 -0.2360896 -0.005555689 0.296178 -0.237605 -0.007071018 0.2976934 -0.2388486 -0.008314669 0.2994223 -0.2397727 -0.009238779 0.3012982 -0.2403418 -0.009807825 0.3032491 -0.2405339 -0.00999999 0.3052 -0.2403418 -0.009807825 0.3070759 -0.2397727 -0.009238779 0.3088048 -0.2388486 -0.008314669 0.3103201 -0.237605 -0.007071018 0.3115637 -0.2360896 -0.005555689 0.3124879 -0.2343608 -0.003826797 0.313057 -0.2324848 -0.00195086 0.2932491 -0.2305338 -0.02999997 0.2934412 -0.2324848 -0.02999997 0.2940103 -0.2343608 -0.02999997 0.2949344 -0.2360896 -0.02999997 0.296178 -0.237605 -0.02999997 0.2976934 -0.2388486 -0.02999997 0.2994223 -0.2397727 -0.02999997 0.3012982 -0.2403418 -0.02999997 0.3032491 -0.2405339 -0.02999997 0.3052 -0.2403418 -0.02999997 0.3070759 -0.2397727 -0.02999997 0.3088048 -0.2388486 -0.02999997 0.3103201 -0.237605 -0.02999997 0.3115637 -0.2360896 -0.02999997 0.3124879 -0.2343608 -0.02999997 0.313057 -0.2324848 -0.02999997 0.3132491 -0.2305338 -0.02999997 0.313057 -0.228583 -0.02999997 0.3124879 -0.2267071 -0.02999997 0.3115637 -0.2249782 -0.02999997 0.3103201 -0.2234628 -0.02999997 0.3088048 -0.2222192 -0.02999997 0.3070759 -0.2212951 -0.02999997 0.3052 -0.2207261 -0.02999997 0.3032491 -0.2205339 -0.02999997 0.3012982 -0.2207261 -0.02999997 0.2994223 -0.2212951 -0.02999997 0.2976934 -0.2222192 -0.02999997 0.296178 -0.2234628 -0.02999997 0.2949344 -0.2249782 -0.02999997 0.2940103 -0.2267071 -0.02999997 0.2934412 -0.228583 -0.02999997 0.2932491 -0.2605339 0 0.2934412 -0.2605339 0.00195086 0.2940103 -0.2605339 0.003826797 0.2949344 -0.2605339 0.005555689 0.296178 -0.2605339 0.007071018 0.2976934 -0.2605339 0.008314669 0.2994223 -0.2605339 0.009238779 0.3012982 -0.2605339 0.009807825 0.3032491 -0.2605339 0.00999999 0.3052 -0.2605339 0.009807825 0.3070759 -0.2605339 0.009238779 0.3088048 -0.2605339 0.008314669 0.3103201 -0.2605339 0.007071018 0.3115638 -0.2605339 0.005555689 0.3124879 -0.2605339 0.003826797 0.313057 -0.2605339 0.00195086 0.3132491 -0.2605339 0 0.313057 -0.2605339 -0.00195086 0.3124879 -0.2605339 -0.003826797 0.3115638 -0.2605339 -0.005555689 0.3103201 -0.2605339 -0.007071018 0.3088048 -0.2605339 -0.008314669 0.3070759 -0.2605339 -0.009238779 0.3052 -0.2605339 -0.009807825 0.3032491 -0.2605339 -0.00999999 0.3012982 -0.2605339 -0.009807825 0.2994223 -0.2605339 -0.009238779 0.2976934 -0.2605339 -0.008314669 0.296178 -0.2605339 -0.007071018 0.2949344 -0.2605339 -0.005555689 0.2940103 -0.2605339 -0.003826797 0.2934412 -0.2605339 -0.00195086 -0.2829493 -0.2005339 0 -0.2831415 -0.2005339 0.00195086 -0.2837105 -0.2005339 0.003826797 -0.2846347 -0.2005339 0.005555689 -0.2858783 -0.2005339 0.007071018 -0.2873936 -0.2005339 0.008314669 -0.2891225 -0.2005339 0.009238779 -0.2909984 -0.2005339 0.009807825 -0.2929493 -0.2005339 0.00999999 -0.2949002 -0.2005339 0.009807825 -0.2967762 -0.2005339 0.009238779 -0.298505 -0.2005339 0.008314669 -0.3000204 -0.2005339 0.007071018 -0.301264 -0.2005339 0.005555689 -0.3021881 -0.2005339 0.003826797 -0.3027572 -0.2005339 0.00195086 -0.3029493 -0.2005339 0 -0.3027572 -0.2005339 -0.00195086 -0.3021881 -0.2005339 -0.003826797 -0.301264 -0.2005339 -0.005555689 -0.3000204 -0.2005339 -0.007071018 -0.298505 -0.2005339 -0.008314669 -0.2967762 -0.2005339 -0.009238779 -0.2949002 -0.2005339 -0.009807825 -0.2929493 -0.2005339 -0.00999999 -0.2909984 -0.2005339 -0.009807825 -0.2891225 -0.2005339 -0.009238779 -0.2873936 -0.2005339 -0.008314669 -0.2858783 -0.2005339 -0.007071018 -0.2846347 -0.2005339 -0.005555689 -0.2837105 -0.2005339 -0.003826797 -0.2831415 -0.2005339 -0.00195086 -0.2829493 -0.2305338 0 -0.2831415 -0.2305338 0.00195086 -0.2837105 -0.2305338 0.003826797 -0.2846347 -0.2305338 0.005555689 -0.2858783 -0.2305338 0.007071018 -0.2873936 -0.2305338 0.008314669 -0.2891225 -0.2305338 0.009238779 -0.2909984 -0.2305338 0.009807825 -0.2929493 -0.2305338 0.00999999 -0.2949002 -0.2305338 0.009807825 -0.2967762 -0.2305338 0.009238779 -0.298505 -0.2305338 0.008314669 -0.3000204 -0.2305338 0.007071018 -0.301264 -0.2305338 0.005555689 -0.3021881 -0.2305338 0.003826797 -0.3027572 -0.2305338 0.00195086 -0.3029493 -0.2305338 0 -0.3027572 -0.228583 -0.00195086 -0.3021881 -0.2267071 -0.003826797 -0.301264 -0.2249782 -0.005555689 -0.3000204 -0.2234628 -0.007071018 -0.298505 -0.2222192 -0.008314669 -0.2967762 -0.2212951 -0.009238779 -0.2949002 -0.2207261 -0.009807825 -0.2929493 -0.2205339 -0.00999999 -0.2909984 -0.2207261 -0.009807825 -0.2891225 -0.2212951 -0.009238779 -0.2873936 -0.2222192 -0.008314669 -0.2858783 -0.2234628 -0.007071018 -0.2846347 -0.2249782 -0.005555689 -0.2837105 -0.2267071 -0.003826797 -0.2831415 -0.228583 -0.00195086 -0.2831415 -0.2324848 -0.00195086 -0.2837105 -0.2343608 -0.003826797 -0.2846347 -0.2360896 -0.005555689 -0.2858783 -0.237605 -0.007071018 -0.2873936 -0.2388486 -0.008314669 -0.2891225 -0.2397727 -0.009238779 -0.2909984 -0.2403418 -0.009807825 -0.2929493 -0.2405339 -0.00999999 -0.2949002 -0.2403418 -0.009807825 -0.2967762 -0.2397727 -0.009238779 -0.298505 -0.2388486 -0.008314669 -0.3000204 -0.237605 -0.007071018 -0.301264 -0.2360896 -0.005555689 -0.3021881 -0.2343608 -0.003826797 -0.3027572 -0.2324848 -0.00195086 -0.2829493 -0.2305338 -0.02999997 -0.2831415 -0.2324848 -0.02999997 -0.2837105 -0.2343608 -0.02999997 -0.2846347 -0.2360896 -0.02999997 -0.2858783 -0.237605 -0.02999997 -0.2873936 -0.2388486 -0.02999997 -0.2891225 -0.2397727 -0.02999997 -0.2909984 -0.2403418 -0.02999997 -0.2929493 -0.2405339 -0.02999997 -0.2949002 -0.2403418 -0.02999997 -0.2967762 -0.2397727 -0.02999997 -0.298505 -0.2388486 -0.02999997 -0.3000204 -0.237605 -0.02999997 -0.301264 -0.2360896 -0.02999997 -0.3021881 -0.2343608 -0.02999997 -0.3027572 -0.2324848 -0.02999997 -0.3029493 -0.2305338 -0.02999997 -0.3027572 -0.228583 -0.02999997 -0.3021881 -0.2267071 -0.02999997 -0.301264 -0.2249782 -0.02999997 -0.3000204 -0.2234628 -0.02999997 -0.298505 -0.2222192 -0.02999997 -0.2967762 -0.2212951 -0.02999997 -0.2949002 -0.2207261 -0.02999997 -0.2929493 -0.2205339 -0.02999997 -0.2909984 -0.2207261 -0.02999997 -0.2891225 -0.2212951 -0.02999997 -0.2873936 -0.2222192 -0.02999997 -0.2858783 -0.2234628 -0.02999997 -0.2846347 -0.2249782 -0.02999997 -0.2837105 -0.2267071 -0.02999997 -0.2831415 -0.228583 -0.02999997 -0.2829493 -0.2605339 0 -0.2831415 -0.2605339 0.00195086 -0.2837105 -0.2605339 0.003826797 -0.2846347 -0.2605339 0.005555689 -0.2858783 -0.2605339 0.007071018 -0.2873936 -0.2605339 0.008314669 -0.2891225 -0.2605339 0.009238779 -0.2909984 -0.2605339 0.009807825 -0.2929493 -0.2605339 0.00999999 -0.2949002 -0.2605339 0.009807825 -0.2967762 -0.2605339 0.009238779 -0.298505 -0.2605339 0.008314669 -0.3000204 -0.2605339 0.007071018 -0.3012641 -0.2605339 0.005555689 -0.3021881 -0.2605339 0.003826797 -0.3027572 -0.2605339 0.00195086 -0.3029493 -0.2605339 0 -0.3027572 -0.2605339 -0.00195086 -0.3021881 -0.2605339 -0.003826797 -0.3012641 -0.2605339 -0.005555689 -0.3000204 -0.2605339 -0.007071018 -0.298505 -0.2605339 -0.008314669 -0.2967762 -0.2605339 -0.009238779 -0.2949002 -0.2605339 -0.009807825 -0.2929493 -0.2605339 -0.00999999 -0.2909984 -0.2605339 -0.009807825 -0.2891225 -0.2605339 -0.009238779 -0.2873936 -0.2605339 -0.008314669 -0.2858783 -0.2605339 -0.007071018 -0.2846347 -0.2605339 -0.005555689 -0.2837105 -0.2605339 -0.003826797 -0.2831415 -0.2605339 -0.00195086 0.2932491 0.2744064 0 0.2934412 0.2744064 0.00195086 0.2940103 0.2744064 0.003826797 0.2949344 0.2744064 0.005555689 0.296178 0.2744064 0.007071018 0.2976934 0.2744064 0.008314669 0.2994223 0.2744064 0.009238779 0.3012982 0.2744064 0.009807825 0.3032491 0.2744064 0.00999999 0.3052 0.2744064 0.009807825 0.3070759 0.2744064 0.009238779 0.3088048 0.2744064 0.008314669 0.3103201 0.2744064 0.007071018 0.3115637 0.2744064 0.005555689 0.3124879 0.2744064 0.003826797 0.313057 0.2744064 0.00195086 0.3132491 0.2744064 0 0.313057 0.2744064 -0.00195086 0.3124879 0.2744064 -0.003826797 0.3115637 0.2744064 -0.005555689 0.3103201 0.2744064 -0.007071018 0.3088048 0.2744064 -0.008314669 0.3070759 0.2744064 -0.009238779 0.3052 0.2744064 -0.009807825 0.3032491 0.2744064 -0.00999999 0.3012982 0.2744064 -0.009807825 0.2994223 0.2744064 -0.009238779 0.2976934 0.2744064 -0.008314669 0.296178 0.2744064 -0.007071018 0.2949344 0.2744064 -0.005555689 0.2940103 0.2744064 -0.003826797 0.2934412 0.2744064 -0.00195086 0.2932491 0.2444064 0 0.2934412 0.2444064 0.00195086 0.2940103 0.2444064 0.003826797 0.2949344 0.2444064 0.005555689 0.296178 0.2444064 0.007071018 0.2976934 0.2444064 0.008314669 0.2994223 0.2444064 0.009238779 0.3012982 0.2444064 0.009807825 0.3032491 0.2444064 0.00999999 0.3052 0.2444064 0.009807825 0.3070759 0.2444064 0.009238779 0.3088048 0.2444064 0.008314669 0.3103201 0.2444064 0.007071018 0.3115637 0.2444064 0.005555689 0.3124879 0.2444064 0.003826797 0.313057 0.2444064 0.00195086 0.3132491 0.2444064 0 0.313057 0.2463573 -0.00195086 0.3124879 0.2482333 -0.003826797 0.3115637 0.2499622 -0.005555689 0.3103201 0.2514775 -0.007071018 0.3088048 0.2527211 -0.008314669 0.3070759 0.2536453 -0.009238779 0.3052 0.2542143 -0.009807825 0.3032491 0.2544064 -0.00999999 0.3012982 0.2542143 -0.009807825 0.2994223 0.2536453 -0.009238779 0.2976934 0.2527211 -0.008314669 0.296178 0.2514775 -0.007071018 0.2949344 0.2499622 -0.005555689 0.2940103 0.2482333 -0.003826797 0.2934412 0.2463573 -0.00195086 0.2934412 0.2424556 -0.00195086 0.2940103 0.2405796 -0.003826797 0.2949344 0.2388507 -0.005555689 0.296178 0.2373354 -0.007071018 0.2976934 0.2360917 -0.008314669 0.2994223 0.2351676 -0.009238779 0.3012982 0.2345986 -0.009807825 0.3032491 0.2344065 -0.00999999 0.3052 0.2345986 -0.009807825 0.3070759 0.2351676 -0.009238779 0.3088048 0.2360917 -0.008314669 0.3103201 0.2373354 -0.007071018 0.3115637 0.2388507 -0.005555689 0.3124879 0.2405796 -0.003826797 0.313057 0.2424556 -0.00195086 0.2932491 0.2444064 -0.02999997 0.2934412 0.2424556 -0.02999997 0.2940103 0.2405796 -0.02999997 0.2949344 0.2388507 -0.02999997 0.296178 0.2373354 -0.02999997 0.2976934 0.2360917 -0.02999997 0.2994223 0.2351676 -0.02999997 0.3012982 0.2345986 -0.02999997 0.3032491 0.2344065 -0.02999997 0.3052 0.2345986 -0.02999997 0.3070759 0.2351676 -0.02999997 0.3088048 0.2360917 -0.02999997 0.3103201 0.2373354 -0.02999997 0.3115637 0.2388507 -0.02999997 0.3124879 0.2405796 -0.02999997 0.313057 0.2424556 -0.02999997 0.3132491 0.2444064 -0.02999997 0.313057 0.2463573 -0.02999997 0.3124879 0.2482333 -0.02999997 0.3115637 0.2499622 -0.02999997 0.3103201 0.2514775 -0.02999997 0.3088048 0.2527211 -0.02999997 0.3070759 0.2536453 -0.02999997 0.3052 0.2542143 -0.02999997 0.3032491 0.2544064 -0.02999997 0.3012982 0.2542143 -0.02999997 0.2994223 0.2536453 -0.02999997 0.2976934 0.2527211 -0.02999997 0.296178 0.2514775 -0.02999997 0.2949344 0.2499622 -0.02999997 0.2940103 0.2482333 -0.02999997 0.2934412 0.2463573 -0.02999997 0.2932491 0.2144065 0 0.2934412 0.2144065 0.00195086 0.2940103 0.2144065 0.003826797 0.2949344 0.2144065 0.005555689 0.296178 0.2144065 0.007071018 0.2976934 0.2144065 0.008314669 0.2994223 0.2144065 0.009238779 0.3012982 0.2144065 0.009807825 0.3032491 0.2144065 0.00999999 0.3052 0.2144065 0.009807825 0.3070759 0.2144065 0.009238779 0.3088048 0.2144065 0.008314669 0.3103201 0.2144065 0.007071018 0.3115638 0.2144065 0.005555689 0.3124879 0.2144065 0.003826797 0.313057 0.2144065 0.00195086 0.3132491 0.2144065 0 0.313057 0.2144065 -0.00195086 0.3124879 0.2144065 -0.003826797 0.3115638 0.2144065 -0.005555689 0.3103201 0.2144065 -0.007071018 0.3088048 0.2144065 -0.008314669 0.3070759 0.2144065 -0.009238779 0.3052 0.2144065 -0.009807825 0.3032491 0.2144065 -0.00999999 0.3012982 0.2144065 -0.009807825 0.2994223 0.2144065 -0.009238779 0.2976934 0.2144065 -0.008314669 0.296178 0.2144065 -0.007071018 0.2949344 0.2144065 -0.005555689 0.2940103 0.2144065 -0.003826797 0.2934412 0.2144065 -0.00195086 -0.2829493 0.2744064 0 -0.2831415 0.2744064 0.00195086 -0.2837105 0.2744064 0.003826797 -0.2846347 0.2744064 0.005555689 -0.2858783 0.2744064 0.007071018 -0.2873936 0.2744064 0.008314669 -0.2891225 0.2744064 0.009238779 -0.2909984 0.2744064 0.009807825 -0.2929493 0.2744064 0.00999999 -0.2949002 0.2744064 0.009807825 -0.2967762 0.2744064 0.009238779 -0.298505 0.2744064 0.008314669 -0.3000204 0.2744064 0.007071018 -0.301264 0.2744064 0.005555689 -0.3021881 0.2744064 0.003826797 -0.3027572 0.2744064 0.00195086 -0.3029493 0.2744064 0 -0.3027572 0.2744064 -0.00195086 -0.3021881 0.2744064 -0.003826797 -0.301264 0.2744064 -0.005555689 -0.3000204 0.2744064 -0.007071018 -0.298505 0.2744064 -0.008314669 -0.2967762 0.2744064 -0.009238779 -0.2949002 0.2744064 -0.009807825 -0.2929493 0.2744064 -0.00999999 -0.2909984 0.2744064 -0.009807825 -0.2891225 0.2744064 -0.009238779 -0.2873936 0.2744064 -0.008314669 -0.2858783 0.2744064 -0.007071018 -0.2846347 0.2744064 -0.005555689 -0.2837105 0.2744064 -0.003826797 -0.2831415 0.2744064 -0.00195086 -0.2829493 0.2444064 0 -0.2831415 0.2444064 0.00195086 -0.2837105 0.2444064 0.003826797 -0.2846347 0.2444064 0.005555689 -0.2858783 0.2444064 0.007071018 -0.2873936 0.2444064 0.008314669 -0.2891225 0.2444064 0.009238779 -0.2909984 0.2444064 0.009807825 -0.2929493 0.2444064 0.00999999 -0.2949002 0.2444064 0.009807825 -0.2967762 0.2444064 0.009238779 -0.298505 0.2444064 0.008314669 -0.3000204 0.2444064 0.007071018 -0.301264 0.2444064 0.005555689 -0.3021881 0.2444064 0.003826797 -0.3027572 0.2444064 0.00195086 -0.3029493 0.2444064 0 -0.3027572 0.2463573 -0.00195086 -0.3021881 0.2482333 -0.003826797 -0.301264 0.2499622 -0.005555689 -0.3000204 0.2514775 -0.007071018 -0.298505 0.2527211 -0.008314669 -0.2967762 0.2536453 -0.009238779 -0.2949002 0.2542143 -0.009807825 -0.2929493 0.2544064 -0.00999999 -0.2909984 0.2542143 -0.009807825 -0.2891225 0.2536453 -0.009238779 -0.2873936 0.2527211 -0.008314669 -0.2858783 0.2514775 -0.007071018 -0.2846347 0.2499622 -0.005555689 -0.2837105 0.2482333 -0.003826797 -0.2831415 0.2463573 -0.00195086 -0.2831415 0.2424556 -0.00195086 -0.2837105 0.2405796 -0.003826797 -0.2846347 0.2388507 -0.005555689 -0.2858783 0.2373354 -0.007071018 -0.2873936 0.2360917 -0.008314669 -0.2891225 0.2351676 -0.009238779 -0.2909984 0.2345986 -0.009807825 -0.2929493 0.2344065 -0.00999999 -0.2949002 0.2345986 -0.009807825 -0.2967762 0.2351676 -0.009238779 -0.298505 0.2360917 -0.008314669 -0.3000204 0.2373354 -0.007071018 -0.301264 0.2388507 -0.005555689 -0.3021881 0.2405796 -0.003826797 -0.3027572 0.2424556 -0.00195086 -0.2829493 0.2444064 -0.02999997 -0.2831415 0.2424556 -0.02999997 -0.2837105 0.2405796 -0.02999997 -0.2846347 0.2388507 -0.02999997 -0.2858783 0.2373354 -0.02999997 -0.2873936 0.2360917 -0.02999997 -0.2891225 0.2351676 -0.02999997 -0.2909984 0.2345986 -0.02999997 -0.2929493 0.2344065 -0.02999997 -0.2949002 0.2345986 -0.02999997 -0.2967762 0.2351676 -0.02999997 -0.298505 0.2360917 -0.02999997 -0.3000204 0.2373354 -0.02999997 -0.301264 0.2388507 -0.02999997 -0.3021881 0.2405796 -0.02999997 -0.3027572 0.2424556 -0.02999997 -0.3029493 0.2444064 -0.02999997 -0.3027572 0.2463573 -0.02999997 -0.3021881 0.2482333 -0.02999997 -0.301264 0.2499622 -0.02999997 -0.3000204 0.2514775 -0.02999997 -0.298505 0.2527211 -0.02999997 -0.2967762 0.2536453 -0.02999997 -0.2949002 0.2542143 -0.02999997 -0.2929493 0.2544064 -0.02999997 -0.2909984 0.2542143 -0.02999997 -0.2891225 0.2536453 -0.02999997 -0.2873936 0.2527211 -0.02999997 -0.2858783 0.2514775 -0.02999997 -0.2846347 0.2499622 -0.02999997 -0.2837105 0.2482333 -0.02999997 -0.2831415 0.2463573 -0.02999997 -0.2829493 0.2144065 0 -0.2831415 0.2144065 0.00195086 -0.2837105 0.2144065 0.003826797 -0.2846347 0.2144065 0.005555689 -0.2858783 0.2144065 0.007071018 -0.2873936 0.2144065 0.008314669 -0.2891225 0.2144065 0.009238779 -0.2909984 0.2144065 0.009807825 -0.2929493 0.2144065 0.00999999 -0.2949002 0.2144065 0.009807825 -0.2967762 0.2144065 0.009238779 -0.298505 0.2144065 0.008314669 -0.3000204 0.2144065 0.007071018 -0.3012641 0.2144065 0.005555689 -0.3021881 0.2144065 0.003826797 -0.3027572 0.2144065 0.00195086 -0.3029493 0.2144065 0 -0.3027572 0.2144065 -0.00195086 -0.3021881 0.2144065 -0.003826797 -0.3012641 0.2144065 -0.005555689 -0.3000204 0.2144065 -0.007071018 -0.298505 0.2144065 -0.008314669 -0.2967762 0.2144065 -0.009238779 -0.2949002 0.2144065 -0.009807825 -0.2929493 0.2144065 -0.00999999 -0.2909984 0.2144065 -0.009807825 -0.2891225 0.2144065 -0.009238779 -0.2873936 0.2144065 -0.008314669 -0.2858783 0.2144065 -0.007071018 -0.2846347 0.2144065 -0.005555689 -0.2837105 0.2144065 -0.003826797 -0.2831415 0.2144065 -0.00195086 0.3033701 0.2713665 0.009369075 0.3033701 0.2815479 0.009369075 0.2967452 0.2713665 0.006624937 0.2967451 0.2815479 0.006624937 0.294001 0.2713665 0 0.294001 0.2815479 0 0.2967452 0.2713665 -0.006624937 0.2967451 0.2815479 -0.006624937 0.3033701 0.2713665 -0.009369075 0.3033701 0.2815479 -0.009369075 0.3099951 0.2713665 -0.006624937 0.3099951 0.2815479 -0.006624937 0.3127392 0.2713665 0 0.3127392 0.2815479 0 0.3099951 0.2713665 0.006624937 0.3099951 0.2815479 0.006624937 -0.292924 0.2713665 0.009369075 -0.292924 0.2815479 0.009369075 -0.2995489 0.2713665 0.006624937 -0.2995489 0.2815479 0.006624937 -0.3022931 0.2713665 0 -0.3022931 0.2815479 0 -0.2995489 0.2713665 -0.006624937 -0.2995489 0.2815479 -0.006624937 -0.292924 0.2713665 -0.009369075 -0.292924 0.2815479 -0.009369075 -0.286299 0.2713665 -0.006624937 -0.286299 0.2815479 -0.006624937 -0.2835549 0.2713665 0 -0.2835549 0.2815479 0 -0.286299 0.2713665 0.006624937 -0.286299 0.2815479 0.006624937 -0.2928923 -0.2674838 0.009369075 -0.2928923 -0.2573024 0.009369075 -0.2995173 -0.2674838 0.006624937 -0.2995173 -0.2573024 0.006624937 -0.3022615 -0.2674838 0 -0.3022615 -0.2573024 0 -0.2995173 -0.2674838 -0.006624937 -0.2995173 -0.2573024 -0.006624937 -0.2928923 -0.2674838 -0.009369075 -0.2928923 -0.2573024 -0.009369075 -0.2862674 -0.2674838 -0.006624937 -0.2862674 -0.2573024 -0.006624937 -0.2835233 -0.2674838 0 -0.2835233 -0.2573024 0 -0.2862674 -0.2674838 0.006624937 -0.2862674 -0.2573024 0.006624937 0.3034445 -0.2674838 0.009369075 0.3034445 -0.2573024 0.009369075 0.2968195 -0.2674838 0.006624937 0.2968195 -0.2573024 0.006624937 0.2940754 -0.2674838 0 0.2940754 -0.2573024 0 0.2968195 -0.2674838 -0.006624937 0.2968195 -0.2573024 -0.006624937 0.3034445 -0.2674838 -0.009369075 0.3034445 -0.2573024 -0.009369075 0.3100695 -0.2674838 -0.006624937 0.3100695 -0.2573024 -0.006624937 0.3128136 -0.2674838 0 0.3128136 -0.2573024 0 0.3100695 -0.2674838 0.006624937 0.3100695 -0.2573024 0.006624937 0.3034445 -0.2038159 0.009369075 0.3034445 0.2172954 0.009369075 0.2968195 -0.2038159 0.006624937 0.2968195 0.2172954 0.006624937 0.2940754 -0.2038159 0 0.2940754 0.2172954 0 0.2968195 -0.2038159 -0.006624937 0.2968195 0.2172954 -0.006624937 0.3034445 -0.2038159 -0.009369075 0.3034445 0.2172954 -0.009369075 0.3100695 -0.2038159 -0.006624937 0.3100695 0.2172954 -0.006624937 0.3128136 -0.2038159 0 0.3128136 0.2172954 0 0.3100695 -0.2038159 0.006624937 0.3100695 0.2172954 0.006624937 -0.293447 -0.2038159 0.009369075 -0.293447 0.2172954 0.009369075 -0.300072 -0.2038159 0.006624937 -0.300072 0.2172954 0.006624937 -0.3028161 -0.2038159 0 -0.3028161 0.2172954 0 -0.300072 -0.2038159 -0.006624937 -0.300072 0.2172954 -0.006624937 -0.293447 -0.2038159 -0.009369075 -0.293447 0.2172954 -0.009369075 -0.286822 -0.2038159 -0.006624937 -0.286822 0.2172954 -0.006624937 -0.2840779 -0.2038159 0 -0.2840779 0.2172954 0 -0.286822 -0.2038159 0.006624937 -0.286822 0.2172954 0.006624937 0.2833378 -0.2802917 -0.07842141 0.2833378 -0.2802917 -0.01347082 0.2833378 0.2920258 -0.07842141 0.2833378 0.2920258 -0.01347082 0.2889437 -0.2802917 -0.07842141 0.2889437 -0.2802917 -0.01347082 0.2889437 0.2920258 -0.07842141 0.2889437 0.2920258 -0.01347082 0.2833378 0.2873615 -0.07842141 0.2833378 0.2873615 -0.01347082 0.2889437 0.2873615 -0.07842141 0.2889437 0.2873615 -0.01347082 0.2833378 -0.2755319 -0.07842141 0.2889437 -0.2755319 -0.01347082 0.2833378 -0.2755319 -0.01347082 0.2889437 -0.2755319 -0.07842141 -0.2797318 -0.2779552 -0.07842141 -0.2797318 -0.2802917 -0.07842141 -0.2797318 -0.2802917 -0.01347082 -0.2797318 0.2896811 -0.01347082 -0.2797318 0.2920258 -0.01347082 -0.2797318 0.2920258 -0.07842141 -0.2797318 0.2896811 -0.07842141 -0.2797318 -0.2779552 -0.01347082 -0.277041 -0.2779436 -0.07842141 -0.277041 -0.2779436 -0.01347082 -0.277041 -0.2802917 -0.01347082 -0.277041 -0.2802917 -0.07842141 -0.2768237 0.2920258 -0.01347082 -0.2768237 0.2896691 -0.01347082 -0.2768237 0.2920258 -0.07842141 -0.2768237 0.2896691 -0.07842141 0.3032064 0.2349009 -0.08117288 0.3032064 0.2349009 -0.02694612 0.2965815 0.237645 -0.08117288 0.2965814 0.237645 -0.02694612 0.2938373 0.24427 -0.08117288 0.2938373 0.24427 -0.02694612 0.2965815 0.2508949 -0.08117288 0.2965814 0.250895 -0.02694612 0.3032064 0.2536391 -0.08117288 0.3032064 0.2536391 -0.02694612 0.3098313 0.250895 -0.08117288 0.3098313 0.250895 -0.02694612 0.3125755 0.24427 -0.08117288 0.3125755 0.24427 -0.02694612 0.3098313 0.237645 -0.08117288 0.3098313 0.237645 -0.02694612 -0.2931339 0.2349009 -0.08117288 -0.2931339 0.2349009 -0.02694612 -0.2997588 0.237645 -0.08117288 -0.2997589 0.237645 -0.02694612 -0.302503 0.24427 -0.08117288 -0.302503 0.24427 -0.02694612 -0.2997588 0.2508949 -0.08117288 -0.2997589 0.250895 -0.02694612 -0.2931339 0.2536391 -0.08117288 -0.2931339 0.2536391 -0.02694612 -0.2865089 0.250895 -0.08117288 -0.2865089 0.250895 -0.02694612 -0.2837648 0.24427 -0.08117288 -0.2837648 0.24427 -0.02694612 -0.2865089 0.237645 -0.08117288 -0.2865089 0.237645 -0.02694612 0.3032064 -0.2398254 -0.08117288 0.3032064 -0.2398254 -0.02694612 0.2965815 -0.2370812 -0.08117288 0.2965814 -0.2370812 -0.02694612 0.2938373 -0.2304563 -0.08117288 0.2938373 -0.2304563 -0.02694612 0.2965815 -0.2238314 -0.08117288 0.2965814 -0.2238312 -0.02694612 0.3032064 -0.2210872 -0.08117288 0.3032064 -0.2210872 -0.02694612 0.3098313 -0.2238312 -0.08117288 0.3098313 -0.2238312 -0.02694612 0.3125755 -0.2304563 -0.08117288 0.3125755 -0.2304563 -0.02694612 0.3098313 -0.2370812 -0.08117288 0.3098313 -0.2370812 -0.02694612 -0.2931339 -0.2398254 -0.08117288 -0.2931339 -0.2398254 -0.02694612 -0.2997588 -0.2370812 -0.08117288 -0.2997589 -0.2370812 -0.02694612 -0.302503 -0.2304563 -0.08117288 -0.302503 -0.2304563 -0.02694612 -0.2997588 -0.2238314 -0.08117288 -0.2997589 -0.2238312 -0.02694612 -0.2931339 -0.2210872 -0.08117288 -0.2931339 -0.2210872 -0.02694612 -0.2865089 -0.2238312 -0.08117288 -0.2865089 -0.2238312 -0.02694612 -0.2837648 -0.2304563 -0.08117288 -0.2837648 -0.2304563 -0.02694612 -0.2865089 -0.2370812 -0.08117288 -0.2865089 -0.2370812 -0.02694612 0.3032491 0.2344064 -0.07396745 0.3052 0.2345986 -0.07396745 0.3070759 0.2351676 -0.07396745 0.3088048 0.2360917 -0.07396745 0.3103201 0.2373354 -0.07396745 0.3115638 0.2388507 -0.07396745 0.3124879 0.2405796 -0.07396745 0.313057 0.2424556 -0.07396745 0.3132491 0.2444064 -0.07396745 0.313057 0.2463573 -0.07396745 0.3124879 0.2482333 -0.07396745 0.3115638 0.2499621 -0.07396745 0.3103201 0.2514775 -0.07396745 0.3088048 0.2527211 -0.07396745 0.3070759 0.2536452 -0.07396745 0.3052 0.2542143 -0.07396745 0.3032491 0.2544064 -0.07396745 0.3012982 0.2542143 -0.07396745 0.2994223 0.2536452 -0.07396745 0.2976934 0.2527211 -0.07396745 0.296178 0.2514775 -0.07396745 0.2949344 0.2499621 -0.07396745 0.2940103 0.2482333 -0.07396745 0.2934412 0.2463573 -0.07396745 0.2932491 0.2444064 -0.07396745 0.2934412 0.2424556 -0.07396745 0.2940103 0.2405796 -0.07396745 0.2949344 0.2388507 -0.07396745 0.296178 0.2373354 -0.07396745 0.2976934 0.2360917 -0.07396745 0.2994223 0.2351676 -0.07396745 0.3012982 0.2345986 -0.07396745 0.3032491 0.2344065 -0.1039674 0.3052 0.2345986 -0.1039674 0.3070759 0.2351676 -0.1039674 0.3088048 0.2360917 -0.1039674 0.3103201 0.2373354 -0.1039674 0.3115638 0.2388507 -0.1039674 0.3124879 0.2405796 -0.1039674 0.313057 0.2424556 -0.1039674 0.3132491 0.2444064 -0.1039674 0.313057 0.2463573 -0.1039674 0.3124879 0.2482333 -0.1039674 0.3115637 0.2499622 -0.1039674 0.3103201 0.2514775 -0.1039674 0.3088048 0.2527211 -0.1039674 0.3070759 0.2536453 -0.1039674 0.3052 0.2542143 -0.1039674 0.3032491 0.2544064 -0.1039674 0.3012982 0.2542143 -0.1020165 0.2994223 0.2536453 -0.1001406 0.2976934 0.2527211 -0.09841173 0.296178 0.2514775 -0.09689635 0.2949344 0.2499621 -0.09565269 0.2940103 0.2482333 -0.09472864 0.2934412 0.2463573 -0.09415954 0.2932491 0.2444064 -0.09396743 0.2934412 0.2424556 -0.0941596 0.2940103 0.2405796 -0.09472864 0.2949344 0.2388507 -0.09565275 0.296178 0.2373354 -0.09689635 0.2976934 0.2360917 -0.09841173 0.2994223 0.2351676 -0.1001406 0.3012982 0.2345986 -0.1020165 0.3012982 0.2345986 -0.1059183 0.2994223 0.2351676 -0.1077942 0.2976934 0.2360917 -0.1095231 0.296178 0.2373354 -0.1110385 0.2949344 0.2388508 -0.1122821 0.2940103 0.2405796 -0.1132062 0.2934412 0.2424556 -0.1137753 0.2932491 0.2444064 -0.1139674 0.2934412 0.2463573 -0.1137753 0.2940103 0.2482333 -0.1132062 0.2949344 0.2499622 -0.1122821 0.296178 0.2514775 -0.1110385 0.2976934 0.2527211 -0.1095231 0.2994223 0.2536453 -0.1077942 0.3012982 0.2542143 -0.1059183 0.2732491 0.2344064 -0.1039674 0.2732491 0.2345986 -0.1059183 0.2732491 0.2351676 -0.1077942 0.2732491 0.2360917 -0.1095231 0.2732491 0.2373354 -0.1110385 0.2732491 0.2388507 -0.1122821 0.2732491 0.2405796 -0.1132062 0.2732491 0.2424556 -0.1137753 0.2732491 0.2444064 -0.1139674 0.2732491 0.2463573 -0.1137753 0.2732491 0.2482333 -0.1132062 0.2732491 0.2499622 -0.1122821 0.2732491 0.2514775 -0.1110385 0.2732491 0.2527211 -0.1095231 0.2732491 0.2536453 -0.1077942 0.2732491 0.2542143 -0.1059183 0.2732491 0.2544064 -0.1039674 0.2732491 0.2542143 -0.1020165 0.2732491 0.2536453 -0.1001406 0.2732491 0.2527211 -0.09841173 0.2732491 0.2514775 -0.09689635 0.2732491 0.2499621 -0.09565269 0.2732491 0.2482333 -0.09472864 0.2732491 0.2463573 -0.09415954 0.2732491 0.2444064 -0.09396743 0.2732491 0.2424556 -0.09415954 0.2732491 0.2405796 -0.09472864 0.2732491 0.2388507 -0.09565275 0.2732491 0.2373354 -0.09689635 0.2732491 0.2360917 -0.09841173 0.2732491 0.2351676 -0.1001406 0.2732491 0.2345986 -0.1020165 0.3032491 0.2344065 -0.1339673 0.3052 0.2345986 -0.1339673 0.3070759 0.2351677 -0.1339673 0.3088048 0.2360917 -0.1339673 0.3103201 0.2373354 -0.1339673 0.3115637 0.2388508 -0.1339673 0.3124879 0.2405796 -0.1339673 0.313057 0.2424556 -0.1339673 0.3132491 0.2444065 -0.1339673 0.313057 0.2463573 -0.1339673 0.3124879 0.2482333 -0.1339673 0.3115637 0.2499622 -0.1339673 0.3103201 0.2514775 -0.1339673 0.3088048 0.2527211 -0.1339673 0.3070759 0.2536453 -0.1339673 0.3052 0.2542143 -0.1339673 0.3032491 0.2544065 -0.1339673 0.3012982 0.2542143 -0.1339673 0.2994223 0.2536453 -0.1339673 0.2976934 0.2527211 -0.1339673 0.296178 0.2514775 -0.1339673 0.2949344 0.2499622 -0.1339673 0.2940103 0.2482333 -0.1339673 0.2934412 0.2463573 -0.1339673 0.2932491 0.2444065 -0.1339673 0.2934412 0.2424556 -0.1339673 0.2940103 0.2405796 -0.1339673 0.2949344 0.2388508 -0.1339673 0.296178 0.2373354 -0.1339673 0.2976934 0.2360917 -0.1339673 0.2994223 0.2351677 -0.1339673 0.3012982 0.2345986 -0.1339673 -0.2929493 0.2544064 -0.133684 -0.2949002 0.2542143 -0.133684 -0.2967762 0.2536453 -0.133684 -0.298505 0.2527211 -0.133684 -0.3000204 0.2514775 -0.133684 -0.301264 0.2499622 -0.133684 -0.3021881 0.2482333 -0.133684 -0.3027572 0.2463573 -0.133684 -0.3029493 0.2444064 -0.133684 -0.3027572 0.2424556 -0.133684 -0.3021881 0.2405796 -0.133684 -0.301264 0.2388507 -0.133684 -0.3000204 0.2373354 -0.133684 -0.298505 0.2360917 -0.133684 -0.2967762 0.2351676 -0.133684 -0.2949002 0.2345986 -0.133684 -0.2929493 0.2344065 -0.133684 -0.2909984 0.2345986 -0.133684 -0.2891225 0.2351676 -0.133684 -0.2873936 0.2360917 -0.133684 -0.2858783 0.2373354 -0.133684 -0.2846347 0.2388507 -0.133684 -0.2837105 0.2405796 -0.133684 -0.2831415 0.2424556 -0.133684 -0.2829493 0.2444064 -0.133684 -0.2831415 0.2463573 -0.133684 -0.2837105 0.2482333 -0.133684 -0.2846347 0.2499622 -0.133684 -0.2858783 0.2514775 -0.133684 -0.2873936 0.2527211 -0.133684 -0.2891225 0.2536453 -0.133684 -0.2909984 0.2542143 -0.133684 -0.2929493 0.2544064 -0.1036841 -0.2949002 0.2542143 -0.1036841 -0.2967762 0.2536453 -0.1036841 -0.298505 0.2527211 -0.1036841 -0.3000204 0.2514775 -0.1036841 -0.301264 0.2499622 -0.1036841 -0.3021881 0.2482333 -0.1036841 -0.3027572 0.2463573 -0.1036841 -0.3029493 0.2444064 -0.1036841 -0.3027572 0.2424556 -0.1036841 -0.3021881 0.2405796 -0.1036841 -0.301264 0.2388507 -0.1036841 -0.3000204 0.2373354 -0.1036841 -0.298505 0.2360917 -0.1036841 -0.2967762 0.2351676 -0.1036841 -0.2949002 0.2345986 -0.1036841 -0.2929493 0.2344065 -0.1036841 -0.2909984 0.2345986 -0.105635 -0.2891225 0.2351676 -0.1075109 -0.2873936 0.2360917 -0.1092398 -0.2858783 0.2373354 -0.1107552 -0.2846347 0.2388507 -0.1119988 -0.2837105 0.2405796 -0.1129229 -0.2831415 0.2424556 -0.113492 -0.2829493 0.2444064 -0.1136841 -0.2831415 0.2463573 -0.113492 -0.2837105 0.2482333 -0.1129229 -0.2846347 0.2499622 -0.1119988 -0.2858783 0.2514775 -0.1107552 -0.2873936 0.2527211 -0.1092398 -0.2891225 0.2536453 -0.1075109 -0.2909984 0.2542143 -0.105635 -0.2909984 0.2542143 -0.1017332 -0.2891225 0.2536453 -0.09985727 -0.2873936 0.2527211 -0.09812843 -0.2858783 0.2514775 -0.09661304 -0.2846347 0.2499622 -0.09536939 -0.2837105 0.2482333 -0.09444534 -0.2831415 0.2463573 -0.09387624 -0.2829493 0.2444064 -0.09368413 -0.2831415 0.2424556 -0.09387624 -0.2837105 0.2405796 -0.09444534 -0.2846347 0.2388507 -0.09536939 -0.2858783 0.2373354 -0.09661304 -0.2873936 0.2360917 -0.09812843 -0.2891225 0.2351676 -0.09985727 -0.2909984 0.2345986 -0.1017332 -0.2629494 0.2544064 -0.1036841 -0.2629494 0.2542143 -0.1017332 -0.2629494 0.2536453 -0.09985727 -0.2629494 0.2527211 -0.09812843 -0.2629494 0.2514775 -0.09661304 -0.2629494 0.2499622 -0.09536939 -0.2629494 0.2482333 -0.09444534 -0.2629494 0.2463573 -0.09387624 -0.2629494 0.2444064 -0.09368413 -0.2629494 0.2424556 -0.09387624 -0.2629494 0.2405796 -0.09444534 -0.2629494 0.2388507 -0.09536939 -0.2629494 0.2373354 -0.09661304 -0.2629494 0.2360917 -0.09812843 -0.2629494 0.2351676 -0.09985727 -0.2629494 0.2345986 -0.1017332 -0.2629494 0.2344065 -0.1036841 -0.2629494 0.2345986 -0.105635 -0.2629494 0.2351676 -0.1075109 -0.2629494 0.2360917 -0.1092398 -0.2629494 0.2373354 -0.1107552 -0.2629494 0.2388507 -0.1119988 -0.2629494 0.2405796 -0.1129229 -0.2629494 0.2424556 -0.113492 -0.2629494 0.2444064 -0.1136841 -0.2629494 0.2463573 -0.113492 -0.2629494 0.2482333 -0.1129229 -0.2629494 0.2499622 -0.1119988 -0.2629494 0.2514775 -0.1107552 -0.2629494 0.2527211 -0.1092398 -0.2629494 0.2536453 -0.1075109 -0.2629494 0.2542143 -0.105635 -0.2929493 0.2544064 -0.07368415 -0.2949002 0.2542143 -0.07368415 -0.2967762 0.2536453 -0.07368415 -0.298505 0.2527211 -0.07368415 -0.3000204 0.2514775 -0.07368415 -0.3012641 0.2499622 -0.07368415 -0.3021881 0.2482333 -0.07368415 -0.3027572 0.2463573 -0.07368415 -0.3029493 0.2444064 -0.07368415 -0.3027572 0.2424556 -0.07368415 -0.3021881 0.2405796 -0.07368415 -0.3012641 0.2388507 -0.07368415 -0.3000204 0.2373354 -0.07368415 -0.298505 0.2360917 -0.07368415 -0.2967762 0.2351676 -0.07368415 -0.2949002 0.2345986 -0.07368415 -0.2929493 0.2344065 -0.07368415 -0.2909984 0.2345986 -0.07368415 -0.2891225 0.2351676 -0.07368415 -0.2873936 0.2360917 -0.07368415 -0.2858783 0.2373354 -0.07368415 -0.2846347 0.2388507 -0.07368415 -0.2837105 0.2405796 -0.07368415 -0.2831415 0.2424556 -0.07368415 -0.2829493 0.2444064 -0.07368415 -0.2831415 0.2463573 -0.07368415 -0.2837105 0.2482333 -0.07368415 -0.2846347 0.2499622 -0.07368415 -0.2858783 0.2514775 -0.07368415 -0.2873936 0.2527211 -0.07368415 -0.2891225 0.2536453 -0.07368415 -0.2909984 0.2542143 -0.07368415 -0.2929493 -0.2405339 -0.07369333 -0.2949002 -0.2403418 -0.07369333 -0.2967762 -0.2397727 -0.07369333 -0.298505 -0.2388486 -0.07369333 -0.3000204 -0.237605 -0.07369333 -0.3012641 -0.2360896 -0.07369327 -0.3021881 -0.2343608 -0.07369327 -0.3027572 -0.2324848 -0.07369327 -0.3029493 -0.230534 -0.07369327 -0.3027572 -0.228583 -0.07369327 -0.3021881 -0.2267071 -0.07369327 -0.3012641 -0.2249782 -0.07369327 -0.3000204 -0.2234629 -0.07369327 -0.298505 -0.2222192 -0.07369327 -0.2967762 -0.2212951 -0.07369327 -0.2949002 -0.2207261 -0.07369327 -0.2929493 -0.2205339 -0.07369327 -0.2909984 -0.2207261 -0.07369327 -0.2891225 -0.2212951 -0.07369327 -0.2873936 -0.2222192 -0.07369327 -0.2858783 -0.2234629 -0.07369327 -0.2846347 -0.2249782 -0.07369327 -0.2837105 -0.2267071 -0.07369327 -0.2831415 -0.228583 -0.07369327 -0.2829493 -0.230534 -0.07369327 -0.2831415 -0.2324848 -0.07369327 -0.2837105 -0.2343608 -0.07369327 -0.2846347 -0.2360896 -0.07369327 -0.2858783 -0.237605 -0.07369327 -0.2873936 -0.2388486 -0.07369333 -0.2891225 -0.2397727 -0.07369333 -0.2909984 -0.2403418 -0.07369333 -0.2929493 -0.2405339 -0.1036933 -0.2949002 -0.2403418 -0.1036933 -0.2967762 -0.2397727 -0.1036933 -0.298505 -0.2388486 -0.1036933 -0.3000204 -0.237605 -0.1036933 -0.3012641 -0.2360896 -0.1036933 -0.3021881 -0.2343608 -0.1036933 -0.3027572 -0.2324848 -0.1036933 -0.3029493 -0.2305338 -0.1036933 -0.3027572 -0.228583 -0.1036933 -0.3021881 -0.2267071 -0.1036933 -0.301264 -0.2249782 -0.1036933 -0.3000204 -0.2234628 -0.1036933 -0.298505 -0.2222192 -0.1036933 -0.2967762 -0.2212951 -0.1036933 -0.2949002 -0.2207261 -0.1036933 -0.2929493 -0.2205339 -0.1036933 -0.2909984 -0.2207261 -0.1017423 -0.2891225 -0.2212951 -0.09986644 -0.2873936 -0.2222192 -0.09813755 -0.2858783 -0.2234628 -0.09662222 -0.2846347 -0.2249782 -0.09537857 -0.2837105 -0.2267071 -0.09445446 -0.2831415 -0.228583 -0.09388542 -0.2829493 -0.2305338 -0.09369325 -0.2831415 -0.2324848 -0.09388542 -0.2837105 -0.2343608 -0.09445446 -0.2846347 -0.2360896 -0.09537857 -0.2858783 -0.237605 -0.09662222 -0.2873936 -0.2388486 -0.09813755 -0.2891225 -0.2397727 -0.09986644 -0.2909984 -0.2403418 -0.1017424 -0.2909984 -0.2403418 -0.1056442 -0.2891225 -0.2397727 -0.1075201 -0.2873936 -0.2388486 -0.1092489 -0.2858783 -0.237605 -0.1107643 -0.2846347 -0.2360896 -0.112008 -0.2837105 -0.2343608 -0.112932 -0.2831415 -0.2324848 -0.1135011 -0.2829493 -0.2305338 -0.1136932 -0.2831415 -0.228583 -0.1135011 -0.2837105 -0.2267071 -0.112932 -0.2846347 -0.2249782 -0.1120079 -0.2858783 -0.2234628 -0.1107643 -0.2873936 -0.2222192 -0.1092489 -0.2891225 -0.2212951 -0.1075201 -0.2909984 -0.2207261 -0.1056442 -0.2629494 -0.2405339 -0.1036933 -0.2629494 -0.2403418 -0.1056442 -0.2629494 -0.2397727 -0.1075201 -0.2629494 -0.2388486 -0.1092489 -0.2629494 -0.237605 -0.1107643 -0.2629494 -0.2360896 -0.1120079 -0.2629494 -0.2343608 -0.112932 -0.2629494 -0.2324848 -0.1135011 -0.2629494 -0.2305338 -0.1136932 -0.2629494 -0.228583 -0.1135011 -0.2629494 -0.2267071 -0.112932 -0.2629494 -0.2249782 -0.1120079 -0.2629494 -0.2234628 -0.1107643 -0.2629494 -0.2222192 -0.1092489 -0.2629494 -0.2212951 -0.1075201 -0.2629494 -0.2207261 -0.1056442 -0.2629494 -0.2205339 -0.1036933 -0.2629494 -0.2207261 -0.1017423 -0.2629494 -0.2212951 -0.09986644 -0.2629494 -0.2222192 -0.09813755 -0.2629494 -0.2234629 -0.09662222 -0.2629494 -0.2249782 -0.09537857 -0.2629494 -0.2267071 -0.09445446 -0.2629494 -0.228583 -0.09388542 -0.2629494 -0.2305338 -0.09369325 -0.2629494 -0.2324848 -0.09388542 -0.2629494 -0.2343608 -0.09445446 -0.2629494 -0.2360896 -0.09537857 -0.2629494 -0.237605 -0.09662222 -0.2629494 -0.2388486 -0.09813755 -0.2629494 -0.2397727 -0.09986644 -0.2629494 -0.2403418 -0.1017424 -0.2929493 -0.2405339 -0.1336932 -0.2949002 -0.2403417 -0.1336932 -0.2967762 -0.2397727 -0.1336932 -0.298505 -0.2388486 -0.1336932 -0.3000204 -0.237605 -0.1336932 -0.301264 -0.2360896 -0.1336932 -0.3021881 -0.2343608 -0.1336932 -0.3027572 -0.2324848 -0.1336932 -0.3029493 -0.2305338 -0.1336932 -0.3027572 -0.228583 -0.1336932 -0.3021881 -0.2267071 -0.1336932 -0.301264 -0.2249782 -0.1336932 -0.3000204 -0.2234628 -0.1336932 -0.298505 -0.2222192 -0.1336932 -0.2967762 -0.2212951 -0.1336932 -0.2949002 -0.2207261 -0.1336932 -0.2929493 -0.2205339 -0.1336932 -0.2909984 -0.2207261 -0.1336932 -0.2891225 -0.2212951 -0.1336932 -0.2873936 -0.2222192 -0.1336932 -0.2858783 -0.2234628 -0.1336932 -0.2846347 -0.2249782 -0.1336932 -0.2837105 -0.2267071 -0.1336932 -0.2831415 -0.228583 -0.1336932 -0.2829493 -0.2305338 -0.1336932 -0.2831415 -0.2324848 -0.1336932 -0.2837105 -0.2343608 -0.1336932 -0.2846347 -0.2360896 -0.1336932 -0.2858783 -0.237605 -0.1336932 -0.2873936 -0.2388486 -0.1336932 -0.2891225 -0.2397727 -0.1336932 -0.2909984 -0.2403417 -0.1336932 0.3030861 -0.2405339 -0.07397717 0.305037 -0.2403418 -0.07397717 0.3069129 -0.2397727 -0.07397717 0.3086418 -0.2388486 -0.07397717 0.3101572 -0.237605 -0.07397717 0.3114008 -0.2360896 -0.07397717 0.3123249 -0.2343608 -0.07397717 0.3128939 -0.2324848 -0.07397717 0.3130861 -0.230534 -0.07397717 0.3128939 -0.228583 -0.07397717 0.3123249 -0.2267071 -0.07397717 0.3114008 -0.2249782 -0.07397717 0.3101572 -0.2234629 -0.07397717 0.3086418 -0.2222192 -0.07397717 0.3069129 -0.2212951 -0.07397717 0.305037 -0.2207261 -0.07397717 0.3030861 -0.2205339 -0.07397717 0.3011352 -0.2207261 -0.07397717 0.2992593 -0.2212951 -0.07397717 0.2975304 -0.2222192 -0.07397717 0.296015 -0.2234629 -0.07397717 0.2947714 -0.2249782 -0.07397717 0.2938473 -0.2267071 -0.07397717 0.2932782 -0.228583 -0.07397717 0.2930861 -0.230534 -0.07397717 0.2932782 -0.2324848 -0.07397717 0.2938473 -0.2343608 -0.07397717 0.2947714 -0.2360896 -0.07397717 0.296015 -0.237605 -0.07397717 0.2975304 -0.2388486 -0.07397717 0.2992593 -0.2397727 -0.07397717 0.3011352 -0.2403418 -0.07397717 0.3030861 -0.2405339 -0.1039772 0.305037 -0.2403418 -0.1039772 0.3069129 -0.2397727 -0.1039772 0.3086418 -0.2388486 -0.1039772 0.3101572 -0.237605 -0.1039772 0.3114008 -0.2360896 -0.1039772 0.3123249 -0.2343608 -0.1039772 0.3128939 -0.2324848 -0.1039772 0.3130861 -0.2305338 -0.1039772 0.3128939 -0.228583 -0.1039772 0.3123249 -0.2267071 -0.1039772 0.3114008 -0.2249782 -0.1039772 0.3101572 -0.2234628 -0.1039772 0.3086418 -0.2222192 -0.1039772 0.3069129 -0.2212951 -0.1039772 0.305037 -0.2207261 -0.1039772 0.3030861 -0.2205339 -0.1039772 0.3011352 -0.2207261 -0.1020262 0.2992593 -0.2212951 -0.1001503 0.2975304 -0.2222192 -0.09842145 0.296015 -0.2234628 -0.09690612 0.2947714 -0.2249782 -0.09566247 0.2938473 -0.2267071 -0.09473836 0.2932782 -0.228583 -0.09416931 0.2930861 -0.2305338 -0.09397715 0.2932782 -0.2324848 -0.09416931 0.2938473 -0.2343608 -0.09473836 0.2947714 -0.2360896 -0.09566247 0.296015 -0.237605 -0.09690612 0.2975304 -0.2388486 -0.09842145 0.2992593 -0.2397727 -0.1001504 0.3011352 -0.2403418 -0.1020262 0.3011352 -0.2403418 -0.1059281 0.2992593 -0.2397727 -0.107804 0.2975304 -0.2388486 -0.1095328 0.296015 -0.237605 -0.1110482 0.2947714 -0.2360896 -0.1122918 0.2938473 -0.2343608 -0.1132159 0.2932782 -0.2324848 -0.113785 0.2930861 -0.2305338 -0.1139771 0.2932782 -0.228583 -0.113785 0.2938473 -0.2267071 -0.1132159 0.2947714 -0.2249782 -0.1122918 0.296015 -0.2234628 -0.1110482 0.2975304 -0.2222192 -0.1095328 0.2992593 -0.2212951 -0.107804 0.3011352 -0.2207261 -0.1059281 0.2730861 -0.2405339 -0.1039772 0.2730861 -0.2403418 -0.1059281 0.2730861 -0.2397727 -0.107804 0.2730861 -0.2388486 -0.1095328 0.2730861 -0.237605 -0.1110482 0.2730861 -0.2360896 -0.1122918 0.2730861 -0.2343608 -0.1132159 0.2730861 -0.2324848 -0.113785 0.2730861 -0.2305338 -0.1139771 0.2730861 -0.228583 -0.113785 0.2730861 -0.2267071 -0.1132159 0.2730861 -0.2249782 -0.1122918 0.2730861 -0.2234628 -0.1110482 0.2730861 -0.2222192 -0.1095328 0.2730861 -0.2212951 -0.107804 0.2730861 -0.2207261 -0.1059281 0.2730861 -0.2205339 -0.1039772 0.2730861 -0.2207261 -0.1020262 0.2730861 -0.2212951 -0.1001503 0.2730861 -0.2222192 -0.09842145 0.2730861 -0.2234628 -0.09690606 0.2730861 -0.2249782 -0.09566247 0.2730861 -0.2267071 -0.09473836 0.2730861 -0.228583 -0.09416931 0.2730861 -0.2305338 -0.09397715 0.2730861 -0.2324848 -0.09416931 0.2730861 -0.2343608 -0.09473836 0.2730861 -0.2360896 -0.09566247 0.2730861 -0.237605 -0.09690612 0.2730861 -0.2388486 -0.09842145 0.2730861 -0.2397727 -0.1001504 0.2730861 -0.2403418 -0.1020262 0.3030861 -0.2405339 -0.1339771 0.305037 -0.2403417 -0.1339771 0.3069129 -0.2397727 -0.1339771 0.3086418 -0.2388486 -0.1339771 0.3101572 -0.237605 -0.1339771 0.3114008 -0.2360896 -0.1339771 0.3123249 -0.2343608 -0.1339771 0.3128939 -0.2324848 -0.1339771 0.3130861 -0.2305338 -0.1339771 0.3128939 -0.228583 -0.1339771 0.3123249 -0.2267071 -0.1339771 0.3114008 -0.2249782 -0.1339771 0.3101572 -0.2234628 -0.1339771 0.3086418 -0.2222192 -0.1339771 0.3069129 -0.2212951 -0.1339771 0.305037 -0.2207261 -0.1339771 0.3030861 -0.2205339 -0.1339771 0.3011352 -0.2207261 -0.1339771 0.2992593 -0.2212951 -0.1339771 0.2975304 -0.2222192 -0.1339771 0.296015 -0.2234628 -0.1339771 0.2947714 -0.2249782 -0.1339771 0.2938473 -0.2267071 -0.1339771 0.2932782 -0.228583 -0.1339771 0.2930861 -0.2305338 -0.1339771 0.2932782 -0.2324848 -0.1339771 0.2938473 -0.2343608 -0.1339771 0.2947714 -0.2360896 -0.1339771 0.296015 -0.237605 -0.1339771 0.2975304 -0.2388486 -0.1339771 0.2992593 -0.2397727 -0.1339771 0.3011352 -0.2403417 -0.1339771 -0.2687491 -0.2307035 -0.09443616 0.2742277 -0.2307035 -0.09443616 -0.2687491 -0.2240785 -0.0971803 0.2742277 -0.2240785 -0.0971803 -0.2687491 -0.2213343 -0.1038053 0.2742277 -0.2213343 -0.1038053 -0.2687491 -0.2240785 -0.1104303 0.2742277 -0.2240785 -0.1104303 -0.2687491 -0.2307035 -0.1131744 0.2742277 -0.2307035 -0.1131744 -0.2687491 -0.2373285 -0.1104303 0.2742277 -0.2373285 -0.1104303 -0.2687491 -0.2400726 -0.1038053 0.2742277 -0.2400726 -0.1038053 -0.2687491 -0.2373285 -0.0971803 0.2742277 -0.2373285 -0.0971803 -0.2687491 0.2443421 -0.09443616 0.2742277 0.2443421 -0.09443616 -0.2687491 0.2509671 -0.0971803 0.2742277 0.2509671 -0.0971803 -0.2687491 0.2537112 -0.1038053 0.2742277 0.2537112 -0.1038053 -0.2687491 0.2509671 -0.1104303 0.2742277 0.2509671 -0.1104303 -0.2687491 0.2443421 -0.1131744 0.2742277 0.2443421 -0.1131744 -0.2687491 0.2377172 -0.1104303 0.2742277 0.2377172 -0.1104303 -0.2687491 0.234973 -0.1038053 0.2742277 0.234973 -0.1038053 -0.2687491 0.2377172 -0.0971803 0.2742277 0.2377172 -0.0971803 0.3032064 0.2349009 -0.4426262 0.3032064 0.2349009 -0.1274515 0.2965815 0.237645 -0.4426262 0.2965814 0.237645 -0.1274515 0.2938373 0.24427 -0.4426262 0.2938373 0.24427 -0.1274515 0.2965815 0.2508949 -0.4426262 0.2965814 0.250895 -0.1274515 0.3032064 0.2536391 -0.4426262 0.3032064 0.2536391 -0.1274515 0.3098313 0.250895 -0.4426262 0.3098313 0.250895 -0.1274515 0.3125755 0.24427 -0.4426262 0.3125755 0.24427 -0.1274515 0.3098313 0.237645 -0.4426262 0.3098313 0.237645 -0.1274515 -0.2931339 0.2349009 -0.4426262 -0.2931339 0.2349009 -0.1274515 -0.2997588 0.237645 -0.4426262 -0.2997589 0.237645 -0.1274515 -0.302503 0.24427 -0.4426262 -0.302503 0.24427 -0.1274515 -0.2997588 0.2508949 -0.4426262 -0.2997589 0.250895 -0.1274515 -0.2931339 0.2536391 -0.4426262 -0.2931339 0.2536391 -0.1274515 -0.2865089 0.250895 -0.4426262 -0.2865089 0.250895 -0.1274515 -0.2837648 0.24427 -0.4426262 -0.2837648 0.24427 -0.1274515 -0.2865089 0.237645 -0.4426262 -0.2865089 0.237645 -0.1274515 0.3032064 -0.2398254 -0.4428357 0.3032064 -0.2398254 -0.127661 0.2965815 -0.2370812 -0.4428357 0.2965814 -0.2370812 -0.127661 0.2938373 -0.2304563 -0.4428357 0.2938373 -0.2304563 -0.127661 0.2965815 -0.2238314 -0.4428357 0.2965814 -0.2238312 -0.127661 0.3032064 -0.2210872 -0.4428357 0.3032064 -0.2210872 -0.127661 0.3098313 -0.2238312 -0.4428357 0.3098313 -0.2238312 -0.127661 0.3125755 -0.2304563 -0.4428357 0.3125755 -0.2304563 -0.127661 0.3098313 -0.2370812 -0.4428357 0.3098313 -0.2370812 -0.127661 -0.2931339 -0.2398254 -0.4428357 -0.2931339 -0.2398254 -0.127661 -0.2997588 -0.2370812 -0.4428357 -0.2997589 -0.2370812 -0.127661 -0.302503 -0.2304563 -0.4428357 -0.302503 -0.2304563 -0.127661 -0.2997588 -0.2238314 -0.4428357 -0.2997589 -0.2238312 -0.127661 -0.2931339 -0.2210872 -0.4428357 -0.2931339 -0.2210872 -0.127661 -0.2865089 -0.2238312 -0.4428357 -0.2865089 -0.2238312 -0.127661 -0.2837648 -0.2304563 -0.4428357 -0.2837648 -0.2304563 -0.127661 -0.2865089 -0.2370812 -0.4428357 -0.2865089 -0.2370812 -0.127661 -0.2828488 0.2444881 -0.4396519 -0.2830409 0.246439 -0.4396519 -0.2836099 0.2483149 -0.4396519 -0.284534 0.2500438 -0.4396519 -0.2857777 0.2515591 -0.4396519 -0.2872931 0.2528028 -0.4396519 -0.2890219 0.2537269 -0.4396519 -0.2908979 0.254296 -0.4396519 -0.2928487 0.2544881 -0.4396519 -0.2947996 0.254296 -0.4396519 -0.2966756 0.2537269 -0.4396519 -0.2984045 0.2528028 -0.4396519 -0.2999198 0.2515591 -0.4396519 -0.3011634 0.2500438 -0.4396519 -0.3020876 0.2483149 -0.4396519 -0.3026566 0.246439 -0.4396519 -0.3028487 0.2444881 -0.4396519 -0.3026566 0.2425372 -0.4396519 -0.3020876 0.2406613 -0.4396519 -0.3011634 0.2389324 -0.4396519 -0.2999198 0.2374171 -0.4396519 -0.2984045 0.2361734 -0.4396519 -0.2966756 0.2352493 -0.4396519 -0.2947996 0.2346802 -0.4396519 -0.2928487 0.2344881 -0.4396519 -0.2908979 0.2346802 -0.4396519 -0.2890219 0.2352493 -0.4396519 -0.287293 0.2361734 -0.4396519 -0.2857777 0.2374171 -0.4396519 -0.284534 0.2389324 -0.4396519 -0.2836099 0.2406613 -0.4396519 -0.2830409 0.2425372 -0.4396519 -0.2828488 0.2444881 -0.4696519 -0.2830409 0.246439 -0.4696519 -0.28361 0.2483149 -0.4696519 -0.284534 0.2500438 -0.4696519 -0.2857777 0.2515591 -0.4696519 -0.2872931 0.2528028 -0.4696519 -0.2890219 0.2537269 -0.4696519 -0.2908979 0.254296 -0.4696519 -0.2928488 0.2544881 -0.4696519 -0.2947997 0.254296 -0.4696519 -0.2966756 0.2537269 -0.4696519 -0.2984045 0.2528028 -0.4696519 -0.2999199 0.2515591 -0.4696519 -0.3011634 0.2500438 -0.4696519 -0.3020876 0.2483149 -0.4696519 -0.3026566 0.246439 -0.4696519 -0.3028488 0.2444881 -0.4696519 -0.3026566 0.2425372 -0.467701 -0.3020876 0.2406613 -0.4658251 -0.3011634 0.2389324 -0.4640962 -0.2999198 0.2374171 -0.4625808 -0.2984045 0.2361734 -0.4613372 -0.2966756 0.2352493 -0.4604131 -0.2947996 0.2346802 -0.4598441 -0.2928488 0.2344881 -0.4596519 -0.2908979 0.2346802 -0.4598441 -0.2890219 0.2352493 -0.4604131 -0.2872931 0.2361734 -0.4613372 -0.2857777 0.2374171 -0.4625808 -0.284534 0.2389324 -0.4640962 -0.28361 0.2406613 -0.4658251 -0.2830409 0.2425372 -0.467701 -0.2830409 0.2425372 -0.4716028 -0.28361 0.2406613 -0.4734787 -0.2845341 0.2389324 -0.4752076 -0.2857777 0.2374171 -0.476723 -0.2872931 0.2361734 -0.4779666 -0.2890219 0.2352493 -0.4788907 -0.2908979 0.2346802 -0.4794597 -0.2928488 0.2344881 -0.4796518 -0.2947997 0.2346802 -0.4794597 -0.2966756 0.2352493 -0.4788907 -0.2984045 0.2361734 -0.4779666 -0.2999199 0.2374171 -0.476723 -0.3011634 0.2389324 -0.4752076 -0.3020876 0.2406613 -0.4734787 -0.3026566 0.2425372 -0.4716028 -0.2828488 0.2144882 -0.4696519 -0.2830409 0.2144882 -0.4716028 -0.28361 0.2144882 -0.4734787 -0.284534 0.2144882 -0.4752076 -0.2857777 0.2144882 -0.476723 -0.2872931 0.2144882 -0.4779666 -0.2890219 0.2144882 -0.4788907 -0.2908979 0.2144882 -0.4794597 -0.2928488 0.2144882 -0.4796518 -0.2947997 0.2144882 -0.4794597 -0.2966756 0.2144882 -0.4788907 -0.2984045 0.2144882 -0.4779666 -0.2999199 0.2144882 -0.476723 -0.3011634 0.2144882 -0.4752076 -0.3020876 0.2144882 -0.4734787 -0.3026566 0.2144882 -0.4716028 -0.3028488 0.2144882 -0.4696519 -0.3026566 0.2144882 -0.467701 -0.3020876 0.2144882 -0.4658251 -0.3011634 0.2144882 -0.4640962 -0.2999198 0.2144882 -0.4625808 -0.2984045 0.2144882 -0.4613372 -0.2966756 0.2144882 -0.4604131 -0.2947996 0.2144882 -0.4598441 -0.2928488 0.2144882 -0.4596519 -0.2908979 0.2144882 -0.4598441 -0.2890219 0.2144882 -0.4604131 -0.2872931 0.2144882 -0.4613372 -0.2857777 0.2144882 -0.4625808 -0.284534 0.2144882 -0.4640962 -0.28361 0.2144882 -0.4658251 -0.2830409 0.2144882 -0.467701 -0.2828488 0.2444881 -0.4996519 -0.283041 0.246439 -0.4996519 -0.28361 0.2483149 -0.4996519 -0.2845341 0.2500438 -0.4996519 -0.2857778 0.2515591 -0.4996519 -0.2872931 0.2528028 -0.4996519 -0.289022 0.2537269 -0.4996519 -0.2908979 0.254296 -0.4996519 -0.2928488 0.2544881 -0.4996519 -0.2947997 0.254296 -0.4996519 -0.2966756 0.2537269 -0.4996519 -0.2984045 0.2528028 -0.4996519 -0.2999199 0.2515591 -0.4996519 -0.3011634 0.2500438 -0.4996519 -0.3020876 0.2483149 -0.4996519 -0.3026567 0.246439 -0.4996519 -0.3028488 0.2444881 -0.4996519 -0.3026567 0.2425372 -0.4996519 -0.3020876 0.2406613 -0.4996519 -0.3011634 0.2389324 -0.4996519 -0.2999199 0.2374171 -0.4996519 -0.2984045 0.2361734 -0.4996519 -0.2966756 0.2352493 -0.4996519 -0.2947997 0.2346802 -0.4996519 -0.2928488 0.2344881 -0.4996519 -0.2908979 0.2346802 -0.4996519 -0.289022 0.2352493 -0.4996519 -0.2872931 0.2361734 -0.4996519 -0.2857778 0.2374171 -0.4996519 -0.2845341 0.2389324 -0.4996519 -0.28361 0.2406613 -0.4996519 -0.283041 0.2425372 -0.4996519 -0.3028487 -0.2303317 -0.4993686 -0.3026566 -0.2322825 -0.4993686 -0.3020876 -0.2341585 -0.4993686 -0.3011634 -0.2358873 -0.4993686 -0.2999198 -0.2374027 -0.4993686 -0.2984045 -0.2386463 -0.4993686 -0.2966756 -0.2395704 -0.4993686 -0.2947996 -0.2401395 -0.4993686 -0.2928487 -0.2403316 -0.4993686 -0.2908979 -0.2401395 -0.4993686 -0.2890219 -0.2395704 -0.4993686 -0.287293 -0.2386463 -0.4993686 -0.2857777 -0.2374027 -0.4993686 -0.284534 -0.2358873 -0.4993686 -0.2836099 -0.2341585 -0.4993686 -0.2830409 -0.2322825 -0.4993686 -0.2828488 -0.2303317 -0.4993686 -0.2830409 -0.2283807 -0.4993686 -0.2836099 -0.2265048 -0.4993686 -0.284534 -0.2247759 -0.4993686 -0.2857777 -0.2232606 -0.4993686 -0.287293 -0.2220169 -0.4993686 -0.2890219 -0.2210928 -0.4993686 -0.2908979 -0.2205238 -0.4993686 -0.2928487 -0.2203316 -0.4993686 -0.2947996 -0.2205238 -0.4993686 -0.2966756 -0.2210928 -0.4993686 -0.2984045 -0.2220169 -0.4993686 -0.2999198 -0.2232606 -0.4993686 -0.3011634 -0.2247759 -0.4993686 -0.3020876 -0.2265048 -0.4993686 -0.3026566 -0.2283807 -0.4993686 -0.3028487 -0.2303317 -0.4693686 -0.3026566 -0.2322825 -0.4693686 -0.3020876 -0.2341585 -0.4693686 -0.3011634 -0.2358873 -0.4693686 -0.2999198 -0.2374027 -0.4693686 -0.2984045 -0.2386463 -0.4693686 -0.2966756 -0.2395704 -0.4693686 -0.2947996 -0.2401395 -0.4693686 -0.2928487 -0.2403316 -0.4693686 -0.2908979 -0.2401395 -0.4693686 -0.2890219 -0.2395704 -0.4693686 -0.287293 -0.2386463 -0.4693686 -0.2857777 -0.2374027 -0.4693686 -0.284534 -0.2358873 -0.4693686 -0.2836099 -0.2341585 -0.4693686 -0.2830409 -0.2322825 -0.4693686 -0.2828488 -0.2303317 -0.4693686 -0.2830409 -0.2283807 -0.4713195 -0.2836099 -0.2265048 -0.4731955 -0.284534 -0.2247759 -0.4749243 -0.2857777 -0.2232606 -0.4764396 -0.287293 -0.2220169 -0.4776833 -0.2890219 -0.2210928 -0.4786074 -0.2908979 -0.2205238 -0.4791764 -0.2928487 -0.2203317 -0.4793686 -0.2947996 -0.2205238 -0.4791764 -0.2966756 -0.2210928 -0.4786074 -0.2984045 -0.2220169 -0.4776833 -0.2999198 -0.2232606 -0.4764396 -0.3011634 -0.2247759 -0.4749243 -0.3020876 -0.2265048 -0.4731955 -0.3026566 -0.2283807 -0.4713195 -0.3026566 -0.2283807 -0.4674177 -0.3020876 -0.2265048 -0.4655418 -0.3011634 -0.2247759 -0.4638129 -0.2999198 -0.2232606 -0.4622976 -0.2984045 -0.2220169 -0.4610539 -0.2966756 -0.2210928 -0.4601298 -0.2947996 -0.2205238 -0.4595608 -0.2928487 -0.2203317 -0.4593686 -0.2908979 -0.2205238 -0.4595608 -0.2890219 -0.2210928 -0.4601298 -0.287293 -0.2220169 -0.4610539 -0.2857777 -0.2232606 -0.4622976 -0.284534 -0.2247759 -0.4638129 -0.2836099 -0.2265048 -0.4655418 -0.2830409 -0.2283807 -0.4674177 -0.3028487 -0.2003317 -0.4693686 -0.3026566 -0.2003317 -0.4674177 -0.3020876 -0.2003317 -0.4655418 -0.3011634 -0.2003317 -0.4638129 -0.2999198 -0.2003317 -0.4622976 -0.2984045 -0.2003317 -0.4610539 -0.2966756 -0.2003317 -0.4601298 -0.2947996 -0.2003317 -0.4595608 -0.2928487 -0.2003317 -0.4593686 -0.2908979 -0.2003317 -0.4595608 -0.2890219 -0.2003317 -0.4601298 -0.287293 -0.2003317 -0.4610539 -0.2857777 -0.2003317 -0.4622976 -0.284534 -0.2003317 -0.4638129 -0.2836099 -0.2003317 -0.4655418 -0.2830409 -0.2003317 -0.4674177 -0.2828488 -0.2003317 -0.4693686 -0.2830409 -0.2003317 -0.4713195 -0.2836099 -0.2003317 -0.4731955 -0.284534 -0.2003317 -0.4749243 -0.2857777 -0.2003317 -0.4764396 -0.287293 -0.2003317 -0.4776833 -0.2890219 -0.2003317 -0.4786074 -0.2908979 -0.2003317 -0.4791764 -0.2928487 -0.2003317 -0.4793686 -0.2947996 -0.2003317 -0.4791764 -0.2966756 -0.2003317 -0.4786074 -0.2984045 -0.2003317 -0.4776833 -0.2999198 -0.2003317 -0.4764396 -0.3011634 -0.2003317 -0.4749243 -0.3020876 -0.2003317 -0.4731955 -0.3026566 -0.2003317 -0.4713195 -0.3028487 -0.2303317 -0.4393686 -0.3026566 -0.2322825 -0.4393686 -0.3020876 -0.2341585 -0.4393686 -0.3011634 -0.2358874 -0.4393686 -0.2999198 -0.2374027 -0.4393686 -0.2984045 -0.2386463 -0.4393686 -0.2966756 -0.2395704 -0.4393686 -0.2947996 -0.2401395 -0.4393686 -0.2928487 -0.2403317 -0.4393686 -0.2908979 -0.2401395 -0.4393686 -0.2890219 -0.2395704 -0.4393686 -0.287293 -0.2386463 -0.4393686 -0.2857777 -0.2374027 -0.4393686 -0.284534 -0.2358874 -0.4393686 -0.2836099 -0.2341585 -0.4393686 -0.2830409 -0.2322825 -0.4393686 -0.2828488 -0.2303317 -0.4393686 -0.2830409 -0.2283807 -0.4393686 -0.2836099 -0.2265048 -0.4393686 -0.284534 -0.2247759 -0.4393686 -0.2857777 -0.2232606 -0.4393686 -0.287293 -0.222017 -0.4393686 -0.2890219 -0.2210928 -0.4393686 -0.2908979 -0.2205238 -0.4393686 -0.2928487 -0.2203317 -0.4393686 -0.2947996 -0.2205238 -0.4393686 -0.2966756 -0.2210928 -0.4393686 -0.2984045 -0.222017 -0.4393686 -0.2999198 -0.2232606 -0.4393686 -0.3011634 -0.2247759 -0.4393686 -0.3020876 -0.2265048 -0.4393686 -0.3026566 -0.2283807 -0.4393686 0.3129634 -0.2303317 -0.4393778 0.3127713 -0.2322825 -0.4393778 0.3122023 -0.2341585 -0.4393778 0.3112781 -0.2358873 -0.4393778 0.3100345 -0.2374027 -0.4393778 0.3085191 -0.2386463 -0.4393778 0.3067903 -0.2395704 -0.4393778 0.3049144 -0.2401395 -0.4393778 0.3029634 -0.2403316 -0.4393778 0.3010126 -0.2401395 -0.4393778 0.2991366 -0.2395704 -0.4393778 0.2974078 -0.2386463 -0.4393778 0.2958924 -0.2374027 -0.4393778 0.2946488 -0.2358873 -0.4393778 0.2937247 -0.2341585 -0.4393778 0.2931556 -0.2322825 -0.4393778 0.2929635 -0.2303317 -0.4393778 0.2931556 -0.2283807 -0.4393778 0.2937247 -0.2265048 -0.4393778 0.2946488 -0.2247759 -0.4393778 0.2958924 -0.2232606 -0.4393778 0.2974078 -0.2220169 -0.4393778 0.2991366 -0.2210928 -0.4393778 0.3010126 -0.2205238 -0.4393778 0.3029634 -0.2203317 -0.4393778 0.3049144 -0.2205238 -0.4393778 0.3067903 -0.2210928 -0.4393778 0.3085191 -0.2220169 -0.4393778 0.3100345 -0.2232606 -0.4393778 0.3112781 -0.2247759 -0.4393778 0.3122023 -0.2265048 -0.4393778 0.3127713 -0.2283807 -0.4393778 0.3129634 -0.2303317 -0.4693778 0.3127713 -0.2322825 -0.4693778 0.3122022 -0.2341585 -0.4693778 0.3112781 -0.2358873 -0.4693778 0.3100345 -0.2374027 -0.4693778 0.3085191 -0.2386463 -0.4693778 0.3067902 -0.2395704 -0.4693778 0.3049144 -0.2401395 -0.4693778 0.3029634 -0.2403316 -0.4693778 0.3010125 -0.2401395 -0.4693778 0.2991366 -0.2395704 -0.4693778 0.2974078 -0.2386463 -0.4693778 0.2958924 -0.2374027 -0.4693778 0.2946487 -0.2358873 -0.4693778 0.2937247 -0.2341585 -0.4693778 0.2931556 -0.2322825 -0.4693778 0.2929635 -0.2303317 -0.4693778 0.2931556 -0.2283807 -0.4674268 0.2937247 -0.2265048 -0.4655509 0.2946488 -0.2247759 -0.463822 0.2958924 -0.2232606 -0.4623067 0.2974078 -0.2220169 -0.4610631 0.2991366 -0.2210928 -0.460139 0.3010126 -0.2205238 -0.4595699 0.3029634 -0.2203317 -0.4593778 0.3049144 -0.2205238 -0.4595699 0.3067902 -0.2210928 -0.460139 0.3085191 -0.2220169 -0.4610631 0.3100345 -0.2232606 -0.4623067 0.3112781 -0.2247759 -0.463822 0.3122022 -0.2265048 -0.4655509 0.3127713 -0.2283807 -0.4674268 0.3127713 -0.2283807 -0.4713286 0.3122022 -0.2265048 -0.4732046 0.3112781 -0.2247759 -0.4749334 0.3100345 -0.2232606 -0.4764488 0.3085191 -0.2220169 -0.4776925 0.3067902 -0.2210928 -0.4786165 0.3049144 -0.2205238 -0.4791856 0.3029634 -0.2203317 -0.4793777 0.3010125 -0.2205238 -0.4791856 0.2991366 -0.2210928 -0.4786165 0.2974078 -0.2220169 -0.4776925 0.2958924 -0.2232606 -0.4764488 0.2946487 -0.2247759 -0.4749334 0.2937247 -0.2265048 -0.4732046 0.2931556 -0.2283807 -0.4713286 0.3129634 -0.2003317 -0.4693778 0.3127713 -0.2003317 -0.4713286 0.3122022 -0.2003317 -0.4732046 0.3112781 -0.2003317 -0.4749334 0.3100345 -0.2003317 -0.4764488 0.3085191 -0.2003317 -0.4776925 0.3067902 -0.2003317 -0.4786165 0.3049144 -0.2003317 -0.4791856 0.3029634 -0.2003317 -0.4793777 0.3010125 -0.2003317 -0.4791856 0.2991366 -0.2003317 -0.4786165 0.2974078 -0.2003317 -0.4776924 0.2958924 -0.2003317 -0.4764488 0.2946487 -0.2003317 -0.4749334 0.2937247 -0.2003317 -0.4732046 0.2931556 -0.2003317 -0.4713286 0.2929635 -0.2003317 -0.4693778 0.2931556 -0.2003317 -0.4674268 0.2937247 -0.2003317 -0.4655509 0.2946488 -0.2003317 -0.463822 0.2958924 -0.2003317 -0.4623067 0.2974078 -0.2003317 -0.4610631 0.2991366 -0.2003317 -0.460139 0.3010126 -0.2003317 -0.4595699 0.3029634 -0.2003317 -0.4593778 0.3049144 -0.2003317 -0.4595699 0.3067903 -0.2003317 -0.460139 0.3085191 -0.2003317 -0.4610631 0.3100345 -0.2003317 -0.4623067 0.3112781 -0.2003317 -0.463822 0.3122022 -0.2003317 -0.4655509 0.3127713 -0.2003317 -0.4674268 0.3129634 -0.2303317 -0.4993778 0.3127713 -0.2322825 -0.4993778 0.3122022 -0.2341585 -0.4993778 0.3112781 -0.2358873 -0.4993778 0.3100345 -0.2374027 -0.4993778 0.3085191 -0.2386463 -0.4993778 0.3067902 -0.2395704 -0.4993778 0.3049143 -0.2401395 -0.4993778 0.3029634 -0.2403316 -0.4993778 0.3010125 -0.2401395 -0.4993778 0.2991366 -0.2395704 -0.4993778 0.2974077 -0.2386463 -0.4993778 0.2958924 -0.2374027 -0.4993778 0.2946487 -0.2358873 -0.4993778 0.2937246 -0.2341585 -0.4993777 0.2931556 -0.2322825 -0.4993777 0.2929635 -0.2303317 -0.4993777 0.2931556 -0.2283807 -0.4993777 0.2937246 -0.2265048 -0.4993777 0.2946487 -0.2247759 -0.4993778 0.2958924 -0.2232606 -0.4993778 0.2974078 -0.2220169 -0.4993778 0.2991366 -0.2210928 -0.4993778 0.3010125 -0.2205238 -0.4993778 0.3029634 -0.2203317 -0.4993778 0.3049143 -0.2205238 -0.4993778 0.3067902 -0.2210928 -0.4993778 0.3085191 -0.2220169 -0.4993778 0.3100345 -0.2232606 -0.4993778 0.3112781 -0.2247759 -0.4993778 0.3122022 -0.2265048 -0.4993778 0.3127713 -0.2283807 -0.4993778 0.3129634 0.2443251 -0.4396617 0.3127713 0.246276 -0.4396617 0.3122022 0.248152 -0.4396617 0.3112781 0.2498809 -0.4396617 0.3100345 0.2513962 -0.4396617 0.3085191 0.2526398 -0.4396617 0.3067902 0.253564 -0.4396617 0.3049144 0.254133 -0.4396617 0.3029634 0.2543252 -0.4396617 0.3010125 0.254133 -0.4396617 0.2991366 0.253564 -0.4396617 0.2974078 0.2526398 -0.4396617 0.2958924 0.2513962 -0.4396617 0.2946487 0.2498809 -0.4396617 0.2937247 0.248152 -0.4396617 0.2931556 0.246276 -0.4396617 0.2929635 0.2443251 -0.4396617 0.2931556 0.2423743 -0.4396617 0.2937247 0.2404983 -0.4396617 0.2946487 0.2387695 -0.4396617 0.2958924 0.2372541 -0.4396617 0.2974078 0.2360104 -0.4396617 0.2991366 0.2350864 -0.4396617 0.3010125 0.2345173 -0.4396617 0.3029634 0.2343252 -0.4396617 0.3049144 0.2345173 -0.4396617 0.3067902 0.2350864 -0.4396617 0.3085191 0.2360104 -0.4396617 0.3100345 0.2372541 -0.4396617 0.3112781 0.2387695 -0.4396617 0.3122022 0.2404983 -0.4396617 0.3127713 0.2423743 -0.4396617 0.3129634 0.2443251 -0.4696616 0.3127713 0.246276 -0.4696616 0.3122022 0.248152 -0.4696616 0.3112781 0.2498809 -0.4696616 0.3100345 0.2513962 -0.4696616 0.3085191 0.2526398 -0.4696616 0.3067902 0.253564 -0.4696616 0.3049143 0.254133 -0.4696616 0.3029634 0.2543251 -0.4696616 0.3010125 0.254133 -0.4696616 0.2991366 0.253564 -0.4696616 0.2974077 0.2526398 -0.4696616 0.2958924 0.2513962 -0.4696616 0.2946487 0.2498809 -0.4696616 0.2937246 0.248152 -0.4696616 0.2931556 0.246276 -0.4696616 0.2929635 0.2443251 -0.4696616 0.2931556 0.2423743 -0.4677107 0.2937246 0.2404983 -0.4658348 0.2946487 0.2387695 -0.4641059 0.2958924 0.2372541 -0.4625906 0.2974078 0.2360104 -0.4613469 0.2991366 0.2350863 -0.4604228 0.3010125 0.2345173 -0.4598538 0.3029634 0.2343252 -0.4596616 0.3049143 0.2345173 -0.4598538 0.3067902 0.2350863 -0.4604228 0.3085191 0.2360104 -0.4613469 0.3100345 0.2372541 -0.4625906 0.3112781 0.2387695 -0.4641059 0.3122022 0.2404983 -0.4658348 0.3127713 0.2423743 -0.4677107 0.3127713 0.2423743 -0.4716125 0.3122022 0.2404983 -0.4734885 0.3112781 0.2387695 -0.4752173 0.3100345 0.2372541 -0.4767326 0.3085191 0.2360104 -0.4779764 0.3067902 0.2350863 -0.4789004 0.3049143 0.2345173 -0.4794695 0.3029634 0.2343252 -0.4796616 0.3010125 0.2345173 -0.4794695 0.2991366 0.2350863 -0.4789004 0.2974077 0.2360104 -0.4779762 0.2958924 0.2372541 -0.4767326 0.2946487 0.2387695 -0.4752173 0.2937246 0.2404983 -0.4734885 0.2931556 0.2423743 -0.4716125 0.3129634 0.2143252 -0.4696616 0.3127713 0.2143252 -0.4716125 0.3122022 0.2143252 -0.4734885 0.3112781 0.2143252 -0.4752173 0.3100345 0.2143252 -0.4767326 0.3085191 0.2143252 -0.4779764 0.3067902 0.2143252 -0.4789004 0.3049143 0.2143252 -0.4794695 0.3029634 0.2143252 -0.4796616 0.3010125 0.2143252 -0.4794695 0.2991366 0.2143252 -0.4789004 0.2974077 0.2143252 -0.4779762 0.2958924 0.2143252 -0.4767326 0.2946487 0.2143252 -0.4752173 0.2937246 0.2143252 -0.4734885 0.2931556 0.2143252 -0.4716125 0.2929635 0.2143252 -0.4696616 0.2931556 0.2143252 -0.4677107 0.2937246 0.2143252 -0.4658348 0.2946487 0.2143252 -0.4641059 0.2958924 0.2143252 -0.4625906 0.2974078 0.2143252 -0.4613469 0.2991366 0.2143252 -0.4604228 0.3010125 0.2143252 -0.4598538 0.3029634 0.2143252 -0.4596616 0.3049143 0.2143252 -0.4598538 0.3067902 0.2143252 -0.4604228 0.3085191 0.2143252 -0.4613469 0.3100345 0.2143252 -0.4625906 0.3112781 0.2143252 -0.4641059 0.3122022 0.2143252 -0.4658348 0.3127713 0.2143252 -0.4677107 0.3129634 0.2443251 -0.4996616 0.3127712 0.246276 -0.4996616 0.3122022 0.248152 -0.4996616 0.3112781 0.2498808 -0.4996616 0.3100345 0.2513962 -0.4996616 0.3085191 0.2526398 -0.4996616 0.3067902 0.253564 -0.4996616 0.3049143 0.254133 -0.4996616 0.3029634 0.2543251 -0.4996616 0.3010125 0.254133 -0.4996616 0.2991365 0.253564 -0.4996616 0.2974077 0.2526398 -0.4996616 0.2958923 0.2513962 -0.4996616 0.2946487 0.2498808 -0.4996616 0.2937246 0.248152 -0.4996616 0.2931555 0.246276 -0.4996616 0.2929634 0.2443251 -0.4996616 0.2931555 0.2423743 -0.4996616 0.2937246 0.2404983 -0.4996616 0.2946487 0.2387694 -0.4996616 0.2958923 0.2372541 -0.4996616 0.2974077 0.2360104 -0.4996616 0.2991365 0.2350863 -0.4996616 0.3010125 0.2345173 -0.4996616 0.3029634 0.2343252 -0.4996616 0.3049143 0.2345173 -0.4996616 0.3067902 0.2350863 -0.4996616 0.3085191 0.2360104 -0.4996616 0.3100345 0.2372541 -0.4996616 0.3112781 0.2387694 -0.4996616 0.3122022 0.2404983 -0.4996616 0.3127712 0.2423743 -0.4996616 0.3031331 -0.2061313 -0.4601206 0.303133 0.2154667 -0.4601206 0.2965081 -0.2061313 -0.4628648 0.296508 0.2154667 -0.4628648 0.293764 -0.2061313 -0.4694897 0.2937638 0.2154667 -0.4694897 0.2965081 -0.2061313 -0.4761147 0.296508 0.2154667 -0.4761147 0.3031331 -0.2061313 -0.4788589 0.303133 0.2154667 -0.4788589 0.3097581 -0.2061313 -0.4761147 0.3097579 0.2154667 -0.4761147 0.3125022 -0.2061313 -0.4694897 0.3125021 0.2154667 -0.4694897 0.3097581 -0.2061313 -0.4628648 0.3097579 0.2154667 -0.4628648 -0.2927843 -0.2061313 -0.4601206 -0.2927845 0.2154667 -0.4601206 -0.2994093 -0.2061313 -0.4628648 -0.2994095 0.2154667 -0.4628648 -0.3021535 -0.2061313 -0.4694897 -0.3021536 0.2154667 -0.4694897 -0.2994093 -0.2061313 -0.4761147 -0.2994095 0.2154667 -0.4761147 -0.2927843 -0.2061313 -0.4788589 -0.2927845 0.2154667 -0.4788589 -0.2861594 -0.2061313 -0.4761147 -0.2861595 0.2154667 -0.4761147 -0.2834153 -0.2061313 -0.4694897 -0.2834154 0.2154667 -0.4694897 -0.2861594 -0.2061313 -0.4628648 -0.2861595 0.2154667 -0.4628648 0.3032064 0.2349009 -0.8187824 0.3032064 0.2349009 -0.4907933 0.2965815 0.237645 -0.8187824 0.2965814 0.237645 -0.4907933 0.2938373 0.24427 -0.8187824 0.2938373 0.24427 -0.4907933 0.2965815 0.2508949 -0.8187824 0.2965814 0.250895 -0.4907933 0.3032064 0.2536391 -0.8187824 0.3032064 0.2536391 -0.4907933 0.3098313 0.250895 -0.8187824 0.3098313 0.250895 -0.4907933 0.3125755 0.24427 -0.8187824 0.3125755 0.24427 -0.4907933 0.3098313 0.237645 -0.8187824 0.3098313 0.237645 -0.4907933 -0.2931339 0.2349009 -0.8187824 -0.2931339 0.2349009 -0.4907933 -0.2997588 0.237645 -0.8187824 -0.2997589 0.237645 -0.4907933 -0.302503 0.24427 -0.8187824 -0.302503 0.24427 -0.4907933 -0.2997588 0.2508949 -0.8187824 -0.2997589 0.250895 -0.4907933 -0.2931339 0.2536391 -0.8187824 -0.2931339 0.2536391 -0.4907933 -0.2865089 0.250895 -0.8187824 -0.2865089 0.250895 -0.4907933 -0.2837648 0.24427 -0.8187824 -0.2837648 0.24427 -0.4907933 -0.2865089 0.237645 -0.8187824 -0.2865089 0.237645 -0.4907933 0.3032064 -0.2398254 -0.8189918 0.3032064 -0.2398254 -0.4910027 0.2965815 -0.2370812 -0.8189918 0.2965814 -0.2370812 -0.4910027 0.2938373 -0.2304563 -0.8189918 0.2938373 -0.2304563 -0.4910027 0.2965815 -0.2238314 -0.8189918 0.2965814 -0.2238312 -0.4910027 0.3032064 -0.2210872 -0.8189918 0.3032064 -0.2210872 -0.4910027 0.3098313 -0.2238312 -0.8189918 0.3098313 -0.2238312 -0.4910027 0.3125755 -0.2304563 -0.8189918 0.3125755 -0.2304563 -0.4910027 0.3098313 -0.2370812 -0.8189918 0.3098313 -0.2370812 -0.4910027 -0.2931339 -0.2398254 -0.8189918 -0.2931339 -0.2398254 -0.4910027 -0.2997588 -0.2370812 -0.8189918 -0.2997589 -0.2370812 -0.4910027 -0.302503 -0.2304563 -0.8189918 -0.302503 -0.2304563 -0.4910027 -0.2997588 -0.2238314 -0.8189918 -0.2997589 -0.2238312 -0.4910027 -0.2931339 -0.2210872 -0.8189918 -0.2931339 -0.2210872 -0.4910027 -0.2865089 -0.2238312 -0.8189918 -0.2865089 -0.2238312 -0.4910027 -0.2837648 -0.2304563 -0.8189918 -0.2837648 -0.2304563 -0.4910027 -0.2865089 -0.2370812 -0.8189918 -0.2865089 -0.2370812 -0.4910027 -0.323226 0.2542693 -0.8464033 -0.323226 0.2540771 -0.8483541 -0.323226 0.2535082 -0.85023 -0.323226 0.252584 -0.8519589 -0.323226 0.2513404 -0.8534743 -0.323226 0.249825 -0.8547179 -0.323226 0.2480962 -0.855642 -0.323226 0.2462202 -0.8562111 -0.323226 0.2442693 -0.8564032 -0.323226 0.2423184 -0.8562111 -0.323226 0.2404425 -0.855642 -0.323226 0.2387136 -0.8547179 -0.323226 0.2371982 -0.8534743 -0.323226 0.2359547 -0.8519589 -0.323226 0.2350305 -0.85023 -0.323226 0.2344615 -0.8483541 -0.323226 0.2342693 -0.8464033 -0.323226 0.2344615 -0.8444524 -0.323226 0.2350305 -0.8425764 -0.323226 0.2359547 -0.8408475 -0.323226 0.2371982 -0.8393322 -0.323226 0.2387136 -0.8380885 -0.323226 0.2404425 -0.8371644 -0.323226 0.2423184 -0.8365954 -0.323226 0.2442693 -0.8364033 -0.323226 0.2462202 -0.8365954 -0.323226 0.2480962 -0.8371644 -0.323226 0.249825 -0.8380885 -0.323226 0.2513404 -0.8393322 -0.323226 0.252584 -0.8408475 -0.323226 0.2535082 -0.8425764 -0.323226 0.2540771 -0.8444524 -0.293226 0.2542693 -0.8464033 -0.293226 0.2540771 -0.8483541 -0.293226 0.2535081 -0.85023 -0.293226 0.252584 -0.8519589 -0.293226 0.2513404 -0.8534743 -0.293226 0.249825 -0.8547179 -0.293226 0.2480961 -0.855642 -0.293226 0.2462202 -0.856211 -0.293226 0.2442693 -0.8564032 -0.293226 0.2423184 -0.856211 -0.293226 0.2404425 -0.855642 -0.293226 0.2387136 -0.8547179 -0.293226 0.2371982 -0.8534743 -0.293226 0.2359546 -0.8519589 -0.293226 0.2350305 -0.85023 -0.293226 0.2344614 -0.8483541 -0.293226 0.2342693 -0.8464033 -0.2951769 0.2344614 -0.8444524 -0.2970529 0.2350305 -0.8425764 -0.2987818 0.2359547 -0.8408475 -0.3002971 0.2371982 -0.8393322 -0.3015407 0.2387136 -0.8380885 -0.3024648 0.2404425 -0.8371644 -0.3030339 0.2423184 -0.8365954 -0.303226 0.2442693 -0.8364033 -0.3030339 0.2462202 -0.8365954 -0.3024648 0.2480961 -0.8371644 -0.3015407 0.249825 -0.8380885 -0.3002971 0.2513404 -0.8393322 -0.2987817 0.252584 -0.8408475 -0.2970529 0.2535081 -0.8425764 -0.2951769 0.2540771 -0.8444524 -0.2912752 0.2540771 -0.8444524 -0.2893992 0.2535081 -0.8425764 -0.2876703 0.252584 -0.8408475 -0.2861549 0.2513404 -0.8393322 -0.2849113 0.249825 -0.8380885 -0.2839872 0.2480961 -0.8371644 -0.2834182 0.2462202 -0.8365954 -0.283226 0.2442693 -0.8364033 -0.2834182 0.2423184 -0.8365954 -0.2839872 0.2404425 -0.8371644 -0.2849113 0.2387136 -0.8380885 -0.286155 0.2371982 -0.8393322 -0.2876703 0.2359546 -0.8408475 -0.2893992 0.2350305 -0.8425764 -0.2912752 0.2344614 -0.8444524 -0.293226 0.2542693 -0.8164032 -0.2912752 0.2540771 -0.8164032 -0.2893992 0.2535081 -0.8164032 -0.2876703 0.252584 -0.8164032 -0.2861549 0.2513404 -0.8164032 -0.2849113 0.249825 -0.8164032 -0.2839872 0.2480961 -0.8164032 -0.2834182 0.2462202 -0.8164032 -0.283226 0.2442693 -0.8164032 -0.2834182 0.2423184 -0.8164032 -0.2839872 0.2404425 -0.8164032 -0.2849113 0.2387136 -0.8164032 -0.286155 0.2371982 -0.8164032 -0.2876703 0.2359546 -0.8164032 -0.2893992 0.2350305 -0.8164032 -0.2912752 0.2344614 -0.8164032 -0.293226 0.2342693 -0.8164032 -0.2951769 0.2344614 -0.8164032 -0.2970529 0.2350305 -0.8164032 -0.2987818 0.2359547 -0.8164032 -0.3002971 0.2371982 -0.8164032 -0.3015407 0.2387136 -0.8164032 -0.3024648 0.2404425 -0.8164032 -0.3030339 0.2423184 -0.8164032 -0.3032261 0.2442693 -0.8164032 -0.3030339 0.2462202 -0.8164032 -0.3024648 0.2480961 -0.8164032 -0.3015407 0.249825 -0.8164032 -0.3002971 0.2513404 -0.8164032 -0.2987818 0.252584 -0.8164032 -0.2970529 0.2535081 -0.8164032 -0.2951769 0.2540771 -0.8164032 -0.263226 0.2542693 -0.8464033 -0.263226 0.2540771 -0.8483541 -0.263226 0.2535081 -0.85023 -0.263226 0.252584 -0.8519589 -0.263226 0.2513403 -0.8534743 -0.263226 0.249825 -0.8547179 -0.263226 0.2480961 -0.855642 -0.263226 0.2462202 -0.856211 -0.263226 0.2442693 -0.8564032 -0.263226 0.2423184 -0.856211 -0.263226 0.2404425 -0.855642 -0.263226 0.2387136 -0.8547179 -0.263226 0.2371982 -0.8534743 -0.263226 0.2359546 -0.8519589 -0.263226 0.2350305 -0.85023 -0.263226 0.2344614 -0.8483541 -0.263226 0.2342693 -0.8464033 -0.263226 0.2344614 -0.8444524 -0.263226 0.2350305 -0.8425764 -0.263226 0.2359546 -0.8408475 -0.263226 0.2371982 -0.8393322 -0.263226 0.2387136 -0.8380885 -0.263226 0.2404425 -0.8371644 -0.263226 0.2423184 -0.8365954 -0.263226 0.2442693 -0.8364033 -0.263226 0.2462202 -0.8365954 -0.263226 0.2480961 -0.8371644 -0.263226 0.249825 -0.8380885 -0.263226 0.2513403 -0.8393322 -0.263226 0.252584 -0.8408475 -0.263226 0.2535081 -0.8425764 -0.263226 0.2540771 -0.8444524 -0.323226 -0.2404988 -0.8466917 -0.323226 -0.2403067 -0.8486426 -0.323226 -0.2397376 -0.8505186 -0.323226 -0.2388135 -0.8522475 -0.323226 -0.2375699 -0.8537628 -0.323226 -0.2360545 -0.8550064 -0.323226 -0.2343257 -0.8559305 -0.323226 -0.2324497 -0.8564996 -0.323226 -0.2304988 -0.8566918 -0.323226 -0.2285479 -0.8564996 -0.323226 -0.2266719 -0.8559305 -0.323226 -0.2249431 -0.8550064 -0.323226 -0.2234278 -0.8537628 -0.323226 -0.2221841 -0.8522475 -0.323226 -0.22126 -0.8505186 -0.323226 -0.220691 -0.8486426 -0.323226 -0.2204988 -0.8466917 -0.323226 -0.220691 -0.8447408 -0.323226 -0.22126 -0.8428649 -0.323226 -0.2221841 -0.8411361 -0.323226 -0.2234278 -0.8396207 -0.323226 -0.2249431 -0.8383771 -0.323226 -0.2266719 -0.837453 -0.323226 -0.2285479 -0.8368839 -0.323226 -0.2304988 -0.8366917 -0.323226 -0.2324497 -0.8368839 -0.323226 -0.2343257 -0.837453 -0.323226 -0.2360545 -0.8383771 -0.323226 -0.2375699 -0.8396207 -0.323226 -0.2388135 -0.8411361 -0.323226 -0.2397376 -0.8428649 -0.323226 -0.2403067 -0.8447408 -0.293226 -0.2404988 -0.8466917 -0.293226 -0.2403067 -0.8486427 -0.293226 -0.2397376 -0.8505186 -0.293226 -0.2388135 -0.8522475 -0.293226 -0.2375699 -0.8537628 -0.293226 -0.2360545 -0.8550064 -0.293226 -0.2343257 -0.8559305 -0.293226 -0.2324497 -0.8564996 -0.293226 -0.2304988 -0.8566918 -0.293226 -0.2285479 -0.8564996 -0.293226 -0.2266719 -0.8559305 -0.293226 -0.2249431 -0.8550064 -0.293226 -0.2234277 -0.8537628 -0.293226 -0.2221841 -0.8522475 -0.293226 -0.22126 -0.8505186 -0.293226 -0.220691 -0.8486427 -0.293226 -0.2204988 -0.8466917 -0.2951769 -0.220691 -0.8447408 -0.2970528 -0.22126 -0.8428649 -0.2987817 -0.2221841 -0.8411361 -0.3002971 -0.2234277 -0.8396207 -0.3015407 -0.2249431 -0.8383771 -0.3024648 -0.2266719 -0.837453 -0.3030338 -0.2285479 -0.8368839 -0.303226 -0.2304988 -0.8366917 -0.3030338 -0.2324497 -0.8368839 -0.3024648 -0.2343257 -0.837453 -0.3015407 -0.2360545 -0.8383771 -0.3002971 -0.2375699 -0.8396207 -0.2987817 -0.2388135 -0.8411361 -0.2970528 -0.2397376 -0.8428649 -0.2951769 -0.2403067 -0.8447408 -0.2912751 -0.2403067 -0.8447408 -0.2893992 -0.2397376 -0.8428649 -0.2876703 -0.2388135 -0.8411361 -0.2861549 -0.2375699 -0.8396207 -0.2849113 -0.2360545 -0.8383771 -0.2839872 -0.2343257 -0.837453 -0.2834181 -0.2324497 -0.8368839 -0.283226 -0.2304988 -0.8366917 -0.2834181 -0.2285479 -0.8368839 -0.2839872 -0.2266719 -0.837453 -0.2849113 -0.2249431 -0.8383771 -0.2861549 -0.2234277 -0.8396207 -0.2876703 -0.2221841 -0.8411361 -0.2893992 -0.22126 -0.8428649 -0.2912751 -0.220691 -0.8447408 -0.293226 -0.2404988 -0.8166918 -0.2912751 -0.2403067 -0.8166918 -0.2893992 -0.2397376 -0.8166918 -0.2876703 -0.2388135 -0.8166918 -0.2861549 -0.2375699 -0.8166918 -0.2849113 -0.2360545 -0.8166918 -0.2839872 -0.2343257 -0.8166918 -0.2834181 -0.2324497 -0.8166918 -0.283226 -0.2304988 -0.8166918 -0.2834181 -0.2285479 -0.8166918 -0.2839872 -0.2266719 -0.8166918 -0.2849113 -0.2249431 -0.8166918 -0.2861549 -0.2234277 -0.8166918 -0.2876703 -0.2221841 -0.8166918 -0.2893992 -0.22126 -0.8166918 -0.2912751 -0.220691 -0.8166918 -0.293226 -0.2204988 -0.8166918 -0.2951769 -0.220691 -0.8166918 -0.2970528 -0.22126 -0.8166918 -0.2987817 -0.2221841 -0.8166918 -0.3002971 -0.2234277 -0.8166918 -0.3015407 -0.2249431 -0.8166918 -0.3024648 -0.2266719 -0.8166918 -0.3030338 -0.2285479 -0.8166918 -0.303226 -0.2304988 -0.8166918 -0.3030338 -0.2324497 -0.8166918 -0.3024648 -0.2343257 -0.8166918 -0.3015407 -0.2360545 -0.8166918 -0.3002971 -0.2375699 -0.8166918 -0.2987817 -0.2388135 -0.8166918 -0.2970528 -0.2397376 -0.8166918 -0.2951769 -0.2403067 -0.8166918 -0.263226 -0.2404988 -0.8466918 -0.263226 -0.2403066 -0.8486427 -0.263226 -0.2397376 -0.8505186 -0.263226 -0.2388135 -0.8522475 -0.263226 -0.2375699 -0.8537628 -0.263226 -0.2360545 -0.8550064 -0.263226 -0.2343257 -0.8559305 -0.263226 -0.2324497 -0.8564996 -0.263226 -0.2304988 -0.8566918 -0.263226 -0.2285479 -0.8564996 -0.263226 -0.2266719 -0.8559305 -0.263226 -0.2249431 -0.8550064 -0.263226 -0.2234277 -0.8537628 -0.263226 -0.2221841 -0.8522475 -0.263226 -0.22126 -0.8505186 -0.263226 -0.220691 -0.8486427 -0.263226 -0.2204988 -0.8466918 -0.263226 -0.220691 -0.8447409 -0.263226 -0.22126 -0.8428649 -0.263226 -0.2221841 -0.8411361 -0.263226 -0.2234277 -0.8396207 -0.263226 -0.2249431 -0.8383771 -0.263226 -0.2266719 -0.837453 -0.263226 -0.2285479 -0.8368839 -0.263226 -0.2304988 -0.8366917 -0.263226 -0.2324497 -0.8368839 -0.263226 -0.2343257 -0.837453 -0.263226 -0.2360545 -0.8383771 -0.263226 -0.2375699 -0.8396207 -0.263226 -0.2388135 -0.8411361 -0.263226 -0.2397376 -0.8428649 -0.263226 -0.2403066 -0.8447409 0.2731264 0.2542693 -0.8464033 0.2731264 0.2540771 -0.8483541 0.2731264 0.2535082 -0.85023 0.2731264 0.252584 -0.8519589 0.2731264 0.2513404 -0.8534743 0.2731264 0.249825 -0.8547179 0.2731264 0.2480962 -0.855642 0.2731264 0.2462202 -0.8562111 0.2731264 0.2442693 -0.8564032 0.2731264 0.2423184 -0.8562111 0.2731264 0.2404425 -0.855642 0.2731264 0.2387136 -0.8547179 0.2731264 0.2371982 -0.8534743 0.2731264 0.2359547 -0.8519589 0.2731264 0.2350305 -0.85023 0.2731264 0.2344615 -0.8483541 0.2731264 0.2342693 -0.8464033 0.2731264 0.2344615 -0.8444524 0.2731264 0.2350305 -0.8425764 0.2731264 0.2359547 -0.8408475 0.2731264 0.2371982 -0.8393322 0.2731264 0.2387136 -0.8380885 0.2731264 0.2404425 -0.8371644 0.2731264 0.2423184 -0.8365954 0.2731264 0.2442693 -0.8364033 0.2731264 0.2462202 -0.8365954 0.2731264 0.2480962 -0.8371644 0.2731264 0.249825 -0.8380885 0.2731264 0.2513404 -0.8393322 0.2731264 0.252584 -0.8408475 0.2731264 0.2535082 -0.8425764 0.2731264 0.2540771 -0.8444524 0.3031264 0.2542693 -0.8464033 0.3031264 0.2540771 -0.8483541 0.3031264 0.2535081 -0.85023 0.3031264 0.252584 -0.8519589 0.3031264 0.2513404 -0.8534743 0.3031264 0.249825 -0.8547179 0.3031264 0.2480961 -0.855642 0.3031264 0.2462202 -0.856211 0.3031264 0.2442693 -0.8564032 0.3031264 0.2423184 -0.856211 0.3031264 0.2404425 -0.855642 0.3031264 0.2387136 -0.8547179 0.3031264 0.2371982 -0.8534743 0.3031264 0.2359546 -0.8519589 0.3031264 0.2350305 -0.85023 0.3031264 0.2344614 -0.8483541 0.3031264 0.2342693 -0.8464033 0.3011755 0.2344614 -0.8444524 0.2992995 0.2350305 -0.8425764 0.2975707 0.2359547 -0.8408475 0.2960553 0.2371982 -0.8393322 0.2948117 0.2387136 -0.8380885 0.2938876 0.2404425 -0.8371644 0.2933185 0.2423184 -0.8365954 0.2931264 0.2442693 -0.8364033 0.2933185 0.2462202 -0.8365954 0.2938876 0.2480961 -0.8371644 0.2948117 0.249825 -0.8380885 0.2960553 0.2513404 -0.8393322 0.2975707 0.252584 -0.8408475 0.2992995 0.2535081 -0.8425764 0.3011755 0.2540771 -0.8444524 0.3050773 0.2540771 -0.8444524 0.3069532 0.2535081 -0.8425764 0.3086821 0.252584 -0.8408475 0.3101975 0.2513404 -0.8393322 0.3114411 0.249825 -0.8380885 0.3123652 0.2480961 -0.8371644 0.3129342 0.2462202 -0.8365954 0.3131264 0.2442693 -0.8364033 0.3129342 0.2423184 -0.8365954 0.3123652 0.2404425 -0.8371644 0.3114411 0.2387136 -0.8380885 0.3101975 0.2371982 -0.8393322 0.3086821 0.2359546 -0.8408475 0.3069532 0.2350305 -0.8425764 0.3050773 0.2344614 -0.8444524 0.3031264 0.2542693 -0.8164032 0.3050773 0.2540771 -0.8164032 0.3069532 0.2535081 -0.8164032 0.3086821 0.252584 -0.8164032 0.3101975 0.2513404 -0.8164032 0.3114411 0.249825 -0.8164032 0.3123652 0.2480961 -0.8164032 0.3129342 0.2462202 -0.8164032 0.3131264 0.2442693 -0.8164032 0.3129342 0.2423184 -0.8164032 0.3123652 0.2404425 -0.8164032 0.3114411 0.2387136 -0.8164032 0.3101974 0.2371982 -0.8164032 0.3086821 0.2359546 -0.8164032 0.3069532 0.2350305 -0.8164032 0.3050773 0.2344614 -0.8164032 0.3031264 0.2342693 -0.8164032 0.3011755 0.2344614 -0.8164032 0.2992995 0.2350305 -0.8164032 0.2975707 0.2359547 -0.8164032 0.2960553 0.2371982 -0.8164032 0.2948117 0.2387136 -0.8164032 0.2938876 0.2404425 -0.8164032 0.2933185 0.2423184 -0.8164032 0.2931264 0.2442693 -0.8164032 0.2933185 0.2462202 -0.8164032 0.2938876 0.2480961 -0.8164032 0.2948117 0.249825 -0.8164032 0.2960553 0.2513404 -0.8164032 0.2975707 0.252584 -0.8164032 0.2992995 0.2535081 -0.8164032 0.3011755 0.2540771 -0.8164032 0.3331264 0.2542693 -0.8464033 0.3331264 0.2540771 -0.8483541 0.3331264 0.2535081 -0.85023 0.3331264 0.252584 -0.8519589 0.3331264 0.2513403 -0.8534743 0.3331264 0.249825 -0.8547179 0.3331264 0.2480961 -0.855642 0.3331264 0.2462202 -0.856211 0.3331264 0.2442693 -0.8564032 0.3331264 0.2423184 -0.856211 0.3331264 0.2404425 -0.855642 0.3331264 0.2387136 -0.8547179 0.3331264 0.2371982 -0.8534743 0.3331264 0.2359546 -0.8519589 0.3331264 0.2350305 -0.85023 0.3331264 0.2344614 -0.8483541 0.3331264 0.2342693 -0.8464033 0.3331264 0.2344614 -0.8444524 0.3331264 0.2350305 -0.8425764 0.3331264 0.2359546 -0.8408475 0.3331264 0.2371982 -0.8393322 0.3331264 0.2387136 -0.8380885 0.3331264 0.2404425 -0.8371644 0.3331264 0.2423184 -0.8365954 0.3331264 0.2442693 -0.8364033 0.3331264 0.2462202 -0.8365954 0.3331264 0.2480961 -0.8371644 0.3331264 0.249825 -0.8380885 0.3331264 0.2513403 -0.8393322 0.3331264 0.252584 -0.8408475 0.3331264 0.2535081 -0.8425764 0.3331264 0.2540771 -0.8444524 0.2731264 -0.2404988 -0.8466917 0.2731264 -0.2403067 -0.8486426 0.2731264 -0.2397376 -0.8505186 0.2731264 -0.2388135 -0.8522475 0.2731264 -0.2375699 -0.8537628 0.2731264 -0.2360545 -0.8550064 0.2731264 -0.2343257 -0.8559305 0.2731264 -0.2324497 -0.8564996 0.2731264 -0.2304988 -0.8566918 0.2731264 -0.2285479 -0.8564996 0.2731264 -0.2266719 -0.8559305 0.2731264 -0.2249431 -0.8550064 0.2731264 -0.2234278 -0.8537628 0.2731264 -0.2221841 -0.8522475 0.2731264 -0.22126 -0.8505186 0.2731264 -0.220691 -0.8486426 0.2731264 -0.2204988 -0.8466917 0.2731264 -0.220691 -0.8447408 0.2731264 -0.22126 -0.8428649 0.2731264 -0.2221841 -0.8411361 0.2731264 -0.2234278 -0.8396207 0.2731264 -0.2249431 -0.8383771 0.2731264 -0.2266719 -0.837453 0.2731264 -0.2285479 -0.8368839 0.2731264 -0.2304988 -0.8366917 0.2731264 -0.2324497 -0.8368839 0.2731264 -0.2343257 -0.837453 0.2731264 -0.2360545 -0.8383771 0.2731264 -0.2375699 -0.8396207 0.2731264 -0.2388135 -0.8411361 0.2731264 -0.2397376 -0.8428649 0.2731264 -0.2403067 -0.8447408 0.3031264 -0.2404988 -0.8466917 0.3031264 -0.2403067 -0.8486427 0.3031264 -0.2397376 -0.8505186 0.3031264 -0.2388135 -0.8522475 0.3031264 -0.2375699 -0.8537628 0.3031264 -0.2360545 -0.8550064 0.3031264 -0.2343257 -0.8559305 0.3031264 -0.2324497 -0.8564996 0.3031264 -0.2304988 -0.8566918 0.3031264 -0.2285479 -0.8564996 0.3031264 -0.2266719 -0.8559305 0.3031264 -0.2249431 -0.8550064 0.3031264 -0.2234277 -0.8537628 0.3031264 -0.2221841 -0.8522475 0.3031264 -0.22126 -0.8505186 0.3031264 -0.220691 -0.8486427 0.3031264 -0.2204988 -0.8466917 0.3011755 -0.220691 -0.8447408 0.2992996 -0.22126 -0.8428649 0.2975707 -0.2221841 -0.8411361 0.2960553 -0.2234277 -0.8396207 0.2948117 -0.2249431 -0.8383771 0.2938876 -0.2266719 -0.837453 0.2933186 -0.2285479 -0.8368839 0.2931264 -0.2304988 -0.8366917 0.2933186 -0.2324497 -0.8368839 0.2938876 -0.2343257 -0.837453 0.2948117 -0.2360545 -0.8383771 0.2960553 -0.2375699 -0.8396207 0.2975707 -0.2388135 -0.8411361 0.2992996 -0.2397376 -0.8428649 0.3011755 -0.2403067 -0.8447408 0.3050773 -0.2403067 -0.8447408 0.3069533 -0.2397376 -0.8428649 0.3086822 -0.2388135 -0.8411361 0.3101975 -0.2375699 -0.8396207 0.3114411 -0.2360545 -0.8383771 0.3123652 -0.2343257 -0.837453 0.3129343 -0.2324497 -0.8368839 0.3131264 -0.2304988 -0.8366917 0.3129343 -0.2285479 -0.8368839 0.3123652 -0.2266719 -0.837453 0.3114411 -0.2249431 -0.8383771 0.3101975 -0.2234277 -0.8396207 0.3086821 -0.2221841 -0.8411361 0.3069533 -0.22126 -0.8428649 0.3050773 -0.220691 -0.8447408 0.3031264 -0.2404988 -0.8166918 0.3050773 -0.2403067 -0.8166918 0.3069533 -0.2397376 -0.8166918 0.3086822 -0.2388135 -0.8166918 0.3101975 -0.2375699 -0.8166918 0.3114411 -0.2360545 -0.8166918 0.3123652 -0.2343257 -0.8166918 0.3129343 -0.2324497 -0.8166918 0.3131265 -0.2304988 -0.8166918 0.3129343 -0.2285479 -0.8166918 0.3123652 -0.2266719 -0.8166918 0.3114411 -0.2249431 -0.8166918 0.3101975 -0.2234277 -0.8166918 0.3086822 -0.2221841 -0.8166918 0.3069533 -0.22126 -0.8166918 0.3050773 -0.220691 -0.8166918 0.3031264 -0.2204988 -0.8166918 0.3011755 -0.220691 -0.8166918 0.2992996 -0.22126 -0.8166918 0.2975707 -0.2221841 -0.8166918 0.2960553 -0.2234277 -0.8166918 0.2948117 -0.2249431 -0.8166918 0.2938876 -0.2266719 -0.8166918 0.2933186 -0.2285479 -0.8166918 0.2931264 -0.2304988 -0.8166918 0.2933186 -0.2324497 -0.8166918 0.2938876 -0.2343257 -0.8166918 0.2948117 -0.2360545 -0.8166918 0.2960554 -0.2375699 -0.8166918 0.2975707 -0.2388135 -0.8166918 0.2992996 -0.2397376 -0.8166918 0.3011755 -0.2403067 -0.8166918 0.3331264 -0.2404988 -0.8466918 0.3331264 -0.2403066 -0.8486427 0.3331264 -0.2397376 -0.8505186 0.3331264 -0.2388135 -0.8522475 0.3331264 -0.2375699 -0.8537628 0.3331264 -0.2360545 -0.8550064 0.3331264 -0.2343257 -0.8559305 0.3331264 -0.2324497 -0.8564996 0.3331264 -0.2304988 -0.8566918 0.3331264 -0.2285479 -0.8564996 0.3331264 -0.2266719 -0.8559305 0.3331264 -0.2249431 -0.8550064 0.3331264 -0.2234277 -0.8537628 0.3331264 -0.2221841 -0.8522475 0.3331264 -0.22126 -0.8505186 0.3331264 -0.220691 -0.8486427 0.3331264 -0.2204988 -0.8466918 0.3331264 -0.220691 -0.8447409 0.3331264 -0.22126 -0.8428649 0.3331264 -0.2221841 -0.8411361 0.3331264 -0.2234277 -0.8396207 0.3331264 -0.2249431 -0.8383771 0.3331264 -0.2266719 -0.837453 0.3331264 -0.2285479 -0.8368839 0.3331264 -0.2304988 -0.8366917 0.3331264 -0.2324497 -0.8368839 0.3331264 -0.2343257 -0.837453 0.3331264 -0.2360545 -0.8383771 0.3331264 -0.2375699 -0.8396207 0.3331264 -0.2388135 -0.8411361 0.3331264 -0.2397376 -0.8428649 0.3331264 -0.2403066 -0.8447409 -0.5872979 0.2443421 -0.8371312 0.5927764 0.2443422 -0.8371312 -0.5872979 0.2509671 -0.8398754 0.5927764 0.2509671 -0.8398754 -0.5872979 0.2537112 -0.8465003 0.5927764 0.2537112 -0.8465003 -0.5872979 0.2509671 -0.8531252 0.5927764 0.2509671 -0.8531252 -0.5872979 0.2443421 -0.8558694 0.5927764 0.2443422 -0.8558694 -0.5872979 0.2377172 -0.8531252 0.5927764 0.2377172 -0.8531252 -0.5872979 0.234973 -0.8465003 0.5927764 0.234973 -0.8465003 -0.5872979 0.2377172 -0.8398754 0.5927764 0.2377172 -0.8398754 -0.5888003 -0.2305496 -0.8371312 0.5942789 -0.2305495 -0.8371312 -0.5888003 -0.2239246 -0.8398754 0.5942789 -0.2239246 -0.8398754 -0.5888003 -0.2211804 -0.8465003 0.5942789 -0.2211804 -0.8465003 -0.5888003 -0.2239246 -0.8531252 0.5942789 -0.2239246 -0.8531252 -0.5888003 -0.2305496 -0.8558694 0.5942789 -0.2305495 -0.8558694 -0.5888003 -0.2371745 -0.8531252 0.5942789 -0.2371745 -0.8531252 -0.5888003 -0.2399187 -0.8465003 0.5942789 -0.2399187 -0.8465003 -0.5888003 -0.2371745 -0.8398754 0.5942789 -0.2371745 -0.8398754</float_array>
          <technique_common>
            <accessor source="#Cube_005-mesh-positions-array" count="3316" stride="3">
              <param name="X" type="float"/>
              <param name="Y" type="float"/>
              <param name="Z" type="float"/>
            </accessor>
          </technique_common>
        </source>
        <source id="Cube_005-mesh-normals">
          <float_array id="Cube_005-mesh-normals-array" count="10713">1 0 0 0 -1 0 -1 0 0 0 1 0 0 0 -1 0 0 1 -0.09802645 0 0.9951839 0.09802579 0 0.9951839 0.2902791 0 0.9569421 0.4713955 0 0.881922 0.6344175 0 0.7729907 0.7730128 0 0.6343906 0.8819026 0 0.4714317 0.9569339 0 0.2903062 0.9951866 0 0.09799826 0.9951866 0 -0.09799826 0.9569339 0 -0.290306 0.8819027 0 -0.4714316 0.773013 0 -0.6343904 0.6344175 0 -0.7729907 0.4713963 0 -0.8819216 0.29028 0 -0.9569418 0.09802681 0 -0.9951838 -0.09802615 0 -0.995184 -0.2902834 0 -0.9569407 -0.471395 0 -0.8819222 -0.6343952 0 -0.773009 -0.7730048 0 -0.6344002 -0.881928 0 -0.4713842 -0.9569337 0 -0.2903067 -0.9951866 0 -0.09799826 -0.9951866 0 0.09799826 -0.9569337 0 0.2903067 -0.881928 0 0.4713842 -0.7730048 0 0.6344002 -0.6343952 0 0.773009 -0.471395 0 0.8819222 -0.2902834 0 0.9569407 0 0.09802645 0.9951838 0 -0.0980224 0.9951843 0 -0.2902816 0.9569414 0 -0.4714044 0.8819172 0 -0.6344035 0.7730022 0 -0.7729795 0.6344311 -3.61563e-6 -0.88192 0.4713994 0 -0.956946 0.2902662 0 -0.9951843 0.09802138 0 -0.9951846 -0.09801995 0 -0.9569438 -0.2902733 -3.62191e-6 -0.8819245 -0.4713908 0 -0.7729802 -0.6344303 0 -0.6344059 -0.7730002 0 -0.4714072 -0.8819157 0 -0.2902816 -0.9569414 0 -0.09802103 -0.9951844 0 0.09802681 -0.9951838 0 0.2902945 -0.9569374 0 0.4713875 -0.8819264 0 0.6343802 -0.7730212 0 0.7730107 -0.6343932 0 0.881929 -0.4713823 0 0.9569367 -0.2902969 0 0.9951902 -0.09796243 0 0.9951891 0.09797334 0 0.9569375 0.2902943 0 0.8819336 0.4713738 0 0.7730107 0.6343932 0 0.6343773 0.7730236 0 0.4713921 0.8819237 0 0.290291 0.9569385 -0.09802657 0 0.9951838 0.09802603 0 0.995184 0.2902782 0 0.9569423 0.4713956 -1.97949e-6 0.881922 0.6344165 0 0.7729915 0.7730122 0 0.6343912 0.8819025 0 0.4714319 0.9569339 0 0.290306 0.9951866 0 0.09799844 0.9951866 0 -0.09799844 0.9569339 0 -0.2903059 0.8819025 0 -0.4714319 0.7730125 0 -0.634391 0.6344171 0 -0.7729909 0.4713963 0 -0.8819215 0.2902791 0 -0.9569421 0.09802699 0 -0.9951838 -0.09802585 0 -0.995184 -0.2902826 0 -0.956941 -0.4713954 0 -0.881922 -0.6343946 0 -0.7730094 -0.7730047 0 -0.6344003 -0.8819277 0 -0.4713849 -0.9569338 0 -0.2903063 -0.9951866 0 -0.09799838 -0.9951866 0 0.09799838 -0.9569338 0 0.2903063 -0.8819277 0 0.4713849 -0.7730048 0 0.6344003 -0.6343947 0 0.7730094 -0.4713938 -1.38047e-6 0.8819229 -0.2902825 0 0.956941 -0.09802585 0 0.995184 0.09802621 0 0.9951838 0.2902778 0 0.9569424 0.4713956 0 0.8819219 0.6344175 0 0.7729906 0.7730126 0 0.6343908 0.881903 0 0.471431 0.9569338 0 0.2903063 0.9951866 0 0.0979982 0.9951866 0 -0.0979982 0.9569338 0 -0.2903062 0.8819029 0 -0.4714312 0.7730126 0 -0.6343908 0.6344175 0 -0.7729906 0.4713963 0 -0.8819215 0.2902796 0 -0.9569419 0.09802716 0 -0.9951838 -0.09802657 0 -0.9951838 -0.2902831 0 -0.9569409 -0.4713957 0 -0.8819219 -0.6343946 0 -0.7730095 -0.7730051 0 -0.6344 -0.9951867 0 -0.09799808 -0.9951867 0 0.09799808 -0.7730051 0 0.6344 -0.6343946 0 0.7730095 -0.4713957 0 0.8819219 -0.2902831 0 0.9569409 0 0.09802973 0.9951836 0 -0.09801852 0.9951847 0 -0.2903034 0.9569348 0 -0.4713827 0.8819288 0 -0.6343886 0.7730144 0 -0.7730075 0.634397 0 -0.8819223 0.4713951 0 -0.956938 0.2902923 0 -0.9951856 0.09800904 0 -0.9569375 -0.2902943 0 -0.8819245 -0.4713908 0 -0.7730107 -0.6343932 0 -0.6343868 -0.7730159 0 -0.4713846 -0.8819279 0 -0.2903004 -0.9569357 0 -0.09801793 -0.9951847 0 0.09802412 -0.9951841 0 0.2902863 -0.9569399 0 0.471394 -0.8819227 0 0.6344047 -0.7730011 0 0.7729827 -0.6344272 0 0.8819461 -0.4713504 0 0.9569326 -0.2903107 0 0.9951843 -0.09802174 0 0.9951846 0.09801995 0 0.9569311 0.2903153 0 0.8819427 0.4713568 0 0.7729802 0.6344303 0 0.6344059 0.7730002 -0.09802675 0 0.9951838 0.09802561 0 0.995184 0.290278 0 0.9569424 0.4713955 -1.97948e-6 0.881922 0.6344165 0 0.7729914 0.7730118 0 0.6343918 0.9569337 0 0.2903066 0.9951866 0 0.09799849 0.9951866 0 -0.09799849 0.9569337 0 -0.2903065 0.7730119 0 -0.6343915 0.6344165 0 -0.7729914 0.2902789 0 -0.9569421 0.09802657 0 -0.9951838 -0.09802585 0 -0.9951839 -0.2902832 0 -0.9569408 -0.4713954 0 -0.881922 -0.6343944 0 -0.7730096 -0.773005 0 -0.6344 -0.8819279 0 -0.4713844 -0.9569337 0 -0.2903065 -0.9951867 0 -0.09799814 -0.9951867 0 0.09799814 -0.9569337 0 0.2903065 -0.8819279 0 0.4713844 -0.7730051 0 0.6343998 -0.4713941 -1.38047e-6 0.8819227 -0.290283 0 0.9569408 -0.09802645 0 -0.9951839 0.09802424 0 -0.9951841 0.2902703 0 -0.9569448 0.4714145 0 -0.8819119 0.6343952 0 -0.773009 0.7730128 0 -0.6343906 0.881922 0 -0.4713955 0.9569339 0 -0.2903062 0.9569339 0 0.290306 0.881922 0 0.4713954 0.773013 0 0.6343904 0.6343952 0 0.773009 0.4714152 0 0.8819114 0.2902712 0 0.9569445 0.09802526 0 0.995184 -0.09802615 0 0.995184 -0.6344168 0 0.7729912 -0.7730122 0 0.6343912 -0.8819025 0 0.4714321 -0.9569466 0 0.2902643 -0.9951822 0 0.09804344 -0.9951822 0 -0.09804344 -0.9569466 0 -0.2902643 -0.8819025 0 -0.4714321 -0.7730122 0 -0.6343912 -0.6344168 0 -0.7729912 0 -0.09802937 -0.9951836 0 0.0980252 -0.995184 0 0.2902801 -0.9569417 0 0.4714027 -0.8819182 0 0.6344127 -0.7729945 0 0.7729877 -0.634421 -3.61562e-6 0.8819164 -0.4714057 0 0.9569501 -0.2902527 0 0.9951826 -0.09803926 0 0.9951822 0.09804326 0 0.9569497 0.2902539 -3.62188e-6 0.8819153 0.4714078 0 0.7729903 0.6344179 0 0.6344139 0.7729936 0 0.4714054 0.8819166 0 0.2902801 0.9569417 0 0.09802389 0.9951841 0 -0.09802347 0.9951842 0 -0.2902836 0.9569407 0 -0.4713856 0.8819272 0 -0.6343722 0.7730278 0 -0.7730126 0.6343908 0 -0.8819279 0.4713845 0 -0.956936 0.2902991 0 -0.9951902 0.09796315 0 -0.9951891 -0.09797334 0 -0.956937 -0.2902958 0 -0.6343758 -0.7730249 0 -0.4713904 -0.8819247 0 -0.2902801 -0.9569417 0.09802466 0 -0.995184 0.29027 0 -0.9569449 0.4714145 1.97956e-6 -0.8819118 0.6343942 0 -0.7730097 0.7730122 0 -0.6343912 0.8819214 0 -0.4713965 0.9569339 0 -0.290306 0.9569339 0 0.2903059 0.8819214 0 0.4713965 0.7730125 0 0.634391 0.6343948 0 0.7730093 0.4714153 0 0.8819115 0.2902709 0 0.9569445 0.09802561 0 0.9951839 -0.2902826 0 0.956941 -0.4713954 0 0.881922 -0.6344166 0 0.7729914 -0.7730118 0 0.6343919 -0.881902 0 0.4714328 -0.9569463 0 0.290265 -0.9951822 0 0.09804373 -0.9951822 0 -0.09804373 -0.9569464 0 -0.2902651 -0.881902 0 -0.4714328 -0.7730118 0 -0.6343917 -0.6344166 0 -0.7729913 -0.4713938 1.27384e-6 -0.8819229 -0.2902825 0 -0.956941 0.09802484 0 -0.9951841 0.2902691 0 -0.9569452 0.4714145 0 -0.8819118 0.6343947 0 -0.7730094 0.8819217 0 -0.4713959 0.9569338 0 -0.2903063 0.9569338 0 0.2903062 0.8819217 0 0.4713962 0.6343947 0 0.7730094 0.4714153 0 0.8819114 0.09802585 0 0.995184 -0.7730124 0 0.634391 -0.8819028 0 0.4714316 -0.9951822 0 0.0980435 -0.9951822 0 -0.0980435 -0.8819028 0 -0.4714316 -0.7730124 0 -0.634391 0 -0.09802603 -0.995184 0 0.09801828 -0.9951847 0 0.2903019 -0.9569352 0 0.471381 -0.8819298 0 0.6343937 -0.7730102 0 0.881917 -0.4714047 0 0.956933 -0.290309 0 0.9951871 -0.09799426 0 0.9951868 0.09799665 0 0.9569306 0.2903168 0 0.8819153 0.4714078 0 0.6343949 0.7730092 0 0.4713829 0.8819288 0 0.2902989 0.9569361 0 0.09801769 0.9951847 0 -0.09802693 0.9951838 0 -0.2902895 0.9569389 0 -0.4713998 0.8819198 0 -0.6344104 0.7729965 0 -0.7729896 0.6344187 0 -0.8819461 0.4713504 0 -0.9569345 0.2903044 0 -0.9951833 0.09803199 0 -0.9951822 -0.09804326 0 -0.8819427 -0.4713568 0 -0.7729903 -0.6344179 0 -0.6344139 -0.7729936 0 -0.4713979 -0.8819207 0 -0.2902895 -0.9569389 -0.09802675 0 -0.9951838 0.09802407 0 -0.9951841 0.2902698 0 -0.956945 0.4714145 1.97956e-6 -0.8819119 0.6343942 0 -0.7730097 0.7730118 0 -0.6343918 0.8819212 0 -0.4713971 0.9569337 0 -0.2903066 0.9569337 0 0.2903065 0.8819212 0 0.4713969 0.7730119 0 0.6343915 0.6343942 0 0.7730097 0.2902707 0 0.9569447 0.09802508 0 0.995184 -0.09802585 0 0.9951839 -0.2902832 0 0.9569408 -0.4713954 0 0.881922 -0.634417 0 0.772991 -0.773012 0 0.6343914 -0.8819029 0 0.4714312 -0.9569466 0 0.2902646 -0.9951822 0 0.0980435 -0.9951822 0 -0.0980435 -0.9569466 0 -0.2902646 -0.8819029 0 -0.4714312 -0.7730121 0 -0.6343913 -0.6344172 0 -0.772991 -0.4713941 1.27383e-6 -0.8819227 -0.290283 0 -0.9569408 0 0.3826794 0.9238813 0 0.9238802 0.382682 0 0.9238802 -0.382682 0 0.3826821 -0.9238801 0 -0.3826794 -0.9238813 0 -0.9238829 -0.3826755 0 -0.9238802 0.382682 0 -0.3826821 0.9238801 0 0.9238774 0.3826885 0 0.9238774 -0.3826885 0 0.3826794 -0.9238813 0 -0.3826875 -0.9238779 0 -0.9238774 -0.3826885 0 -0.9238774 0.3826885 -0.9951866 0 0.09799838 -0.9569338 0 0.2903062 -0.881928 0 0.4713842 -0.6343947 0 0.7730094 -0.4713959 0 0.8819218 -0.2902836 0 0.9569407 -0.09802669 0 0.9951838 0.09802573 0 0.995184 0.2902783 0 0.9569423 0.4713951 0 0.8819222 0.7730122 0 0.6343911 0.9569337 0 0.2903063 0.9951866 0 0.09799838 0.9951866 0 -0.09799844 0.9569338 0 -0.2903063 0.8819029 0 -0.4714312 0.7730128 0 -0.6343905 0.6344166 0 -0.7729914 0.4713958 0 -0.8819218 0.290278 0 -0.9569424 0.09802544 0 -0.995184 -0.09802544 0 -0.995184 -0.2902824 0 -0.9569411 -0.4713958 0 -0.8819218 -0.6343951 0 -0.773009 -0.7730051 0 -0.6343998 -0.8819282 0 -0.471384 -0.9951864 0.0980004 0 -0.9951873 -0.09799176 0 -0.9569366 -0.2902973 0 -0.8819276 -0.4713852 0 -0.7730273 -0.6343728 0 -0.6343671 -0.7730321 0 -0.4713886 -0.8819258 0 -0.2902994 -0.9569359 0 -0.09799748 -0.9951867 0 0.09799808 -0.9951866 0 0.2902972 -0.9569366 0 0.4714074 -0.8819157 0 0.6343918 -0.7730118 0 0.7730308 -0.6343685 0 0.881885 -0.4714646 0 0.9569366 -0.2902973 0 0.9951871 -0.09799367 0 0.9951871 0.09799367 0 0.9569292 0.2903218 0 0.8818971 0.4714421 0 0.7730284 0.6343714 0 0.6343957 0.7730085 0 0.4713991 0.88192 0 0.290256 0.9569491 0 0.09804403 0.9951822 0 -0.09804326 0.9951822 0 -0.2902554 0.9569492 0 -0.4713832 0.8819285 0 -0.634376 0.7730247 0 -0.7730308 0.6343685 0 -0.8819404 0.4713609 0 -0.9569321 0.2903121 0 -0.9951866 0 -0.09799832 -0.9569339 0 0.290306 -0.4713963 0 0.8819216 0.634417 0 0.772991 0.8819026 1.97944e-6 0.4714317 0.9569339 0 -0.2903059 0.8819026 0 -0.4714319 0.7730116 1.21474e-6 -0.6343919 0.6344169 0 -0.7729911 0.4713958 0 -0.8819217 0.290279 0 -0.956942 0.09802705 0 -0.9951838 -0.0980274 0 -0.9951838 -0.2902832 0 -0.9569408 -0.4713961 0 -0.8819217 -0.7730051 0 -0.6344 -0.8819277 0 -0.4713847 -0.9569339 0 -0.2903059 -0.9951822 0 0.09804338 -0.9951822 0 -0.09804362 -0.9569467 0 -0.2902641 -0.8819027 0 -0.4714316 -0.7730125 0 -0.6343909 -0.6344165 0 -0.7729914 -0.4713959 0 -0.8819218 -0.2902836 0 -0.9569407 -0.09802669 0 -0.9951838 0.09802418 0 -0.9951841 0.29027 0 -0.9569448 0.471414 0 -0.8819121 0.6343947 0 -0.7730094 0.7730122 0 -0.6343911 0.8819218 0 -0.4713959 0.9569337 0 -0.2903063 0.9951866 0 -0.09799838 0.9951866 0 0.09799844 0.9569338 0 0.2903063 0.8819218 0 0.4713958 0.7730128 0 0.6343905 0.6343951 0 0.773009 0.4714148 0 0.8819116 0.2902698 0 0.956945 0.09802383 0 0.9951841 -0.09802544 0 0.995184 -0.2902824 0 0.9569411 -0.4713958 0 0.8819218 -0.7730128 0 0.6343905 -0.9569466 0 0.2902645 -0.9951831 -0.09803396 0 -0.9951813 0.0980525 0 -0.9569606 0.2902178 0 -0.8818945 0.471447 0 -0.7730332 0.6343656 0 -0.6343956 0.7730087 0 -0.4713891 0.8819254 0 -0.2903029 0.9569349 0 -0.09799611 0.9951869 0 0.09799808 0.9951866 0 0.2902908 0.9569385 0 0.4714347 0.8819011 0 0.6343715 0.7730284 0 0.7730308 0.6343685 0 0.8819001 0.4714363 0 0.9569271 0.2903283 0 0.9951902 0.09796231 0 0.9951894 -0.09797018 0 0.9569238 -0.2903392 0 0.881915 -0.4714086 0 0.634378 -0.7730232 0 0.471427 -0.8819051 0 0.2902466 -0.9569519 0 0.09804308 -0.9951823 0 -0.09804093 -0.9951825 0 -0.2902618 -0.9569474 0 -0.4713832 -0.8819285 0 -0.6343963 -0.773008 0 -0.7730308 -0.6343685 0 -0.8819028 -0.4714316 0 -0.9569603 -0.290219 0 -0.9951822 0 0.09804356 -0.9951822 0 -0.0980435 -0.9569466 0 -0.2902643 -0.634417 0 -0.772991 -0.4713963 0 -0.8819216 0.8819216 -3.95896e-6 -0.4713963 0.9569339 0 0.2903059 0.8819214 0 0.4713966 0.773011 -3.6442e-6 0.6343926 0.6343947 0 0.7730094 0.4714152 0 0.8819115 0.2902703 0 0.9569448 0.0980255 0 0.995184 -0.0980274 0 0.9951838 -0.2902832 0 0.9569408 -0.4713961 0 0.8819217 -0.7730128 0 0.6343906 -0.8819026 0 0.4714319 -0.9569466 0 0.2902641 -0.9951866 0 -0.09799826 -0.9951866 0 0.09799849 -0.8819278 0 0.4713846 -0.7730047 0 0.6344004 -0.6343942 0 0.7730097 -0.290283 0 0.9569409 -0.09802657 0 0.9951838 0.8819024 0 0.471432 0.9569339 0 -0.2903063 0.8819025 0 -0.4714319 0.7730121 0 -0.6343913 0.6344173 0 -0.7729908 0.4713959 0 -0.8819217 0.2902776 0 -0.9569426 0.09802526 0 -0.995184 -0.09802526 0 -0.995184 -0.2902817 0 -0.9569413 -0.4713959 0 -0.8819217 -0.6343945 0 -0.7730095 -0.7730045 0 -0.6344006 -0.8819277 0 -0.4713847 -0.9569339 0 -0.2903063 -0.9951868 -0.09799695 0 -0.8819393 -0.4713631 0 -0.7730059 -0.6343989 0 -0.6343988 -0.773006 0 -0.4713826 -0.8819289 0 -0.2902576 -0.9569486 0 0.2902554 -0.9569492 0 0.4714015 -0.8819189 0 0.6344236 -0.7729857 0 0.7730094 -0.6343946 0 0.8818969 -0.4714425 0 0.9951865 -0.09799891 0 0.9569336 0.290307 0 0.7730101 0.6343938 0 0.6343911 0.7730123 0 0.4714405 0.8818979 0 0.2902629 0.956947 0 0.09798383 0.9951881 0 -0.097983 0.9951881 0 -0.2902624 0.9569472 0 -0.4714246 0.8819064 0 -0.6343715 0.7730284 0 -0.7730125 0.6343909 0 -0.9569366 0.2902973 0 -0.9951866 0 0.09799849 -0.9569339 0 0.290306 -0.8819279 0 0.4713844 -0.7730043 0 0.6344009 -0.6343945 0 0.7730095 -0.4713959 0 0.8819217 -0.2902832 0 0.9569408 -0.09802699 0 0.9951838 0.2902773 0 0.9569426 0.4713959 0 0.8819217 0.7730118 0 0.6343918 0.8819025 1.97944e-6 0.4714319 0.9569339 0 0.2903061 0.9951866 0 0.09799849 0.9951866 0 -0.09799838 0.9569338 0 -0.2903063 0.8819026 0 -0.4714318 0.7730109 1.21474e-6 -0.6343927 0.6344169 0 -0.7729912 0.4713965 0 -0.8819214 0.09802722 0 -0.9951838 -0.09802752 0 -0.9951838 -0.2902837 0 -0.9569407 -0.4713962 0 -0.8819215 -0.773005 0 -0.6344 -0.9569338 0 -0.2903063 -0.9569465 0 -0.2902648 -0.8819025 0 -0.471432 -0.7730119 0 -0.6343915 -0.290283 0 -0.9569409 -0.09802657 0 -0.9951838 0.8819214 0 -0.4713966 0.9569339 0 0.2903063 0.8819215 0 0.4713965 0.7730121 0 0.6343913 0.6343945 0 0.7730095 0.471415 0 0.8819116 0.2902694 0 0.9569451 -0.09802526 0 0.995184 -0.2902817 0 0.9569413 -0.6344173 0 0.7729908 -0.7730121 0 0.6343913 -0.8819025 0 0.4714319 -0.9569464 0 0.2902647 -0.9951807 0.09805768 0 -0.8819063 0.4714248 0 -0.7730118 0.6343917 0 -0.6344273 0.7729825 0 -0.2902612 0.9569475 0 0.290249 0.9569512 0 0.4714288 0.8819043 0 0.6344032 0.7730023 0 0.7730094 0.6343946 0 0.8819119 0.4714142 0 0.9951896 0.0979675 0 0.9569283 -0.2903244 0 0.7730125 -0.6343909 0 0.6343733 -0.7730268 0 0.4714684 -0.881883 0 0.2902536 -0.9569498 0 0.09798288 -0.9951881 0 -0.09798073 -0.9951884 0 -0.2902687 -0.9569452 0 -0.4714246 -0.8819064 0 -0.6343918 -0.7730118 0 -0.7730125 -0.6343909 0 -0.9569647 -0.2902042 0 -0.9951822 0 -0.09804362 -0.9569464 0 -0.2902649 -0.8819026 0 -0.4714317 -0.7730116 0 -0.634392 -0.6344168 0 -0.7729912 -0.2902832 0 -0.9569408 -0.09802699 0 -0.9951838 0.09802448 0 -0.995184 0.2902688 0 -0.9569452 0.4714149 0 -0.8819116 0.7730118 0 -0.6343918 0.8819217 -3.95897e-6 -0.4713962 0.9569339 0 -0.2903061 0.9951866 0 -0.09799849 0.9951866 0 0.09799838 0.9569338 0 0.2903063 0.8819215 0 0.4713965 0.7730109 -3.64422e-6 0.6343927 0.6343947 0 0.7730093 0.4714147 0 0.8819117 0.2902714 0 0.9569445 0.09802561 0 0.995184 -0.09802752 0 0.9951838 -0.2902837 0 0.9569407 -0.4713962 0 0.8819215 -0.7730127 0 0.6343906 -0.3826861 0 0.9238784 -0.9238771 0 0.3826894 -0.923877 -1.27563e-5 -0.3826897 -0.3826861 0 -0.9238784 0.3826816 0 -0.9238803 0.9238827 0 -0.3826758 0.9238827 0 0.3826758 0.3826814 0 0.9238805 -0.9238771 0 -0.3826894 -0.382686 0 -0.9238786 0 -1 3.75115e-6 -0.3826816 0 0.9238803 -0.3826814 0 -0.9238805 0.3826861 0 -0.9238784 0.9238816 0 -0.3826786 0.9238816 0 0.3826786 0.382686 0 0.9238786 -0.9238816 0 0.3826786 -0.9238816 0 -0.3826786 -0.3826805 0 0.9238808 -0.9238811 0 0.3826799 -0.9238811 0 -0.3826799 -0.3826804 0 -0.9238809 0.3826805 0 -0.9238808 0.9238811 0 -0.3826799 0.9238811 0 0.3826799 0.3826804 0 0.9238809 0.9238825 0 -0.3826763 0.9238825 0 0.3826763 5.97184e-7 0 1 -1.21948e-6 0 1 6.47755e-7 0 -1 1 -3.82768e-4 0 -0.004303634 0.9999908 0 -0.004119455 -0.9999916 0 0 0 1 4.64659e-6 0 -1 -0.3826814 -0.9238803 0 -0.9238764 -0.3826912 0 -0.9238746 0.3826956 0 -0.3826906 0.9238767 -2.39508e-6 0.3826833 0.9238796 0 0.9238798 0.382683 0 0.9238764 -0.3826912 0 0.3826782 -0.9238818 0 -0.382694 0.9238752 -2.99387e-6 0.3826766 0.9238825 0 0.9238831 0.3826748 0 0.9238814 -0.3826789 0 0.3826764 -0.9238825 0 -0.3826906 -0.9238767 -5.51844e-7 -0.9238742 -0.3826963 0 0.3826814 0.9238803 0 0.9238801 0.3826822 0 0.9238742 -0.3826963 0 0.3826906 -0.9238767 0 -0.382694 -0.9238752 -7.35805e-7 -0.382694 0.9238752 -2.3951e-6 0.3826748 0.9238833 0 0.9238835 0.382674 0 0.9238793 -0.3826841 0 0.3826888 -0.9238773 0 -0.09799998 -0.9951865 -3.95904e-6 0.09804719 -0.9951818 -3.95894e-6 0.2902577 -0.9569486 0 0.4713864 -0.8819268 0 0.6344391 -0.7729729 0 0.7729814 -0.6344287 0 0.8819209 -0.4713974 0 0.9569371 -0.2902957 0 0.9951866 -0.09799891 0 0.9951871 0.09799373 0 0.9569371 0.2902957 0 0.8819092 0.4714195 0 0.773003 0.6344026 0 0.6344075 0.7729988 0 0.4714053 0.8819167 0 0.2903064 0.9569337 1.97949e-6 0.09798252 0.9951882 0 -0.09798145 0.9951883 0 -0.2903054 0.9569341 2.26891e-6 -0.4713958 0.8819218 0 -0.634381 0.7730206 0 -0.7730192 0.6343828 0 -0.881925 0.4713898 0 -0.9569353 0.2903015 0 -0.9951879 0.0979858 0 -0.9951874 -0.09799098 0 -0.9569355 -0.2903007 0 -0.8819369 -0.4713675 0 -0.7730092 -0.6343948 0 -0.6344125 -0.7729947 0 -0.4713899 -0.881925 0 -0.2902567 -0.9569488 0 0 -0.9951815 0.09805113 3.46414e-6 -0.9951865 -0.09799957 0 -0.9569471 -0.2902627 0 -0.8819321 -0.4713764 0 -0.7729978 -0.6344087 0 -0.6343764 -0.7730243 2.05389e-6 -0.4713969 -0.8819213 0 -0.2902923 -0.956938 0 -0.09800028 -0.9951864 0 0.09799569 -0.9951868 0 0.2902877 -0.9569394 0 0.4713909 -0.8819244 0 0.6343846 -0.7730175 0 0.7730294 -0.6343702 0 0.8818883 -0.4714585 0 0.9569417 -0.2902802 0 0.9951886 -0.09797799 0 0.995189 0.09797447 0 0.9569424 0.2902782 0 0.8818886 0.471458 0 0.7730234 0.6343774 0 0.6343946 0.7730094 0 0.4713961 0.8819217 0 0.2902946 0.9569374 0 0.09799528 0.9951869 3.67641e-6 -0.09803384 0.9951831 0 -0.2902666 0.9569459 0 -0.4713882 0.8819259 0 -0.6344035 0.7730022 0 -0.772998 0.6344087 0 -0.8819305 0.4713794 0 -0.9569465 0.2902647 -0.09799998 -0.9951865 0 0.09799462 -0.9951869 0 0.2902581 -0.9569485 0 0.471387 -0.8819265 -3.95895e-6 0.6344398 -0.7729723 0 0.7729809 -0.6344294 -4.70089e-6 0.8819206 -0.4713981 0 0.9569368 -0.2902963 0 0.9951865 -0.09799909 0 0.9951871 0.09799391 3.71159e-7 0.9569368 0.2902963 0 0.8819056 0.471426 0 0.7730149 0.634388 0 0.6343912 0.7730122 0 0.471427 0.8819051 0 0.2902641 0.9569466 0 0.09798234 0.9951882 0 -0.09798657 0.9951878 3.9591e-6 -0.2902776 0.9569426 0 -0.471432 0.8819024 0 -0.6343702 0.7730295 0 -0.7730007 0.6344052 0 -0.881928 0.4713842 0 -0.9569364 0.2902979 0 -0.9951865 0.09800016 0 -0.9951864 -0.09800028 0 -0.9569334 -0.2903077 0 -0.8819138 -0.4714108 0 -0.7730148 -0.634388 0 -0.6344101 -0.7729967 0 -0.4713838 -0.8819282 -4.53779e-6 -0.2902598 -0.9569479 0 -0.09798055 -0.9951884 0 0.09798228 -0.9951882 0 0.2902554 -0.9569492 0 0.4714401 -0.8818981 0 0.6343757 -0.773025 0 0.7729994 -0.6344069 0 0.8819189 -0.4714011 0 0.9569369 -0.2902964 0 0.9951871 -0.09799391 0 0.9951866 0.09799921 0 0.9569369 0.2902964 0 0.8819206 0.4713981 0 0.7730119 0.6343916 0 0.6344073 0.772999 0 0.4714254 0.881906 0 0.2902483 0.9569514 0 0.09799432 0.9951871 0 -0.09799635 0.9951868 0 -0.2902559 0.9569491 0 -0.4713888 0.8819257 0 -0.6344313 0.7729793 0 -0.7730076 0.6343969 0 -0.8819075 0.4714227 0 -0.9569544 0.2902383 0 -0.9951804 0.09806209 0 -0.9951809 -0.09805685 0 -0.9569544 -0.2902383 0 -0.8819057 -0.4714259 0 -0.7730106 -0.6343932 0 -0.6343996 -0.7730053 0 -0.4714298 -0.8819036 0 -0.2902629 -0.956947 0 0 -0.9951863 0.09800082 0 -0.9951889 -0.09797483 0 -0.9569432 -0.2902753 0 -0.8818918 -0.4714518 0 -0.7730295 -0.6343702 0 -0.6344031 -0.7730025 0 -0.4713676 -0.8819369 0 -0.2902991 -0.956936 0 -0.09800165 -0.9951863 0 0.0980041 -0.995186 0 0.2902927 -0.9569379 0 0.4713647 -0.8819384 0 0.6344189 -0.7729895 0 0.772998 -0.6344087 0 0.8819262 -0.4713875 0 0.956952 -0.2902462 0 0.995187 -0.09799444 0 0.9951865 0.09799993 0 0.9569514 0.2902484 0 0.8819314 0.4713778 0 0.7730006 0.6344054 0 0.6344019 0.7730033 0 0.4713852 0.8819275 0 0.2902933 0.9569378 0 0.09800106 0.9951863 0 -0.0979982 0.9951866 0 -0.2902991 0.956936 0 -0.4713819 0.8819293 0 -0.6343855 0.7730169 0 -0.7730279 0.634372 0 -0.8818951 0.4714457 0 -0.9569414 0.2902814 -0.09798479 -0.995188 0 0.09797936 -0.9951885 0 0.2902646 -0.9569465 0 0.471441 -0.8818978 0 0.6343759 -0.7730247 0 0.7730153 -0.6343875 0 0.8819192 -0.4714007 3.95896e-6 0.9569282 -0.2903248 0 0.9951871 -0.09799385 0 0.9951865 0.09799897 0 0.956937 0.2902958 0 0.8819208 0.4713976 3.62988e-6 0.7730123 0.6343911 0 0.6344081 0.7729985 0 0.4714125 0.8819128 0 0.2902488 0.9569512 0 0.09799444 0.9951871 0 -0.09799492 0.995187 0 -0.2902624 0.9569472 0 -0.4713855 0.8819273 0 -0.6344223 0.7729867 0 -0.7730072 0.6343974 0 -0.8818948 0.4714463 0 -0.9569455 0.2902677 0 -0.9951823 0.09804147 0 -0.9951825 -0.09804123 0 -0.9569466 -0.2902644 0 -0.8818971 -0.4714419 0 -0.7730078 -0.6343966 0 -0.6343875 -0.7730152 0 -0.4714267 -0.8819053 0 -0.2902663 -0.956946 0 -0.09799498 0.995187 0 0.09799456 0.9951869 0 0.2902908 0.9569386 0 0.4714187 0.8819096 0 0.6343765 0.7730242 0 0.7730037 0.6344017 0 0.8819361 0.4713692 0 0.9569372 0.290295 0 0.9951866 0.09799867 0 0.9951876 -0.09798824 -4.9485e-7 0.9569328 -0.2903099 0 0.8819462 -0.4713502 0 0.7729821 -0.6344279 2.96928e-6 0.6344137 -0.7729939 -2.96916e-6 0.4714137 -0.8819122 0 0.2902495 -0.956951 0 0.09804296 -0.9951823 0 -0.09804165 -0.9951824 0 -0.6344382 -0.7729736 -3.88497e-6 -0.7730094 -0.6343947 0 -0.8819066 -0.4714242 0 -0.9569507 -0.2902508 0 -0.9951814 -0.09805124 -5.56705e-7 -0.9951804 0.09806168 3.71176e-7 -0.9569551 0.2902358 0 -0.8818967 0.4714429 0 -0.6344051 0.7730008 0 -0.4713949 0.8819224 0 -0.2902981 0.9569363 0 0 0.995188 -0.09798425 0 0.995186 0.09800487 0 0.9569361 0.2902988 0 0.881913 0.4714124 0 0.7730205 0.6343811 0 0.6344081 0.7729984 -4.79259e-6 0.4713675 0.8819369 0 0.2902997 0.9569359 0 0.09799265 0.9951872 0 -0.09799438 0.9951871 0 -0.2903158 0.956931 0 -0.6343832 0.7730188 0 -0.7730294 0.6343702 0 -0.8819134 0.4714115 0 -0.9569461 0.2902659 0 -0.9951825 0.09804111 0 -0.9951823 -0.09804177 0 -0.9569457 -0.2902672 0 -0.881926 -0.4713881 0 -0.7730101 -0.6343938 -3.23736e-6 -0.6343833 -0.7730186 0 -0.4713899 -0.8819249 0 -0.2902823 -0.9569411 0 -0.09803199 -0.9951833 0 0.09802973 -0.9951835 0 0.2902653 -0.9569463 0 0.4714064 -0.8819162 0 0.6343986 -0.7730062 0 0.7730048 -0.6344003 0 0.8819246 -0.4713907 0 0.9569394 -0.290288 -0.09804481 0.9951821 3.1759e-6 0.2902902 0.9569387 2.96915e-6 0.4714048 0.8819169 0 0.6343757 0.773025 0 0.7730021 0.6344035 2.94639e-6 0.8819351 0.471371 0 0.995187 0.09799396 0 0.995187 -0.09799396 0 0.9569323 -0.2903111 0 0.7730332 -0.6343656 0 0.6343801 -0.7730213 0 0.4713988 -0.8819202 0 0.2902485 -0.9569513 0 0.0980426 -0.9951823 0 -0.09804081 -0.9951825 0 -0.2902596 -0.956948 0 -0.4713867 -0.8819266 0 -0.6343972 -0.7730073 0 -0.7730292 -0.6343706 0 -0.8818961 -0.471444 0 -0.9569444 -0.2902712 0 -0.9951851 -0.09801441 0 -0.9951847 0.09801799 0 -0.9569466 0.2902644 0 -0.8818866 0.4714616 0 -0.7730362 0.6343621 0 -0.6343972 0.7730072 0 -0.4713908 0.8819245 0 -0.2902979 0.9569364 4.23438e-6 -0.09799844 -0.9951866 0 0.09799784 -0.9951867 0 0.2902913 -0.9569384 0 0.4714063 -0.8819162 0 0.6343773 -0.7730237 0 0.7730192 -0.6343828 0 0.8819097 -0.4714187 0 0.9569549 -0.290237 0 0.9951804 -0.0980615 0 0.9951815 0.09805107 0 0.9569504 0.2902519 0 0.8819198 0.4713997 0 0.7730132 0.6343901 0 0.6343981 0.7730065 2.96908e-6 0.4713874 0.8819264 0 0.2902672 0.9569457 0 0.09804302 0.9951823 0 -0.09803825 0.9951828 0 -0.2902665 0.9569459 0 -0.4713899 0.881925 0 -0.6343976 0.773007 3.88472e-6 -0.7729985 0.6344078 0 -0.8819255 0.4713888 0 -0.9569375 0.2902941 0 -0.9951884 0.09798067 7.42278e-7 -0.9951873 -0.0979911 -3.71178e-7 -0.956942 -0.2902792 0 -0.8819155 -0.4714076 0 -0.77302 -0.6343815 0 -0.6343613 -0.7730368 0 -0.4713958 -0.8819218 0 -0.2902992 -0.956936 0 0 -0.9951869 0.09799563 0 -0.9951875 -0.09798896 0 -0.9569364 -0.2902976 0 -0.8819155 -0.4714077 0 -0.773021 -0.6343805 0 -0.6343787 -0.7730225 0 -0.4714164 -0.8819108 0 -0.2902976 -0.9569365 0 -0.09799718 -0.9951867 0 0.09799766 -0.9951867 0 0.2903144 -0.9569314 0 0.4713962 -0.8819215 0 0.6343832 -0.7730188 0 0.7730203 -0.6343812 0 0.8819159 -0.4714068 0 0.9569512 -0.2902492 0 0.9951824 -0.09804093 0 0.9951825 0.09804058 0 0.9569523 0.2902452 0 0.8819229 0.4713938 0 0.773012 0.6343916 1.94245e-6 0.634392 0.7730115 0 0.4713941 0.8819227 0 0.2902868 0.9569398 0 0.098028 0.9951838 0 -0.09802788 0.9951837 0 -0.2902705 0.9569447 0 -0.4714165 0.8819107 0 -0.6343986 0.7730062 0 -0.7730072 0.6343973 0 -0.8819326 0.4713756 0 -0.9569329 0.2903092 -0.09804153 -0.9951824 -3.17579e-6 0.09799736 -0.9951867 0 0.2903078 -0.9569334 -3.95911e-6 0.4713916 -0.881924 0 0.8819087 -0.4714203 0 0.9569544 -0.2902384 0 0.995184 -0.09802532 0 0.9951809 0.09805667 0 0.9569501 0.290253 0 0.8819189 0.4714011 0 0.7730332 0.6343656 0 0.6343649 0.7730339 0 0.4713857 0.8819273 0 0.2902659 0.956946 0 0.09803944 0.9951826 0 -0.09804379 0.9951822 0 -0.2902578 0.9569486 0 -0.4713898 0.8819251 0 -0.6343722 0.7730279 0 -0.7730206 0.6343811 0 -0.8819228 0.471394 0 -0.9569438 0.2902732 0 -0.995186 0.09800529 0 -0.9951869 -0.09799456 0 -0.9569466 -0.2902642 0 -0.8819149 -0.4714087 0 -0.7730162 -0.6343865 0 -0.634369 -0.7730305 0 -0.4713984 -0.8819204 0 -0.2902978 -0.9569364 -4.23438e-6 0 0.3826823 0.9238801 0 0.9238829 0.3826754 0 0.9238815 -0.3826791 0 0.3826751 -0.9238831 0 -0.3826751 -0.9238831 0 -0.9238841 -0.3826724 0 -0.9238816 0.3826787 0 -0.3826795 0.9238812 -1 -3.75108e-6 0 0 0.3826768 0.9238824 0 0.9238842 0.3826721 0 0.3826777 -0.9238819 0 -0.3826805 -0.9238808 0 -0.9238787 -0.3826856 0 -0.9238789 0.3826852 0 -0.3826849 0.9238789 -1 -3.75106e-6 0 -0.3826831 -0.9238798 0 -0.923877 -0.38269 -2.57547e-7 -0.923875 0.3826944 0 -0.3826907 0.9238765 -4.1208e-7 0.3826826 0.92388 0 0.923877 0.38269 0 0.9238792 -0.3826843 0 0.3826807 -0.9238806 0 -0.3826807 -0.9238806 0 -0.9238792 -0.3826843 -3.60567e-7 -0.9238774 0.3826888 0 -0.3826931 0.9238756 -5.15103e-7 0.3826779 0.9238818 0 0.9238839 0.382673 0 0.9238816 -0.3826787 0 0.3826737 -0.9238836 0 -0.3826955 -0.9238746 0 -0.9238747 -0.3826951 0 -0.3826908 0.9238765 -4.1208e-7 0.3826807 0.9238808 0 0.9238772 0.3826892 0 1.32622e-6 0 1 0.9238771 -0.3826894 0 0.3826931 -0.9238755 0 -0.3826931 -0.9238755 0 -0.9238771 -0.3826894 0 -0.3826931 0.9238755 -4.12082e-7 0.382676 0.9238826 0 0.9238842 0.3826723 0 1.32621e-6 0 1 0.9238794 -0.3826838 0 0.3826861 -0.9238784 0 0.995186 -0.09800547 0 0.995187 0.09799444 0 0.9569508 0.2902503 0 0.8819208 0.4713976 -2.47433e-6 0.7729659 0.6344477 0 0.6344041 0.7730017 0 0.2902975 0.9569365 0 0.09800386 0.9951861 0 -0.09799766 0.9951867 1.97954e-6 -0.2902975 0.9569365 1.97943e-6 -0.4713922 0.8819237 0 -0.6344351 0.7729762 0 -0.772997 0.6344099 2.96934e-6 -0.8819077 0.4714223 0 -0.9569508 0.2902503 0 -0.995187 0.09799444 0 -0.9951865 -0.09800058 0 -0.9569506 -0.2902511 0 -0.8819072 -0.4714233 0 -0.7730038 -0.6344014 0 -0.63444 -0.7729723 0 -0.4713833 -0.8819285 0 -0.2902898 -0.9569388 0 -0.09799921 -0.9951866 9.68884e-7 0.09799689 -0.9951868 -1.48464e-6 0.2902898 -0.9569388 0 0.4714024 -0.8819183 0 0.6344292 -0.7729811 -4.10776e-6 0.7729734 -0.6344386 0 0.8819233 -0.4713931 0 0.9569506 -0.2902511 -2.83626e-6 0.9951868 0 0.09799641 0.9951867 0 -0.097997 0.9569346 0 -0.2903037 0.8819214 0 -0.4713965 0.7730089 1.21472e-6 -0.6343953 0.6343919 0 -0.7730117 0.4714176 0 -0.8819101 0.2902815 0 -0.9569413 0.09796923 0 -0.9951896 -0.09797108 0 -0.9951894 -0.2903034 0 -0.9569348 -0.4714022 0 -0.8819184 -0.6343903 0 -0.7730129 -0.7730467 0 -0.6343491 -0.8819056 0 -0.4714261 -0.9569475 0 -0.2902615 -0.9951808 0 -0.09805756 -0.995181 0 0.09805583 -0.9569494 0 0.290255 -0.8819056 0 0.4714261 -0.7730199 0 0.634382 -0.6343924 0 0.7730112 -0.4713969 0 0.8819213 -0.2902711 0 0.9569445 -0.0980634 0 0.9951803 0.09806567 0 0.99518 0.2902867 0 0.9569397 0.4714273 0 0.8819051 0.6343655 0 0.7730333 0.7729943 0 0.634413 0.8819434 0 0.4713555 0.9569376 0 0.2902937 0.9951831 -0.09803396 -3.09714e-6 0.995187 0.09799426 0 0.9569334 0.2903078 -2.47439e-6 0.8819608 0.471323 0 0.7729668 0.6344467 -2.96922e-6 0.6344052 0.7730007 -1.97945e-6 0.4714061 0.8819162 0 0.2902984 0.9569362 -9.89716e-7 0.0979979 0.9951867 0 -0.0979948 0.9951869 0 -0.290316 0.9569309 0 -0.4713929 0.8819233 0 -0.6344052 0.7730007 0 -0.7730289 0.6343711 0 -0.8819081 0.4714215 0 -0.956951 0.2902498 0 -0.9951809 0.09805697 3.95902e-6 -0.9951825 -0.09804052 0 -0.9569445 -0.2902711 4.23447e-6 -0.8819011 -0.4714345 0 -0.7730218 -0.6343796 0 -0.6344082 -0.7729983 0 -0.4713961 -0.8819217 0 -0.2903058 -0.956934 0 -0.09799498 -0.9951869 0 0.09799855 -0.9951866 0 0.2902921 -0.9569382 -9.80867e-7 0.4714074 -0.8819155 0 0.6344032 -0.7730024 -3.03705e-6 0.7730098 -0.6343941 0 0.88192 -0.4713992 0 0.9569416 -0.2902808 -3.25448e-6 0.9951887 -0.09797728 0 0.956955 0.2902366 0 0.881883 0.4714683 0 0.7730348 0.6343637 0 0.6343924 0.7730113 0 0.4713937 0.8819229 0 0.2902911 0.9569384 0 0.09799766 0.9951867 0 -0.09800076 0.9951863 0 -0.2902911 0.9569384 0 -0.4713937 0.8819229 0 -0.6344079 0.7729985 0 -0.7729882 0.6344205 0 -0.8819226 0.4713944 0 -0.9569462 0.2902656 0 -0.9951866 0.09799867 0 -0.9951869 -0.09799605 0 -0.9569512 -0.2902492 0 -0.8819238 -0.471392 0 -0.7729755 -0.634436 0 -0.4713884 -0.8819258 0 -0.2902481 -0.9569515 0 -0.09804463 -0.995182 -4.45402e-6 0.09804481 -0.9951821 -4.45402e-6 0.2902481 -0.9569515 0 0.4713789 -0.8819309 0 0.63444 -0.7729723 0 0.7730059 -0.6343989 0 0.8819158 -0.4714071 0 0.9569512 -0.2902492 0 0.995187 0 -0.09799438 0.9569498 0 -0.2902538 0.8818969 0 -0.4714426 0.773018 0 -0.6343843 0.6344007 0 -0.7730044 0.4713788 0 -0.8819309 0.2902413 0 -0.9569536 0.09803229 0 -0.9951833 -0.09802311 0 -0.9951842 -0.2902452 0 -0.9569524 -0.4713681 0 -0.8819367 -0.6344202 0 -0.7729884 -0.7729943 0 -0.634413 -0.8819161 0 -0.4714063 -0.9569503 0 -0.290252 -0.9951869 0 -0.09799456 -0.995187 0 0.09799498 -0.9569531 0 0.2902426 -0.8819066 0 0.4714243 -0.7729875 0 0.6344214 -0.6344619 0 0.7729542 -0.471366 0 0.8819378 -0.2902793 0 0.956942 -0.09804642 0 0.9951819 0.09806543 0 0.99518 0.2902871 0 0.9569396 0.4713681 0 0.8819367 0.6344627 0 0.7729535 0.7730247 0 0.634376 0.8818892 0 0.4714567 0.9569531 0 0.2902426 0.9951869 -0.09799629 0 0.9951866 0.09799891 0 0.9569547 0.2902377 0 0.773034 0.6343647 1.97952e-6 0.4713922 0.8819237 0 0.2902902 0.9569387 0 0.09799456 0.9951869 0 -0.09800386 0.9951861 0 -0.2902902 0.9569387 0 -0.4713791 0.8819308 0 -0.6344067 0.7729995 0 -0.7729872 0.6344217 1.9794e-6 -0.9569458 0.2902667 0 -0.9951866 0.09799891 0 -0.9951863 -0.098001 0 -0.9569531 -0.2902427 0 -0.8819176 -0.4714037 0 -0.772979 -0.6344318 0 -0.6344368 -0.7729748 0 -0.4713764 -0.8819321 -4.10757e-6 -0.2902455 -0.9569522 0 -0.09800243 -0.9951862 0 0.2902425 -0.9569531 0 0.4713937 -0.881923 -4.10772e-6 0.6344234 -0.7729857 0 0.9569419 -0.2902796 0 -0.9951859 -0.09800493 0 -0.9569547 0.2902377 0 -0.881883 0.4714683 2.47437e-6 -0.7730184 0.6343836 0 -0.6343769 0.773024 0 -0.4714053 0.8819167 0 -0.2903088 0.9569331 9.89778e-7 -0.09799432 0.9951871 0 0.09800052 0.9951865 0 0.2902911 0.9569384 -1.97944e-6 0.4714185 0.8819096 0 0.6343769 0.773024 0 0.7730184 0.6343836 0 0.8819094 0.471419 -2.47444e-6 0.9569308 -0.2903164 0 0.8819383 -0.4713648 0 0.773005 -0.6344001 0 0.6344077 -0.7729986 0 0.4714064 -0.8819162 0 0.2902467 -0.9569519 0 0.09800118 -0.9951864 0 -0.09798961 -0.9951875 0 -0.2902663 -0.956946 0 -0.4714064 -0.8819162 2.86047e-6 -0.634397 -0.7730076 0 -0.773005 -0.6344001 0 -0.8818981 -0.4714404 0 -0.956951 -0.2902498 3.40349e-6 -0.9951874 0 -0.09798979 -0.9951863 0 0.09800094 -0.9569411 0 0.2902822 -0.8819137 0 0.4714111 -0.773016 0 0.6343867 -0.6344081 0 0.7729983 -0.4713413 0 0.8819509 -0.2903336 0 0.9569255 -0.09798437 0 0.9951881 0.09797221 0 0.9951892 0.2902995 0 0.956936 0.4713937 -5.22752e-6 0.8819229 0.634415 0 0.7729926 0.7729787 0 0.6344321 0.8819416 0 0.4713587 0.9569362 0 0.2902986 0.9951863 0 0.09800076 0.995187 0 -0.09799498 0.9569288 0 -0.2903227 0.8819392 0 -0.4713633 0.7729827 0 -0.6344271 0.6343717 0 -0.7730281 0.4714342 0 -0.8819013 0.2903003 0 -0.9569357 0.09799581 0 -0.9951869 -0.09796619 0 -0.9951898 -0.290316 2.14545e-6 -0.9569308 -0.4714085 0 -0.8819151 -0.6343585 0 -0.7730391 -0.7729934 0 -0.6344141 -0.8819323 0 -0.4713761 -0.9569318 0 -0.2903128 -0.9951869 -0.0979954 0 -0.956946 0.2902662 0 -0.8819094 0.471419 0 -0.7730193 0.6343827 0 -0.634378 0.773023 0 -0.2903175 0.9569304 0 -0.09799176 0.9951873 0 0.2903088 0.9569331 0 0.634378 0.773023 -9.89756e-7 0.7729882 0.6344205 0 0.8819481 0.4713468 -3.84723e-6 0.9569368 0.2902963 -3.95887e-6 0.9951866 0.09799909 0 0.9951877 -0.09798747 0 0.9569321 -0.2903119 0 0.8819463 -0.4713499 -3.97067e-6 0.7729761 -0.6344352 0 0.6344095 -0.7729973 0 0.4714159 -0.881911 0 0.2902607 -0.9569477 0 0.09799975 -0.9951865 0 -0.09799128 -0.9951874 3.90404e-7 -0.2902756 -0.9569432 0 -0.471392 -0.8819239 0 -0.6344032 -0.7730024 0 -0.7730023 -0.6344033 0 -0.8819276 -0.4713851 0 -0.9569331 -0.2903088 0 0.995185 -0.09801477 0 0.9951871 0.09799408 0 0.9569457 0.2902672 0 0.8819208 0.4713976 0 0.7730125 0.6343909 0 0.47144 0.8818982 0 0.2902677 0.9569455 0 0.09805154 0.9951813 0 -0.0980544 0.9951812 -3.95893e-6 -0.290259 0.9569482 0 -0.4714531 0.8818911 0 -0.6343757 0.773025 1.97952e-6 -0.7729814 0.6344287 0 -0.8819472 0.4713484 0 -0.9569368 0.2902963 3.46401e-6 -0.9951871 0.09799408 0 -0.9951859 -0.09800595 0 -0.9569346 -0.2903037 4.44575e-6 -0.8819352 -0.4713709 0 -0.7729952 -0.6344119 0 -0.634406 -0.7730001 0 -0.471369 -0.8819362 5.72106e-6 -0.2903081 -0.9569333 0 -0.0979942 -0.9951871 0 0.09798961 -0.9951875 0 0.2903277 -0.9569274 0 0.4713495 -0.8819466 4.29063e-6 0.6343953 -0.7730089 0 0.7730258 -0.6343747 0 0.8819109 -0.4714162 0 0.9569346 -0.2903037 0 0.9951868 0 0.09799671 0.9951866 0 -0.0979982 0.9569445 0 -0.2902712 0.8819136 0 -0.4714111 0.7730171 0 -0.6343854 0.6344338 0 -0.7729774 0.4713647 0 -0.8819383 0.2903348 0 -0.9569252 0.09801626 0 -0.9951848 -0.09801882 0 -0.9951846 -0.2903414 0 -0.9569232 -0.4714425 0 -0.8818968 -0.6344125 0 -0.7729948 -0.7729926 0 -0.6344152 -0.8819166 0 -0.4714054 -0.9569557 0 -0.2902342 -0.9951867 0 -0.09799742 -0.9951869 0 0.09799528 -0.9569495 0 0.2902548 -0.8819252 0 0.4713894 -0.7729758 0 0.6344354 -0.6343965 0 0.7730079 -0.471415 0 0.8819115 -0.2902536 0 0.9569498 -0.09801226 0 0.9951853 0.09801882 0 0.9951846 0.2902576 0 0.9569486 0.4714085 0 0.8819151 0.6343827 0 0.7730192 0.7730072 0 0.6343972 0.8819247 0 0.4713904 0.9569373 0 0.2902947 0.9951859 -0.09800553 -3.09777e-6 0.9951871 0.09799367 0 0.9569371 0.2902957 -2.96915e-6 0.8819213 0.4713968 0 0.7730125 0.6343909 -1.9796e-6 0.4714276 0.8819048 0 0.290251 0.9569506 0 -0.09799456 0.9951869 0 -0.2902598 0.9569479 0 -0.4714276 0.8819048 2.96914e-6 -0.6343912 0.7730122 0 -0.7729814 0.6344287 3.95904e-6 -0.8819213 0.4713968 -1.97946e-6 -0.9951871 0.09799367 3.95902e-6 -0.9951813 -0.09805184 3.09313e-6 -0.9569484 -0.2902583 4.23426e-6 -0.8819106 -0.4714166 0 -0.7730014 -0.6344043 3.644e-6 -0.6344311 -0.7729795 3.88497e-6 -0.4713861 -0.881927 0 -0.2902594 -0.9569481 2.86043e-6 -0.09799939 -0.9951865 0 0.09799784 -0.9951867 0 0.2902489 -0.9569513 0 0.4713909 -0.8819244 0 0.6344032 -0.7730024 0 0.7730203 -0.6343812 3.64408e-6 0.8819144 -0.4714096 0 0.9569272 -0.2903281 -3.2538e-6 -0.3826895 0 0.923877 -0.9238803 -3.08062e-7 0.3826819 -0.9238817 -1.5403e-7 -0.3826783 -0.3826896 0 -0.923877 0.3826895 1.54028e-7 -0.923877 0.9238817 6.16118e-7 -0.3826783 0.9238817 3.08059e-7 0.3826783 0.3826895 1.54028e-7 0.923877 -0.3826895 -1.92535e-7 0.923877 -0.9238758 -4.62091e-7 0.3826925 -0.9238772 -3.08058e-7 -0.3826889 -0.3826895 -1.92535e-7 -0.923877 0.382694 0 -0.9238752 0.9238832 2.31045e-7 -0.3826748 0.9238832 3.0806e-7 0.3826748 0.382694 0 0.9238752 -0.382681 -0.9238805 0 -0.9238789 -0.382685 -2.47486e-7 -0.9238771 0.3826894 0 -0.3826913 0.9238764 -3.95981e-7 0.3826828 0.9238799 0 0.9238789 0.382685 0 0.9238767 -0.3826904 0 0.382681 -0.9238805 0 -1.50044e-5 0 -1 -0.9238789 -0.382685 -3.4648e-7 -0.9238749 0.3826948 0 -0.3826935 0.9238754 -4.94979e-7 0.3826761 0.9238826 0 0.9238834 0.3826742 0 0.9238811 -0.3826796 0 0.3826766 -0.9238825 0 -1.50044e-5 0 -1 -0.3826935 -0.9238754 0 -0.9238768 -0.3826901 -2.47489e-7 -0.3826935 0.9238754 0 0.3826811 0.9238806 0 0.9238792 0.3826843 0 -5.30489e-6 0 1 0.9238746 -0.3826954 0 0.3826935 -0.9238754 0 -0.9238768 -0.3826901 -3.46485e-7 0.3826743 0.9238833 0 0.9238837 0.3826736 0 -5.30486e-6 0 1 0.923879 -0.3826846 0 0.3826891 -0.9238773 0 0 0.9951837 0.098028 0 0.9951835 -0.09803009 0 0.9569541 -0.2902397 3.95883e-6 0.8818932 -0.4714494 0 0.7730087 -0.6343955 0 0.6343952 -0.773009 0 0.4713889 -0.8819255 3.95886e-6 0.2902984 -0.9569362 7.91804e-6 0.09799635 -0.9951869 0 -0.0979979 -0.9951867 3.95904e-6 -0.2903116 -0.9569322 0 -0.4713691 -0.8819361 0 -0.6343874 -0.7730154 0 -0.7730475 -0.6343482 -3.95889e-6 -0.8819064 -0.4714248 -3.4633e-6 -0.9569497 -0.2902542 -3.4643e-6 -0.9951804 -0.09806144 -3.68667e-6 -0.9951798 0.09806662 0 -0.9569547 0.2902372 0 -0.8819044 0.4714283 0 -0.7730314 0.6343677 0 -0.6343822 0.7730196 0 -0.4714035 0.8819177 0 -0.290259 0.9569482 0 -0.09799724 0.9951867 0 0.09799724 0.9951867 0 0.2902459 0.9569522 0 0.471413 0.8819127 0 0.634393 0.7730109 0 0.7730112 0.6343925 0 0.881905 0.4714273 4.53786e-6 0.9569699 0.2901874 -0.09804189 0.9951824 0 0.09804642 0.9951819 0 0.2902542 0.9569497 0 0.4713863 0.8819269 0 0.6343854 0.7730169 0 0.773023 0.6343781 0 0.8819167 0.4714055 0 0.9569486 0.2902577 0 0.9951797 0.09806853 0 0.9951801 -0.09806513 0 0.9569489 -0.2902563 0 0.8819172 -0.4714045 0 0.7729952 -0.6344119 0 0.6343921 -0.7730115 0 0.4713944 -0.8819226 0 0.2902998 -0.9569358 0 0.09799438 -0.9951871 0 -0.09798991 -0.9951874 0 -0.2902963 -0.9569368 0 -0.4714189 -0.8819094 0 -0.6343839 -0.7730181 0 -0.7730244 -0.6343763 0 -0.881916 -0.4714066 0 -0.9569311 -0.2903153 0 -0.9951882 -0.09798246 0 -0.9951893 0.09797132 0 -0.9569299 0.2903192 0 -0.8819172 0.4714045 0 -0.7730237 0.6343773 0 -0.6343854 0.7730169 -3.13892e-6 -0.4713966 0.8819214 0 -0.2902572 0.9569487 0 0 0.9951799 0.09806644 0 0.9951835 -0.09803026 0 0.9569365 -0.2902977 0 0.8819196 -0.4714002 0 0.7730079 -0.6343964 3.95895e-6 0.6343946 -0.7730095 0 0.4713691 -0.8819361 0 0.2902554 -0.9569492 0 0.09805625 -0.9951809 0 -0.0980578 -0.9951808 0 -0.2902554 -0.9569492 0 -0.6343868 -0.7730158 0 -0.7730234 -0.6343775 0 -0.8819261 -0.4713878 0 -0.9569321 -0.2903122 0 -0.9951866 -0.09799891 0 -0.9951894 0.09797036 0 -0.9569349 0.2903027 0 -0.8819163 0.471406 0 -0.7730087 0.6343955 0 -0.6343919 0.7730116 0 -0.4713935 0.881923 0 -0.2902559 0.9569491 0 -0.0979954 0.9951869 0 0.09799343 0.9951871 0 0.2902614 0.9569474 0 0.4713984 0.8819205 3.1448e-6 0.6343986 0.7730062 0 0.7730072 0.6343973 0 0.8819182 0.4714025 0 0.9569463 0.2902649 0 0.9951874 -0.09799093 0 0.9951872 0.09799271 9.89715e-7 0.9569373 0.2902952 0 0.8819196 0.4714002 0 0.7730119 0.6343917 0 0.6343774 0.7730235 0 0.4714127 0.8819128 0 0.2902984 0.9569362 0 0.09802806 0.9951837 0 -0.09802806 0.9951837 0 -0.2903116 0.9569322 0 -0.4713929 0.8819233 0 -0.634393 0.7730109 3.95903e-6 -0.7729964 0.6344106 0 -0.8819196 0.4714002 9.89733e-7 -0.9569547 0.2902373 0 -0.9951825 0.09803974 0 -0.9951813 -0.09805279 0 -0.9569475 -0.2902615 0 -0.8819077 -0.4714223 3.62498e-6 -0.7730029 -0.6344027 0 -0.6344252 -0.7729843 0 -0.471394 -0.8819229 0 -0.290282 -0.9569412 0 -0.09805715 -0.9951808 0 0.09805715 -0.9951808 0 0.2902624 -0.9569472 0 0.471413 -0.8819127 0 0.634393 -0.7730109 0 0.7730232 -0.6343779 0 0.8819157 -0.4714072 0 0.9569323 -0.2903113 0.09798842 0.9951876 0 -0.09799021 0.9951874 0 -0.2903082 0.9569332 0 -0.4713907 0.8819246 0 -0.6343796 0.7730218 0 -0.773023 0.6343781 0 -0.8819147 0.471409 0 -0.9569358 0.2903001 0 -0.9951877 0.09798741 0 -0.9951871 -0.09799408 0 -0.9569304 -0.2903176 0 -0.8819251 -0.4713897 0 -0.7730258 -0.6343747 0 -0.6343767 -0.7730241 0 -0.4713997 -0.8819198 0 -0.2902588 -0.9569482 0 -0.09804224 -0.9951823 0 0.09804344 -0.9951822 0 0.2902505 -0.9569507 0 0.4714044 -0.8819172 0 0.6343708 -0.773029 0 0.7730244 -0.6343763 0 0.881924 -0.4713919 0 0.9569463 -0.2902652 0 0.9951801 -0.09806472 0 0.9951801 0.09806513 0 0.9569474 0.2902614 0 0.8819153 0.4714079 0 0.7730237 0.6343773 0 0.634373 0.7730271 0 0.4714002 0.8819195 0 0.2902988 0.9569361 0 -4.18005e-6 0.9951816 -0.09805005 0 0.9951878 0.09798711 -2.96932e-6 0.9569321 0.2903122 0 0.7730111 0.6343926 0 0.6343762 0.7730244 0 0.471412 0.8819132 0 0.2902979 0.9569363 0 0.09802782 0.9951838 0 -0.09802782 0.9951838 0 -0.2903112 0.9569323 0 -0.4713922 0.8819237 0 -0.6343685 0.7730309 0 -0.7730188 0.6343831 0 -0.9569453 0.2902687 0 -0.9951831 0.09803414 -4.94884e-7 -0.9951835 -0.09802949 -2.1172e-6 -0.9569517 -0.2902475 0 -0.8819079 -0.4714218 0 -0.7730261 -0.6343743 0 -0.6343808 -0.7730208 0 -0.4713913 -0.8819242 5.72085e-6 -0.2902818 -0.9569413 0 -0.09805357 -0.9951812 0 0.09805768 -0.9951808 0 0.2902698 -0.9569448 0 0.4714165 -0.8819107 0 0.7730189 -0.634383 0 0.8819122 -0.4714139 -4.81786e-6 0.9569296 -0.2903203 3.95883e-6 0.8818934 -0.471449 0 0.7730084 -0.634396 0 0.4713897 -0.8819252 7.91804e-6 0.09799623 -0.9951869 0 -0.09799778 -0.9951867 3.95904e-6 -0.2903112 -0.9569323 0 -0.4713699 -0.8819357 0 -0.7730471 -0.6343487 -3.95889e-6 -0.8819066 -0.4714244 0 -0.9569497 -0.2902542 -3.68668e-6 -0.9951798 0.09806686 0 -0.956955 0.2902366 0 -0.8819053 0.4714268 0 -0.773031 0.6343684 0 -0.634383 0.773019 0 -0.4713929 0.8819234 0 -0.2902524 0.9569501 0 -0.09799706 0.9951867 0 0.09799706 0.9951867 0 0.2902393 0.9569541 0 0.4714119 0.8819133 0 0.6343938 0.7730101 0 0.8819053 0.4714268 4.53785e-6 0.95697 0.2901867 0.09804159 0.9951823 0 0.2902707 0.9569446 0 0.4713853 0.8819274 0 0.6343789 0.7730224 0 0.7730205 0.6343812 0 0.8819212 0.471397 0 0.9569496 0.2902544 0 0.9951829 0.09803599 0 0.9951823 -0.09804183 0 0.773036 -0.6343624 3.01365e-6 0.634373 -0.7730271 0 0.4713869 -0.8819267 0 0.2903092 -0.9569329 0 0.09798818 -0.9951876 0 -0.09799128 -0.9951873 0 -0.2902922 -0.9569381 0 -0.4714369 -0.8818999 0 -0.6343529 -0.7730436 0 -0.7730277 -0.6343724 0 -0.8819394 -0.471363 0 -0.9569367 -0.290297 0 -0.9951873 -0.0979914 0 -0.9951869 0.09799462 0 -0.9569363 0.2902983 0 -0.8819354 0.4713703 0 -0.6343854 0.7730169 0 -0.4713891 0.8819254 0 -0.2902477 0.9569516 0 0 0.9951798 0.09806686 0 0.9569362 -0.2902982 0 0.7730075 -0.634397 0 0.4713683 -0.8819365 0 0.09805613 -0.9951809 0 -0.09805768 -0.9951808 0 -0.4713683 -0.8819365 0 -0.773023 -0.634378 0 -0.9569318 -0.2903128 0 -0.9951894 0.09797018 0 -0.9569349 0.2903025 0 -0.8819156 0.4714074 0 -0.7730063 0.6343985 0 -0.6343973 0.7730072 0 -0.09799677 0.9951868 0 0.09799379 0.9951871 0 0.7729967 0.6344102 0 0.881918 0.471403 0 0.9569458 0.2902666 0 0.9951874 -0.09799069 0 0.9951872 0.09799289 0 0.8819198 0.4713997 0 0.7730115 0.6343921 0 0.6343769 0.773024 0 0.09802794 0.9951838 0 -0.09802794 0.9951838 0 -0.6343924 0.7730113 3.95903e-6 -0.772996 0.634411 0 -0.8819198 0.4713997 9.89733e-7 -0.9569548 0.2902371 0 -0.9951826 0.09803998 0 -0.9951812 -0.09805297 0 -0.8819082 -0.4714213 0 -0.634426 -0.7729837 0 -0.4713929 -0.8819234 0 -0.2902827 -0.956941 0 -0.09805738 -0.9951808 0 0.09805738 -0.9951808 0 0.2902631 -0.9569469 0 0.4714119 -0.8819133 0 0.6343938 -0.7730101 0 0.8819162 -0.4714062 -0.09798908 0.9951875 0 -0.2902982 0.9569362 0 -0.4713917 0.881924 0 -0.6344171 0.772991 0 -0.7730205 0.6343812 0 -0.8819102 0.4714175 0 -0.9569347 0.2903033 0 -0.9951871 0.09799361 0 -0.881916 -0.4714067 0 -0.6343863 -0.7730163 1.76189e-6 -0.4714223 -0.8819076 0 -0.2902494 -0.9569511 0 0.09804129 -0.9951825 0 0.2902594 -0.9569481 0 0.4713931 -0.8819233 0 0.6343791 -0.7730222 0 0.7730277 -0.6343724 0 0.881929 -0.4713823 0 0.9569476 -0.2902606 0 0.9951807 -0.09805834 0 0.9569538 0.2902405 0 0.7730135 0.6343897 -3.64495e-6 0.6343826 0.7730193 0 0.4713851 0.8819276 0 0.2903082 0.9569332 0 -4.18005e-6 0.9951798 -0.09806692 0 0.9951877 0.09798693 -2.96932e-6 0.9569318 0.2903128 0 0.0980277 0.9951838 0 -0.0980277 0.9951838 0 -0.9569451 0.2902693 0 -0.9951831 0.09803408 -4.94885e-7 -0.9951834 -0.09803169 -2.11721e-6 -0.9569541 -0.2902394 0 -0.8819119 -0.4714144 0 -0.7730279 -0.634372 0 -0.09805464 -0.9951811 0 0.09805577 -0.9951809 0 0.773018 -0.6343842 0 0.8819114 -0.4714153 -4.81791e-6 0.9569389 -0.2902897 0 0.3826878 0.9238778 0 0.923882 0.3826777 0 0.9238833 -0.3826747 0 0.3826878 -0.9238778 0 -0.3826927 -0.9238758 0 -0.9238783 -0.3826867 0 -0.9238745 0.3826957 0 -0.3826902 0.9238768 0 0.3826852 0.9238788 0 0.9238754 0.3826937 0 0.9238767 -0.3826907 0 0.3826878 -0.9238778 0 -0.3826927 -0.9238758 0 -0.9238767 -0.3826907 0 -0.9238754 0.3826937 0 -0.3826927 0.9238758 0.09802657 0 0.9951838 0.2902789 0 0.9569421 0.4713963 0 0.8819216 0.8819027 0 0.4714316 0.8819026 0 -0.4714317 0.4713955 0 -0.881922 0.290278 0 -0.9569424 0.09802561 0 -0.995184 -0.2902829 0 -0.956941 -0.4713963 0 -0.8819215 -0.6343948 0 -0.7730093 -0.956934 0 -0.2903058 -0.9951866 0 -0.09799867 -0.9951866 0 0.09799867 -0.956934 0 0.2903058 -0.6343949 0 0.7730091 -0.4713964 0 0.8819215 -0.2902829 0 0.956941 0 0.09802681 0.9951838 0 -0.09802973 0.9951836 0 -0.2902784 0.9569422 0 -0.471396 0.8819217 0 -0.6344307 0.7729799 -3.20301e-6 -0.7730156 0.6343871 0 -0.8818981 0.4714402 0 -0.9569526 0.2902445 0 -0.9951807 0.09805864 0 -0.9951807 -0.09805864 0 -0.9569526 -0.2902445 0 -0.8818981 -0.4714402 -3.20928e-6 -0.7730156 -0.6343871 0 -0.6344307 -0.7729799 0 -0.471396 -0.8819217 0 -0.2902784 -0.9569422 0 -0.09802973 -0.9951836 0 0.09802645 -0.9951838 0 0.2902784 -0.9569422 0 0.471396 -0.8819217 0 0.6344001 -0.7730048 0 0.7730048 -0.6344002 0 0.8819171 -0.4714046 0 0.956933 -0.2903091 0 0.9951853 -0.09801155 0 0.9951853 0.09801155 0 0.956933 0.2903091 0 0.8819171 0.4714046 0 0.7730048 0.6344002 0 0.6344001 0.7730048 0 0.471396 0.8819217 0 0.2902784 0.9569422 0.09802699 0 0.9951838 0.2903063 -1.87208e-6 0.9569339 0.4713724 0 0.8819343 0.6344171 0 0.7729909 0.8819029 0 0.4714311 0.9951866 0 0.09799832 0.9951866 0 -0.09799832 0.8819029 0 -0.4714311 0.6344165 0 -0.7729915 0.4713948 0 -0.8819223 0.2902782 0 -0.9569423 0.09802603 0 -0.995184 -0.2902836 0 -0.9569407 -0.4713956 0 -0.8819219 -0.6343953 0 -0.7730088 -0.7730048 0 -0.6344003 -0.8819283 0 -0.4713835 -0.956934 0 -0.2903056 -0.9951866 0 -0.09799849 -0.9951866 0 0.09799849 -0.956934 0 0.2903056 -0.8819283 0 0.4713835 -0.6343953 0 0.7730088 -0.471372 0 0.8819345 -0.2903116 -2.26895e-6 0.9569322 0.4713956 0 0.881922 0.773012 0 0.6343914 0.8819023 0 0.4714323 0.9951866 0 0.09799844 0.9951866 0 -0.09799844 0.8819024 0 -0.4714322 0.773012 0 -0.6343914 0.2902773 0 -0.9569426 -0.4713955 0 -0.881922 -0.6343948 0 -0.7730093 -0.7730051 0 -0.6343999 -0.881928 0 -0.4713842 -0.881928 0 0.4713842 -0.6343949 0 0.7730092 -0.4713956 0 0.881922 0 0.09802412 0.9951841 0 -0.09802311 0.9951843 0 -0.2902987 0.9569362 0 -0.6344001 0.7730048 0 -0.7730156 0.6343871 0 -0.8819171 0.4714046 0 -0.956933 0.2903091 0 -0.9951876 0.09798806 0 -0.9951876 -0.09798806 0 -0.956933 -0.2903091 0 -0.8819171 -0.4714046 0 -0.7730156 -0.6343871 0 -0.6344001 -0.7730048 0 -0.2902987 -0.9569362 0 -0.09802311 -0.9951843 0 0.09802973 -0.9951836 0 0.6344307 -0.7729799 0 0.7729834 -0.6344264 0 0.8819457 -0.4713512 0 0.9951807 -0.09805864 0 0.9951807 0.09805864 0 0.8819457 0.4713512 0 0.7729834 0.6344264 0 0.6344307 0.7729799 0.09802681 0 0.9951838 0.2903081 -1.87208e-6 0.9569332 0.4713724 0 0.8819344 0.956934 0 0.2903056 0.956934 0 -0.2903057 0.09802579 0 -0.9951839 -0.4713956 0 -0.881922 -0.9569339 0 -0.290306 -0.9951866 0 -0.09799855 -0.9951866 0 0.09799855 -0.9569339 0 0.290306 -0.471372 0 0.8819345 -0.2903109 -2.26894e-6 0.9569324 0.09802508 0 -0.995184 0.2902707 0 -0.9569447 0.4714152 0 -0.8819114 0.8819217 0 -0.4713962 0.8819216 0 0.4713963 0.4714145 0 0.8819119 0.09802407 0 0.9951841 -0.2902829 0 0.956941 -0.4713963 0 0.8819215 -0.6344181 0 0.7729901 -0.7730127 0 0.6343907 -0.9951822 0 0.09804385 -0.9951822 0 -0.09804385 -0.7730128 0 -0.6343905 -0.6344181 0 -0.7729902 -0.4713964 0 -0.8819215 -0.2902829 0 -0.956941 0 -0.09802347 -0.9951842 0 0.09802937 -0.9951836 0 0.2902774 -0.9569426 0 0.4713946 -0.8819224 -3.20301e-6 0.7730156 -0.6343871 0 0.8818966 -0.4714432 0 0.9569523 -0.2902452 0 0.9951806 -0.09805917 0 0.9951806 0.09805917 0 0.9569523 0.2902452 0 0.8818966 0.4714432 -3.20928e-6 0.7730156 0.6343871 0 0.6344189 0.7729895 0 0.4713946 0.8819224 0 0.2902774 0.9569426 0 0.09802937 0.9951836 0 -0.09802937 0.9951836 0 -0.2902875 0.9569396 0 -0.4714027 0.8819181 0 -0.7730048 0.6344002 0 -0.8819156 0.4714075 0 -0.9569327 0.2903099 0 -0.9951875 0.0979886 0 -0.9951875 -0.0979886 0 -0.9569327 -0.2903099 0 -0.8819156 -0.4714075 0 -0.7730048 -0.6344002 0 -0.6343986 -0.7730062 0 -0.4714027 -0.8819181 0 -0.2902875 -0.9569396 0.09802544 0 -0.995184 0.2902981 2.27404e-6 -0.9569363 0.4713914 0 -0.8819242 0.6343948 0 -0.7730093 0.8819218 0 -0.4713957 0.8819218 0 0.4713957 0.6343942 0 0.7730097 0.4714137 0 0.8819123 0.29027 0 0.9569449 0.09802448 0 0.995184 -0.2902836 0 0.9569407 -0.4713956 0 0.8819219 -0.6344175 0 0.7729906 -0.7730128 0 0.6343905 -0.8819034 0 0.4714302 -0.9569467 0 0.2902638 -0.9951822 0 0.0980435 -0.9951822 0 -0.0980435 -0.9569467 0 -0.2902638 -0.8819034 0 -0.4714302 -0.7730128 0 -0.6343905 -0.6344175 0 -0.7729906 -0.471372 0 -0.8819345 -0.2903116 2.26895e-6 -0.9569322 0.2902709 0 -0.9569445 0.4714145 0 -0.8819118 0.8819217 0 -0.4713962 0.8819217 0 0.4713959 0.2902691 0 0.9569452 -0.4713955 0 0.881922 -0.6344175 0 0.7729907 -0.7730121 0 0.6343914 -0.881903 0 0.4714311 -0.9951822 0 0.09804368 -0.9951822 0 -0.09804368 -0.881903 0 -0.4714311 -0.6344175 0 -0.7729906 0 -0.09802693 -0.9951838 0 0.09802275 -0.9951843 0 0.2902976 -0.9569365 0 0.7730156 -0.6343871 0 0.8819251 -0.4713898 0 0.9569327 -0.2903099 0 0.9951875 -0.0979886 0 0.9951875 0.0979886 0 0.9569327 0.2903099 0 0.8819251 0.4713898 0 0.7730156 0.6343871 0 0.6343986 0.7730062 0 0.2902976 0.9569365 0 0.09802275 0.9951843 0 -0.09802603 0.995184 0 -0.2902774 0.9569426 0 -0.4713946 0.8819224 0 -0.6344189 0.7729895 0 -0.7729834 0.6344264 0 -0.881944 0.4713541 0 -0.9951806 0.09805917 0 -0.9951806 -0.09805917 0 -0.881944 -0.4713541 0 -0.7729834 -0.6344264 0 -0.6344189 -0.7729895 0 -0.4713946 -0.8819224 0 -0.2902774 -0.9569426 0.2902993 2.27404e-6 -0.956936 0.4713913 0 -0.8819242 0.881922 0 -0.4713954 0.956934 0 -0.2903056 0.956934 0 0.2903057 0.881922 0 0.4713955 -0.6344174 0 0.7729907 -0.7730128 0 0.6343904 -0.9951822 0 0.09804344 -0.9951822 0 -0.09804344 -0.7730128 0 -0.6343904 -0.6344174 0 -0.7729907 -0.471372 0 -0.8819345 -0.2903109 2.26894e-6 -0.9569324 0 0.3826821 0.9238801 0 0.9238802 0.3826821 0 0.9238802 -0.3826821 0 -0.3826821 -0.9238801 0 -0.9238802 -0.3826821 0 -0.9238829 0.3826755 0 -0.3826794 0.9238813 0 0.9238775 0.3826886 0 0.9238775 -0.3826886 0 -0.9238775 -0.3826886 0 -0.9238775 0.3826886 0 -0.3826875 0.9238779 -0.9951866 0 -0.09799844 -0.9951866 0 0.09799826 -0.9569339 0 0.2903062 -0.881928 0 0.4713844 -0.7730045 0 0.6344006 -0.2902827 0 0.956941 -0.09802573 0 0.995184 0.09802669 0 0.9951838 0.2902795 0 0.956942 0.7730125 0 0.6343909 0.9951867 0 -0.09799814 0.8819027 0 -0.4714316 0.7730119 0 -0.6343917 0.6344172 0 -0.7729909 0.2902794 0 -0.956942 0.09802711 0 -0.9951838 -0.09802681 0 -0.9951838 -0.2902839 0 -0.9569406 -0.634395 0 -0.7730091 -0.7730041 0 -0.6344012 -0.8819279 0 -0.4713843 -0.9569339 0 -0.2903061 -0.9951873 0.09799176 0 -0.9951864 -0.0980004 0 -0.9569349 -0.2903027 0 -0.8819114 -0.4714152 0 -0.7730168 -0.6343857 0 -0.6343755 -0.773025 0 -0.4714031 -0.8819179 0 -0.2903088 -0.956933 0 -0.09799456 -0.9951869 0 0.09799689 -0.9951868 0 0.2902957 -0.9569371 0 0.4713936 -0.881923 0 0.6344078 -0.7729986 0 0.7730269 -0.6343733 0 0.8819033 -0.4714304 0 0.9569349 -0.2903027 0 0.9951864 -0.0980004 0 0.9951864 0.0980004 0 0.9569304 0.2903175 0 0.8819136 0.4714114 0 0.7730269 0.6343733 0 0.6344123 0.7729949 0 0.4713877 0.8819261 0 0.2902539 0.9569497 0 0.09804207 0.9951823 0 -0.09803974 0.9951825 0 -0.290267 0.9569457 0 -0.4713972 0.8819211 0 -0.6343801 0.7730213 0 -0.7730168 0.6343857 0 -0.8819215 0.4713962 0 -0.9569304 0.2903175 0 -0.4713951 0 0.8819222 -0.2902824 0 0.9569411 -0.09802579 0 0.9951839 0.4713959 0 0.8819218 0.7729902 9.89751e-7 0.634418 0.8819217 0 0.4713962 0.8819218 2.42938e-6 -0.4713959 0.7729899 0 -0.6344184 0.4713952 0 -0.8819221 0.2902786 0 -0.9569422 0.09802627 0 -0.9951838 -0.09802627 0 -0.9951838 -0.2902823 0 -0.9569411 -0.4713952 0 -0.8819221 -0.8819282 0 -0.4713838 -0.9951822 0 0.09804368 -0.9569465 0 -0.2902644 -0.8819026 0 -0.4714317 -0.7730122 0 -0.6343911 -0.2902827 0 -0.956941 -0.09802573 0 -0.995184 0.09802526 0 -0.995184 0.2902709 0 -0.9569445 0.7730125 0 -0.6343909 0.9951867 0 0.09799814 0.8819216 0 0.4713963 0.7730119 0 0.6343917 0.634395 0 0.7730091 0.4714146 0 0.8819117 0.2902711 0 0.9569445 0.09802567 0 0.9951839 -0.09802681 0 0.9951838 -0.2902839 0 0.9569406 -0.6344172 0 0.7729909 -0.7730118 0 0.6343917 -0.8819028 0 0.4714316 -0.9951813 -0.0980525 0 -0.9951831 0.09803396 0 -0.956945 0.2902695 0 -0.8818871 0.4714606 0 -0.7730269 0.6343733 0 -0.634397 0.7730075 0 -0.4713936 0.881923 0 -0.2903088 0.956933 0 -0.09799689 0.9951868 0 0.2902892 0.956939 0 0.4714031 0.8819179 0 0.6343755 0.773025 0 0.8819114 0.4714152 0 0.956945 0.2902695 0 0.9569405 -0.2902843 0 0.8819215 -0.4713962 0 0.6343801 -0.7730213 0 0.4713972 -0.8819211 0 0.2902474 -0.9569517 0 0.09803974 -0.9951825 0 -0.09804207 -0.9951823 0 -0.290267 -0.9569457 0 -0.4713877 -0.8819261 0 -0.6344016 -0.7730037 0 -0.7730269 -0.6343733 0 -0.8818974 -0.4714416 0 -0.9569405 -0.2902843 0 -0.8819028 0 -0.4714313 -0.4713951 0 -0.8819222 -0.2902824 0 -0.9569411 -0.09802579 0 -0.9951839 0.09802514 0 -0.995184 0.7729827 -2.96922e-6 -0.6344272 0.8819472 0 -0.4713484 0.8819471 -4.85889e-6 0.4713484 0.7729824 0 0.6344277 0.4714143 0 0.881912 0.2902701 0 0.9569448 0.09802484 0 0.995184 -0.09802627 0 0.9951838 -0.2902823 0 0.9569411 -0.4713952 0 0.8819221 -0.881903 0 0.471431 -0.9569466 0 0.2902642 -0.773005 0 0.6344 -0.6343952 0 0.773009 -0.290283 0 0.9569409 0.8819029 0 0.4714312 0.8819029 0 -0.4714314 0.4713946 0 -0.8819224 0.2902798 0 -0.9569419 0.09802776 0 -0.9951838 -0.290284 0 -0.9569405 -0.4713944 0 -0.8819226 -0.7730046 0 -0.6344004 -0.881928 0 -0.4713842 -0.9951859 -0.09800559 0 -0.8819233 -0.4713931 0 -0.7729954 -0.6344118 0 -0.6344074 -0.772999 0 -0.4713972 -0.8819211 0 0.2902539 -0.9569497 0 0.4713877 -0.8819261 0 0.6344396 -0.7729726 0 0.7730056 -0.6343994 0 0.8819152 -0.4714082 0 0.9951859 -0.09800559 0 0.9569349 0.2903027 0 0.7730085 0.6343957 0 0.6344078 0.7729986 0 0.4714291 0.881904 0 0.2902609 0.9569476 0 0.09798181 0.9951882 0 -0.09797948 0.9951885 0 -0.290274 0.9569436 0 -0.4714386 0.8818989 0 -0.6343755 0.773025 0 -0.7729983 0.6344081 0 -0.9569349 0.2903027 0 -0.9951866 0 -0.09799838 -0.9951866 0 0.09799826 -0.9569339 0 0.2903061 -0.8819282 0 0.4713838 -0.773005 0 0.6344001 -0.6343942 0 0.7730097 -0.290282 0 0.9569412 -0.09802609 0 0.9951839 0.09802711 0 0.9951838 0.2902796 0 0.9569419 0.6344173 0 0.7729908 0.7729898 9.89754e-7 0.6344185 0.9569339 0 0.290306 0.9951866 0 0.09799826 0.956934 0 -0.2903057 0.8819217 2.42939e-6 -0.4713961 0.6344166 0 -0.7729914 0.4713953 0 -0.881922 0.2902783 0 -0.9569424 0.09802615 0 -0.995184 -0.09802615 0 -0.995184 -0.4713953 0 -0.881922 -0.6343938 0 -0.7730101 -0.8819279 0 -0.4713845 -0.956934 0 -0.2903057 -0.9951822 0 -0.09804338 -0.9569466 0 -0.290264 -0.7730128 0 -0.6343906 -0.6344175 0 -0.7729907 -0.290283 0 -0.9569409 0.2902712 0 -0.9569445 0.8819218 0 -0.4713958 0.8819217 0 0.471396 0.4714134 0 0.8819124 0.09802657 0 0.9951838 -0.290284 0 0.9569405 -0.4713944 0 0.8819226 -0.7730124 0 0.634391 -0.8819028 0 0.4714314 -0.9951826 0.09803915 0 -0.881899 0.4714384 0 -0.7730056 0.6343994 0 -0.6344288 0.7729813 0 -0.4713877 0.8819261 0 0.2902474 0.9569517 0 0.4713972 0.8819211 0 0.6344074 0.772999 0 0.7730056 0.6343994 0 0.8819233 0.4713931 0 0.9951859 0.09800559 0 0.956945 -0.2902695 0 0.7730085 -0.6343957 0 0.6343755 -0.773025 0 0.4714386 -0.8818989 0 0.2902544 -0.9569495 0 0.09797948 -0.9951885 0 -0.09798181 -0.9951882 0 -0.290274 -0.9569436 0 -0.4714291 -0.881904 0 -0.634397 -0.7730075 0 -0.7730085 -0.6343957 0 -0.956945 -0.2902695 0 -0.9951822 0 0.0980435 -0.9951822 0 -0.0980435 -0.9569466 0 -0.2902642 -0.8819027 0 -0.4714316 -0.7730126 0 -0.6343906 -0.634417 0 -0.7729911 -0.290282 0 -0.9569412 -0.09802609 0 -0.9951839 0.09802561 0 -0.9951839 0.2902712 0 -0.9569445 0.6343945 0 -0.7730095 0.7729826 -2.96924e-6 -0.6344273 0.881947 0 -0.4713486 0.9569339 0 -0.290306 0.9951866 0 -0.09799826 0.956934 0 0.2903057 0.8819469 -4.85891e-6 0.4713488 0.6343938 0 0.7730101 0.4714144 0 0.8819119 0.2902697 0 0.956945 0.09802472 0 0.995184 -0.09802615 0 0.995184 -0.4713953 0 0.881922 -0.6344166 0 0.7729914 -0.8819026 0 0.4714317 -0.9569466 0 0.2902645 -0.3826782 -4.78357e-6 0.9238818 -0.9238821 -1.27564e-5 0.3826771 -0.9238821 0 -0.3826771 -0.382678 -4.78356e-6 -0.9238818 0.3826792 0 -0.9238814 0.9238821 0 -0.3826771 0 1 6.40346e-6 0 1 6.40344e-6 0 1 -6.40346e-6 0 1 -6.40344e-6 0.9238821 0 0.3826771 0.3826794 0 0.9238813 0 -1 3.75113e-6 -0.3826836 0 0.9238795 -0.923876 0 0.3826922 -0.923876 0 -0.3826922 -0.3826838 0 -0.9238795 0 1 6.40365e-6 0 1 6.40352e-6 0 1 -6.4035e-6 0 1 -3.20184e-6 -0.3826792 0 0.9238814 -0.9238765 0 0.3826908 -0.9238765 0 -0.3826908 -0.3826794 0 -0.9238813 0.3826836 0 -0.9238795 0.9238805 0 -0.3826813 0 1 -6.40348e-6 0.9238805 0 0.3826813 0.3826838 0 0.9238795 0 -1 -6.40357e-6 0 -1 1.87557e-6 -0.9238805 0 0.3826813 -0.9238805 0 -0.3826813 0 1 -6.40365e-6 0 1 -6.40352e-6 0 1 6.40357e-6 0 1 6.40361e-6 -0.3826804 0 0.9238809 -0.3826805 0 -0.9238808 0.3826804 0 -0.9238809 0.3826805 0 0.9238808 0.9238825 0 -0.3826763 0 1 -6.40336e-6 0 1 6.40336e-6 0.9238825 0 0.3826763 8.12972e-7 0 1 5.84779e-7 0 1 -1.54273e-6 0 -1 1 -3.82869e-4 0 -0.004119455 -0.9999916 0 0 0 -1 -4.51363e-6 0 -1 -0.3826714 -0.9238846 -3.06178e-7 -0.9238865 -0.3826667 -1.49692e-6 -0.9238865 0.3826667 -2.20786e-6 -0.3826766 0.9238825 0 0.3826799 0.9238811 0 0.9238764 0.3826912 0 -8.00425e-7 0 1 8.00451e-7 0 1 4.0022e-7 0 1 0.9238798 -0.382683 0 0.3826816 -0.9238803 0 1.87558e-6 0 -1 -2.65246e-6 0 -1 3.20171e-6 0 -1 -0.3826748 -0.9238832 -8.07425e-7 -0.9238831 -0.3826748 -2.09569e-6 -0.9238831 0.3826748 -2.64442e-6 0.3826782 0.9238817 0 0.9238814 0.3826789 0 8.00425e-7 0 1 4.00207e-7 0 1 0.9238831 -0.3826748 0 0.3826748 -0.9238832 0 1.87556e-6 0 -1 -2.65247e-6 0 -1 -0.3826872 -0.9238781 0 -0.9238845 -0.3826718 -1.49694e-6 -0.9238868 0.3826659 -2.45347e-6 -0.3826748 0.9238832 0 0.3826782 0.9238817 0 0.9238767 0.3826905 0 0.9238776 -0.3826881 0 0.382694 -0.9238752 0 -3.20173e-6 0 -1 -1.32622e-6 0 -1 -0.9238811 -0.38268 -2.09572e-6 -0.9238834 0.382674 -2.8721e-6 0.3826765 0.9238825 0 0.9238818 0.3826782 0 0.9238811 -0.38268 0 0.3826872 -0.9238781 0 -1.32621e-6 0 -1 -0.09804928 -0.9951816 0 0.09799754 -0.9951867 0 0.2902576 -0.9569486 0 0.4713994 -0.8819199 0 0.6344234 -0.7729858 0 0.7729812 -0.634429 0 0.956937 -0.290296 0 0.9951865 -0.09799897 0 0.9951871 0.09799385 0 0.956937 0.290296 0 0.8818929 0.4714499 -8.74634e-7 0.7730154 0.6343873 -9.89795e-7 0.6343917 0.7730119 0 0.4714277 0.8819047 1.97942e-6 0.2902645 0.9569465 0 0.09797936 0.9951885 0 -0.09798157 0.9951882 0 -0.2902781 0.9569424 0 -0.4714304 0.8819034 2.26887e-6 -0.634376 0.7730246 0 -0.7730116 0.6343919 0 -0.8819162 0.4714064 0 -0.9569349 0.2903026 0 -0.9951865 0.09799981 0 -0.9951865 -0.09799951 0 -0.9569339 -0.2903063 0 -0.8819268 -0.4713866 0 -0.7729846 -0.6344249 0 -0.6344097 -0.772997 0 -0.471386 -0.8819271 0 3.46416e-6 -0.9951865 0.09799993 0 -0.9951815 -0.09805071 0 -0.9569461 -0.2902659 0 -0.8819227 -0.471394 0 -0.7729948 -0.6344125 3.31246e-6 -0.6344129 -0.7729944 0 -0.4713979 -0.8819206 0 -0.2902926 -0.956938 0 -0.09800153 -0.9951863 0 0.09799689 -0.9951868 0 0.2902991 -0.9569361 0 0.4713884 -0.8819258 0 0.6344129 -0.7729944 0 0.7730252 -0.6343753 0 0.8819147 -0.4714092 0 0.9569512 -0.2902492 0 0.9951864 -0.0980004 0 0.9951863 0.09800082 0 0.9569512 0.2902492 0 0.8819115 0.4714152 0 0.773022 0.6343792 0 0.6343855 0.7730169 0 0.4713896 0.8819251 0 0.2903024 0.956935 0 0.09799689 0.9951868 0 -0.09800153 0.9951863 3.67609e-6 -0.2902959 0.956937 0 -0.6343997 0.7730052 0 -0.7729916 0.6344164 0 -0.8819196 0.4714001 -0.09799504 -0.9951869 0 0.09799772 -0.9951867 0 0.2903 -0.9569357 -3.95899e-6 0.4713516 -0.8819455 0 0.6344243 -0.772985 0 0.7730368 -0.6343612 0 0.8818956 -0.4714449 -3.95906e-6 0.9569369 -0.2902961 0 0.995187 -0.09799396 -3.71159e-7 0.9951865 0.09799909 0 0.9569369 0.2902961 0 0.8819059 0.4714258 0 0.7729996 0.6344067 0 0.6344067 0.7729995 0 0.4714404 0.8818979 0 0.09803944 0.9951826 3.95894e-6 -0.09804153 0.9951824 0 -0.2902629 0.956947 0 -0.4714301 0.8819035 0 -0.6343793 0.773022 0 -0.7730001 0.634406 0 -0.8819345 0.4713723 0 -0.956935 0.2903025 0 -0.9951873 0.09799146 5.5677e-7 -0.9951878 -0.09798634 -5.5674e-7 -0.956935 -0.2903025 0 -0.8819241 -0.4713916 0 -0.7730183 -0.6343838 0 -0.6344056 -0.7730004 0 -0.4713547 -0.8819438 0 -0.2902989 -0.956936 -4.53782e-6 -0.09798127 -0.9951883 0 0.09797924 -0.9951885 0 0.2902553 -0.9569494 0 0.4714666 -0.881884 0 0.773015 -0.6343877 0 0.8819188 -0.4714013 0 0.7729964 0.6344106 0 0.4713988 0.8819202 0 0.09799736 0.9951867 0 -0.09799569 0.9951868 0 -0.2902688 0.9569453 0 -0.4713914 0.8819241 0 -0.6344262 0.7729836 0 -0.7730124 0.6343909 0 -0.9569453 0.2902689 0 -0.9951835 0.09803092 0 -0.9951846 -0.09801834 0 -0.9569461 -0.2902656 0 -0.8818967 -0.4714428 0 -0.7730166 -0.6343858 0 -0.6343954 -0.7730088 0 -0.4714338 -0.8819015 0 -0.2902752 -0.9569433 0 0 -0.995189 0.09797447 0 -0.9951864 -0.098001 0 -0.9569521 -0.2902461 0 -0.8818991 -0.4714384 0 -0.7730232 -0.6343779 0 -0.471369 -0.8819362 0 -0.2902919 -0.9569383 0 -0.09799766 -0.9951866 0 0.09800463 -0.995186 0 0.2902984 -0.9569362 0 0.471369 -0.8819362 0 0.6344153 -0.7729925 0 0.7730029 -0.6344027 0 0.8819152 -0.4714082 0 0.956942 -0.2902793 0 0.9951864 -0.098001 0 0.9569407 0.2902837 0 0.881922 0.4713956 0 0.7730038 0.6344014 0 0.6344014 0.7730039 0 0.4713867 0.8819266 0 0.09800082 0.9951864 0 -0.09799385 0.9951871 0 -0.2902919 0.9569383 0 -0.4713867 0.8819266 0 -0.6344121 0.7729951 0 -0.7730242 0.6343767 0 -0.8819058 0.4714258 0 -0.9569508 0.2902505 -0.09797984 -0.9951885 0 0.09797948 -0.9951885 0 0.2902558 -0.9569492 0 0.4714542 -0.8818907 0 0.6343764 -0.7730244 0 0.772969 -0.6344438 3.12246e-6 0.8819588 -0.4713266 0 0.956937 -0.2902958 0 0.9951871 -0.09799379 0 0.9951866 0.09799891 0 0.9569282 0.2903248 0 0.8819605 0.4713233 0 0.772966 0.6344476 2.96922e-6 0.6344082 0.7729983 0 0.4713996 0.8819198 0 0.2902577 0.9569486 0 0.0979945 0.9951871 0 -0.09799987 0.9951865 0 -0.2902615 0.9569475 0 -0.6344431 0.7729697 0 -0.7730085 0.6343957 0 -0.8819084 0.4714208 0 -0.9569548 0.2902369 0 -0.9951804 0.09806162 0 -0.9951809 -0.09805643 0 -0.9569548 -0.2902369 0 -0.7730114 -0.6343922 0 -0.6344111 -0.7729959 0 -0.4714315 -0.8819028 0 -0.2902684 -0.9569454 0 -0.09799987 0.9951865 0 0.4714189 0.8819095 0 0.7729876 0.6344212 0 0.8819359 0.4713693 0 0.9569373 0.2902952 0 0.9951871 0.09799355 2.47438e-7 0.9951871 -0.09799355 0 0.8819198 -0.4713997 3.45345e-6 0.7730193 -0.6343826 -1.97948e-6 0.6343818 -0.7730199 0 0.2902408 -0.9569537 0 0.09803992 -0.9951825 0 -0.09804129 -0.9951825 0 -0.2902681 -0.9569454 0 -0.4713881 -0.8819259 0 -0.6343981 -0.7730067 0 -0.7730283 -0.6343716 -2.58997e-6 -0.8818972 -0.4714419 0 -0.9569392 -0.2902885 0 -0.9951835 -0.0980305 0 -0.9951824 0.09804087 0 -0.9569465 0.2902646 0 -0.8818875 0.4714599 0 -0.7730268 0.6343735 0 -0.634396 0.7730084 0 -0.4713913 0.8819243 0 -0.2903106 0.9569326 0 0 0.995186 -0.09800523 0 0.9951881 0.09798401 0 0.9569306 0.2903169 0 0.88191 0.4714177 0 0.7730364 0.6343617 -3.42307e-6 0.6343665 0.7730325 0 0.4714153 0.8819114 0 0.2902952 0.9569371 0 0.09799247 0.9951872 0 -0.09799015 0.9951875 0 -0.2903083 0.9569332 0 -0.4713963 0.8819216 0 -0.6343774 0.7730235 0 -0.7730162 0.6343865 0 -0.8819181 0.4714027 0 -0.9569457 0.2902671 0 -0.9951831 0.09803432 0 -0.9951835 -0.09802979 0 -0.9569442 -0.2902721 0 -0.8819292 -0.471382 -3.50413e-6 -0.7729802 -0.6344303 0 -0.4714024 -0.8819183 0 -0.2902767 -0.9569429 0 -0.09802788 -0.9951838 0 0.09803014 -0.9951835 0 0.2902636 -0.9569467 0 0.4714214 -0.8819081 0 0.634383 -0.773019 0 0.7730208 -0.6343808 0 0.8819211 -0.4713971 0 0.956933 -0.2903088 0.0980426 0.9951823 2.9693e-6 0.2902486 0.9569513 0 0.4714183 0.8819097 0 0.7730334 0.6343654 0 0.8819089 0.4714198 3.95912e-6 0.9951871 0.09799385 0 0.9951871 -0.09799385 0 0.9569324 -0.2903108 0 0.7730334 -0.6343654 0 0.6343804 -0.7730211 0 0.4714124 -0.881913 0 0.2902486 -0.9569513 0 0.0980395 -0.9951826 0 -0.09804481 -0.9951821 0 -0.2902612 -0.9569476 0 -0.4713906 -0.8819246 0 -0.6344054 -0.7730006 0 -0.7730307 -0.6343687 0 -0.8819068 -0.4714239 0 -0.956944 -0.290273 0 -0.995181 -0.09805625 0 -0.995181 0.09805625 0 -0.9569483 0.2902582 0 -0.7730293 0.6343703 0 -0.6344012 0.7730041 0 -0.4713965 0.8819214 0 -0.2902612 0.9569476 0 -0.09799313 -0.9951871 0 0.09799784 -0.9951867 0 0.290309 -0.956933 0 0.4713932 -0.8819232 0 0.6343618 -0.7730363 0 0.7730348 -0.6343637 0 0.8819097 -0.4714184 0 0.9951841 -0.09802484 -2.47438e-7 0.9951841 0.09802484 3.71156e-7 0.7730193 0.6343826 1.97948e-6 0.6343817 0.77302 0 0.4714006 0.8819193 0 0.2902496 0.956951 0 -0.09804356 0.9951822 0 -0.290258 0.9569485 0 -0.4713929 0.8819234 0 -0.6343839 0.7730181 0 -0.7730305 0.6343688 2.58998e-6 -0.8819198 0.4713996 0 -0.9569382 0.2902919 0 -0.9951848 0.09801608 0 -0.9951847 -0.09801775 0 -0.9569401 -0.2902855 0 -0.8819057 -0.4714261 0 -0.7730265 -0.6343737 0 -0.6343776 -0.7730233 0 -0.4714001 -0.8819195 0 -0.2903103 -0.9569327 0 0 -0.9951881 0.09798377 0 -0.9951865 -0.09800058 0 -0.9569308 -0.2903164 0 -0.8819114 -0.4714152 0 -0.7730348 -0.6343636 0 -0.6343666 -0.7730323 0 -0.4714097 -0.8819144 0 -0.09799498 -0.995187 0 0.09799498 -0.995187 0 0.2903049 -0.9569342 0 0.4713907 -0.8819246 0 0.6343774 -0.7730235 0 0.7730146 -0.6343884 0 0.8819114 -0.4714152 0 0.9569459 -0.2902665 0 0.9951814 -0.09805089 0 0.995182 0.09804594 0 0.9569459 0.2902665 0 0.8819173 0.4714041 1.61871e-6 0.7730129 0.6343905 0 0.6343758 0.7730249 0 0.471394 0.8819229 0 0.2902807 0.9569416 0 0.09802508 0.995184 0 -0.09802508 0.995184 0 -0.2902677 0.9569456 0 -0.471413 0.8819127 0 -0.7730208 0.6343808 0 -0.8819285 0.4713835 0 -0.9569265 0.2903302 -0.09799855 -0.9951866 0 0.0980395 -0.9951826 -2.96921e-6 0.2902659 -0.956946 0 0.6343601 -0.7730378 0 0.9569545 -0.2902381 0 0.9951809 -0.09805667 0 0.995184 0.09802532 0 0.8819188 0.4714013 0 0.6343801 0.7730213 0 0.0980426 0.9951823 0 -0.2902662 0.956946 0 -0.4713901 0.8819248 0 -0.6343753 0.7730252 0 -0.7730307 0.6343687 0 -0.881916 0.4714066 0 -0.9569308 0.290316 0 -0.9951879 -0.0979858 0 -0.9569354 -0.2903013 0 -0.881906 -0.4714254 0 -0.6343706 -0.7730291 0 -0.471396 -0.8819217 0 -0.2902662 -0.956946 0 0 0.3826795 0.9238812 0 0.9238816 0.3826787 0 0.9238827 -0.3826757 0 0.3826778 -0.9238819 0 -0.3826751 -0.9238831 0 -0.9238814 -0.382679 0 -0.9238842 0.3826721 0 -0.3826795 0.9238812 -1 6.40359e-6 0 0 0.3826823 0.9238801 0 0.9238842 -0.3826725 0 0.3826724 -0.9238841 0 -0.3826805 -0.9238808 0 -0.9238787 -0.3826856 0 -0.382685 0.9238789 -1 3.75111e-6 0 -0.3826715 -0.9238846 0 -0.9238839 -0.3826731 0 -0.9238839 0.382673 -3.79868e-7 -0.3826779 0.9238818 0 3.20176e-6 0 1 -3.20167e-6 0 1 0.9238768 -0.3826899 0 0.3826808 -0.9238806 0 -6.40361e-6 0 -1 -0.3826738 -0.9238836 -1.38919e-7 -0.9238839 0.382673 -4.54981e-7 -0.3826755 0.9238829 0 0.3826755 0.9238829 0 0.9238816 0.3826787 0 3.20166e-6 0 1 -3.20166e-6 0 1 0.9238839 -0.3826731 0 0.3826761 -0.9238827 0 -6.40352e-6 0 -1 -0.3826839 -0.9238795 0 -0.9238817 -0.3826782 -2.57553e-7 -0.9238842 0.3826723 -4.22125e-7 -0.3826761 0.9238827 0 0.3826808 0.9238806 0 0.9238796 0.3826835 0 -3.20178e-6 0 1 3.20187e-6 0 1 -3.20176e-6 0 1 3.2017e-6 0 1 -2.65243e-6 0 1 0.9238747 -0.382695 0 0.3826932 -0.9238755 0 -5.30487e-6 0 -1 -0.3826861 -0.9238784 -1.26595e-7 -0.9238817 -0.3826782 -3.60574e-7 -0.9238842 0.3826723 -4.94153e-7 -0.3826738 0.9238836 0 0.3826738 0.9238836 0 0.9238819 0.3826779 0 3.20178e-6 0 1 -3.2017e-6 0 1 -2.65244e-6 0 1 0.9238817 -0.3826782 0 0.3826885 -0.9238775 0 -5.30484e-6 0 -1 0.9951865 -0.09800058 0 0.9569422 0.2902788 -3.28936e-6 0.8819345 0.4713722 0 0.7729814 0.6344287 0 0.6344029 0.7730026 0 0.4714325 0.8819022 0 0.2902887 0.9569392 0 0.09799456 0.9951869 -1.76914e-6 -0.09799456 0.9951869 3.99424e-7 -0.2903151 0.9569312 0 -0.6344029 0.7730026 2.18775e-6 -0.773028 0.634372 0 -0.881895 0.4714461 0 -0.9951808 0.09805715 3.91124e-6 -0.9951825 -0.09804069 3.959e-6 -0.9569441 -0.2902722 0 -0.8819006 -0.4714354 0 -0.7730111 -0.6343926 0 -0.6344241 -0.7729852 0 -0.4713966 -0.8819214 0 -0.2902858 -0.9569401 0 -0.09800225 -0.9951862 0 0.09800082 -0.9951864 0 0.2902844 -0.9569404 0 0.4714074 -0.8819155 -3.24005e-6 0.6344133 -0.7729941 0 0.7729813 -0.6344289 0 0.8819347 -0.471372 -3.18956e-6 0.9569413 -0.290282 0 0.9951868 0 0.09799569 0.9951871 0 -0.09799313 0.9569355 0 -0.290301 0.8819416 4.85886e-6 -0.4713588 0.7730076 0 -0.6343969 0.634375 0 -0.7730255 0.4713738 0 -0.8819336 0.290281 0 -0.9569415 0.09801054 0 -0.9951854 -0.0980091 0 -0.9951856 -0.2902982 0 -0.9569364 -0.4713488 0 -0.8819469 -0.634375 0 -0.7730255 -0.7730596 0 -0.6343334 -0.8819035 0 -0.4714301 -0.9569481 0 -0.2902594 -0.9951812 0 -0.09805327 -0.9951809 0 0.09805655 -0.9569481 0 0.2902594 -0.8819035 0 0.4714301 -0.7730207 0 0.6343808 -0.6343972 0 0.7730073 -0.4713844 0 0.8819279 -0.2902379 0 0.9569546 -0.09806197 0 0.9951804 0.09805762 0 0.9951808 0.2902379 0 0.9569546 0.4714093 0 0.8819145 0.634375 0 0.7730255 0.7729908 0 0.6344172 0.8819416 0 0.4713587 0.9569355 0 0.290301 0.9951859 -0.09800523 0 0.995184 0.09802561 -3.02926e-6 0.9569422 0.2902788 0 0.8819218 0.471396 -2.60752e-6 0.7729822 0.6344278 -1.77122e-6 0.6344196 0.772989 0 0.4713929 0.8819233 -1.43416e-6 0.290316 0.9569309 0 -0.09799766 0.9951867 0 -0.2903072 0.9569335 0 -0.6344041 0.7730017 0 -0.8818954 0.4714453 0 -0.9569334 0.2903078 3.54915e-6 -0.995187 0.09799426 0 -0.9951864 -0.0980004 4.17364e-6 -0.9569306 -0.2903169 0 -0.8819158 -0.4714071 0 -0.7730364 -0.6343618 0 -0.6344077 -0.7729986 0 -0.4713844 -0.8819279 0 -0.2903094 -0.9569329 0 -0.09799498 -0.995187 0 0.09799498 -0.995187 0 0.2903029 -0.9569348 0 0.471394 -0.8819229 -1.43017e-6 0.6344292 -0.7729811 0 0.7729755 -0.634436 -3.88494e-6 0.8819238 -0.471392 0 0.9569457 -0.2902671 0 0.9951869 -0.09799605 0 0.9569548 0.2902371 0 0.8818967 0.4714428 0 0.7730193 0.6343827 0 0.6344091 0.7729975 0 0.4713929 0.8819233 0 0.2902824 0.9569411 0 -0.098001 0.9951863 0 -0.4713798 0.8819304 0 -0.6344091 0.7729975 0 -0.7730038 0.6344016 0 -0.8819099 0.4714182 0 -0.9569548 0.2902371 0 -0.9951864 -0.09800082 0 -0.9569509 -0.2902499 0 -0.8819227 -0.471394 0 -0.7729799 -0.6344307 0 -0.6344314 -0.7729793 0 -0.4713834 -0.8819285 0 -0.2902447 -0.9569525 0 -0.09800326 -0.9951861 0 0.09799623 -0.9951869 0 0.4713931 -0.8819233 0 0.634425 -0.7729845 0 0.7730109 -0.6343929 0 0.8818963 -0.4714434 0 0.9569516 -0.290248 0 0.995187 0 0.09799498 0.9951868 0 -0.09799641 0.9569482 0 -0.290259 0.8819035 0 -0.4714301 0.7730207 0 -0.6343808 0.6344221 0 -0.772987 0.4713838 0 -0.8819282 0.09805703 0 -0.9951809 -0.09806156 0 -0.9951804 -0.2902798 0 -0.9569419 -0.4713838 0 -0.8819282 -0.6344301 0 -0.7729803 -0.7729908 0 -0.6344172 -0.8819224 0 -0.4713946 -0.9569482 0 -0.290259 -0.9951868 0 -0.09799641 -0.9951868 0 0.09799641 -0.9569544 0 0.2902388 -0.8819052 0 0.471427 -0.7729742 0 0.6344375 -0.6344301 0 0.7729803 -0.4713482 0 0.8819473 -0.2902798 0 0.9569419 -0.09801447 0 0.995185 0.09801 0 0.9951855 0.2902798 0 0.9569419 0.4713482 0 0.8819473 0.6344221 0 0.772987 0.7730041 0 0.6344012 0.8818862 0 0.4714624 0.9569544 0 0.2902388 0.9951887 -0.09797745 0 0.8819077 0.4714221 1.48458e-6 0.772997 0.6344099 0 0.6344079 0.7729985 0 0.09805029 0.9951815 2.9693e-6 -0.09805345 0.9951812 2.96939e-6 -0.2902824 0.9569411 0 -0.4714061 0.8819162 0 -0.8819208 0.4713976 1.4846e-6 -0.9951869 -0.09799629 0 -0.9569514 -0.2902486 0 -0.8819233 -0.4713931 0 -0.7729743 -0.6344373 0 -0.6344075 -0.7729988 -4.10797e-6 -0.4714391 -0.8818987 0 -0.09800153 -0.9951863 0 0.09799689 -0.9951868 0 0.4714201 -0.8819089 0 0.6344072 -0.7729991 -2.73865e-6 0.8819072 -0.4714233 0 0.9569514 -0.2902486 0 -0.9951901 -0.09796267 0 -0.9569458 0.2902667 2.80577e-6 -0.773034 0.6343647 0 -0.6343601 0.7730378 0 -0.4714061 0.8819162 9.50494e-7 -0.09798842 0.9951876 0 0.09800076 0.9951863 -2.88471e-7 0.4714193 0.8819092 0 0.773003 0.6344026 -2.32999e-6 0.8819357 0.4713698 0 0.9951867 -0.09799706 0 0.9569372 -0.2902951 0 0.8819199 -0.4713993 0 0.7729954 -0.6344117 0 0.6344088 -0.7729977 0 0.4714135 -0.8819123 0 0.2902465 -0.956952 0 0.09800165 -0.9951863 0 -0.09799093 -0.9951874 0 -0.290287 -0.9569396 1.71225e-6 -0.4713839 -0.8819282 0 -0.7730079 -0.6343964 0 -0.8819265 -0.471387 3.20228e-6 -0.9569325 -0.2903106 0 -0.995187 0 -0.09799498 -0.9951865 0 0.09799975 -0.9569385 0 0.2902907 -0.8819224 0 0.4713946 -0.6344187 0 0.7729896 -0.4713547 0 0.8819437 -0.2903092 0 0.956933 -0.09800404 0 0.9951861 0.2902925 0 0.956938 0.6343744 -4.10779e-6 0.7730261 0.8819476 0 0.4713474 0.9569343 0 0.2903047 0.9951865 0 0.09799975 0.9951874 0 -0.09798979 0.9569312 0 -0.2903147 0.8819375 0 -0.4713667 0.7729964 0 -0.6344105 0.6343744 0 -0.7730261 0.4714093 0 -0.8819145 0.09801447 0 -0.995185 -0.09800404 0 -0.9951861 -0.2902965 0 -0.9569368 -0.4714093 1.43025e-6 -0.8819145 -0.6343663 0 -0.7730327 -0.7730041 0 -0.6344012 -0.8819311 0 -0.4713785 -0.9569355 0 -0.2903007 -0.9951889 -0.09797531 0 -0.9569373 0.2902952 0 -0.7730348 0.6343637 0 -0.6343613 0.7730368 0 -0.2903088 0.9569331 6.05139e-7 0.2903 0.9569357 0 0.4713929 0.8819233 -1.85925e-6 0.7730038 0.6344016 0 0.8819053 0.4714267 0 0.9569458 0.2902667 0 0.9951868 -0.09799581 0 0.9569461 -0.2902659 -4.80607e-6 0.8819243 -0.471391 0 0.7729755 -0.634436 0 0.4714001 -0.8819195 0 0.2902612 -0.9569475 0 0.09799528 -0.9951869 0 -0.09799528 -0.9951869 0 -0.2902677 -0.9569455 1.47056e-6 -0.4713907 -0.8819246 0 -0.7730059 -0.6343989 0 -0.8819243 -0.471391 0 -0.9569311 -0.290315 0 0.9951892 -0.09797239 0 0.8819203 0.4713985 0 0.7729961 0.6344108 0 0.6343613 0.7730368 0 0.290259 0.9569482 -9.19232e-7 0.09799724 0.9951867 -3.95908e-6 -0.09799742 0.9951867 0 -0.2902501 0.9569509 0 -0.4714276 0.8819048 8.81342e-7 -0.7729651 0.6344487 0 -0.8819335 0.4713738 3.53281e-6 -0.9569457 0.2902672 0 -0.9951871 0.09799385 0 -0.995185 -0.09801477 0 -0.9569563 -0.2902323 0 -0.8819169 -0.4714052 3.97077e-6 -0.7730025 -0.6344032 0 -0.6344079 -0.7729984 0 -0.4714114 -0.8819134 0 -0.2902582 -0.9569483 4.29063e-6 -0.09800016 -0.9951865 0 0.09799784 -0.9951867 6.13381e-7 0.2902546 -0.9569495 4.29059e-6 0.6344016 -0.7730038 0 0.7730305 -0.6343691 0 0.8819149 -0.4714086 0 0.9569362 -0.2902982 0 0.9951869 0 0.09799528 0.9951865 0 -0.09799998 0.9569416 0 -0.2902806 0.8819042 0 -0.4714289 0.7730041 0 -0.6344012 0.6344194 0 -0.7729892 0.4713191 0 -0.8819627 0.2902925 0 -0.956938 0.09801 0 -0.9951855 -0.09801 0 -0.9951855 -0.2902925 0 -0.956938 -0.4713904 0 -0.8819248 -0.6343966 0 -0.7730078 -0.7729749 0 -0.6344367 -0.8819042 0 -0.4714289 -0.9569542 0 -0.290239 -0.9951865 0 -0.09799998 -0.9951868 0 0.09799671 -0.9569481 0 0.2902592 -0.8819214 0 0.4713965 -0.7729915 0 0.6344164 -0.6344261 0 0.7729836 -0.4714093 0 0.8819145 -0.2902494 0 0.9569511 -0.09805703 0 0.9951809 0.09805703 0 0.9951809 0.2902494 0 0.9569511 0.4713904 0 0.8819248 0.6344194 0 0.7729892 0.7730207 0 0.6343808 0.9569355 0 0.2903007 0.995185 -0.09801459 0 0.995184 0.09802502 -2.9048e-6 0.8819092 0.4714195 -1.97956e-6 0.4714415 0.8818973 0 0.2902598 0.9569479 0 -0.2902334 0.956956 1.38742e-6 -0.4714547 0.8818904 0 -0.6343769 0.773024 2.25776e-6 -0.7730189 0.6343832 -1.97948e-6 -0.9569371 0.2902957 4.20974e-6 -0.9951871 0.09799367 3.02696e-6 -0.9951925 -0.09793841 4.2186e-6 -0.9569344 -0.2903044 0 -0.8819236 -0.4713925 1.21468e-6 -0.773005 -0.6344001 4.15345e-6 -0.4714158 -0.8819112 2.98422e-6 -0.2902467 -0.9569519 0 -0.09799456 -0.9951869 0 0.2902663 -0.956946 0 0.4713968 -0.8819212 0 0.6343937 -0.7730103 0 0.7730151 -0.6343878 0 0.8819238 -0.471392 1.21468e-6 0.9569545 -0.2902379 0 -0.3826881 0 0.9238776 -0.9238788 -3.08058e-7 0.3826855 -0.9238788 -3.08058e-7 -0.3826855 -0.3826881 0 -0.9238776 0.382694 0 -0.9238752 0.9238772 1.54029e-7 -0.3826889 0 1 -6.40354e-6 0 1 -5.30473e-6 0.9238758 3.0806e-7 0.3826925 0.382694 0 0.9238752 -0.9238817 -1.5403e-7 0.3826783 -0.9238817 -3.08059e-7 -0.3826783 0.3826895 1.92535e-7 -0.923877 0.9238817 3.08059e-7 -0.3826783 0 1 5.30477e-6 0 1 3.75109e-6 0.9238802 2.31046e-7 0.3826818 0.3826895 1.92535e-7 0.923877 -0.382672 -0.9238843 0 -0.9238834 -0.3826742 0 -0.9238833 0.3826742 -3.65027e-7 -0.382676 0.9238827 0 0.3826827 0.9238799 0 0.9238767 0.3826904 0 -6.40352e-6 0 1 0.9238789 -0.382685 0 2.56137e-5 0 -1 1.28072e-5 0 -1 -0.3826743 -0.9238833 -1.33492e-7 -0.9238856 0.3826688 -4.37206e-7 0.3826782 0.9238817 0 0.9238811 0.3826796 0 -6.40332e-6 0 1 0.9238834 -0.3826742 0 0.3826743 -0.9238833 0 1.2807e-5 0 -1 -0.3826844 -0.9238792 0 -0.9238812 -0.3826794 0 -0.9238837 0.3826735 -4.05632e-7 -0.382672 0.9238843 -3.95976e-7 0.3826809 0.9238806 0 0.923877 0.3826897 0 1.2807e-5 0 1 -1.28068e-5 0 1 1.06097e-5 0 1 0.9238768 -0.3826902 0 0.3826934 -0.9238755 0 -0.3826867 -0.9238783 -1.21649e-7 -0.923886 0.382668 -4.74848e-7 -0.3826742 0.9238834 -3.95978e-7 0.3826764 0.9238825 0 0.9238815 0.3826788 0 1.28068e-5 0 1 -1.28066e-5 0 1 1.06098e-5 0 1 0.9238812 -0.3826794 0 0.3826867 -0.9238783 0 0 0.9951815 0.09804987 0 0.9951804 -0.09806162 3.50584e-6 0.9569494 -0.2902547 0 0.8819393 -0.4713632 0 0.773023 -0.634378 0 0.6343946 -0.7730095 4.48582e-6 0.4713757 -0.8819326 3.95905e-6 0.2902506 -0.9569508 7.91799e-6 -0.09805625 -0.9951809 0 -0.290255 -0.9569494 0 -0.4713757 -0.8819326 0 -0.6343946 -0.7730095 -2.5529e-6 -0.7730153 -0.6343875 0 -0.8819196 -0.4714002 0 -0.9951882 -0.09798324 -4.23422e-6 -0.9569392 0.2902883 0 -0.8818985 0.4714393 0 -0.7730368 0.6343612 0 -0.6343981 0.7730066 0 -0.4713925 0.8819236 0 -0.2902507 0.9569507 0 -0.09799551 0.9951869 0 0.09799516 0.9951869 -3.30322e-7 0.2902551 0.9569494 0 0.4713973 0.8819211 0 0.6343892 0.7730138 0 0.7730067 0.6343979 5.89109e-6 0.8819251 0.4713898 0 0.9569413 0.2902815 -0.09804236 0.9951823 0 0.0980485 0.9951817 0 0.2902538 0.9569498 0 0.4713829 0.8819288 0 0.6343683 0.7730311 0 0.7730283 0.6343717 0 0.8819244 0.471391 0 0.9569516 0.2902477 0 0.9951856 0.09800899 0 0.9951856 -0.09800958 0 0.9569516 -0.2902477 0 0.8819244 -0.471391 0 0.7730197 -0.6343821 0 0.6343957 -0.7730087 0 0.4713885 -0.8819258 0 0.2902954 -0.9569371 0 0.09799557 -0.9951869 0 -0.09798896 -0.9951875 0 -0.2902954 -0.9569371 0 -0.4714301 -0.8819035 0 -0.6343616 -0.7730365 0 -0.7730304 -0.634369 0 -0.8819244 -0.471391 0 -0.956932 -0.2903123 0 -0.9951832 -0.09803307 -5.97866e-6 -0.9951832 0.09803247 -5.93848e-6 -0.956932 0.2903123 0 -0.8819244 0.471391 0 -0.7730283 0.6343717 0 -0.6343987 0.773006 0 -0.4713909 0.8819245 -2.42944e-6 -0.2902538 0.9569498 0 0 0.9951838 0.09802621 0 0.9951804 -0.09806144 0 0.9569497 -0.2902542 0 0.8819395 -0.4713628 1.85378e-6 0.7729928 -0.6344149 0 0.6344268 -0.772983 0 0.4713761 -0.8819324 0 0.2902515 -0.9569504 0 0.09805655 -0.9951809 0 -0.09805655 -0.9951809 0 -0.2902559 -0.9569491 0 -0.4713761 -0.8819324 0 -0.6343958 -0.7730085 0 -0.773016 -0.6343865 0 -0.8819198 -0.4713997 0 -0.9951881 -0.097983 0 -0.9951865 0.09799933 0 -0.9569398 0.2902865 0 -0.8819298 0.471381 0 -0.7730127 0.6343906 0 -0.4714029 0.881918 0 -0.2902544 0.9569495 0 0.2902544 0.9569495 0 0.4713934 0.8819231 0 0.6344153 0.7729925 5.17987e-6 0.7729802 0.6344303 0 0.8819298 0.471381 0 0.956955 0.2902366 0 0.9951862 -0.09800243 9.89688e-7 0.9951877 0.09798705 0 0.9569318 0.2903128 0 0.8819261 0.4713878 0 0.2902931 0.9569379 0 0.09802615 0.995184 0 -0.0980246 0.9951841 0 -0.2903107 0.9569324 0 -0.4713995 0.8819198 4.07182e-6 -0.6343691 0.7730304 0 -0.7730111 0.6343926 9.89684e-7 -0.9951831 0.09803414 0 -0.9951835 -0.09803009 0 -0.9569513 -0.2902487 0 -0.8819082 -0.4714213 0 -0.7730266 -0.6343737 0 -0.6343816 -0.77302 0 -0.4713902 -0.8819249 0 -0.2902833 -0.9569408 0 -0.0980547 -0.995181 0 0.09805822 -0.9951807 0 0.2902762 -0.9569429 0 0.4714155 -0.8819113 0 0.6343994 -0.7730055 0 0.7730194 -0.6343824 0 0.8819124 -0.4714134 0 0.956934 -0.2903059 0.09799098 0.9951873 0 -0.09798842 0.9951876 0 -0.2903135 0.9569316 0 -0.4713885 0.8819258 0 -0.6343652 0.7730336 0 -0.8819142 0.4714099 0 -0.956936 0.2902992 0 -0.99519 0.09796363 0 -0.9951902 -0.09796309 0 -0.956931 -0.2903156 0 -0.634359 -0.7730388 0 -0.4713941 -0.8819227 0 -0.2902647 -0.9569465 0 -0.09804135 -0.9951824 0 0.09804135 -0.9951824 0 0.2902647 -0.9569465 0 0.4713941 -0.8819227 0 0.634359 -0.7730388 0 0.7730304 -0.634369 0 0.9569506 -0.290251 0 0.9951855 -0.09801012 0 0.9951854 0.09801071 0 0.9569556 0.2902346 0 0.8819142 0.4714099 0 0.6343652 0.7730336 0 0.4713885 0.8819258 0 0.2903135 0.9569316 0 -4.94886e-7 0.9951874 -0.09799033 -3.49913e-6 0.995181 0.09805542 0 0.9569497 0.2902542 0 0.8819263 0.4713874 0 0.4714131 0.8819126 0 0.2902936 0.9569377 0 0.09802639 0.9951838 0 -0.09802484 0.9951841 2.55499e-6 -0.2902979 0.9569363 0 -0.4714196 0.881909 0 -0.6343697 0.7730299 0 -0.7730115 0.6343921 0 -0.9569497 0.2902542 -5.29291e-7 -0.9951816 -0.09805005 0 -0.9569499 -0.2902532 0 -0.6344045 -0.7730013 -9.3754e-7 -0.4714124 -0.8819129 0 -0.2902742 -0.9569435 0 0.2902677 -0.9569456 0 0.4714124 -0.8819129 0 0.956955 -0.2902366 0 0.9951815 0.09805005 3.50583e-6 0.9569497 -0.2902542 0 0.7730234 -0.6343775 3.95905e-6 0.2902507 -0.9569507 0 0.09805637 -0.9951809 7.91799e-6 -0.09805637 -0.9951809 0 -0.6343952 -0.773009 -2.55289e-6 -0.7730157 -0.634387 -3.46324e-6 -0.9569321 -0.2903122 -4.23422e-6 -0.9569391 0.2902889 0 -0.881901 0.4714348 0 -0.7730342 0.6343646 0 -0.6343955 0.7730086 0 -0.4713977 0.8819208 0 -0.2902577 0.9569486 0 -0.09799689 0.9951868 0 0.09799551 0.9951869 -3.30321e-7 0.2902557 0.9569491 0 0.4713994 0.8819199 0 0.7729972 0.6344096 0 0.9569411 0.2902821 -0.09804373 0.9951822 0 0.09803861 0.9951826 0 0.290274 0.9569436 0 0.4713748 0.8819331 0 0.6343886 0.7730144 0 0.9569451 0.2902693 0 0.995181 0.09805601 0 0.9951809 -0.09805661 0 0.9569451 -0.2902693 0 0.773009 -0.6343952 0 0.6343957 -0.7730087 2.59003e-6 0.4713804 -0.8819301 0 0.2903156 -0.9569311 0 0.09798562 -0.9951879 0 -0.2903054 -0.9569341 0 -0.4714543 -0.8818905 0 -0.6343412 -0.7730532 0 -0.773009 -0.6343952 0 -0.8819149 -0.4714087 0 -0.9951856 -0.09800958 0 -0.9951856 0.09800899 0 -0.8819149 0.4714087 0 -0.7730067 0.6343979 0 -0.6343784 0.7730227 0 -0.4714071 0.8819158 0 -0.2902639 0.9569467 0 0 0.9951841 0.09802407 0 0.9569498 -0.2902536 0 0.6344262 -0.7729835 0 0.4713765 -0.8819322 0 0.09805667 -0.9951809 0 -0.09805667 -0.9951809 0 -0.4713765 -0.8819322 0 -0.9569322 -0.2903116 0 -0.9951865 0.09799975 0 -0.95694 0.2902858 0 -0.7730107 0.6343932 0 -0.4714024 0.8819183 0 -0.09799689 0.9951868 0 0.4713929 0.8819234 0 0.9569551 0.2902359 0 0.9951862 -0.09800267 9.89687e-7 0.9951878 0.09798693 0 0.9569321 0.2903122 0 -0.4713988 0.8819202 9.89682e-7 -0.9951831 0.09803396 0 -0.9951835 -0.09802991 0 -0.7730189 -0.634383 0 -0.634388 -0.7730149 0 -0.4713963 -0.8819215 0 -0.2902805 -0.9569417 0 0.2902768 -0.9569427 0 0.4714176 -0.8819101 0.09798884 0.9951876 0 -0.2902933 0.9569378 0 -0.6343957 0.7730087 0 -0.9951854 0.09801071 4.50243e-6 -0.9951855 -0.09801012 4.45393e-6 -0.6343894 -0.7730137 0 -0.4713941 -0.8819227 1.21469e-6 -0.2902445 -0.9569525 0 0.6343691 -0.7730303 0 0.9569441 -0.2902725 0 0.9951831 -0.09803366 0 0.9951831 0.09803426 0 0.9569489 0.2902562 0 0.7729961 0.634411 0 0.6344058 0.7730002 -2.59007e-6 -4.94887e-7 0.9951879 -0.09798461 0 0.9569498 0.2902536 0 0.2902941 0.9569376 0 0.09802651 0.9951838 0 -0.09802496 0.995184 2.55499e-6 -0.2902984 0.9569362 0 -0.4714193 0.8819092 0 -0.9569498 0.2902536 -5.29291e-7 -0.9951816 -0.09805017 0 -0.9569447 -0.2902705 0 -0.7730226 -0.6343786 -9.3754e-7 -0.4714119 -0.8819133 0 0.7730226 -0.6343786 0 0.8819152 -0.4714082 0 0.9569547 -0.2902372 0 0.3826902 0.9238768 0 0.3826902 -0.9238768 0 -0.3826853 -0.9238789 0 -0.9238757 -0.3826927 1 -2.56154e-5 0 1 1.28074e-5 0 1 -1.06096e-5 0 0 -0.9238771 0.3826897 0 -0.3826878 0.9238778 -1 -1.06099e-5 0 0 0.3826951 0.9238747 0 0.3826927 -0.9238758 0 -0.3826878 -0.9238778 0 -0.3826878 0.9238778 -1 1.28069e-5 0 -1 -1.28069e-5 0</float_array>
          <technique_common>
            <accessor source="#Cube_005-mesh-normals-array" count="3571" stride="3">
              <param name="X" type="float"/>
              <param name="Y" type="float"/>
              <param name="Z" type="float"/>
            </accessor>
          </technique_common>
        </source>
        <source id="Cube_005-mesh-map-0">
          <float_array id="Cube_005-mesh-map-0-array" count="27864">0.625 0 0.375 0.25 0.375 0 0.625 0.25 0.375 0.5 0.375 0.25 0.625 0.5 0.375 0.75 0.375 0.5 0.625 0.75 0.375 1 0.375 0.75 0.375 0.5 0.125 0.75 0.125 0.5 0.8750001 0.5 0.625 0.75 0.625 0.5 0 0 0 0 0 0 0 0 0 0 0 0 0 0 0 0 0 0 0 0 0 0 0 0 0 0 0 0 0 0 0 0 0 0 0 0 0 0 0 0 0 0 0 0 0 0 0 0 0 0 0 0 0 0 0 0 0 0 0 0 0 0 0 0 0 0 0 0 0 0 0 0 0 0 0 0 0 0 0 0 0 0 0 0 0 0 0 0 0 0 0 0 0 0 0 0 0 0 0 0 0 0 0 0 0 0 0 0 0 0 0 0 0 0 0 0 0 0 0 0 0 0 0 0 0 0 0 0 0 0 0 0 0 0 0 0 0 0 0 0 0 0 0 0 0 0 0 0 0 0 0 0 0 0 0 0 0 0 0 0 0 0 0 0 0 0 0 0 0 0 0 0 0 0 0 0 0 0 0 0 0 0 0 0 0 0 0 0 0 0 0 0 0 0 0 0 0 0 0 0 0 0 0 0 0 0 0 0 0 0 0 0 0 0 0 0 0 0 0 0 0 0 0 0 0 0 0 0 0 0 0 0 0 0 0 0 0 0 0 0 0 0 0 0 0 0 0 0 0 0 0 0 0 0 0 0 0 0 0 0 0 0 0 0 0 0 0 0 0 0 0 0 0 0 0 0 0 0 0 0 0 0 0 0 0 0 0 0 0 0 0 0 0 0 0 0 0 0 0 0 0 0 0 0 0 0 0 0 0 0 0 0 0 0 0 0 0 0 0 0 0 0 0 0 0 0 0 0 0 0 0 0 0 0 0 0 0 0 0 0 0 0 0 0 0 0 0 0 0 0 0 0 0 0 0 0 0 0 0 0 0 0 0 0 0 0 0 0 0 0 0 0 0 0 0 0 0 0 0 0 0 0 0 0 0 0 0 0 0 0 0 0 0 0 0 0 0 0 0 0 0 0 0 0 0 0 0 0 0 0 0 0 0 0 0 0 0 0 0 0 0 0 0 0 0 0 0 0 0 0 0 0 0 0 0 0 0 0 0 0 0 0 0 0 0 0 0 0 0 0 0 0 0 0 0 0 0 0 0 0 0 0 0 0 0 0 0 0 0 0 0 0 0 0 0 0 0 0 0 0 0 0 0 0 0 0 0 0 0 0 0 0 0 0 0 0 0 0 0 0 0 0 0 0 0 0 0 0 0 0 0 0 0 0 0 0 0 0 0 0 0 0 0 0 0 0 0 0 0 0 0 0 0 0 0 0 0 0 0 0 0 0 0 0 0 0 0 0 0 0 0 0 0 0 0 0 0 0 0 0 0 0 0 0 0 0 0 0 0 0 0 0 0 0 0 0 0 0 0 0 0 0 0 0 0 0 0 0 0 0 0 0 0 0 0 0 0 0 0 0 0 0 0 0 0 0 0 0 0 0 0 0 0 0 0 0 0 0 0 0 0 0 0 0 0 0 0 0 0 0 0 0 0 0 0 0 0 0 0 0 0 0 0 0 0 0 0 0 0 0 0 0 0 0 0 0 0 0 0 0 0 0 0 0 0 0 0 0 0 0 0 0 0 0 0 0 0 0 0 0 0 0 0 0 0 0 0 0 0 0 0 0 0 0 0 0 0 0 0 0 0 0 0 0 0 0 0 0 0 0 0 0 0 0 0 0 0 0 0 0 0 0 0 0 0 0 0 0 0 0 0 0 0 0 0 0 0 0 0 0 0 0 0 0 0 0 0 0 0 0 0 0 0 0 0 0 0 0 0 0 0 0 0 0 0 0 0 0 0 0 0 0 0 0 0 0 0 0 0 0 0 0 0 0 0 0 0 0 0 0 0 0 0 0 0 0 0 0 0 0 0 0 0 0 0 0 0 0 0 0 0 0 0 0 0 0 0 0 0 0 0 0 0 0 0 0 0 0 0 0 0 0 0 0 0 0 0 0 0 0 0 0 0 0 0 0 0 0 0 0 0 0 0 0 0 0 0 0 0 0 0 0 0 0 0 0 0 0 0 0 0 0 0 0 0 0 0 0 0 0 0 0 0 0 0 0 0 0 0 0 0 0 0 0 0 0 0 0 0 0 0 0 0 0 0 0 0 0 0 0 0 0 0 0 0 0 0 0 0 0 0 0 0 0 0 0 0 0 0 0 0 0 0 0 0 0 0 0 0 0 0 0 0 0 0 0 0 0 0 0 0 0 0 0 0 0 0 0 0 0 0 0 0 0 0 0 0 0 0 0 0 0 0 0 0 0 0 0 0 0 0 0 0 0 0 0 0 0 0 0 0 0 0 0 0 0 0 0 0 0 0 0 0 0 0 0 0 0 0 0 0 0 0 0 0 0 0 0 0 0 0 0 0 0 0 0 0 0 0 0 0 0 0 0 0 0 0 0 0 0 0 0 0 0 0 0 0 0 0 0 0 0 0 0 0 0 0 0 0 0 0 0 0 0 0 0 0 0 0 0 0 0 0 0 0 0 0 0 0 0 0 0 0 0 0 0 0 0 0 0 0 0 0 0 0 0 0 0 0 0 0 0 0 0 0 0 0 0 0 0 0 0 0 0 0 0 0 0 0 0 0 0 0 0 0 0 0 0 0 0 0 0 0 0 0 0 0 0 0 0 0 0 0 0 0 0 0 0 0 0 0 0 0 0 0 0 0 0 0 0 0 0 0 0 0 0 0 0 0 0 0 0 0 0 0 0 0 0 0 0 0 0 0 0 0 0 0 0 0 0 0 0 0 0 0 0 0 0 0 0 0 0 0 0 0 0 0 0 0 0 0 0 0 0 0 0 0 0 0 0 0 0 0 0 0 0 0 0 0 0 0 0 0 0 0 0 0 0 0 0 0 0 0 0 0 0 0 0 0 0 0 0 0 0 0 0 0 0 0 0 0 0 0 0 0 0 0 0 0 0 0 0 0 0 0 0 0 0 0 0 0 0 0 0 0 0 0 0 0 0 0 0 0 0 0 0 0 0 0 0 0 0 0 0 0 0 0 0 0 0 0 0 0 0 0 0 0 0 0 0 0 0 0 0 0 0 0 0 0 0 0 0 0 0 0 0 0 0 0 0 0 0 0 0 0 0 0 0 0 0 0 0 0 0 0 0 0 0 0 0 0 0 0 0 0 0 0 0 0 0 0 0 0 0 0 0 0 0 0 0 0 0 0 0 0 0 0 0 0 0 0 0 0 0 0 0 0 0 0 0 0 0 0 0 0 0 0 0 0 0 0 0 0 0 0 0 0 0 0 0 0 0 0 0 0 0 0 0 0 0 0 0 0 0 0 0 0 0 0 0 0 0 0 0 0 0 0 0 0 0 0 0 0 0 0 0 0 0 0 0 0 0 0 0 0 0 0 0 0 0 0 0 0 0 0 0 0 0 0 0 0 0 0 0 0 0 0 0 0 0 0 0 0 0 0 0 0 0 0 0 0 0 0 0 0 0 0 0 0 0 0 0 0 0 0 0 0 0 0 0 0 0 0 0 0 0 0 0 0 0 0 0 0 0 0 0 0 0 0 0 0 0 0 0 0 0 0 0 0 0 0 0 0 0 0 0 0 0 0 0 0 0 0 0 0 0 0 0 0 0 0 0 0 0 0 0 0 0 0 0 0 0 0 0 0 0 0 0 0 0 0 0 0 0 0 0 0 0 0 0 0 0 0 0 0 0 0 0 0 0 0 0 0 0 0 0 0 0 0 0 0 0 0 0 0 0 0 0 0 0 0 0 0 0 0 0 0 0 0 0 0 0 0 0 0 0 0 0 0 0 0 0 0 0 0 0 0 0 0 0 0 0 0 0 0 0 0 0 0 0 0 0 0 0 0 0 0 0 0 0 0 0 0 0 0 0 0 0 0 0 0 0 0 0 0 0 0 0 0 0 0 0 0 0 0 0 0 0 0 0 0 0 0 0 0 0 0 0 0 0 0 0 0 0 0 0 0 0 0 0 0 0 0 0 0 0 0 0 0 0 0 0 0 0 0 0 0 0 0 0 0 0 0 0 0 0 0 0 0 0 0 0 0 0 0 0 0 0 0 0 0 0 0 0 0 0 0 0 0 0 0 0 0 0 0 0 0 0 0 0 0 0 0 0 0 0 0 0 0 0 0 0 0 0 0 0 0 0 0 0 0 0 0 0 0 0 0 0 0 0 0 0 0 0 0 0 0 0 0 0 0 0 0 0 0 0 0 0 0 0 0 0 0 0 0 0 0 0 0 0 0 0 0 0 0 0 0 0 0 0 0 0 0 0 0 0 0 0 0 0 0 0 0 0 0 0 0 0 0 0 0 0 0 0 0 0 0 0 0 0 0 0 0 0 0 0 0 0 0 0 0 0 0 0 0 0 0 0 0 0 0 0 0 0 0 0 0 0 0 0 0 0 0 0 0 0 0 0 0 0 0 0 0 0 0 0 0 0 0 0 0 0 0 0 0 0 0 0 0 0 0 0 0 0 0 0 0 0 0 0 0 0 0 0 0 0 0 0 0 0 0 0 0 0 0 0 0 0 0 0 0 0 0 0 0 0 0 0 0 0 0 0 0 0 0 0 0 0 0 0 0 0 0 0 0 0 0 0 0 0 0 0 0 0 0 0 0 0 0 0 0 0 0 0 0 0 0 0 0 0 0 0 0 0 0 0 0 0 0 0 0 0 0 0 0 0 0 0 0 0 0 0 0 0 0 0 0 0 0 0 0 0 0 0 0 0 0 0 0 0 0 0 0 0 0 0 0 0 0 0 0 0 0 0 0 0 0 0 0 0 0 0 0 0 0 0 0 0 0 0 0 0 0 0 0 0 0 0 0 0 0 0 0 0 0 0 0 0 0 0 0 0 0 0 0 0 0 0 0 0 0 0 0 0 0 0 0 0 0 0 0 0 0 0 0 0 0 0 0 0 0 0 0 0 0 0 0 0 0 0 0 0 0 0 0 0 0 0 0 0 0 0 0 0 0 0 0 0 0 0 0 0 0 0 0 0 0 0 0 0 0 0 0 0 0 0 0 0 0 0 0 0 0 0 0 0 0 0 0 0 0 0 0 0 0 0 0 0 0 0 0 0 0 0 0 0 0 0 0 0 0 0 0 0 0 0 0 0 0 0 0 0 0 0 0 0 0 0 0 0 0 0 0 0 0 0 0 0 0 0 0 0 0 0 0 0 0 0 0 0 0 0 0 0 0 0 0 0 0 0 0 0 0 0 0 0 0 0 0 0 0 0 0 0 0 0 0 0 0 0 0 0 0 0 1 1 0.8750001 0.5 1 0.5 0.8750001 1 0.75 0.5 0.8750001 0.5 0.75 1 0.625 0.5 0.75 0.5 0.625 1 0.5 0.5 0.625 0.5 0.5 1 0.375 0.5 0.5 0.5 0.375 1 0.25 0.5 0.375 0.5 0.00999999 0.25 0.25 0.00999999 0.49 0.25 0.25 1 0.125 0.5 0.25 0.5 0.125 1 0 0.5 0.125 0.5 0.51 0.25 0.5802944 0.4197056 0.9197056 0.08029437 1 1 0.8750001 0.5 1 0.5 0.8750001 1 0.75 0.5 0.8750001 0.5 0.75 1 0.625 0.5 0.75 0.5 0.625 1 0.5 0.5 0.625 0.5 0.5 1 0.375 0.5 0.5 0.5 0.375 1 0.25 0.5 0.375 0.5 0.00999999 0.25 0.25 0.00999999 0.49 0.25 0.25 1 0.125 0.5 0.25 0.5 0.125 1 0 0.5 0.125 0.5 0.51 0.25 0.5802944 0.4197056 0.9197056 0.08029437 0 0 0 0 0 0 0 0 0 0 0 0 0 0 0 0 0 0 0 0 0 0 0 0 0 0 0 0 0 0 0 0 0 0 0 0 0 0 0 0 0 0 0 0 0 0 0 0 0 0 0 0 0 0 0 0 0 0 0 0 0 0 0 0 0 0 0 0 0 0 0 0 0 0 0 0 0 0 0 0 0 0 0 0 0 0 0 0 0 0 0 0 0 0 0 0 0 0 0 0 0 0 0 0 0 0 0 0 0 0 0 0 0 0 0 0 0 0 0 0 0 0 0 0 0 0 0 0 0 0 0 0 0 0 0 0 0 0 0 0 0 0 0 0 0 0 0 0 0 0 0 0 0 0 0 0 0 0 0 0 0 0 0 0 0 0 0 0 0 0 0 0 0 0 0 0 0 0 0 0 0 0 0 0 0 0 0 0 0 0 0 0 0 0 0 0 0 0 0 0 0 0 0 0 0 0 0 0 0 0 0 0 0 0 0 0 0 0 0 0 0 0 0 0 0 0 0 0 0 0 0 0 0 0 0 0 0 0 0 0 0 0 0 0 0 0 0 0 0 0 0 0 0 0 0 0 0 0 0 0 0 0 0 0 0 0 0 0 0 0 0 0 0 0 0 0 0 0 0 0 0 0 0 0 0 0 0 0 0 0 0 0 0 0 0 0 0 0 0 0 0 0 0 0 0 0 0 0 0 0 0 0 0 0 0 0 0 0 0 0 0 0 0 0 0 0 0 0 0 0 0 0 0 0 0 0 0 0 0 0 0 0 0 0 0 0 0 0 0 0 0 0 0 0 0 0 0 0 0 0 0 0 0 0 0 0 0 0 0 0 0 0 0 0 0 0 0 0 0 0 0 0 0 0 0 0 0 0 0 0 0 0 0 0 0 0 0 0 0 0 0 0 0 0 0 0 0 0 0 0 0 0 0 0 0 0 0 0 0 0 0 0 0 0 0 0 0 0 0 0 0 0 0 0 0 0 0 0 0 0 0 0 0 0 0 0 0 0 0 0 0 0 0 0 0 0 0 0 0 0 0 0 0 0 0 0 0 0 0 0 0 0 0 0 0 0 0 0 0 0 0 0 0 0 0 0 0 0 0 0 0 0 0 0 0 0 0 0 0 0 0 0 0 0 0 0 0 0 0 0 0 0 0 0 0 0 0 0 0 0 0 0 0 0 0 0 0 0 0 0 0 0 0 0 0 0 0 0 0 0 0 0 0 0 0 0 0 0 0 0 0 0 0 0 0 0 0 0 0 0 0 0 0 0 0 0 0 0 0 0 0 0 0 0 0 0 0 0 0 0 0 0 0 0 0 0 0 0 0 0 0 0 0 0 0 0 0 0 0 0 0 0 0 0 0 0 0 0 0 0 0 0 0 0 0 0 0 0 0 0 0 0 0 0 0 0 0 0 0 0 0 0 0 0 0 0 0 0 0 0 0 0 0 0 0 0 0 0 0 0 0 0 0 0 0 0 0 0 0 0 0 0 0 0 0 0 0 0 0 0 0 0 0 0 0 0 0 0 0 0 0 0 0 0 0 0 0 0 0 0 0 0 0 0 0 0 0 0 0 0 0 0 0 0 0 0 0 0 0 0 0 0 0 0 0 0 0 0 0 0 0 0 0 0 0 0 0 0 0 0 0 0 0 0 0 0 0 0 0 0 0 0 0 0 0 0 0 0 0 0 0 0 0 0 0 0 0 0 0 0 0 0 0 0 0 0 0 0 0 0 0 0 0 0 0 0 0 0 0 0 0 0 0 0 0 0 0 0 0 0 0 0 0 0 0 0 0 0 0 0 0 0 0 0 0 0 0 0 0 0 0 0 0 0 0 0 0 0 0 0 0 0 0 0 0 0 0 0 0 0 0 0 0 0 0 0 0 0 0 0 0 0 0 0 0 0 0 0 0 0 0 0 0 0 0 0 0 0 0 0 0 0 0 0 0 0 0 0 0 0 0 0 0 0 0 0 0 0 0 0 0 0 0 0 0 0 0 0 0 0 0 0 0 0 0 0 0 0 0 0 0 0 0 0 0 0 0 0 0 0 0 0 0 0 0 0 0 0 0 0 0 0 0 0 0 0 0 0 0 0 0 0 0 0 0 0 0 0 0 0 0 0 0 0 0 0 0 0 0 0 0 0 0 0 0 0 0 0 0 0 0 0 0 0 0 0 0 0 0 0 0 0 0 0 0 0 0 0 0 0 0 0 0 0 0 0 0 0 0 0 0 0 0 0 0 0 0 0 0 0 0 0 0 0 0 0 0 0 0 0 0 0 0 0 0 0 0 0 0 0 0 0 0 0 0 0 0 0 0 0 0 0 0 0 0 0 0 0 0 0 0 0 0 0 0 0 0 0 0 0 0 0 0 0 0 0 0 0 0 0 0 0 0 0 0 0 0 0 0 0 0 0 0 0 0 0 0 0 0 0 0 0 0 0 0 0 0 0 0 0 0 0 0 0 0 0 0 0 0 0 0 0 0 0 0 0 0 0 0 0 0 0 0 0 0 0 0 0 0 0 0 0 0 0 0 0 0 0 0 0 0 0 0 0 0 0 0 0 0 0 0 0 0 0 0 0 0 0 0 0 0 0 0 0 0 0 0 0 0 0 0 0 0 0 0 0 0 0 0 0 0 0 0 0 0 0 0 0 0 0 0 0 0 0 0 0 0 0 0 0 0 0 0 0 0 0 0 0 0 0 0 0 0 0 0 0 0 0 0 0 0 0 0 0 0 0 0 0 0 0 0 0 0 0 0 0 0 0 0 0 0 0 0 0 0 0 0 0 0 0 0 0 0 0 0 0 0 0 0 0 0 0 0 0 0 0 0 0 0 0 0 0 0 0 0 0 0 0 0 0 0 0 0 0 0 0 0 0 0 0 0 0 0 0 0 0 0 0 0 0 0 0 0 0 0 0 0 0 0 0 0 0 0 0 0 0 0 0 0 0 0 0 0 0 0 0 0 0 0 0 0 0 0 0 0 0 0 0 0 0 0 0 0 0 0 0 0 0 0 0 0 0 0 0 0 0 0 0 0 0 0 0 0 0 0 0 0 0 0 0 0 0 0 0 0 0 0 0 0 0 0 0 0 0 0 0 0 0 0 0 0 0 0 0 0 0 0 0 0 0 0 0 0 0 0 0 0 0 0 0 0 0 0 0 0 0 0 0 0 0 0 0 0 0 0 0 0 0 0 0 0 0 0 0 0 0 0 0 0 0 0 0 0 0 0 0 0 0 0 0 0 0 0 0 0 0 0 0 0 0 0 0 0 0 0 0 0 0 0 0 0 0 0 0 0 0 0 0 0 0 0 0 0 0 0 0 0 0 0 0 0 0 0 0 0 0 0 0 0 0 0 0 0 0 0 0 0 0 0 0 0 0 0 0 0 0 0 0 0 0 0 0 0 0 0 0 0 0 0 0 0 0 0 0 0 0 0 0 0 0 0 0 0 0 0 0 0 0 0 0 0 0 0 0 0 0 0 0 0 0 0 0 0 0 0 0 0 0 0 0 0 0 0 0 0 0 0 0 0 0 0 0 0 0 0 0 0 0 0 0 0 0 0 0 0 0 0 0 0 0 0 0 0 0 0 0 0 0 0 0 0 0 0 0 0 0 0 0 0 0 0 0 0 0 0 0 0 0 0 0 0 0 0 0 0 0 0 0 0 0 0 0 0 0 0 0 0 0 0 0 0 0 0 0 0 0 0 0 0 0 0 0 0 0 0 0 0 0 0 0 0 0 0 0 0 0 0 0 0 0 0 0 0 0 0 0 0 0 0 0 0 0 0 0 0 0 0 0 0 0 0 0 0 0 0 0 0 0 0 0 0 0 0 0 0 0 0 0 0 0 0 0 0 0 0 0 0 0 0 0 0 0 0 0 0 0 0 0 0 0 0 0 0 0 0 0 0 0 0 0 0 0 0 0 0 0 0 0 0 0 0 0 0 0 0 0 0 0 0 0 0 0 0 0 0 0 0 0 0 0 0 0 0 0 0 0 0 0 0 0 0 0 0 0 0 0 0 0 0 0 0 0 0 0 0 0 0 0 0 0 0 0 0 0 0 0 0 0 0 0 0 0 0 0 0 0 0 0 0 0 0 0 0 0 0 0 0 0 0 0 0 0 0 0 0 0 0 0 0 0 0 0 0 0 0 0 0 0 0 0 0 0 0 0 0 0 0 0 0 0 0 0 0 0 0 0 0 0 0 0 0 0 0 0 0 0 0 0 0 0 0 0 0 0 0 0 0 0 0 0 0 0 0 0 0 0 0 0 0 0 0 0 0 0 0 0 0 0 0 0 0 0 0 0 0 0 0 0 0 0 0 0 0 0 0 0 0 0 0 0 0 0 0 0 0 0 0 0 0 0 0 0 0 0 0 0 0 0 0 0 0 0 0 0 0 0 0 0 0 0 0 0 0 0 0 0 0 0 0 0 0 0 0 0 0 0 0 0 0 0 0 0 0 0 0 0 0 0 0 0 0 0 0 0 0 0 0 0 0 0 0 0 0 0 0 0 0 0 0 0 0 0 0 0 0 0 0 0 0 0 0 0 0 0 0 0 0 0 0 0 0 0 0 0 0 0 0 0 0 0 0 0 0 0 0 0 0 0 0 0 0 0 0 0 0 0 0 0 0 0 0 0 0 0 0 0 0 0 0 0 0 0 0 0 0 0 0 0 0 0 0 0 0 0 0 0 0 0 0 0 0 0 0 0 0 0 0 0 0 0 0 0 0 0 0 0 0 0 0 0 0 0 0 0 0 0 0 0 0 0 0 0 0 0 0 0 0 0 0 0 0 0 0 0 0 0 0 0 0 0 0 0 0 0 0 0 0 0 0 0 0 0 0 0 0 0 0 0 0 0 0 0 0 0 0 0 0 0 0 0 0 0 0 0 0 0 0 0 0 0 0 0 0 0 0 0 0 0 0 0 0 0 0 0 0 0 0 0 0 0 0 0 0 0 0 0 0 0 0 0 0 0 0 0 0 0 0 0 0 0 0 0 0 0 0 0 0 0 0 0 0 0 0 0 0 0 0 0 0 0 0 0 0 0 0 0 0 0 0 0 0 0 0 0 0 0 0 0 0 0 0 0 0 0 0 0 0 0 0 0 0 0 0 0 0 0 0 0 0 0 0 0 0 0 0 0 0 0 0 0 0 0 0 0 0 0 0 0 0 0 0 0 0 0 1 1 0.8750001 0.5 1 0.5 0.8750001 0.5 0.75 1 0.75 0.5 0.75 0.5 0.625 1 0.625 0.5 0.625 0.5 0.5 1 0.5 0.5 0.5 1 0.375 0.5 0.5 0.5 0.375 1 0.25 0.5 0.375 0.5 0.00999999 0.25 0.25 0.00999999 0.49 0.25 0.25 1 0.125 0.5 0.25 0.5 0.125 1 0 0.5 0.125 0.5 0.5802944 0.4197056 0.9197056 0.4197056 0.9197056 0.08029437 1 1 0.8750001 0.5 1 0.5 0.8750001 0.5 0.75 1 0.75 0.5 0.75 1 0.625 0.5 0.75 0.5 0.625 1 0.5 0.5 0.625 0.5 0.5 1 0.375 0.5 0.5 0.5 0.375 1 0.25 0.5 0.375 0.5 0.00999999 0.25 0.25 0.00999999 0.49 0.25 0.25 1 0.125 0.5 0.25 0.5 0.125 1 0 0.5 0.125 0.5 0.51 0.25 0.5802944 0.4197056 0.9197056 0.08029437 1 1 0.8750001 0.5 1 0.5 0.8750001 0.5 0.75 1 0.75 0.5 0.75 1 0.625 0.5 0.75 0.5 0.625 1 0.5 0.5 0.625 0.5 0.5 1 0.375 0.5 0.5 0.5 0.375 1 0.25 0.5 0.375 0.5 0.00999999 0.25 0.25 0.00999999 0.49 0.25 0.25 1 0.125 0.5 0.25 0.5 0.125 1 0 0.5 0.125 0.5 0.5802944 0.08029437 0.51 0.25 0.5802944 0.4197056 1 1 0.8750001 0.5 1 0.5 0.8750001 0.5 0.75 1 0.75 0.5 0.75 1 0.625 0.5 0.75 0.5 0.625 1 0.5 0.5 0.625 0.5 0.5 1 0.375 0.5 0.5 0.5 0.375 1 0.25 0.5 0.375 0.5 0.00999999 0.25 0.25 0.00999999 0.49 0.25 0.25 1 0.125 0.5 0.25 0.5 0.125 1 0 0.5 0.125 0.5 0.5802944 0.08029437 0.51 0.25 0.5802944 0.4197056 1 1 0.8750001 0.5 1 0.5 0.8750001 1 0.75 0.5 0.8750001 0.5 0.75 1 0.625 0.5 0.75 0.5 0.625 1 0.5 0.5 0.625 0.5 0.5 1 0.375 0.5 0.5 0.5 0.375 1 0.25 0.5 0.375 0.5 0.00999999 0.25 0.25 0.00999999 0.49 0.25 0.25 1 0.125 0.5 0.25 0.5 0.125 1 0 0.5 0.125 0.5 0.5802944 0.08029437 0.51 0.25 0.5802944 0.4197056 1 1 0.8750001 0.5 1 0.5 0.8750001 1 0.75 0.5 0.8750001 0.5 0.75 1 0.625 0.5 0.75 0.5 0.625 1 0.5 0.5 0.625 0.5 0.5 1 0.375 0.5 0.5 0.5 0.375 1 0.25 0.5 0.375 0.5 0.00999999 0.25 0.25 0.00999999 0.49 0.25 0.25 1 0.125 0.5 0.25 0.5 0.125 1 0 0.5 0.125 0.5 0.5802944 0.08029437 0.51 0.25 0.5802944 0.4197056 0.8750001 0.5 0.8750001 0.5018382 0.8749999 0.5018382 0.625 0.25 0.375 0.5 0.375 0.25 0.625 0.7486153 0.375 0.75 0.375 0.7486153 0.625 0.75 0.375 1 0.375 0.75 0.375 0.7486153 0.125 0.75 0.125 0.7486153 0.8750001 0.7486153 0.625 0.75 0.625 0.7486153 0.8750001 0.5 0.625 0.5018382 0.625 0.5 0.375 0.5 0.125 0.5018382 0.125 0.5 0.625 0.5 0.375 0.5018382 0.375 0.5 0.625 0.001384615 0.375 0.2481617 0.375 0.001384615 0.8750001 0.7486153 0.8750001 0.5018382 0.8750001 0.7486153 0.8750001 0.5018382 0.625 0.7486153 0.625 0.5018382 0.375 0.5018382 0.125 0.7486153 0.125 0.5018382 0.625 0.5018382 0.375 0.7486153 0.375 0.5018382 0.625 0.2481617 0.375 0.25 0.375 0.2481617 0.625 0 0.375 0.001384615 0.375 0 0.8750001 0.75 0.8750001 0.7486153 0.8750001 0.75 0.125 0.75 0.125 0.7486153 0.125 0.7486153 0.375 0.25 0.625 0.25 0.625 0.25 0.125 0.5 0.125 0.5018382 0.125 0.5 0.625 1 0.375 1 0.375 1 0.375 0.2481617 0.8750001 0.7486153 0.375 0.001384615 0.625 1 0.375 1 0.375 1 0.125 0.75 0.125 0.7486153 0.125 0.7486153 0.8750001 0.75 0.8750001 0.7486153 0.8750001 0.75 0.375 0.001384615 0.625 0.001384615 0.625 0.001384615 0.625 0.2481617 0.375 0.2481617 0.375 0.2481617 0.125 0.5 0.125 0.5018382 0.125 0.5 0.375 0.25 0.625 0.25 0.625 0.25 0.8750001 0.5 0.8749999 0.5018382 0.8750001 0.5018382 0.125 0.5018382 0.375 0.001384615 0.125 0.7486153 0.125 0.7486153 0.8750001 0.5018382 0.125 0.5018382 1 1 0.8750001 0.5 1 0.5 0.8750001 0.5 0.75 1 0.75 0.5 0.75 1 0.625 0.5 0.75 0.5 0.625 1 0.5 0.5 0.625 0.5 0.5 1 0.375 0.5 0.5 0.5 0.375 1 0.25 0.5 0.375 0.5 0.25 0.49 0.00999999 0.25 0.25 0.00999999 0.25 1 0.125 0.5 0.25 0.5 0.125 1 0 0.5 0.125 0.5 0.51 0.25 0.5802944 0.4197056 0.9197056 0.08029437 1 1 0.8750001 0.5 1 0.5 0.8750001 0.5 0.75 1 0.75 0.5 0.75 1 0.625 0.5 0.75 0.5 0.625 1 0.5 0.5 0.625 0.5 0.5 1 0.375 0.5 0.5 0.5 0.375 1 0.25 0.5 0.375 0.5 0.25 0.49 0.00999999 0.25 0.25 0.00999999 0.25 1 0.125 0.5 0.25 0.5 0.125 1 0 0.5 0.125 0.5 0.51 0.25 0.5802944 0.4197056 0.9197056 0.08029437 1 0.5 0.8750001 1 0.8750001 0.5 0.8750001 0.5 0.75 1 0.75 0.5 0.75 1 0.625 0.5 0.75 0.5 0.625 1 0.5 0.5 0.625 0.5 0.5 1 0.375 0.5 0.5 0.5 0.375 1 0.25 0.5 0.375 0.5 0.25 0.49 0.00999999 0.25 0.25 0.00999999 0.25 1 0.125 0.5 0.25 0.5 0.125 1 0 0.5 0.125 0.5 0.5802944 0.4197056 0.9197056 0.4197056 0.9197056 0.08029437 1 0.5 0.8750001 1 0.8750001 0.5 0.8750001 0.5 0.75 1 0.75 0.5 0.75 1 0.625 0.5 0.75 0.5 0.625 1 0.5 0.5 0.625 0.5 0.5 1 0.375 0.5 0.5 0.5 0.375 1 0.25 0.5 0.375 0.5 0.25 0.49 0.00999999 0.25 0.25 0.00999999 0.25 1 0.125 0.5 0.25 0.5 0.125 1 0 0.5 0.125 0.5 0.5802944 0.4197056 0.9197056 0.4197056 0.9197056 0.08029437 0 0 0 0 0 0 0 0 0 0 0 0 0 0 0 0 0 0 0 0 0 0 0 0 0 0 0 0 0 0 0 0 0 0 0 0 0 0 0 0 0 0 0 0 0 0 0 0 0 0 0 0 0 0 0 0 0 0 0 0 0 0 0 0 0 0 0 0 0 0 0 0 0 0 0 0 0 0 0 0 0 0 0 0 0 0 0 0 0 0 0 0 0 0 0 0 0 0 0 0 0 0 0 0 0 0 0 0 0 0 0 0 0 0 0 0 0 0 0 0 0 0 0 0 0 0 0 0 0 0 0 0 0 0 0 0 0 0 0 0 0 0 0 0 0 0 0 0 0 0 0 0 0 0 0 0 0 0 0 0 0 0 0 0 0 0 0 0 0 0 0 0 0 0 0 0 0 0 0 0 0 0 0 0 0 0 0 0 0 0 0 0 0 0 0 0 0 0 0 0 0 0 0 0 0 0 0 0 0 0 0 0 0 0 0 0 0 0 0 0 0 0 0 0 0 0 0 0 0 0 0 0 0 0 0 0 0 0 0 0 0 0 0 0 0 0 0 0 0 0 0 0 0 0 0 0 0 0 0 0 0 0 0 0 0 0 0 0 0 0 0 0 0 0 0 0 0 0 0 0 0 0 0 0 0 0 0 0 0 0 0 0 0 0 0 0 0 0 0 0 0 0 0 0 0 0 0 0 0 0 0 0 0 0 0 0 0 0 0 0 0 0 0 0 0 0 0 0 0 0 0 0 0 0 0 0 0 0 0 0 0 0 0 0 0 0 0 0 0 0 0 0 0 0 0 0 0 0 0 0 0 0 0 0 0 0 0 0 0 0 0 0 0 0 0 0 0 0 0 0 0 0 0 0 0 0 0 0 0 0 0 0 0 0 0 0 0 0 0 0 0 0 0 0 0 0 0 0 0 0 0 0 0 0 0 0 0 0 0 0 0 0 0 0 0 0 0 0 0 0 0 0 0 0 0 0 0 0 0 0 0 0 0 0 0 0 0 0 0 0 0 0 0 0 0 0 0 0 0 0 0 0 0 0 0 0 0 0 0 0 0 0 0 0 0 0 0 0 0 0 0 0 0 0 0 0 0 0 0 0 0 0 0 0 0 0 0 0 0 0 0 0 0 0 0 0 0 0 0 0 0 0 0 0 0 0 0 0 0 0 0 0 0 0 0 0 0 0 0 0 0 0 0 0 0 0 0 0 0 0 0 0 0 0 0 0 0 0 0 0 0 0 0 0 0 0 0 0 0 0 0 0 0 0 0 0 0 0 0 0 0 0 0 0 0 0 0 0 0 0 0 0 0 0 0 0 0 0 0 0 0 0 0 0 0 0 0 0 0 0 0 0 0 0 0 0 0 0 0 0 0 0 0 0 0 0 0 0 0 0 0 0 0 0 0 0 0 0 0 0 0 0 0 0 0 0 0 0 0 0 0 0 0 0 0 0 0 0 0 0 0 0 0 0 0 0 0 0 0 0 0 0 0 0 0 0 0 0 0 0 0 0 0 0 0 0 0 0 0 0 0 0 0 0 0 0 0 0 0 0 0 0 0 0 0 0 0 0 0 0 0 0 0 0 0 0 0 0 0 0 0 0 0 0 0 0 0 0 0 0 0 0 0 0 0 0 0 0 0 0 0 0 0 0 0 0 0 0 0 0 0 0 0 0 0 0 0 0 0 0 0 0 0 0 0 0 0 0 0 0 0 0 0 0 0 0 0 0 0 0 0 0 0 0 0 0 0 0 0 0 0 0 0 0 0 0 0 0 0 0 0 0 0 0 0 0 0 0 0 0 0 0 0 0 0 0 0 0 0 0 0 0 0 0 0 0 0 0 0 0 0 0 0 0 0 0 0 0 0 0 0 0 0 0 0 0 0 0 0 0 0 0 0 0 0 0 0 0 0 0 0 0 0 0 0 0 0 0 0 0 0 0 0 0 0 0 0 0 0 0 0 0 0 0 0 0 0 0 0 0 0 0 0 0 0 0 0 0 0 0 0 0 0 0 0 0 0 0 0 0 0 0 0 0 0 0 0 0 0 0 0 0 0 0 0 0 0 0 0 0 0 0 0 0 0 0 0 0 0 0 0 0 0 0 0 0 0 0 0 0 0 0 0 0 0 0 0 0 0 0 0 0 0 0 0 0 0 0 0 0 0 0 0 0 0 0 0 0 0 0 0 0 0 0 0 0 0 0 0 0 0 0 0 0 0 0 0 0 0 0 0 0 0 0 0 0 0 0 0 0 0 0 0 0 0 0 0 0 0 0 0 0 0 0 0 0 0 0 0 0 0 0 0 0 0 0 0 0 0 0 0 0 0 0 0 0 0 0 0 0 0 0 0 0 0 0 0 0 0 0 0 0 0 0 0 0 0 0 0 0 0 0 0 0 0 0 0 0 0 0 0 0 0 0 0 0 0 0 0 0 0 0 0 0 0 0 0 0 0 0 0 0 0 0 0 0 0 0 0 0 0 0 0 0 0 0 0 0 0 0 0 0 0 0 0 0 0 0 0 0 0 0 0 0 0 0 0 0 0 0 0 0 0 0 0 0 0 0 0 0 0 0 0 0 0 0 0 0 0 0 0 0 0 0 0 0 0 0 0 0 0 0 0 0 0 0 0 0 0 0 0 0 0 0 0 0 0 0 0 0 0 0 0 0 0 0 0 0 0 0 0 0 0 0 0 0 0 0 0 0 0 0 0 0 0 0 0 0 0 0 0 0 0 0 0 0 0 0 0 0 0 0 0 0 0 0 0 0 0 0 0 0 0 0 0 0 0 0 0 0 0 0 0 0 0 0 0 0 0 0 0 0 0 0 0 0 0 0 0 0 0 0 0 0 0 0 0 0 0 0 0 0 0 0 0 0 0 0 0 0 0 0 0 0 0 0 0 0 0 0 0 0 0 0 0 0 0 0 0 0 0 0 0 0 0 0 0 0 0 0 0 0 0 0 0 0 0 0 0 0 0 0 0 0 0 0 0 0 0 0 0 0 0 0 0 0 0 0 0 0 0 0 0 0 0 0 0 0 0 0 0 0 0 0 0 0 0 0 0 0 0 0 0 0 0 0 0 0 0 0 0 0 0 0 0 0 0 0 0 0 0 0 0 0 0 0 0 0 0 0 0 0 0 0 0 0 0 0 0 0 0 0 0 0 0 0 0 0 0 0 0 0 0 0 0 0 0 0 0 0 0 0 0 0 0 0 0 0 0 0 0 0 0 0 0 0 0 0 0 0 0 0 0 0 0 0 0 0 0 0 0 0 0 0 0 0 0 0 0 0 0 0 0 0 0 0 0 0 0 0 0 0 0 0 0 0 0 0 0 0 0 0 0 0 0 0 0 0 0 0 0 0 0 0 0 0 0 0 0 0 0 0 0 0 0 0 0 0 0 0 0 0 0 0 0 0 0 0 0 0 0 0 0 0 0 0 0 0 0 0 0 0 0 0 0 0 0 0 0 0 0 0 0 0 0 0 0 0 0 0 0 0 0 0 0 0 0 0 0 0 0 0 0 0 0 0 0 0 0 0 0 0 0 0 0 0 0 0 0 0 0 0 0 0 0 0 0 0 0 0 0 0 0 0 0 0 0 0 0 0 0 0 0 0 0 0 0 0 0 0 0 0 0 0 0 0 0 0 0 0 0 0 0 0 0 0 0 0 0 0 0 0 0 0 0 0 0 0 0 0 0 0 0 0 0 0 0 0 0 0 0 0 0 0 0 0 0 0 0 0 0 0 0 0 0 0 0 0 0 0 0 0 0 0 0 0 0 0 0 0 0 0 0 0 0 0 0 0 0 0 0 0 0 0 0 0 0 0 0 0 0 0 0 0 0 0 0 0 0 0 0 0 0 0 0 0 0 0 0 0 0 0 0 0 0 0 0 0 0 0 0 0 0 0 0 0 0 0 0 0 0 0 0 0 0 0 0 0 0 0 0 0 0 0 0 0 0 0 0 0 0 0 0 0 0 0 0 0 0 0 0 0 0 0 0 0 0 0 0 0 0 0 0 0 0 0 0 0 0 0 0 0 0 0 0 0 0 0 0 0 0 0 0 0 0 0 0 0 0 0 0 0 0 0 0 0 0 0 0 0 0 0 0 0 0 0 0 0 0 0 0 0 0 0 0 0 0 0 0 0 0 0 0 0 0 0 0 0 0 0 0 0 0 0 0 0 0 0 0 0 0 0 0 0 0 0 0 0 0 0 0 0 0 0 0 0 0 0 0 0 0 0 0 0 0 0 0 0 0 0 0 0 0 0 0 0 0 0 0 0 0 0 0 0 0 0 0 0 0 0 0 0 0 0 0 0 0 0 0 0 0 0 0 0 0 0 0 0 0 0 0 0 0 0 0 0 0 0 0 0 0 0 0 0 0 0 0 0 0 0 0 0 0 0 0 0 0 0 0 0 0 0 0 0 0 0 0 0 0 0 0 0 0 0 0 0 0 0 0 0 0 0 0 0 0 0 0 0 0 0 0 0 0 0 0 0 0 0 0 0 0 0 0 0 0 0 0 0 0 0 0 0 0 0 0 0 0 0 0 0 0 0 0 0 0 0 0 0 0 0 0 0 0 0 0 0 0 0 0 0 0 0 0 0 0 0 0 0 0 0 0 0 0 0 0 0 0 0 0 0 0 0 0 0 0 0 0 0 0 0 0 0 0 0 0 0 0 0 0 0 0 0 0 0 0 0 0 0 0 0 0 0 0 0 0 0 0 0 0 0 0 0 0 0 0 0 0 0 0 0 0 0 0 0 0 0 0 0 0 0 0 0 0 0 0 0 0 0 0 0 0 0 0 0 0 0 0 0 0 0 0 0 0 0 0 0 0 0 0 0 0 0 0 0 0 0 0 0 0 0 0 0 0 0 0 0 0 0 0 0 0 0 0 0 0 0 0 0 0 0 0 0 0 0 0 0 0 0 0 0 0 0 0 0 0 0 0 0 0 0 0 0 0 0 0 0 0 0 0 0 0 0 0 0 0 0 0 0 0 0 0 0 0 0 0 0 0 0 0 0 0 0 0 0 0 0 0 0 0 0 0 0 0 0 0 0 0 0 0 0 0 0 0 0 0 0 0 0 0 0 0 0 0 0 0 0 0 0 0 0 0 0 0 0 0 0 0 0 0 0 0 0 0 0 0 0 0 0 0 0 0 0 0 0 0 0 0 0 0 0 0 0 0 0 1 1 0.8750001 0.5 1 0.5 0.8750001 1 0.75 0.5 0.8750001 0.5 0.75 1 0.625 0.5 0.75 0.5 0.625 1 0.5 0.5 0.625 0.5 0.5 1 0.375 0.5 0.5 0.5 0.375 1 0.25 0.5 0.375 0.5 0.00999999 0.25 0.25 0.00999999 0.49 0.25 0.25 1 0.125 0.5 0.25 0.5 0.125 1 0 0.5 0.125 0.5 0.51 0.25 0.5802944 0.4197056 0.9197056 0.08029437 1 1 0.8750001 0.5 1 0.5 0.8750001 1 0.75 0.5 0.8750001 0.5 0.75 1 0.625 0.5 0.75 0.5 0.625 1 0.5 0.5 0.625 0.5 0.5 1 0.375 0.5 0.5 0.5 0.375 1 0.25 0.5 0.375 0.5 0.00999999 0.25 0.25 0.00999999 0.49 0.25 0.25 1 0.125 0.5 0.25 0.5 0.125 1 0 0.5 0.125 0.5 0.51 0.25 0.5802944 0.4197056 0.9197056 0.08029437 1 1 0.8750001 0.5 1 0.5 0.8750001 1 0.75 0.5 0.8750001 0.5 0.75 1 0.625 0.5 0.75 0.5 0.625 1 0.5 0.5 0.625 0.5 0.5 1 0.375 0.5 0.5 0.5 0.375 1 0.25 0.5 0.375 0.5 0.25 0.49 0.00999999 0.25 0.25 0.00999999 0.25 1 0.125 0.5 0.25 0.5 0.125 1 0 0.5 0.125 0.5 0.51 0.25 0.5802944 0.4197056 0.9197056 0.08029437 1 1 0.8750001 0.5 1 0.5 0.8750001 1 0.75 0.5 0.8750001 0.5 0.75 1 0.625 0.5 0.75 0.5 0.625 1 0.5 0.5 0.625 0.5 0.5 1 0.375 0.5 0.5 0.5 0.375 1 0.25 0.5 0.375 0.5 0.25 0.49 0.00999999 0.25 0.25 0.00999999 0.25 1 0.125 0.5 0.25 0.5 0.125 1 0 0.5 0.125 0.5 0.51 0.25 0.5802944 0.4197056 0.9197056 0.08029437 1 1 0.8750001 0.5 1 0.5 0.8750001 0.5 0.75 1 0.75 0.5 0.75 1 0.625 0.5 0.75 0.5 0.625 1 0.5 0.5 0.625 0.5 0.5 1 0.375 0.5 0.5 0.5 0.375 1 0.25 0.5 0.375 0.5 0.25 0.49 0.00999999 0.25 0.25 0.00999999 0.25 1 0.125 0.5 0.25 0.5 0.125 1 0 0.5 0.125 0.5 0.5802944 0.4197056 0.9197056 0.4197056 0.9197056 0.08029437 1 1 0.8750001 0.5 1 0.5 0.8750001 0.5 0.75 1 0.75 0.5 0.75 1 0.625 0.5 0.75 0.5 0.625 1 0.5 0.5 0.625 0.5 0.5 1 0.375 0.5 0.5 0.5 0.375 1 0.25 0.5 0.375 0.5 0.25 0.49 0.00999999 0.25 0.25 0.00999999 0.25 1 0.125 0.5 0.25 0.5 0.125 1 0 0.5 0.125 0.5 0.5802944 0.4197056 0.9197056 0.4197056 0.9197056 0.08029437 0 0 0 0 0 0 0 0 0 0 0 0 0 0 0 0 0 0 0 0 0 0 0 0 0 0 0 0 0 0 0 0 0 0 0 0 0 0 0 0 0 0 0 0 0 0 0 0 0 0 0 0 0 0 0 0 0 0 0 0 0 0 0 0 0 0 0 0 0 0 0 0 0 0 0 0 0 0 0 0 0 0 0 0 0 0 0 0 0 0 0 0 0 0 0 0 0 0 0 0 0 0 0 0 0 0 0 0 0 0 0 0 0 0 0 0 0 0 0 0 0 0 0 0 0 0 0 0 0 0 0 0 0 0 0 0 0 0 0 0 0 0 0 0 0 0 0 0 0 0 0 0 0 0 0 0 0 0 0 0 0 0 0 0 0 0 0 0 0 0 0 0 0 0 0 0 0 0 0 0 0 0 0 0 0 0 0 0 0 0 0 0 0 0 0 0 0 0 0 0 0 0 0 0 0 0 0 0 0 0 0 0 0 0 0 0 0 0 0 0 0 0 0 0 0 0 0 0 0 0 0 0 0 0 0 0 0 0 0 0 0 0 0 0 0 0 0 0 0 0 0 0 0 0 0 0 0 0 0 0 0 0 0 0 0 0 0 0 0 0 0 0 0 0 0 0 0 0 0 0 0 0 0 0 0 0 0 0 0 0 0 0 0 0 0 0 0 0 0 0 0 0 0 0 0 0 0 0 0 0 0 0 0 0 0 0 0 0 0 0 0 0 0 0 0 0 0 0 0 0 0 0 0 0 0 0 0 0 0 0 0 0 0 0 0 0 0 0 0 0 0 0 0 0 0 0 0 0 0 0 0 0 0 0 0 0 0 0 0 0 0 0 0 0 0 0 0 0 0 0 0 0 0 0 0 0 0 0 0 0 0 0 0 0 0 0 0 0 0 0 0 0 0 0 0 0 0 0 0 0 0 0 0 0 0 0 0 0 0 0 0 0 0 0 0 0 0 0 0 0 0 0 0 0 0 0 0 0 0 0 0 0 0 0 0 0 0 0 0 0 0 0 0 0 0 0 0 0 0 0 0 0 0 0 0 0 0 0 0 0 0 0 0 0 0 0 0 0 0 0 0 0 0 0 0 0 0 0 0 0 0 0 0 0 0 0 0 0 0 0 0 0 0 0 0 0 0 0 0 0 0 0 0 0 0 0 0 0 0 0 0 0 0 0 0 0 0 0 0 0 0 0 0 0 0 0 0 0 0 0 0 0 0 0 0 0 0 0 0 0 0 0 0 0 0 0 0 0 0 0 0 0 0 0 0 0 0 0 0 0 0 0 0 0 0 0 0 0 0 0 0 0 0 0 0 0 0 0 0 0 0 0 0 0 0 0 0 0 0 0 0 0 0 0 0 0 0 0 0 0 0 0 0 0 0 0 0 0 0 0 0 0 0 0 0 0 0 0 0 0 0 0 0 0 0 0 0 0 0 0 0 0 0 0 0 0 0 0 0 0 0 0 0 0 0 0 0 0 0 0 0 0 0 0 0 0 0 0 0 0 0 0 0 0 0 0 0 0 0 0 0 0 0 0 0 0 0 0 0 0 0 0 0 0 0 0 0 0 0 0 0 0 0 0 0 0 0 0 0 0 0 0 0 0 0 0 0 0 0 0 0 0 0 0 0 0 0 0 0 0 0 0 0 0 0 0 0 0 0 0 0 0 0 0 0 0 0 0 0 0 0 0 0 0 0 0 0 0 0 0 0 0 0 0 0 0 0 0 0 0 0 0 0 0 0 0 0 0 0 0 0 0 0 0 0 0 0 0 0 0 0 0 0 0 0 0 0 0 0 0 0 0 0 0 0 0 0 0 0 0 0 0 0 0 0 0 0 0 0 0 0 0 0 0 0 0 0 0 0 0 0 0 0 0 0 0 0 0 0 0 0 0 0 0 0 0 0 0 0 0 0 0 0 0 0 0 0 0 0 0 0 0 0 0 0 0 0 0 0 0 0 0 0 0 0 0 0 0 0 0 0 0 0 0 0 0 0 0 0 0 0 0 0 0 0 0 0 0 0 0 0 0 0 0 0 0 0 0 0 0 0 0 0 0 0 0 0 0 0 0 0 0 0 0 0 0 0 0 0 0 0 0 0 0 0 0 0 0 0 0 0 0 0 0 0 0 0 0 0 0 0 0 0 0 0 0 0 0 0 0 0 0 0 0 0 0 0 0 0 0 0 0 0 0 0 0 0 0 0 0 0 0 0 0 0 0 0 0 0 0 0 0 0 0 0 0 0 0 0 0 0 0 0 0 0 0 0 0 0 0 0 0 0 0 0 0 0 0 0 0 0 0 0 0 0 0 0 0 0 0 0 0 0 0 0 0 0 0 0 0 0 0 0 0 0 0 0 0 0 0 0 0 0 0 0 0 0 0 0 0 0 0 0 0 0 0 0 0 0 0 0 0 0 0 0 0 0 0 0 0 0 0 0 0 0 0 0 0 0 0 0 0 0 0 0 0 0 0 0 0 0 0 0 0 0 0 0 0 0 0 0 0 0 0 0 0 0 0 0 0 0 0 0 0 0 0 0 0 0 0 0 0 0 0 0 0 0 0 0 0 0 0 0 0 0 0 0 0 0 0 0 0 0 0 0 0 0 0 0 0 0 0 0 0 0 0 0 0 0 0 0 0 0 0 0 0 0 0 0 0 0 0 0 0 0 0 0 0 0 0 0 0 0 0 0 0 0 0 0 0 0 0 0 0 0 0 0 0 0 0 0 0 0 0 0 0 0 0 0 0 0 0 0 0 0 0 0 0 0 0 0 0 0 0 0 0 0 0 0 0 0 0 0 0 0 0 0 0 0 0 0 0 0 0 0 0 0 0 0 0 0 0 0 0 0 0 0 0 0 0 0 0 0 0 0 0 0 0 0 0 0 0 0 0 0 0 0 0 0 0 0 0 0 0 0 0 0 0 0 0 0 0 0 0 0 0 0 0 0 0 0 0 0 0 0 0 0 0 0 0 0 0 0 0 0 0 0 0 0 0 0 0 0 0 0 0 0 0 0 0 0 0 0 0 0 0 0 0 0 0 0 0 0 0 0 0 0 0 0 0 0 0 0 0 0 0 0 0 0 0 0 0 0 0 0 0 0 0 0 0 0 0 0 0 0 0 0 0 0 0 0 0 0 0 0 0 0 0 0 0 0 0 0 0 0 0 0 0 0 0 0 0 0 0 0 0 0 0 0 0 0 0 0 0 0 0 0 0 0 0 0 0 0 0 0 0 0 0 0 0 0 0 0 0 0 0 0 0 0 0 0 0 0 0 0 0 0 0 0 0 0 0 0 0 0 0 0 0 0 0 0 0 0 0 0 0 0 0 0 0 0 0 0 0 0 0 0 0 0 0 0 0 0 0 0 0 0 0 0 0 0 0 0 0 0 0 0 0 0 0 0 0 0 0 0 0 0 0 0 0 0 0 0 0 0 0 0 0 0 0 0 0 0 0 0 0 0 0 0 0 0 0 0 0 0 0 0 0 0 0 0 0 0 0 0 0 0 0 0 0 0 0 0 0 0 0 0 0 0 0 0 0 0 0 0 0 0 0 0 0 0 0 0 0 0 0 0 0 0 0 0 0 0 0 0 0 0 0 0 0 0 0 0 0 0 0 0 0 0 0 0 0 0 0 0 0 0 0 0 0 0 0 0 0 0 0 0 0 0 0 0 0 0 0 0 0 0 0 0 0 0 0 0 0 0 0 0 0 0 0 0 0 0 0 0 0 0 0 0 0 0 0 0 0 0 0 0 0 0 0 0 0 0 0 0 0 0 0 0 0 0 0 0 0 0 0 0 0 0 0 0 0 0 0 0 0 0 0 0 0 0 0 0 0 0 0 0 0 0 0 0 0 0 0 0 0 0 0 0 0 0 0 0 0 0 0 0 0 0 0 0 0 0 0 0 0 0 0 0 0 0 0 0 0 0 0 0 0 0 0 0 0 0 0 0 0 0 0 0 0 0 0 0 0 0 0 0 0 0 0 0 0 0 0 0 0 0 0 0 0 0 0 0 0 0 0 0 0 0 0 0 0 0 0 0 0 0 0 0 0 0 0 0 0 0 0 0 0 0 0 0 0 0 0 0 0 0 0 0 0 0 0 0 0 0 0 0 0 0 0 0 0 0 0 0 0 0 0 0 0 0 0 0 0 0 0 0 0 0 0 0 0 0 0 0 0 0 0 0 0 0 0 0 0 0 0 0 0 0 0 0 0 0 0 0 0 0 0 0 0 0 0 0 0 0 0 0 0 0 0 0 0 0 0 0 0 0 0 0 0 0 0 0 0 0 0 0 0 0 0 0 0 0 0 0 0 0 0 0 0 0 0 0 0 0 0 0 0 0 0 0 0 0 0 0 0 0 0 0 0 0 0 0 0 0 0 0 0 0 0 0 0 0 0 0 0 0 0 0 0 0 0 0 0 0 0 0 0 0 0 0 0 0 0 0 0 0 0 0 0 0 0 0 0 0 0 0 0 0 0 0 0 0 0 0 0 0 0 0 0 0 0 0 0 0 0 0 0 0 0 0 0 0 0 0 0 0 0 0 0 0 0 0 0 0 0 0 0 0 0 0 0 0 0 0 0 0 0 0 0 0 0 0 0 0 0 0 0 0 0 0 0 0 0 0 0 0 0 0 0 0 0 0 0 0 0 0 0 0 0 0 0 0 0 0 0 0 0 0 0 0 0 0 0 0 0 0 0 0 0 0 0 0 0 0 0 0 0 0 0 0 0 0 0 0 0 0 0 0 0 0 0 0 0 0 0 0 0 0 0 0 0 0 0 0 0 0 0 0 0 0 0 0 0 0 0 0 0 0 0 0 0 0 0 0 0 0 0 0 0 0 0 0 0 0 0 0 0 0 0 0 0 0 0 0 0 0 0 0 0 0 0 0 0 0 0 0 0 0 0 0 0 0 0 0 0 0 0 0 0 0 0 0 0 0 0 0 0 0 0 0 0 0 0 0 0 0 0 0 0 0 0 0 0 0 0 0 0 0 0 0 0 0 0 0 0 0 0 0 0 0 0 0 0 0 0 0 0 0 0 0 0 0 0 0 0 0 0 0 0 0 0 0 0 0 0 0 0 0 0 0 0 0 0 0 0 0 0 0 0 0 0 0 0 0 0 0 0 0 0 0 0 0 0 0 0 0 0 0 0 0 0 0 0 0 0 0 0 0 0 0 0 0 0 1 1 0.8750001 0.5 1 0.5 0.8750001 1 0.75 0.5 0.8750001 0.5 0.75 1 0.625 0.5 0.75 0.5 0.625 0.5 0.5 1 0.5 0.5 0.5 0.5 0.375 1 0.375 0.5 0.375 1 0.25 0.5 0.375 0.5 0.4197056 0.08029437 0.49 0.25 0.00999999 0.25 0.25 1 0.125 0.5 0.25 0.5 0.125 1 0 0.5 0.125 0.5 0.9197056 0.08029437 0.5802944 0.08029437 0.5802944 0.4197056 1 1 0.8750001 0.5 1 0.5 0.8750001 1 0.75 0.5 0.8750001 0.5 0.75 1 0.625 0.5 0.75 0.5 0.625 0.5 0.5 1 0.5 0.5 0.5 0.5 0.375 1 0.375 0.5 0.375 1 0.25 0.5 0.375 0.5 0.25 0.00999999 0.4197056 0.08029437 0.49 0.25 0.25 1 0.125 0.5 0.25 0.5 0.125 1 0 0.5 0.125 0.5 0.9197056 0.08029437 0.5802944 0.08029437 0.5802944 0.4197056 1 1 0.8750001 0.5 1 0.5 0.8750001 1 0.75 0.5 0.8750001 0.5 0.75 1 0.625 0.5 0.75 0.5 0.625 1 0.5 0.5 0.625 0.5 0.5 1 0.375 0.5 0.5 0.5 0.375 1 0.25 0.5 0.375 0.5 0.25 0.49 0.00999999 0.25 0.25 0.00999999 0.25 1 0.125 0.5 0.25 0.5 0.125 1 0 0.5 0.125 0.5 0.51 0.25 0.5802944 0.4197056 0.9197056 0.08029437 1 1 0.8750001 0.5 1 0.5 0.8750001 1 0.75 0.5 0.8750001 0.5 0.75 1 0.625 0.5 0.75 0.5 0.625 1 0.5 0.5 0.625 0.5 0.5 1 0.375 0.5 0.5 0.5 0.375 1 0.25 0.5 0.375 0.5 0.25 0.49 0.00999999 0.25 0.25 0.00999999 0.25 1 0.125 0.5 0.25 0.5 0.125 1 0 0.5 0.125 0.5 0.51 0.25 0.5802944 0.4197056 0.9197056 0.08029437 1 1 0.8750001 0.5 1 0.5 0.8750001 1 0.75 0.5 0.8750001 0.5 0.75 1 0.625 0.5 0.75 0.5 0.625 0.5 0.5 1 0.5 0.5 0.5 1 0.375 0.5 0.5 0.5 0.375 1 0.25 0.5 0.375 0.5 0.25 0.49 0.00999999 0.25 0.25 0.00999999 0.25 1 0.125 0.5 0.25 0.5 0.125 1 0 0.5 0.125 0.5 0.5802944 0.4197056 0.9197056 0.4197056 0.9197056 0.08029437 1 1 0.8750001 0.5 1 0.5 0.8750001 1 0.75 0.5 0.8750001 0.5 0.75 1 0.625 0.5 0.75 0.5 0.625 0.5 0.5 1 0.5 0.5 0.5 1 0.375 0.5 0.5 0.5 0.375 1 0.25 0.5 0.375 0.5 0.25 0.49 0.00999999 0.25 0.25 0.00999999 0.25 1 0.125 0.5 0.25 0.5 0.125 1 0 0.5 0.125 0.5 0.5802944 0.4197056 0.9197056 0.4197056 0.9197056 0.08029437 0 0 0 0 0 0 0 0 0 0 0 0 0 0 0 0 0 0 0 0 0 0 0 0 0 0 0 0 0 0 0 0 0 0 0 0 0 0 0 0 0 0 0 0 0 0 0 0 0 0 0 0 0 0 0 0 0 0 0 0 0 0 0 0 0 0 0 0 0 0 0 0 0 0 0 0 0 0 0 0 0 0 0 0 0 0 0 0 0 0 0 0 0 0 0 0 0 0 0 0 0 0 0 0 0 0 0 0 0 0 0 0 0 0 0 0 0 0 0 0 0 0 0 0 0 0 0 0 0 0 0 0 0 0 0 0 0 0 0 0 0 0 0 0 0 0 0 0 0 0 0 0 0 0 0 0 0 0 0 0 0 0 0 0 0 0 0 0 0 0 0 0 0 0 0 0 0 0 0 0 0 0 0 0 0 0 0 0 0 0 0 0 0 0 0 0 0 0 0 0 0 0 0 0 0 0 0 0 0 0 0 0 0 0 0 0 0 0 0 0 0 0 0 0 0 0 0 0 0 0 0 0 0 0 0 0 0 0 0 0 0 0 0 0 0 0 0 0 0 0 0 0 0 0 0 0 0 0 0 0 0 0 0 0 0 0 0 0 0 0 0 0 0 0 0 0 0 0 0 0 0 0 0 0 0 0 0 0 0 0 0 0 0 0 0 0 0 0 0 0 0 0 0 0 0 0 0 0 0 0 0 0 0 0 0 0 0 0 0 0 0 0 0 0 0 0 0 0 0 0 0 0 0 0 0 0 0 0 0 0 0 0 0 0 0 0 0 0 0 0 0 0 0 0 0 0 0 0 0 0 0 0 0 0 0 0 0 0 0 0 0 0 0 0 0 0 0 0 0 0 0 0 0 0 0 0 0 0 0 0 0 0 0 0 0 0 0 0 0 0 0 0 0 0 0 0 0 0 0 0 0 0 0 0 0 0 0 0 0 0 0 0 0 0 0 0 0 0 0 0 0 0 0 0 0 0 0 0 0 0 0 0 0 0 0 0 0 0 0 0 0 0 0 0 0 0 0 0 0 0 0 0 0 0 0 0 0 0 0 0 0 0 0 0 0 0 0 0 0 0 0 0 0 0 0 0 0 0 0 0 0 0 0 0 0 0 0 0 0 0 0 0 0 0 0 0 0 0 0 0 0 0 0 0 0 0 0 0 0 0 0 0 0 0 0 0 0 0 0 0 0 0 0 0 0 0 0 0 0 0 0 0 0 0 0 0 0 0 0 0 0 0 0 0 0 0 0 0 0 0 0 0 0 0 0 0 0 0 0 0 0 0 0 0 0 0 0 0 0 0 0 0 0 0 0 0 0 0 0 0 0 0 0 0 0 0 0 0 0 0 0 0 0 0 0 0 0 0 0 0 0 0 0 0 0 0 0 0 0 0 0 0 0 0 0 0 0 0 0 0 0 0 0 0 0 0 0 0 0 0 0 0 0 0 0 0 0 0 0 0 0 0 0 0 0 0 0 0 0 0 0 0 0 0 0 0 0 0 0 0 0 0 0 0 0 0 0 0 0 0 0 0 0 0 0 0 0 0 0 0 0 0 0 0 0 0 0 0 0 0 0 0 0 0 0 0 0 0 0 0 0 0 0 0 0 0 0 0 0 0 0 0 0 0 0 0 0 0 0 0 0 0 0 0 0 0 0 0 0 0 0 0 0 0 0 0 0 0 0 0 0 0 0 0 0 0 0 0 0 0 0 0 0 0 0 0 0 0 0 0 0 0 0 0 0 0 0 0 0 0 0 0 0 0 0 0 0 0 0 0 0 0 0 0 0 0 0 0 0 0 0 0 0 0 0 0 0 0 0 0 0 0 0 0 0 0 0 0 0 0 0 0 0 0 0 0 0 0 0 0 0 0 0 0 0 0 0 0 0 0 0 0 0 0 0 0 0 0 0 0 0 0 0 0 0 0 0 0 0 0 0 0 0 0 0 0 0 0 0 0 0 0 0 0 0 0 0 0 0 0 0 0 0 0 0 0 0 0 0 0 0 0 0 0 0 0 0 0 0 0 0 0 0 0 0 0 0 0 0 0 0 0 0 0 0 0 0 0 0 0 0 0 0 0 0 0 0 0 0 0 0 0 0 0 0 0 0 0 0 0 0 0 0 0 0 0 0 0 0 0 0 0 0 0 0 0 0 0 0 0 0 0 0 0 0 0 0 0 0 0 0 0 0 0 0 0 0 0 0 0 0 0 0 0 0 0 0 0 0 0 0 0 0 0 0 0 0 0 0 0 0 0 0 0 0 0 0 0 0 0 0 0 0 0 0 0 0 0 0 0 0 0 0 0 0 0 0 0 0 0 0 0 0 0 0 0 0 0 0 0 0 0 0 0 0 0 0 0 0 0 0 0 0 0 0 0 0 0 0 0 0 0 0 0 0 0 0 0 0 0 0 0 0 0 0 0 0 0 0 0 0 0 0 0 0 0 0 0 0 0 0 0 0 0 0 0 0 0 0 0 0 0 0 0 0 0 0 0 0 0 0 0 0 0 0 0 0 0 0 0 0 0 0 0 0 0 0 0 0 0 0 0 0 0 0 0 0 0 0 0 0 0 0 0 0 0 0 0 0 0 0 0 0 0 0 0 0 0 0 0 0 0 0 0 0 0 0 0 0 0 0 0 0 0 0 0 0 0 0 0 0 0 0 0 0 0 0 0 0 0 0 0 0 0 0 0 0 0 0 0 0 0 0 0 0 0 0 0 0 0 0 0 0 0 0 0 0 0 0 0 0 0 0 0 0 0 0 0 0 0 0 0 0 0 0 0 0 0 0 0 0 0 0 0 0 0 0 0 0 0 0 0 0 0 0 0 0 0 0 0 0 0 0 0 0 0 0 0 0 0 0 0 0 0 0 0 0 0 0 0 0 0 0 0 0 0 0 0 0 0 0 0 0 0 0 0 0 0 0 0 0 0 0 0 0 0 0 0 0 0 0 0 0 0 0 0 0 0 0 0 0 0 0 0 0 0 0 0 0 0 0 0 0 0 0 0 0 0 0 0 0 0 0 0 0 0 0 0 0 0 0 0 0 0 0 0 0 0 0 0 0 0 0 0 0 0 0 0 0 0 0 0 0 0 0 0 0 0 0 0 0 0 0 0 0 0 0 0 0 0 0 0 0 0 0 0 0 0 0 0 0 0 0 0 0 0 0 0 0 0 0 0 0 0 0 0 0 0 0 0 0 0 0 0 0 0 0 0 0 0 0 0 0 0 0 0 0 0 0 0 0 0 0 0 0 0 0 0 0 0 0 0 0 0 0 0 0 0 0 0 0 0 0 0 0 0 0 0 0 0 0 0 0 0 0 0 0 0 0 0 0 0 0 0 0 0 0 0 0 0 0 0 0 0 0 0 0 0 0 0 0 0 0 0 0 0 0 0 0 0 0 0 0 0 0 0 0 0 0 0 0 0 0 0 0 0 0 0 0 0 0 0 0 0 0 0 0 0 0 0 0 0 0 0 0 0 0 0 0 0 0 0 0 0 0 0 0 0 0 0 0 0 0 0 0 0 0 0 0 0 0 0 0 0 0 0 0 0 0 0 0 0 0 0 0 0 0 0 0 0 0 0 0 0 0 0 0 0 0 0 0 0 0 0 0 0 0 0 0 0 0 0 0 0 0 0 0 0 0 0 0 0 0 0 0 0 0 0 0 0 0 0 0 0 0 0 0 0 0 0 0 0 0 0 0 0 0 0 0 0 0 0 0 0 0 0 0 0 0 0 0 0 0 0 0 0 0 0 0 0 0 0 0 0 0 0 0 0 0 0 0 0 0 0 0 0 0 0 0 0 0 0 0 0 0 0 0 0 0 0 0 0 0 0 0 0 0 0 0 0 0 0 0 0 0 0 0 0 0 0 0 0 0 0 0 0 0 0 0 0 0 0 0 0 0 0 0 0 0 0 0 0 0 0 0 0 0 0 0 0 0 0 0 0 0 0 0 0 0 0 0 0 0 0 0 0 0 0 0 0 0 0 0 0 0 0 0 0 0 0 0 0 0 0 0 0 0 0 0 0 0 0 0 0 0 0 0 0 0 0 0 0 0 0 0 0 0 0 0 0 0 0 0 0 0 0 0 0 0 0 0 0 0 0 0 0 0 0 0 0 0 0 0 0 0 0 0 0 0 0 0 0 0 0 0 0 0 0 0 0 0 0 0 0 0 0 0 0 0 0 0 0 0 0 0 0 0 0 0 0 0 0 0 0 0 0 0 0 0 0 0 0 0 0 0 0 0 0 0 0 0 0 0 0 0 0 0 0 0 0 0 0 0 0 0 0 0 0 0 0 0 0 0 0 0 0 0 0 0 0 0 0 0 0 0 0 0 0 0 0 0 0 0 0 0 0 0 0 0 0 0 0 0 0 0 0 0 0 0 0 0 0 0 0 0 0 0 0 0 0 0 0 0 0 0 0 0 0 0 0 0 0 0 0 0 0 0 0 0 0 0 0 0 0 0 0 0 0 0 0 0 0 0 0 0 0 0 0 0 0 0 0 0 0 0 0 0 0 0 0 0 0 0 0 0 0 0 0 0 0 0 0 0 0 0 0 0 0 0 0 0 0 0 0 0 0 0 0 0 0 0 0 0 0 0 0 0 0 0 0 0 0 0 0 0 0 0 0 0 0 0 0 0 0 0 0 0 0 0 0 0 0 0 0 0 0 0 0 0 0 0 0 0 0 0 0 0 0 0 0 0 0 0 0 0 0 0 0 0 0 0 0 0 0 0 0 0 0 0 0 0 0 0 0 0 0 0 0 0 0 0 0 0 0 0 0 0 0 0 0 0 0 0 0 0 0 0 0 0 0 0 0 0 0 0 0 0 0 0 0 0 0 0 0 0 0 0 0 0 0 0 0 0 0 0 0 0 0 0 0 0 0 0 0 0 0 0 0 0 0 0 0 0 0 0 0 0 0 0 0 0 0 0 0 0 0 0 0 0 0 0 0 0 0 0 0 0 0 0 0 0 0 0 0 0 0 0 0 0 0 0 0 0 0 0 0 0 0 0 0 0 0 0 0 0 0 0 0 0 0 0 0 0 0 0 0 0 0 0 0 0 0 0 0 0 0 0 0 0 0 0 0 0 0 0 0 0 0 0 0 0 0 0 0 0 0 0 0 0 0 0 0 0 0 0 0 0 0 0 0 0 0 0 0 0 0 0 0 0 0 0 0 0 0 1 1 0.8750001 0.5 1 0.5 0.8750001 1 0.75 0.5 0.8750001 0.5 0.75 1 0.625 0.5 0.75 0.5 0.625 1 0.5 0.5 0.625 0.5 0.5 1 0.375 0.5 0.5 0.5 0.375 1 0.25 0.5 0.375 0.5 0.4197056 0.08029437 0.49 0.25 0.00999999 0.25 0.25 1 0.125 0.5 0.25 0.5 0.125 1 0 0.5 0.125 0.5 0.5802944 0.4197056 0.9197056 0.4197056 0.9197056 0.08029437 1 1 0.8750001 0.5 1 0.5 0.8750001 1 0.75 0.5 0.8750001 0.5 0.75 1 0.625 0.5 0.75 0.5 0.625 1 0.5 0.5 0.625 0.5 0.5 1 0.375 0.5 0.5 0.5 0.375 1 0.25 0.5 0.375 0.5 0.49 0.25 0.25 0.49 0.00999999 0.25 0.25 1 0.125 0.5 0.25 0.5 0.125 1 0 0.5 0.125 0.5 0.5802944 0.4197056 0.9197056 0.4197056 0.9197056 0.08029437 0.625 0 0.625 0.25 0.375 0.25 0.625 0.25 0.625 0.5 0.375 0.5 0.625 0.5 0.625 0.75 0.375 0.75 0.625 0.75 0.625 1 0.375 1 0.375 0.5 0.375 0.75 0.125 0.75 0.8750001 0.5 0.8750001 0.75 0.625 0.75 0 0 0 0 0 0 0 0 0 0 0 0 0 0 0 0 0 0 0 0 0 0 0 0 0 0 0 0 0 0 0 0 0 0 0 0 0 0 0 0 0 0 0 0 0 0 0 0 0 0 0 0 0 0 0 0 0 0 0 0 0 0 0 0 0 0 0 0 0 0 0 0 0 0 0 0 0 0 0 0 0 0 0 0 0 0 0 0 0 0 0 0 0 0 0 0 0 0 0 0 0 0 0 0 0 0 0 0 0 0 0 0 0 0 0 0 0 0 0 0 0 0 0 0 0 0 0 0 0 0 0 0 0 0 0 0 0 0 0 0 0 0 0 0 0 0 0 0 0 0 0 0 0 0 0 0 0 0 0 0 0 0 0 0 0 0 0 0 0 0 0 0 0 0 0 0 0 0 0 0 0 0 0 0 0 0 0 0 0 0 0 0 0 0 0 0 0 0 0 0 0 0 0 0 0 0 0 0 0 0 0 0 0 0 0 0 0 0 0 0 0 0 0 0 0 0 0 0 0 0 0 0 0 0 0 0 0 0 0 0 0 0 0 0 0 0 0 0 0 0 0 0 0 0 0 0 0 0 0 0 0 0 0 0 0 0 0 0 0 0 0 0 0 0 0 0 0 0 0 0 0 0 0 0 0 0 0 0 0 0 0 0 0 0 0 0 0 0 0 0 0 0 0 0 0 0 0 0 0 0 0 0 0 0 0 0 0 0 0 0 0 0 0 0 0 0 0 0 0 0 0 0 0 0 0 0 0 0 0 0 0 0 0 0 0 0 0 0 0 0 0 0 0 0 0 0 0 0 0 0 0 0 0 0 0 0 0 0 0 0 0 0 0 0 0 0 0 0 0 0 0 0 0 0 0 0 0 0 0 0 0 0 0 0 0 0 0 0 0 0 0 0 0 0 0 0 0 0 0 0 0 0 0 0 0 0 0 0 0 0 0 0 0 0 0 0 0 0 0 0 0 0 0 0 0 0 0 0 0 0 0 0 0 0 0 0 0 0 0 0 0 0 0 0 0 0 0 0 0 0 0 0 0 0 0 0 0 0 0 0 0 0 0 0 0 0 0 0 0 0 0 0 0 0 0 0 0 0 0 0 0 0 0 0 0 0 0 0 0 0 0 0 0 0 0 0 0 0 0 0 0 0 0 0 0 0 0 0 0 0 0 0 0 0 0 0 0 0 0 0 0 0 0 0 0 0 0 0 0 0 0 0 0 0 0 0 0 0 0 0 0 0 0 0 0 0 0 0 0 0 0 0 0 0 0 0 0 0 0 0 0 0 0 0 0 0 0 0 0 0 0 0 0 0 0 0 0 0 0 0 0 0 0 0 0 0 0 0 0 0 0 0 0 0 0 0 0 0 0 0 0 0 0 0 0 0 0 0 0 0 0 0 0 0 0 0 0 0 0 0 0 0 0 0 0 0 0 0 0 0 0 0 0 0 0 0 0 0 0 0 0 0 0 0 0 0 0 0 0 0 0 0 0 0 0 0 0 0 0 0 0 0 0 0 0 0 0 0 0 0 0 0 0 0 0 0 0 0 0 0 0 0 0 0 0 0 0 0 0 0 0 0 0 0 0 0 0 0 0 0 0 0 0 0 0 0 0 0 0 0 0 0 0 0 0 0 0 0 0 0 0 0 0 0 0 0 0 0 0 0 0 0 0 0 0 0 0 0 0 0 0 0 0 0 0 0 0 0 0 0 0 0 0 0 0 0 0 0 0 0 0 0 0 0 0 0 0 0 0 0 0 0 0 0 0 0 0 0 0 0 0 0 0 0 0 0 0 0 0 0 0 0 0 0 0 0 0 0 0 0 0 0 0 0 0 0 0 0 0 0 0 0 0 0 0 0 0 0 0 0 0 0 0 0 0 0 0 0 0 0 0 0 0 0 0 0 0 0 0 0 0 0 0 0 0 0 0 0 0 0 0 0 0 0 0 0 0 0 0 0 0 0 0 0 0 0 0 0 0 0 0 0 0 0 0 0 0 0 0 0 0 0 0 0 0 0 0 0 0 0 0 0 0 0 0 0 0 0 0 0 0 0 0 0 0 0 0 0 0 0 0 0 0 0 0 0 0 0 0 0 0 0 0 0 0 0 0 0 0 0 0 0 0 0 0 0 0 0 0 0 0 0 0 0 0 0 0 0 0 0 0 0 0 0 0 0 0 0 0 0 0 0 0 0 0 0 0 0 0 0 0 0 0 0 0 0 0 0 0 0 0 0 0 0 0 0 0 0 0 0 0 0 0 0 0 0 0 0 0 0 0 0 0 0 0 0 0 0 0 0 0 0 0 0 0 0 0 0 0 0 0 0 0 0 0 0 0 0 0 0 0 0 0 0 0 0 0 0 0 0 0 0 0 0 0 0 0 0 0 0 0 0 0 0 0 0 0 0 0 0 0 0 0 0 0 0 0 0 0 0 0 0 0 0 0 0 0 0 0 0 0 0 0 0 0 0 0 0 0 0 0 0 0 0 0 0 0 0 0 0 0 0 0 0 0 0 0 0 0 0 0 0 0 0 0 0 0 0 0 0 0 0 0 0 0 0 0 0 0 0 0 0 0 0 0 0 0 0 0 0 0 0 0 0 0 0 0 0 0 0 0 0 0 0 0 0 0 0 0 0 0 0 0 0 0 0 0 0 0 0 0 0 0 0 0 0 0 0 0 0 0 0 0 0 0 0 0 0 0 0 0 0 0 0 0 0 0 0 0 0 0 0 0 0 0 0 0 0 0 0 0 0 0 0 0 0 0 0 0 0 0 0 0 0 0 0 0 0 0 0 0 0 0 0 0 0 0 0 0 0 0 0 0 0 0 0 0 0 0 0 0 0 0 0 0 0 0 0 0 0 0 0 0 0 0 0 0 0 0 0 0 0 0 0 0 0 0 0 0 0 0 0 0 0 0 0 0 0 0 0 0 0 0 0 0 0 0 0 0 0 0 0 0 0 0 0 0 0 0 0 0 0 0 0 0 0 0 0 0 0 0 0 0 0 0 0 0 0 0 0 0 0 0 0 0 0 0 0 0 0 0 0 0 0 0 0 0 0 0 0 0 0 0 0 0 0 0 0 0 0 0 0 0 0 0 0 0 0 0 0 0 0 0 0 0 0 0 0 0 0 0 0 0 0 0 0 0 0 0 0 0 0 0 0 0 0 0 0 0 0 0 0 0 0 0 0 0 0 0 0 0 0 0 0 0 0 0 0 0 0 0 0 0 0 0 0 0 0 0 0 0 0 0 0 0 0 0 0 0 0 0 0 0 0 0 0 0 0 0 0 0 0 0 0 0 0 0 0 0 0 0 0 0 0 0 0 0 0 0 0 0 0 0 0 0 0 0 0 0 0 0 0 0 0 0 0 0 0 0 0 0 0 0 0 0 0 0 0 0 0 0 0 0 0 0 0 0 0 0 0 0 0 0 0 0 0 0 0 0 0 0 0 0 0 0 0 0 0 0 0 0 0 0 0 0 0 0 0 0 0 0 0 0 0 0 0 0 0 0 0 0 0 0 0 0 0 0 0 0 0 0 0 0 0 0 0 0 0 0 0 0 0 0 0 0 0 0 0 0 0 0 0 0 0 0 0 0 0 0 0 0 0 0 0 0 0 0 0 0 0 0 0 0 0 0 0 0 0 0 0 0 0 0 0 0 0 0 0 0 0 0 0 0 0 0 0 0 0 0 0 0 0 0 0 0 0 0 0 0 0 0 0 0 0 0 0 0 0 0 0 0 0 0 0 0 0 0 0 0 0 0 0 0 0 0 0 0 0 0 0 0 0 0 0 0 0 0 0 0 0 0 0 0 0 0 0 0 0 0 0 0 0 0 0 0 0 0 0 0 0 0 0 0 0 0 0 0 0 0 0 0 0 0 0 0 0 0 0 0 0 0 0 0 0 0 0 0 0 0 0 0 0 0 0 0 0 0 0 0 0 0 0 0 0 0 0 0 0 0 0 0 0 0 0 0 0 0 0 0 0 0 0 0 0 0 0 0 0 0 0 0 0 0 0 0 0 0 0 0 0 0 0 0 0 0 0 0 0 0 0 0 0 0 0 0 0 0 0 0 0 0 0 0 0 0 0 0 0 0 0 0 0 0 0 0 0 0 0 0 0 0 0 0 0 0 0 0 0 0 0 0 0 0 0 0 0 0 0 0 0 0 0 0 0 0 0 0 0 0 0 0 0 0 0 0 0 0 0 0 0 0 0 0 0 0 0 0 0 0 0 0 0 0 0 0 0 0 0 0 0 0 0 0 0 0 0 0 0 0 0 0 0 0 0 0 0 0 0 0 0 0 0 0 0 0 0 0 0 0 0 0 0 0 0 0 0 0 0 0 0 0 0 0 0 0 0 0 0 0 0 0 0 0 0 0 0 0 0 0 0 0 0 0 0 0 0 0 0 0 0 0 0 0 0 0 0 0 0 0 0 0 0 0 0 0 0 0 0 0 0 0 0 0 0 0 0 0 0 0 0 0 0 0 0 0 0 0 0 0 0 0 0 0 0 0 0 0 0 0 0 0 0 0 0 0 0 0 0 0 0 0 0 0 0 0 0 0 0 0 0 0 0 0 0 0 0 0 0 0 0 0 0 0 0 0 0 0 0 0 0 0 0 0 0 0 0 0 0 0 0 0 0 0 0 0 0 0 0 0 0 0 0 0 0 0 0 0 0 0 0 0 0 0 0 0 0 0 0 0 0 0 0 0 0 0 0 0 0 0 0 0 0 0 0 0 0 0 0 0 0 0 0 0 0 0 0 0 0 0 0 0 0 0 0 0 0 0 0 0 0 0 0 0 0 0 0 0 0 0 0 0 0 0 0 0 0 0 0 0 0 0 0 0 0 0 0 0 0 0 0 0 0 0 0 0 0 0 0 0 0 0 0 0 0 0 0 0 0 0 0 0 0 0 0 0 0 0 0 0 0 0 0 0 0 0 0 0 0 0 0 0 0 0 0 0 0 0 0 0 0 0 0 0 0 0 0 0 0 0 0 0 0 0 0 0 0 0 0 0 0 0 0 0 0 0 0 0 0 0 0 0 0 0 0 0 0 0 0 0 0 0 0 0 0 0 0 0 0 0 0 0 0 0 0 0 0 0 0 0 0 0 0 0 0 0 0 0 0 0 0 0 0 0 0 0 0 0 0 0 0 0 0 0 0 0 0 0 0 0 0 0 0 0 0 1 1 0.8750001 1 0.8750001 0.5 0.8750001 1 0.75 1 0.75 0.5 0.75 1 0.625 1 0.625 0.5 0.625 1 0.5 1 0.5 0.5 0.5 1 0.375 1 0.375 0.5 0.375 1 0.25 1 0.25 0.5 0.49 0.25 0.4197056 0.4197056 0.25 0.49 0.25 0.49 0.08029437 0.4197056 0.49 0.25 0.08029437 0.4197056 0.00999999 0.25 0.49 0.25 0.00999999 0.25 0.08029437 0.08029437 0.25 0.00999999 0.25 0.00999999 0.4197056 0.08029437 0.49 0.25 0.25 1 0.125 1 0.125 0.5 0.125 1 0 1 0 0.5 0.5802944 0.4197056 0.75 0.49 0.9197056 0.4197056 0.9197056 0.4197056 0.99 0.25 0.5802944 0.4197056 0.99 0.25 0.9197056 0.08029437 0.5802944 0.4197056 0.9197056 0.08029437 0.75 0.00999999 0.5802944 0.08029437 0.5802944 0.08029437 0.51 0.25 0.9197056 0.08029437 1 1 0.8750001 1 0.8750001 0.5 0.8750001 1 0.75 1 0.75 0.5 0.75 1 0.625 1 0.625 0.5 0.625 1 0.5 1 0.5 0.5 0.5 1 0.375 1 0.375 0.5 0.375 1 0.25 1 0.25 0.5 0.49 0.25 0.4197056 0.4197056 0.25 0.49 0.25 0.49 0.08029437 0.4197056 0.00999999 0.25 0.00999999 0.25 0.08029437 0.08029437 0.25 0.00999999 0.25 0.00999999 0.4197056 0.08029437 0.49 0.25 0.49 0.25 0.25 0.49 0.00999999 0.25 0.25 1 0.125 1 0.125 0.5 0.125 1 0 1 0 0.5 0.5802944 0.4197056 0.75 0.49 0.9197056 0.4197056 0.9197056 0.4197056 0.99 0.25 0.5802944 0.4197056 0.99 0.25 0.9197056 0.08029437 0.5802944 0.4197056 0.9197056 0.08029437 0.75 0.00999999 0.5802944 0.08029437 0.5802944 0.08029437 0.51 0.25 0.9197056 0.08029437 0 0 0 0 0 0 0 0 0 0 0 0 0 0 0 0 0 0 0 0 0 0 0 0 0 0 0 0 0 0 0 0 0 0 0 0 0 0 0 0 0 0 0 0 0 0 0 0 0 0 0 0 0 0 0 0 0 0 0 0 0 0 0 0 0 0 0 0 0 0 0 0 0 0 0 0 0 0 0 0 0 0 0 0 0 0 0 0 0 0 0 0 0 0 0 0 0 0 0 0 0 0 0 0 0 0 0 0 0 0 0 0 0 0 0 0 0 0 0 0 0 0 0 0 0 0 0 0 0 0 0 0 0 0 0 0 0 0 0 0 0 0 0 0 0 0 0 0 0 0 0 0 0 0 0 0 0 0 0 0 0 0 0 0 0 0 0 0 0 0 0 0 0 0 0 0 0 0 0 0 0 0 0 0 0 0 0 0 0 0 0 0 0 0 0 0 0 0 0 0 0 0 0 0 0 0 0 0 0 0 0 0 0 0 0 0 0 0 0 0 0 0 0 0 0 0 0 0 0 0 0 0 0 0 0 0 0 0 0 0 0 0 0 0 0 0 0 0 0 0 0 0 0 0 0 0 0 0 0 0 0 0 0 0 0 0 0 0 0 0 0 0 0 0 0 0 0 0 0 0 0 0 0 0 0 0 0 0 0 0 0 0 0 0 0 0 0 0 0 0 0 0 0 0 0 0 0 0 0 0 0 0 0 0 0 0 0 0 0 0 0 0 0 0 0 0 0 0 0 0 0 0 0 0 0 0 0 0 0 0 0 0 0 0 0 0 0 0 0 0 0 0 0 0 0 0 0 0 0 0 0 0 0 0 0 0 0 0 0 0 0 0 0 0 0 0 0 0 0 0 0 0 0 0 0 0 0 0 0 0 0 0 0 0 0 0 0 0 0 0 0 0 0 0 0 0 0 0 0 0 0 0 0 0 0 0 0 0 0 0 0 0 0 0 0 0 0 0 0 0 0 0 0 0 0 0 0 0 0 0 0 0 0 0 0 0 0 0 0 0 0 0 0 0 0 0 0 0 0 0 0 0 0 0 0 0 0 0 0 0 0 0 0 0 0 0 0 0 0 0 0 0 0 0 0 0 0 0 0 0 0 0 0 0 0 0 0 0 0 0 0 0 0 0 0 0 0 0 0 0 0 0 0 0 0 0 0 0 0 0 0 0 0 0 0 0 0 0 0 0 0 0 0 0 0 0 0 0 0 0 0 0 0 0 0 0 0 0 0 0 0 0 0 0 0 0 0 0 0 0 0 0 0 0 0 0 0 0 0 0 0 0 0 0 0 0 0 0 0 0 0 0 0 0 0 0 0 0 0 0 0 0 0 0 0 0 0 0 0 0 0 0 0 0 0 0 0 0 0 0 0 0 0 0 0 0 0 0 0 0 0 0 0 0 0 0 0 0 0 0 0 0 0 0 0 0 0 0 0 0 0 0 0 0 0 0 0 0 0 0 0 0 0 0 0 0 0 0 0 0 0 0 0 0 0 0 0 0 0 0 0 0 0 0 0 0 0 0 0 0 0 0 0 0 0 0 0 0 0 0 0 0 0 0 0 0 0 0 0 0 0 0 0 0 0 0 0 0 0 0 0 0 0 0 0 0 0 0 0 0 0 0 0 0 0 0 0 0 0 0 0 0 0 0 0 0 0 0 0 0 0 0 0 0 0 0 0 0 0 0 0 0 0 0 0 0 0 0 0 0 0 0 0 0 0 0 0 0 0 0 0 0 0 0 0 0 0 0 0 0 0 0 0 0 0 0 0 0 0 0 0 0 0 0 0 0 0 0 0 0 0 0 0 0 0 0 0 0 0 0 0 0 0 0 0 0 0 0 0 0 0 0 0 0 0 0 0 0 0 0 0 0 0 0 0 0 0 0 0 0 0 0 0 0 0 0 0 0 0 0 0 0 0 0 0 0 0 0 0 0 0 0 0 0 0 0 0 0 0 0 0 0 0 0 0 0 0 0 0 0 0 0 0 0 0 0 0 0 0 0 0 0 0 0 0 0 0 0 0 0 0 0 0 0 0 0 0 0 0 0 0 0 0 0 0 0 0 0 0 0 0 0 0 0 0 0 0 0 0 0 0 0 0 0 0 0 0 0 0 0 0 0 0 0 0 0 0 0 0 0 0 0 0 0 0 0 0 0 0 0 0 0 0 0 0 0 0 0 0 0 0 0 0 0 0 0 0 0 0 0 0 0 0 0 0 0 0 0 0 0 0 0 0 0 0 0 0 0 0 0 0 0 0 0 0 0 0 0 0 0 0 0 0 0 0 0 0 0 0 0 0 0 0 0 0 0 0 0 0 0 0 0 0 0 0 0 0 0 0 0 0 0 0 0 0 0 0 0 0 0 0 0 0 0 0 0 0 0 0 0 0 0 0 0 0 0 0 0 0 0 0 0 0 0 0 0 0 0 0 0 0 0 0 0 0 0 0 0 0 0 0 0 0 0 0 0 0 0 0 0 0 0 0 0 0 0 0 0 0 0 0 0 0 0 0 0 0 0 0 0 0 0 0 0 0 0 0 0 0 0 0 0 0 0 0 0 0 0 0 0 0 0 0 0 0 0 0 0 0 0 0 0 0 0 0 0 0 0 0 0 0 0 0 0 0 0 0 0 0 0 0 0 0 0 0 0 0 0 0 0 0 0 0 0 0 0 0 0 0 0 0 0 0 0 0 0 0 0 0 0 0 0 0 0 0 0 0 0 0 0 0 0 0 0 0 0 0 0 0 0 0 0 0 0 0 0 0 0 0 0 0 0 0 0 0 0 0 0 0 0 0 0 0 0 0 0 0 0 0 0 0 0 0 0 0 0 0 0 0 0 0 0 0 0 0 0 0 0 0 0 0 0 0 0 0 0 0 0 0 0 0 0 0 0 0 0 0 0 0 0 0 0 0 0 0 0 0 0 0 0 0 0 0 0 0 0 0 0 0 0 0 0 0 0 0 0 0 0 0 0 0 0 0 0 0 0 0 0 0 0 0 0 0 0 0 0 0 0 0 0 0 0 0 0 0 0 0 0 0 0 0 0 0 0 0 0 0 0 0 0 0 0 0 0 0 0 0 0 0 0 0 0 0 0 0 0 0 0 0 0 0 0 0 0 0 0 0 0 0 0 0 0 0 0 0 0 0 0 0 0 0 0 0 0 0 0 0 0 0 0 0 0 0 0 0 0 0 0 0 0 0 0 0 0 0 0 0 0 0 0 0 0 0 0 0 0 0 0 0 0 0 0 0 0 0 0 0 0 0 0 0 0 0 0 0 0 0 0 0 0 0 0 0 0 0 0 0 0 0 0 0 0 0 0 0 0 0 0 0 0 0 0 0 0 0 0 0 0 0 0 0 0 0 0 0 0 0 0 0 0 0 0 0 0 0 0 0 0 0 0 0 0 0 0 0 0 0 0 0 0 0 0 0 0 0 0 0 0 0 0 0 0 0 0 0 0 0 0 0 0 0 0 0 0 0 0 0 0 0 0 0 0 0 0 0 0 0 0 0 0 0 0 0 0 0 0 0 0 0 0 0 0 0 0 0 0 0 0 0 0 0 0 0 0 0 0 0 0 0 0 0 0 0 0 0 0 0 0 0 0 0 0 0 0 0 0 0 0 0 0 0 0 0 0 0 0 0 0 0 0 0 0 0 0 0 0 0 0 0 0 0 0 0 0 0 0 0 0 0 0 0 0 0 0 0 0 0 0 0 0 0 0 0 0 0 0 0 0 0 0 0 0 0 0 0 0 0 0 0 0 0 0 0 0 0 0 0 0 0 0 0 0 0 0 0 0 0 0 0 0 0 0 0 0 0 0 0 0 0 0 0 0 0 0 0 0 0 0 0 0 0 0 0 0 0 0 0 0 0 0 0 0 0 0 0 0 0 0 0 0 0 0 0 0 0 0 0 0 0 0 0 0 0 0 0 0 0 0 0 0 0 0 0 0 0 0 0 0 0 0 0 0 0 0 0 0 0 0 0 0 0 0 0 0 0 0 0 0 0 0 0 0 0 0 0 0 0 0 0 0 0 0 0 0 0 0 0 0 0 0 0 0 0 0 0 0 0 0 0 0 0 0 0 0 0 0 0 0 0 0 0 0 0 0 0 0 0 0 0 0 0 0 0 0 0 0 0 0 0 0 0 0 0 0 0 0 0 0 0 0 0 0 0 0 0 0 0 0 0 0 0 0 0 0 0 0 0 0 0 0 0 0 0 0 0 0 0 0 0 0 0 0 0 0 0 0 0 0 0 0 0 0 0 0 0 0 0 0 0 0 0 0 0 0 0 0 0 0 0 0 0 0 0 0 0 0 0 0 0 0 0 0 0 0 0 0 0 0 0 0 0 0 0 0 0 0 0 0 0 0 0 0 0 0 0 0 0 0 0 0 0 0 0 0 0 0 0 0 0 0 0 0 0 0 0 0 0 0 0 0 0 0 0 0 0 0 0 0 0 0 0 0 0 0 0 0 0 0 0 0 0 0 0 0 0 0 0 0 0 0 0 0 0 0 0 0 0 0 0 0 0 0 0 0 0 0 0 0 0 0 0 0 0 0 0 0 0 0 0 0 0 0 0 0 0 0 0 0 0 0 0 0 0 0 0 0 0 0 0 0 0 0 0 0 0 0 0 0 0 0 0 0 0 0 0 0 0 0 0 0 0 0 0 0 0 0 0 0 0 0 0 0 0 0 0 0 0 0 0 0 0 0 0 0 0 0 0 0 0 0 0 0 0 0 0 0 0 0 0 0 0 0 0 0 0 0 0 0 0 0 0 0 0 0 0 0 0 0 0 0 0 0 0 0 0 0 0 0 0 0 0 0 0 0 0 0 0 0 0 0 0 0 0 0 0 0 0 0 0 0 0 0 0 0 0 0 0 0 0 0 0 0 0 0 0 0 0 0 0 0 0 0 0 0 0 0 0 0 0 0 0 0 0 0 0 0 0 0 0 0 0 0 0 0 0 0 0 0 0 0 0 0 0 0 0 0 0 0 0 0 0 0 0 0 0 0 0 0 0 0 0 0 0 0 0 0 0 0 0 0 0 0 0 0 0 0 0 0 0 0 0 0 0 0 0 0 0 0 0 0 0 0 0 0 0 0 0 0 0 0 0 0 0 0 0 0 0 0 0 0 0 0 0 0 0 0 0 0 0 0 0 0 0 0 0 0 0 0 0 0 0 0 0 0 1 1 0.8750001 1 0.8750001 0.5 0.8750001 0.5 0.8750001 1 0.75 1 0.75 0.5 0.75 1 0.625 1 0.625 0.5 0.625 1 0.5 1 0.5 1 0.375 1 0.375 0.5 0.375 1 0.25 1 0.25 0.5 0.49 0.25 0.4197056 0.4197056 0.25 0.49 0.25 0.49 0.08029437 0.4197056 0.00999999 0.25 0.00999999 0.25 0.08029437 0.08029437 0.25 0.00999999 0.25 0.00999999 0.4197056 0.08029437 0.49 0.25 0.49 0.25 0.25 0.49 0.00999999 0.25 0.25 1 0.125 1 0.125 0.5 0.125 1 0 1 0 0.5 0.5802944 0.4197056 0.75 0.49 0.9197056 0.4197056 0.9197056 0.4197056 0.99 0.25 0.9197056 0.08029437 0.9197056 0.08029437 0.75 0.00999999 0.5802944 0.08029437 0.5802944 0.08029437 0.51 0.25 0.9197056 0.08029437 0.51 0.25 0.5802944 0.4197056 0.9197056 0.08029437 1 1 0.8750001 1 0.8750001 0.5 0.8750001 0.5 0.8750001 1 0.75 1 0.75 1 0.625 1 0.625 0.5 0.625 1 0.5 1 0.5 0.5 0.5 1 0.375 1 0.375 0.5 0.375 1 0.25 1 0.25 0.5 0.49 0.25 0.4197056 0.4197056 0.25 0.49 0.25 0.49 0.08029437 0.4197056 0.00999999 0.25 0.00999999 0.25 0.08029437 0.08029437 0.25 0.00999999 0.25 0.00999999 0.4197056 0.08029437 0.49 0.25 0.49 0.25 0.25 0.49 0.00999999 0.25 0.25 1 0.125 1 0.125 0.5 0.125 1 0 1 0 0.5 0.5802944 0.4197056 0.75 0.49 0.9197056 0.4197056 0.9197056 0.4197056 0.99 0.25 0.5802944 0.4197056 0.99 0.25 0.9197056 0.08029437 0.5802944 0.4197056 0.9197056 0.08029437 0.75 0.00999999 0.5802944 0.08029437 0.5802944 0.08029437 0.51 0.25 0.9197056 0.08029437 1 1 0.8750001 1 0.8750001 0.5 0.8750001 0.5 0.8750001 1 0.75 1 0.75 1 0.625 1 0.625 0.5 0.625 1 0.5 1 0.5 0.5 0.5 1 0.375 1 0.375 0.5 0.375 1 0.25 1 0.25 0.5 0.49 0.25 0.4197056 0.4197056 0.25 0.49 0.25 0.49 0.08029437 0.4197056 0.00999999 0.25 0.00999999 0.25 0.08029437 0.08029437 0.25 0.00999999 0.25 0.00999999 0.4197056 0.08029437 0.49 0.25 0.49 0.25 0.25 0.49 0.00999999 0.25 0.25 1 0.125 1 0.125 0.5 0.125 1 0 1 0 0.5 0.5802944 0.4197056 0.75 0.49 0.9197056 0.4197056 0.9197056 0.4197056 0.99 0.25 0.5802944 0.4197056 0.99 0.25 0.9197056 0.08029437 0.5802944 0.4197056 0.9197056 0.08029437 0.75 0.00999999 0.5802944 0.4197056 0.75 0.00999999 0.5802944 0.08029437 0.5802944 0.4197056 1 1 0.8750001 1 0.8750001 0.5 0.8750001 0.5 0.8750001 1 0.75 1 0.75 1 0.625 1 0.625 0.5 0.625 1 0.5 1 0.5 0.5 0.5 1 0.375 1 0.375 0.5 0.375 1 0.25 1 0.25 0.5 0.49 0.25 0.4197056 0.4197056 0.25 0.49 0.25 0.49 0.08029437 0.4197056 0.00999999 0.25 0.00999999 0.25 0.08029437 0.08029437 0.25 0.00999999 0.25 0.00999999 0.4197056 0.08029437 0.49 0.25 0.49 0.25 0.25 0.49 0.00999999 0.25 0.25 1 0.125 1 0.125 0.5 0.125 1 0 1 0 0.5 0.5802944 0.4197056 0.75 0.49 0.9197056 0.4197056 0.9197056 0.4197056 0.99 0.25 0.5802944 0.4197056 0.99 0.25 0.9197056 0.08029437 0.5802944 0.4197056 0.9197056 0.08029437 0.75 0.00999999 0.5802944 0.4197056 0.75 0.00999999 0.5802944 0.08029437 0.5802944 0.4197056 1 1 0.8750001 1 0.8750001 0.5 0.8750001 1 0.75 1 0.75 0.5 0.75 1 0.625 1 0.625 0.5 0.625 1 0.5 1 0.5 0.5 0.5 1 0.375 1 0.375 0.5 0.375 1 0.25 1 0.25 0.5 0.49 0.25 0.4197056 0.4197056 0.25 0.49 0.25 0.49 0.08029437 0.4197056 0.00999999 0.25 0.00999999 0.25 0.08029437 0.08029437 0.25 0.00999999 0.25 0.00999999 0.4197056 0.08029437 0.49 0.25 0.49 0.25 0.25 0.49 0.00999999 0.25 0.25 1 0.125 1 0.125 0.5 0.125 1 0 1 0 0.5 0.5802944 0.4197056 0.75 0.49 0.9197056 0.4197056 0.9197056 0.4197056 0.99 0.25 0.5802944 0.4197056 0.99 0.25 0.9197056 0.08029437 0.5802944 0.4197056 0.9197056 0.08029437 0.75 0.00999999 0.5802944 0.4197056 0.75 0.00999999 0.5802944 0.08029437 0.5802944 0.4197056 1 1 0.8750001 1 0.8750001 0.5 0.8750001 1 0.75 1 0.75 0.5 0.75 1 0.625 1 0.625 0.5 0.625 1 0.5 1 0.5 0.5 0.5 1 0.375 1 0.375 0.5 0.375 1 0.25 1 0.25 0.5 0.49 0.25 0.4197056 0.4197056 0.25 0.49 0.25 0.49 0.08029437 0.4197056 0.00999999 0.25 0.00999999 0.25 0.08029437 0.08029437 0.25 0.00999999 0.25 0.00999999 0.4197056 0.08029437 0.49 0.25 0.49 0.25 0.25 0.49 0.00999999 0.25 0.25 1 0.125 1 0.125 0.5 0.125 1 0 1 0 0.5 0.5802944 0.4197056 0.75 0.49 0.9197056 0.4197056 0.9197056 0.4197056 0.99 0.25 0.5802944 0.4197056 0.99 0.25 0.9197056 0.08029437 0.5802944 0.4197056 0.9197056 0.08029437 0.75 0.00999999 0.5802944 0.4197056 0.75 0.00999999 0.5802944 0.08029437 0.5802944 0.4197056 0.8750001 0.5 0.8750001 0.5 0.8750001 0.5018382 0.625 0.25 0.625 0.5 0.375 0.5 0.625 0.7486153 0.625 0.75 0.375 0.75 0.625 0.75 0.625 1 0.375 1 0.375 0.7486153 0.375 0.75 0.125 0.75 0.8750001 0.7486153 0.8750001 0.75 0.625 0.75 0.8750001 0.5 0.8750001 0.5018382 0.625 0.5018382 0.375 0.5 0.375 0.5018382 0.125 0.5018382 0.625 0.5 0.625 0.5018382 0.375 0.5018382 0.625 0.001384615 0.625 0.2481617 0.375 0.2481617 0.8750001 0.7486153 0.8749999 0.5018382 0.8750001 0.5018382 0.8750001 0.5018382 0.8750001 0.7486153 0.625 0.7486153 0.375 0.5018382 0.375 0.7486153 0.125 0.7486153 0.625 0.5018382 0.625 0.7486153 0.375 0.7486153 0.625 0.2481617 0.625 0.25 0.375 0.25 0.625 0 0.625 0.001384615 0.375 0.001384615 0.8750001 0.75 0.8750001 0.7486153 0.8750001 0.7486153 0.125 0.75 0.125 0.75 0.125 0.7486153 0.375 0.25 0.375 0.25 0.625 0.25 0.125 0.5 0.125 0.5018382 0.125 0.5018382 0.625 1 0.625 1 0.375 1 0.375 0.2481617 0.625 0.2481617 0.8750001 0.7486153 0.625 1 0.625 1 0.375 1 0.125 0.75 0.125 0.75 0.125 0.7486153 0.8750001 0.75 0.8750001 0.7486153 0.8750001 0.7486153 0.375 0.001384615 0.375 0.001384615 0.625 0.001384615 0.625 0.2481617 0.625 0.2481617 0.375 0.2481617 0.125 0.5 0.125 0.5018382 0.125 0.5018382 0.375 0.25 0.375 0.25 0.625 0.25 0.8750001 0.5 0.8750001 0.5 0.8749999 0.5018382 0.125 0.5018382 0.125 0.5018382 0.375 0.001384615 0.125 0.7486153 0.625 0.001384615 0.8750001 0.5018382 1 1 0.8750001 1 0.8750001 0.5 0.8750001 0.5 0.8750001 1 0.75 1 0.75 1 0.625 1 0.625 0.5 0.625 1 0.5 1 0.5 0.5 0.5 1 0.375 1 0.375 0.5 0.375 1 0.25 1 0.25 0.5 0.49 0.25 0.4197056 0.4197056 0.25 0.49 0.25 0.49 0.08029437 0.4197056 0.00999999 0.25 0.00999999 0.25 0.08029437 0.08029437 0.25 0.00999999 0.25 0.00999999 0.4197056 0.08029437 0.49 0.25 0.49 0.25 0.25 0.49 0.25 0.00999999 0.25 1 0.125 1 0.125 0.5 0.125 1 0 1 0 0.5 0.5802944 0.4197056 0.75 0.49 0.9197056 0.08029437 0.75 0.49 0.9197056 0.4197056 0.9197056 0.08029437 0.9197056 0.4197056 0.99 0.25 0.9197056 0.08029437 0.9197056 0.08029437 0.75 0.00999999 0.5802944 0.08029437 0.5802944 0.08029437 0.51 0.25 0.9197056 0.08029437 1 1 0.8750001 1 0.8750001 0.5 0.8750001 0.5 0.8750001 1 0.75 1 0.75 1 0.625 1 0.625 0.5 0.625 1 0.5 1 0.5 0.5 0.5 1 0.375 1 0.375 0.5 0.375 1 0.25 1 0.25 0.5 0.49 0.25 0.4197056 0.4197056 0.25 0.49 0.25 0.49 0.08029437 0.4197056 0.00999999 0.25 0.00999999 0.25 0.08029437 0.08029437 0.25 0.00999999 0.25 0.00999999 0.4197056 0.08029437 0.49 0.25 0.49 0.25 0.25 0.49 0.25 0.00999999 0.25 1 0.125 1 0.125 0.5 0.125 1 0 1 0 0.5 0.5802944 0.4197056 0.75 0.49 0.9197056 0.08029437 0.75 0.49 0.9197056 0.4197056 0.9197056 0.08029437 0.9197056 0.4197056 0.99 0.25 0.9197056 0.08029437 0.9197056 0.08029437 0.75 0.00999999 0.5802944 0.08029437 0.5802944 0.08029437 0.51 0.25 0.9197056 0.08029437 1 0.5 1 1 0.8750001 1 0.8750001 0.5 0.8750001 1 0.75 1 0.75 1 0.625 1 0.625 0.5 0.625 1 0.5 1 0.5 0.5 0.5 1 0.375 1 0.375 0.5 0.375 1 0.25 1 0.25 0.5 0.49 0.25 0.4197056 0.4197056 0.25 0.49 0.25 0.49 0.08029437 0.4197056 0.00999999 0.25 0.00999999 0.25 0.08029437 0.08029437 0.25 0.00999999 0.25 0.00999999 0.4197056 0.08029437 0.49 0.25 0.49 0.25 0.25 0.49 0.25 0.00999999 0.25 1 0.125 1 0.125 0.5 0.125 1 0 1 0 0.5 0.5802944 0.4197056 0.75 0.49 0.9197056 0.4197056 0.9197056 0.4197056 0.99 0.25 0.9197056 0.08029437 0.9197056 0.08029437 0.75 0.00999999 0.5802944 0.08029437 0.5802944 0.08029437 0.51 0.25 0.9197056 0.08029437 0.51 0.25 0.5802944 0.4197056 0.9197056 0.08029437 1 0.5 1 1 0.8750001 1 0.8750001 0.5 0.8750001 1 0.75 1 0.75 1 0.625 1 0.625 0.5 0.625 1 0.5 1 0.5 0.5 0.5 1 0.375 1 0.375 0.5 0.375 1 0.25 1 0.25 0.5 0.49 0.25 0.4197056 0.4197056 0.25 0.49 0.25 0.49 0.08029437 0.4197056 0.00999999 0.25 0.00999999 0.25 0.08029437 0.08029437 0.25 0.00999999 0.25 0.00999999 0.4197056 0.08029437 0.49 0.25 0.49 0.25 0.25 0.49 0.25 0.00999999 0.25 1 0.125 1 0.125 0.5 0.125 1 0 1 0 0.5 0.5802944 0.4197056 0.75 0.49 0.9197056 0.4197056 0.9197056 0.4197056 0.99 0.25 0.9197056 0.08029437 0.9197056 0.08029437 0.75 0.00999999 0.5802944 0.08029437 0.5802944 0.08029437 0.51 0.25 0.9197056 0.08029437 0.51 0.25 0.5802944 0.4197056 0.9197056 0.08029437 0 0 0 0 0 0 0 0 0 0 0 0 0 0 0 0 0 0 0 0 0 0 0 0 0 0 0 0 0 0 0 0 0 0 0 0 0 0 0 0 0 0 0 0 0 0 0 0 0 0 0 0 0 0 0 0 0 0 0 0 0 0 0 0 0 0 0 0 0 0 0 0 0 0 0 0 0 0 0 0 0 0 0 0 0 0 0 0 0 0 0 0 0 0 0 0 0 0 0 0 0 0 0 0 0 0 0 0 0 0 0 0 0 0 0 0 0 0 0 0 0 0 0 0 0 0 0 0 0 0 0 0 0 0 0 0 0 0 0 0 0 0 0 0 0 0 0 0 0 0 0 0 0 0 0 0 0 0 0 0 0 0 0 0 0 0 0 0 0 0 0 0 0 0 0 0 0 0 0 0 0 0 0 0 0 0 0 0 0 0 0 0 0 0 0 0 0 0 0 0 0 0 0 0 0 0 0 0 0 0 0 0 0 0 0 0 0 0 0 0 0 0 0 0 0 0 0 0 0 0 0 0 0 0 0 0 0 0 0 0 0 0 0 0 0 0 0 0 0 0 0 0 0 0 0 0 0 0 0 0 0 0 0 0 0 0 0 0 0 0 0 0 0 0 0 0 0 0 0 0 0 0 0 0 0 0 0 0 0 0 0 0 0 0 0 0 0 0 0 0 0 0 0 0 0 0 0 0 0 0 0 0 0 0 0 0 0 0 0 0 0 0 0 0 0 0 0 0 0 0 0 0 0 0 0 0 0 0 0 0 0 0 0 0 0 0 0 0 0 0 0 0 0 0 0 0 0 0 0 0 0 0 0 0 0 0 0 0 0 0 0 0 0 0 0 0 0 0 0 0 0 0 0 0 0 0 0 0 0 0 0 0 0 0 0 0 0 0 0 0 0 0 0 0 0 0 0 0 0 0 0 0 0 0 0 0 0 0 0 0 0 0 0 0 0 0 0 0 0 0 0 0 0 0 0 0 0 0 0 0 0 0 0 0 0 0 0 0 0 0 0 0 0 0 0 0 0 0 0 0 0 0 0 0 0 0 0 0 0 0 0 0 0 0 0 0 0 0 0 0 0 0 0 0 0 0 0 0 0 0 0 0 0 0 0 0 0 0 0 0 0 0 0 0 0 0 0 0 0 0 0 0 0 0 0 0 0 0 0 0 0 0 0 0 0 0 0 0 0 0 0 0 0 0 0 0 0 0 0 0 0 0 0 0 0 0 0 0 0 0 0 0 0 0 0 0 0 0 0 0 0 0 0 0 0 0 0 0 0 0 0 0 0 0 0 0 0 0 0 0 0 0 0 0 0 0 0 0 0 0 0 0 0 0 0 0 0 0 0 0 0 0 0 0 0 0 0 0 0 0 0 0 0 0 0 0 0 0 0 0 0 0 0 0 0 0 0 0 0 0 0 0 0 0 0 0 0 0 0 0 0 0 0 0 0 0 0 0 0 0 0 0 0 0 0 0 0 0 0 0 0 0 0 0 0 0 0 0 0 0 0 0 0 0 0 0 0 0 0 0 0 0 0 0 0 0 0 0 0 0 0 0 0 0 0 0 0 0 0 0 0 0 0 0 0 0 0 0 0 0 0 0 0 0 0 0 0 0 0 0 0 0 0 0 0 0 0 0 0 0 0 0 0 0 0 0 0 0 0 0 0 0 0 0 0 0 0 0 0 0 0 0 0 0 0 0 0 0 0 0 0 0 0 0 0 0 0 0 0 0 0 0 0 0 0 0 0 0 0 0 0 0 0 0 0 0 0 0 0 0 0 0 0 0 0 0 0 0 0 0 0 0 0 0 0 0 0 0 0 0 0 0 0 0 0 0 0 0 0 0 0 0 0 0 0 0 0 0 0 0 0 0 0 0 0 0 0 0 0 0 0 0 0 0 0 0 0 0 0 0 0 0 0 0 0 0 0 0 0 0 0 0 0 0 0 0 0 0 0 0 0 0 0 0 0 0 0 0 0 0 0 0 0 0 0 0 0 0 0 0 0 0 0 0 0 0 0 0 0 0 0 0 0 0 0 0 0 0 0 0 0 0 0 0 0 0 0 0 0 0 0 0 0 0 0 0 0 0 0 0 0 0 0 0 0 0 0 0 0 0 0 0 0 0 0 0 0 0 0 0 0 0 0 0 0 0 0 0 0 0 0 0 0 0 0 0 0 0 0 0 0 0 0 0 0 0 0 0 0 0 0 0 0 0 0 0 0 0 0 0 0 0 0 0 0 0 0 0 0 0 0 0 0 0 0 0 0 0 0 0 0 0 0 0 0 0 0 0 0 0 0 0 0 0 0 0 0 0 0 0 0 0 0 0 0 0 0 0 0 0 0 0 0 0 0 0 0 0 0 0 0 0 0 0 0 0 0 0 0 0 0 0 0 0 0 0 0 0 0 0 0 0 0 0 0 0 0 0 0 0 0 0 0 0 0 0 0 0 0 0 0 0 0 0 0 0 0 0 0 0 0 0 0 0 0 0 0 0 0 0 0 0 0 0 0 0 0 0 0 0 0 0 0 0 0 0 0 0 0 0 0 0 0 0 0 0 0 0 0 0 0 0 0 0 0 0 0 0 0 0 0 0 0 0 0 0 0 0 0 0 0 0 0 0 0 0 0 0 0 0 0 0 0 0 0 0 0 0 0 0 0 0 0 0 0 0 0 0 0 0 0 0 0 0 0 0 0 0 0 0 0 0 0 0 0 0 0 0 0 0 0 0 0 0 0 0 0 0 0 0 0 0 0 0 0 0 0 0 0 0 0 0 0 0 0 0 0 0 0 0 0 0 0 0 0 0 0 0 0 0 0 0 0 0 0 0 0 0 0 0 0 0 0 0 0 0 0 0 0 0 0 0 0 0 0 0 0 0 0 0 0 0 0 0 0 0 0 0 0 0 0 0 0 0 0 0 0 0 0 0 0 0 0 0 0 0 0 0 0 0 0 0 0 0 0 0 0 0 0 0 0 0 0 0 0 0 0 0 0 0 0 0 0 0 0 0 0 0 0 0 0 0 0 0 0 0 0 0 0 0 0 0 0 0 0 0 0 0 0 0 0 0 0 0 0 0 0 0 0 0 0 0 0 0 0 0 0 0 0 0 0 0 0 0 0 0 0 0 0 0 0 0 0 0 0 0 0 0 0 0 0 0 0 0 0 0 0 0 0 0 0 0 0 0 0 0 0 0 0 0 0 0 0 0 0 0 0 0 0 0 0 0 0 0 0 0 0 0 0 0 0 0 0 0 0 0 0 0 0 0 0 0 0 0 0 0 0 0 0 0 0 0 0 0 0 0 0 0 0 0 0 0 0 0 0 0 0 0 0 0 0 0 0 0 0 0 0 0 0 0 0 0 0 0 0 0 0 0 0 0 0 0 0 0 0 0 0 0 0 0 0 0 0 0 0 0 0 0 0 0 0 0 0 0 0 0 0 0 0 0 0 0 0 0 0 0 0 0 0 0 0 0 0 0 0 0 0 0 0 0 0 0 0 0 0 0 0 0 0 0 0 0 0 0 0 0 0 0 0 0 0 0 0 0 0 0 0 0 0 0 0 0 0 0 0 0 0 0 0 0 0 0 0 0 0 0 0 0 0 0 0 0 0 0 0 0 0 0 0 0 0 0 0 0 0 0 0 0 0 0 0 0 0 0 0 0 0 0 0 0 0 0 0 0 0 0 0 0 0 0 0 0 0 0 0 0 0 0 0 0 0 0 0 0 0 0 0 0 0 0 0 0 0 0 0 0 0 0 0 0 0 0 0 0 0 0 0 0 0 0 0 0 0 0 0 0 0 0 0 0 0 0 0 0 0 0 0 0 0 0 0 0 0 0 0 0 0 0 0 0 0 0 0 0 0 0 0 0 0 0 0 0 0 0 0 0 0 0 0 0 0 0 0 0 0 0 0 0 0 0 0 0 0 0 0 0 0 0 0 0 0 0 0 0 0 0 0 0 0 0 0 0 0 0 0 0 0 0 0 0 0 0 0 0 0 0 0 0 0 0 0 0 0 0 0 0 0 0 0 0 0 0 0 0 0 0 0 0 0 0 0 0 0 0 0 0 0 0 0 0 0 0 0 0 0 0 0 0 0 0 0 0 0 0 0 0 0 0 0 0 0 0 0 0 0 0 0 0 0 0 0 0 0 0 0 0 0 0 0 0 0 0 0 0 0 0 0 0 0 0 0 0 0 0 0 0 0 0 0 0 0 0 0 0 0 0 0 0 0 0 0 0 0 0 0 0 0 0 0 0 0 0 0 0 0 0 0 0 0 0 0 0 0 0 0 0 0 0 0 0 0 0 0 0 0 0 0 0 0 0 0 0 0 0 0 0 0 0 0 0 0 0 0 0 0 0 0 0 0 0 0 0 0 0 0 0 0 0 0 0 0 0 0 0 0 0 0 0 0 0 0 0 0 0 0 0 0 0 0 0 0 0 0 0 0 0 0 0 0 0 0 0 0 0 0 0 0 0 0 0 0 0 0 0 0 0 0 0 0 0 0 0 0 0 0 0 0 0 0 0 0 0 0 0 0 0 0 0 0 0 0 0 0 0 0 0 0 0 0 0 0 0 0 0 0 0 0 0 0 0 0 0 0 0 0 0 0 0 0 0 0 0 0 0 0 0 0 0 0 0 0 0 0 0 0 0 0 0 0 0 0 0 0 0 0 0 0 0 0 0 0 0 0 0 0 0 0 0 0 0 0 0 0 0 0 0 0 0 0 0 0 0 0 0 0 0 0 0 0 0 0 0 0 0 0 0 0 0 0 0 0 0 0 0 0 0 0 0 0 0 0 0 0 0 0 0 0 0 0 0 0 0 0 0 0 0 0 0 0 0 0 0 0 0 0 0 0 0 0 0 0 0 0 0 0 0 0 0 0 0 0 0 0 0 0 0 0 0 0 0 0 0 0 0 0 0 0 0 0 0 0 0 0 0 0 0 0 0 0 0 0 0 0 0 0 0 0 0 0 0 0 0 0 0 0 0 0 0 0 0 0 0 0 0 0 0 0 0 0 0 0 0 0 0 0 0 0 0 0 0 0 0 0 0 0 0 0 0 0 0 0 0 0 0 0 0 0 0 0 0 0 0 0 0 0 0 0 0 0 0 0 0 0 0 0 0 0 0 0 0 0 0 0 0 0 0 0 0 0 0 0 0 0 0 0 0 0 0 0 0 0 0 0 0 1 1 0.8750001 1 0.8750001 0.5 0.8750001 1 0.75 1 0.75 0.5 0.75 1 0.625 1 0.625 0.5 0.625 1 0.5 1 0.5 0.5 0.5 1 0.375 1 0.375 0.5 0.375 1 0.25 1 0.25 0.5 0.49 0.25 0.4197056 0.4197056 0.25 0.49 0.25 0.49 0.08029437 0.4197056 0.00999999 0.25 0.00999999 0.25 0.08029437 0.08029437 0.25 0.00999999 0.25 0.00999999 0.4197056 0.08029437 0.49 0.25 0.49 0.25 0.25 0.49 0.00999999 0.25 0.25 1 0.125 1 0.125 0.5 0.125 1 0 1 0 0.5 0.5802944 0.4197056 0.75 0.49 0.9197056 0.08029437 0.75 0.49 0.9197056 0.4197056 0.9197056 0.08029437 0.9197056 0.4197056 0.99 0.25 0.9197056 0.08029437 0.9197056 0.08029437 0.75 0.00999999 0.5802944 0.08029437 0.5802944 0.08029437 0.51 0.25 0.9197056 0.08029437 1 1 0.8750001 1 0.8750001 0.5 0.8750001 1 0.75 1 0.75 0.5 0.75 1 0.625 1 0.625 0.5 0.625 1 0.5 1 0.5 0.5 0.5 1 0.375 1 0.375 0.5 0.375 1 0.25 1 0.25 0.5 0.49 0.25 0.4197056 0.4197056 0.25 0.49 0.25 0.49 0.08029437 0.4197056 0.00999999 0.25 0.00999999 0.25 0.08029437 0.08029437 0.25 0.00999999 0.25 0.00999999 0.4197056 0.08029437 0.49 0.25 0.49 0.25 0.25 0.49 0.00999999 0.25 0.25 1 0.125 1 0.125 0.5 0.125 1 0 1 0 0.5 0.5802944 0.4197056 0.75 0.49 0.9197056 0.4197056 0.9197056 0.4197056 0.99 0.25 0.5802944 0.4197056 0.99 0.25 0.9197056 0.08029437 0.5802944 0.4197056 0.9197056 0.08029437 0.75 0.00999999 0.5802944 0.08029437 0.5802944 0.08029437 0.51 0.25 0.9197056 0.08029437 1 1 0.8750001 1 0.8750001 0.5 0.8750001 1 0.75 1 0.75 0.5 0.75 1 0.625 1 0.625 0.5 0.625 1 0.5 1 0.5 0.5 0.5 1 0.375 1 0.375 0.5 0.375 1 0.25 1 0.25 0.5 0.49 0.25 0.4197056 0.4197056 0.25 0.49 0.25 0.49 0.08029437 0.4197056 0.00999999 0.25 0.00999999 0.25 0.08029437 0.08029437 0.25 0.00999999 0.25 0.00999999 0.4197056 0.08029437 0.49 0.25 0.49 0.25 0.25 0.49 0.25 0.00999999 0.25 1 0.125 1 0.125 0.5 0.125 1 0 1 0 0.5 0.5802944 0.4197056 0.75 0.49 0.9197056 0.08029437 0.75 0.49 0.9197056 0.4197056 0.9197056 0.08029437 0.9197056 0.4197056 0.99 0.25 0.9197056 0.08029437 0.9197056 0.08029437 0.75 0.00999999 0.5802944 0.08029437 0.5802944 0.08029437 0.51 0.25 0.9197056 0.08029437 1 1 0.8750001 1 0.8750001 0.5 0.8750001 1 0.75 1 0.75 0.5 0.75 1 0.625 1 0.625 0.5 0.625 1 0.5 1 0.5 0.5 0.5 1 0.375 1 0.375 0.5 0.375 1 0.25 1 0.25 0.5 0.49 0.25 0.4197056 0.4197056 0.25 0.49 0.25 0.49 0.08029437 0.4197056 0.00999999 0.25 0.00999999 0.25 0.08029437 0.08029437 0.25 0.00999999 0.25 0.00999999 0.4197056 0.08029437 0.49 0.25 0.49 0.25 0.25 0.49 0.25 0.00999999 0.25 1 0.125 1 0.125 0.5 0.125 1 0 1 0 0.5 0.5802944 0.4197056 0.75 0.49 0.9197056 0.08029437 0.75 0.49 0.9197056 0.4197056 0.9197056 0.08029437 0.9197056 0.4197056 0.99 0.25 0.9197056 0.08029437 0.9197056 0.08029437 0.75 0.00999999 0.5802944 0.08029437 0.5802944 0.08029437 0.51 0.25 0.9197056 0.08029437 1 1 0.8750001 1 0.8750001 0.5 0.8750001 0.5 0.8750001 1 0.75 1 0.75 1 0.625 1 0.625 0.5 0.625 1 0.5 1 0.5 0.5 0.5 1 0.375 1 0.375 0.5 0.375 1 0.25 1 0.25 0.5 0.49 0.25 0.4197056 0.4197056 0.25 0.49 0.25 0.49 0.08029437 0.4197056 0.00999999 0.25 0.00999999 0.25 0.08029437 0.08029437 0.25 0.00999999 0.25 0.00999999 0.4197056 0.08029437 0.49 0.25 0.49 0.25 0.25 0.49 0.25 0.00999999 0.25 1 0.125 1 0.125 0.5 0.125 1 0 1 0 0.5 0.5802944 0.4197056 0.75 0.49 0.9197056 0.4197056 0.9197056 0.4197056 0.99 0.25 0.9197056 0.08029437 0.9197056 0.08029437 0.75 0.00999999 0.5802944 0.08029437 0.5802944 0.08029437 0.51 0.25 0.9197056 0.08029437 0.51 0.25 0.5802944 0.4197056 0.9197056 0.08029437 1 1 0.8750001 1 0.8750001 0.5 0.8750001 0.5 0.8750001 1 0.75 1 0.75 1 0.625 1 0.625 0.5 0.625 1 0.5 1 0.5 0.5 0.5 1 0.375 1 0.375 0.5 0.375 1 0.25 1 0.25 0.5 0.49 0.25 0.4197056 0.4197056 0.25 0.49 0.25 0.49 0.08029437 0.4197056 0.00999999 0.25 0.00999999 0.25 0.08029437 0.08029437 0.25 0.00999999 0.25 0.00999999 0.4197056 0.08029437 0.49 0.25 0.49 0.25 0.25 0.49 0.25 0.00999999 0.25 1 0.125 1 0.125 0.5 0.125 1 0 1 0 0.5 0.5802944 0.4197056 0.75 0.49 0.9197056 0.4197056 0.9197056 0.4197056 0.99 0.25 0.9197056 0.08029437 0.9197056 0.08029437 0.75 0.00999999 0.5802944 0.08029437 0.5802944 0.08029437 0.51 0.25 0.9197056 0.08029437 0.51 0.25 0.5802944 0.4197056 0.9197056 0.08029437 0 0 0 0 0 0 0 0 0 0 0 0 0 0 0 0 0 0 0 0 0 0 0 0 0 0 0 0 0 0 0 0 0 0 0 0 0 0 0 0 0 0 0 0 0 0 0 0 0 0 0 0 0 0 0 0 0 0 0 0 0 0 0 0 0 0 0 0 0 0 0 0 0 0 0 0 0 0 0 0 0 0 0 0 0 0 0 0 0 0 0 0 0 0 0 0 0 0 0 0 0 0 0 0 0 0 0 0 0 0 0 0 0 0 0 0 0 0 0 0 0 0 0 0 0 0 0 0 0 0 0 0 0 0 0 0 0 0 0 0 0 0 0 0 0 0 0 0 0 0 0 0 0 0 0 0 0 0 0 0 0 0 0 0 0 0 0 0 0 0 0 0 0 0 0 0 0 0 0 0 0 0 0 0 0 0 0 0 0 0 0 0 0 0 0 0 0 0 0 0 0 0 0 0 0 0 0 0 0 0 0 0 0 0 0 0 0 0 0 0 0 0 0 0 0 0 0 0 0 0 0 0 0 0 0 0 0 0 0 0 0 0 0 0 0 0 0 0 0 0 0 0 0 0 0 0 0 0 0 0 0 0 0 0 0 0 0 0 0 0 0 0 0 0 0 0 0 0 0 0 0 0 0 0 0 0 0 0 0 0 0 0 0 0 0 0 0 0 0 0 0 0 0 0 0 0 0 0 0 0 0 0 0 0 0 0 0 0 0 0 0 0 0 0 0 0 0 0 0 0 0 0 0 0 0 0 0 0 0 0 0 0 0 0 0 0 0 0 0 0 0 0 0 0 0 0 0 0 0 0 0 0 0 0 0 0 0 0 0 0 0 0 0 0 0 0 0 0 0 0 0 0 0 0 0 0 0 0 0 0 0 0 0 0 0 0 0 0 0 0 0 0 0 0 0 0 0 0 0 0 0 0 0 0 0 0 0 0 0 0 0 0 0 0 0 0 0 0 0 0 0 0 0 0 0 0 0 0 0 0 0 0 0 0 0 0 0 0 0 0 0 0 0 0 0 0 0 0 0 0 0 0 0 0 0 0 0 0 0 0 0 0 0 0 0 0 0 0 0 0 0 0 0 0 0 0 0 0 0 0 0 0 0 0 0 0 0 0 0 0 0 0 0 0 0 0 0 0 0 0 0 0 0 0 0 0 0 0 0 0 0 0 0 0 0 0 0 0 0 0 0 0 0 0 0 0 0 0 0 0 0 0 0 0 0 0 0 0 0 0 0 0 0 0 0 0 0 0 0 0 0 0 0 0 0 0 0 0 0 0 0 0 0 0 0 0 0 0 0 0 0 0 0 0 0 0 0 0 0 0 0 0 0 0 0 0 0 0 0 0 0 0 0 0 0 0 0 0 0 0 0 0 0 0 0 0 0 0 0 0 0 0 0 0 0 0 0 0 0 0 0 0 0 0 0 0 0 0 0 0 0 0 0 0 0 0 0 0 0 0 0 0 0 0 0 0 0 0 0 0 0 0 0 0 0 0 0 0 0 0 0 0 0 0 0 0 0 0 0 0 0 0 0 0 0 0 0 0 0 0 0 0 0 0 0 0 0 0 0 0 0 0 0 0 0 0 0 0 0 0 0 0 0 0 0 0 0 0 0 0 0 0 0 0 0 0 0 0 0 0 0 0 0 0 0 0 0 0 0 0 0 0 0 0 0 0 0 0 0 0 0 0 0 0 0 0 0 0 0 0 0 0 0 0 0 0 0 0 0 0 0 0 0 0 0 0 0 0 0 0 0 0 0 0 0 0 0 0 0 0 0 0 0 0 0 0 0 0 0 0 0 0 0 0 0 0 0 0 0 0 0 0 0 0 0 0 0 0 0 0 0 0 0 0 0 0 0 0 0 0 0 0 0 0 0 0 0 0 0 0 0 0 0 0 0 0 0 0 0 0 0 0 0 0 0 0 0 0 0 0 0 0 0 0 0 0 0 0 0 0 0 0 0 0 0 0 0 0 0 0 0 0 0 0 0 0 0 0 0 0 0 0 0 0 0 0 0 0 0 0 0 0 0 0 0 0 0 0 0 0 0 0 0 0 0 0 0 0 0 0 0 0 0 0 0 0 0 0 0 0 0 0 0 0 0 0 0 0 0 0 0 0 0 0 0 0 0 0 0 0 0 0 0 0 0 0 0 0 0 0 0 0 0 0 0 0 0 0 0 0 0 0 0 0 0 0 0 0 0 0 0 0 0 0 0 0 0 0 0 0 0 0 0 0 0 0 0 0 0 0 0 0 0 0 0 0 0 0 0 0 0 0 0 0 0 0 0 0 0 0 0 0 0 0 0 0 0 0 0 0 0 0 0 0 0 0 0 0 0 0 0 0 0 0 0 0 0 0 0 0 0 0 0 0 0 0 0 0 0 0 0 0 0 0 0 0 0 0 0 0 0 0 0 0 0 0 0 0 0 0 0 0 0 0 0 0 0 0 0 0 0 0 0 0 0 0 0 0 0 0 0 0 0 0 0 0 0 0 0 0 0 0 0 0 0 0 0 0 0 0 0 0 0 0 0 0 0 0 0 0 0 0 0 0 0 0 0 0 0 0 0 0 0 0 0 0 0 0 0 0 0 0 0 0 0 0 0 0 0 0 0 0 0 0 0 0 0 0 0 0 0 0 0 0 0 0 0 0 0 0 0 0 0 0 0 0 0 0 0 0 0 0 0 0 0 0 0 0 0 0 0 0 0 0 0 0 0 0 0 0 0 0 0 0 0 0 0 0 0 0 0 0 0 0 0 0 0 0 0 0 0 0 0 0 0 0 0 0 0 0 0 0 0 0 0 0 0 0 0 0 0 0 0 0 0 0 0 0 0 0 0 0 0 0 0 0 0 0 0 0 0 0 0 0 0 0 0 0 0 0 0 0 0 0 0 0 0 0 0 0 0 0 0 0 0 0 0 0 0 0 0 0 0 0 0 0 0 0 0 0 0 0 0 0 0 0 0 0 0 0 0 0 0 0 0 0 0 0 0 0 0 0 0 0 0 0 0 0 0 0 0 0 0 0 0 0 0 0 0 0 0 0 0 0 0 0 0 0 0 0 0 0 0 0 0 0 0 0 0 0 0 0 0 0 0 0 0 0 0 0 0 0 0 0 0 0 0 0 0 0 0 0 0 0 0 0 0 0 0 0 0 0 0 0 0 0 0 0 0 0 0 0 0 0 0 0 0 0 0 0 0 0 0 0 0 0 0 0 0 0 0 0 0 0 0 0 0 0 0 0 0 0 0 0 0 0 0 0 0 0 0 0 0 0 0 0 0 0 0 0 0 0 0 0 0 0 0 0 0 0 0 0 0 0 0 0 0 0 0 0 0 0 0 0 0 0 0 0 0 0 0 0 0 0 0 0 0 0 0 0 0 0 0 0 0 0 0 0 0 0 0 0 0 0 0 0 0 0 0 0 0 0 0 0 0 0 0 0 0 0 0 0 0 0 0 0 0 0 0 0 0 0 0 0 0 0 0 0 0 0 0 0 0 0 0 0 0 0 0 0 0 0 0 0 0 0 0 0 0 0 0 0 0 0 0 0 0 0 0 0 0 0 0 0 0 0 0 0 0 0 0 0 0 0 0 0 0 0 0 0 0 0 0 0 0 0 0 0 0 0 0 0 0 0 0 0 0 0 0 0 0 0 0 0 0 0 0 0 0 0 0 0 0 0 0 0 0 0 0 0 0 0 0 0 0 0 0 0 0 0 0 0 0 0 0 0 0 0 0 0 0 0 0 0 0 0 0 0 0 0 0 0 0 0 0 0 0 0 0 0 0 0 0 0 0 0 0 0 0 0 0 0 0 0 0 0 0 0 0 0 0 0 0 0 0 0 0 0 0 0 0 0 0 0 0 0 0 0 0 0 0 0 0 0 0 0 0 0 0 0 0 0 0 0 0 0 0 0 0 0 0 0 0 0 0 0 0 0 0 0 0 0 0 0 0 0 0 0 0 0 0 0 0 0 0 0 0 0 0 0 0 0 0 0 0 0 0 0 0 0 0 0 0 0 0 0 0 0 0 0 0 0 0 0 0 0 0 0 0 0 0 0 0 0 0 0 0 0 0 0 0 0 0 0 0 0 0 0 0 0 0 0 0 0 0 0 0 0 0 0 0 0 0 0 0 0 0 0 0 0 0 0 0 0 0 0 0 0 0 0 0 0 0 0 0 0 0 0 0 0 0 0 0 0 0 0 0 0 0 0 0 0 0 0 0 0 0 0 0 0 0 0 0 0 0 0 0 0 0 0 0 0 0 0 0 0 0 0 0 0 0 0 0 0 0 0 0 0 0 0 0 0 0 0 0 0 0 0 0 0 0 0 0 0 0 0 0 0 0 0 0 0 0 0 0 0 0 0 0 0 0 0 0 0 0 0 0 0 0 0 0 0 0 0 0 0 0 0 0 0 0 0 0 0 0 0 0 0 0 0 0 0 0 0 0 0 0 0 0 0 0 0 0 0 0 0 0 0 0 0 0 0 0 0 0 0 0 0 0 0 0 0 0 0 0 0 0 0 0 0 0 0 0 0 0 0 0 0 0 0 0 0 0 0 0 0 0 0 0 0 0 0 0 0 0 0 0 0 0 0 0 0 0 0 0 0 0 0 0 0 0 0 0 0 0 0 0 0 0 0 0 0 0 0 0 0 0 0 0 0 0 0 0 0 0 0 0 0 0 0 0 0 0 0 0 0 0 0 0 0 0 0 0 0 0 0 0 0 0 0 0 0 0 0 0 0 0 0 0 0 0 0 0 0 0 0 0 0 0 0 0 0 0 0 0 0 0 0 0 0 0 0 0 0 0 0 0 0 0 0 0 0 0 0 0 0 0 0 0 0 0 0 0 0 0 0 0 0 0 0 0 0 0 0 0 0 0 0 0 0 0 0 0 0 0 0 0 0 0 0 0 0 0 0 0 0 0 0 0 0 0 0 0 0 0 0 0 0 0 0 0 0 0 0 0 0 0 0 0 0 0 0 0 0 0 0 0 0 0 0 0 0 0 0 0 0 0 0 0 0 0 0 0 0 0 0 0 0 0 0 0 0 0 0 0 0 0 0 0 0 0 0 0 0 0 0 0 0 0 0 0 0 0 0 0 0 0 0 0 0 0 0 0 0 0 0 0 0 0 0 0 0 0 0 0 0 0 0 0 0 0 0 0 0 0 0 0 0 0 0 0 0 0 0 1 1 0.8750001 1 0.8750001 0.5 0.8750001 1 0.75 1 0.75 0.5 0.75 1 0.625 1 0.625 0.5 0.625 0.5 0.625 1 0.5 1 0.5 0.5 0.5 1 0.375 1 0.375 1 0.25 1 0.25 0.5 0.49 0.25 0.4197056 0.4197056 0.25 0.49 0.25 0.49 0.08029437 0.4197056 0.49 0.25 0.08029437 0.4197056 0.00999999 0.25 0.49 0.25 0.00999999 0.25 0.08029437 0.08029437 0.25 0.00999999 0.25 0.00999999 0.4197056 0.08029437 0.00999999 0.25 0.25 1 0.125 1 0.125 0.5 0.125 1 0 1 0 0.5 0.5802944 0.4197056 0.75 0.49 0.9197056 0.4197056 0.9197056 0.4197056 0.99 0.25 0.9197056 0.08029437 0.9197056 0.08029437 0.75 0.00999999 0.5802944 0.08029437 0.5802944 0.08029437 0.51 0.25 0.5802944 0.4197056 0.5802944 0.4197056 0.9197056 0.4197056 0.9197056 0.08029437 1 1 0.8750001 1 0.8750001 0.5 0.8750001 1 0.75 1 0.75 0.5 0.75 1 0.625 1 0.625 0.5 0.625 0.5 0.625 1 0.5 1 0.5 0.5 0.5 1 0.375 1 0.375 1 0.25 1 0.25 0.5 0.49 0.25 0.4197056 0.4197056 0.25 0.49 0.25 0.49 0.08029437 0.4197056 0.49 0.25 0.08029437 0.4197056 0.00999999 0.25 0.49 0.25 0.00999999 0.25 0.08029437 0.08029437 0.49 0.25 0.08029437 0.08029437 0.25 0.00999999 0.49 0.25 0.25 1 0.125 1 0.125 0.5 0.125 1 0 1 0 0.5 0.5802944 0.4197056 0.75 0.49 0.9197056 0.4197056 0.9197056 0.4197056 0.99 0.25 0.9197056 0.08029437 0.9197056 0.08029437 0.75 0.00999999 0.5802944 0.08029437 0.5802944 0.08029437 0.51 0.25 0.5802944 0.4197056 0.5802944 0.4197056 0.9197056 0.4197056 0.9197056 0.08029437 1 1 0.8750001 1 0.8750001 0.5 0.8750001 1 0.75 1 0.75 0.5 0.75 1 0.625 1 0.625 0.5 0.625 1 0.5 1 0.5 0.5 0.5 1 0.375 1 0.375 0.5 0.375 1 0.25 1 0.25 0.5 0.49 0.25 0.4197056 0.4197056 0.25 0.49 0.25 0.49 0.08029437 0.4197056 0.00999999 0.25 0.00999999 0.25 0.08029437 0.08029437 0.25 0.00999999 0.25 0.00999999 0.4197056 0.08029437 0.49 0.25 0.49 0.25 0.25 0.49 0.25 0.00999999 0.25 1 0.125 1 0.125 0.5 0.125 1 0 1 0 0.5 0.5802944 0.4197056 0.75 0.49 0.9197056 0.08029437 0.75 0.49 0.9197056 0.4197056 0.9197056 0.08029437 0.9197056 0.4197056 0.99 0.25 0.9197056 0.08029437 0.9197056 0.08029437 0.75 0.00999999 0.5802944 0.08029437 0.5802944 0.08029437 0.51 0.25 0.9197056 0.08029437 1 1 0.8750001 1 0.8750001 0.5 0.8750001 1 0.75 1 0.75 0.5 0.75 1 0.625 1 0.625 0.5 0.625 1 0.5 1 0.5 0.5 0.5 1 0.375 1 0.375 0.5 0.375 1 0.25 1 0.25 0.5 0.49 0.25 0.4197056 0.4197056 0.25 0.49 0.25 0.49 0.08029437 0.4197056 0.00999999 0.25 0.00999999 0.25 0.08029437 0.08029437 0.25 0.00999999 0.25 0.00999999 0.4197056 0.08029437 0.49 0.25 0.49 0.25 0.25 0.49 0.25 0.00999999 0.25 1 0.125 1 0.125 0.5 0.125 1 0 1 0 0.5 0.5802944 0.4197056 0.75 0.49 0.9197056 0.08029437 0.75 0.49 0.9197056 0.4197056 0.9197056 0.08029437 0.9197056 0.4197056 0.99 0.25 0.9197056 0.08029437 0.9197056 0.08029437 0.75 0.00999999 0.5802944 0.08029437 0.5802944 0.08029437 0.51 0.25 0.9197056 0.08029437 1 1 0.8750001 1 0.8750001 0.5 0.8750001 1 0.75 1 0.75 0.5 0.75 1 0.625 1 0.625 0.5 0.625 0.5 0.625 1 0.5 1 0.5 1 0.375 1 0.375 0.5 0.375 1 0.25 1 0.25 0.5 0.49 0.25 0.4197056 0.4197056 0.25 0.49 0.25 0.49 0.08029437 0.4197056 0.00999999 0.25 0.00999999 0.25 0.08029437 0.08029437 0.25 0.00999999 0.25 0.00999999 0.4197056 0.08029437 0.49 0.25 0.49 0.25 0.25 0.49 0.25 0.00999999 0.25 1 0.125 1 0.125 0.5 0.125 1 0 1 0 0.5 0.5802944 0.4197056 0.75 0.49 0.9197056 0.4197056 0.9197056 0.4197056 0.99 0.25 0.9197056 0.08029437 0.9197056 0.08029437 0.75 0.00999999 0.5802944 0.08029437 0.5802944 0.08029437 0.51 0.25 0.9197056 0.08029437 0.51 0.25 0.5802944 0.4197056 0.9197056 0.08029437 1 1 0.8750001 1 0.8750001 0.5 0.8750001 1 0.75 1 0.75 0.5 0.75 1 0.625 1 0.625 0.5 0.625 0.5 0.625 1 0.5 1 0.5 1 0.375 1 0.375 0.5 0.375 1 0.25 1 0.25 0.5 0.49 0.25 0.4197056 0.4197056 0.25 0.49 0.25 0.49 0.08029437 0.4197056 0.00999999 0.25 0.00999999 0.25 0.08029437 0.08029437 0.25 0.00999999 0.25 0.00999999 0.4197056 0.08029437 0.49 0.25 0.49 0.25 0.25 0.49 0.25 0.00999999 0.25 1 0.125 1 0.125 0.5 0.125 1 0 1 0 0.5 0.5802944 0.4197056 0.75 0.49 0.9197056 0.4197056 0.9197056 0.4197056 0.99 0.25 0.9197056 0.08029437 0.9197056 0.08029437 0.75 0.00999999 0.5802944 0.08029437 0.5802944 0.08029437 0.51 0.25 0.9197056 0.08029437 0.51 0.25 0.5802944 0.4197056 0.9197056 0.08029437 0 0 0 0 0 0 0 0 0 0 0 0 0 0 0 0 0 0 0 0 0 0 0 0 0 0 0 0 0 0 0 0 0 0 0 0 0 0 0 0 0 0 0 0 0 0 0 0 0 0 0 0 0 0 0 0 0 0 0 0 0 0 0 0 0 0 0 0 0 0 0 0 0 0 0 0 0 0 0 0 0 0 0 0 0 0 0 0 0 0 0 0 0 0 0 0 0 0 0 0 0 0 0 0 0 0 0 0 0 0 0 0 0 0 0 0 0 0 0 0 0 0 0 0 0 0 0 0 0 0 0 0 0 0 0 0 0 0 0 0 0 0 0 0 0 0 0 0 0 0 0 0 0 0 0 0 0 0 0 0 0 0 0 0 0 0 0 0 0 0 0 0 0 0 0 0 0 0 0 0 0 0 0 0 0 0 0 0 0 0 0 0 0 0 0 0 0 0 0 0 0 0 0 0 0 0 0 0 0 0 0 0 0 0 0 0 0 0 0 0 0 0 0 0 0 0 0 0 0 0 0 0 0 0 0 0 0 0 0 0 0 0 0 0 0 0 0 0 0 0 0 0 0 0 0 0 0 0 0 0 0 0 0 0 0 0 0 0 0 0 0 0 0 0 0 0 0 0 0 0 0 0 0 0 0 0 0 0 0 0 0 0 0 0 0 0 0 0 0 0 0 0 0 0 0 0 0 0 0 0 0 0 0 0 0 0 0 0 0 0 0 0 0 0 0 0 0 0 0 0 0 0 0 0 0 0 0 0 0 0 0 0 0 0 0 0 0 0 0 0 0 0 0 0 0 0 0 0 0 0 0 0 0 0 0 0 0 0 0 0 0 0 0 0 0 0 0 0 0 0 0 0 0 0 0 0 0 0 0 0 0 0 0 0 0 0 0 0 0 0 0 0 0 0 0 0 0 0 0 0 0 0 0 0 0 0 0 0 0 0 0 0 0 0 0 0 0 0 0 0 0 0 0 0 0 0 0 0 0 0 0 0 0 0 0 0 0 0 0 0 0 0 0 0 0 0 0 0 0 0 0 0 0 0 0 0 0 0 0 0 0 0 0 0 0 0 0 0 0 0 0 0 0 0 0 0 0 0 0 0 0 0 0 0 0 0 0 0 0 0 0 0 0 0 0 0 0 0 0 0 0 0 0 0 0 0 0 0 0 0 0 0 0 0 0 0 0 0 0 0 0 0 0 0 0 0 0 0 0 0 0 0 0 0 0 0 0 0 0 0 0 0 0 0 0 0 0 0 0 0 0 0 0 0 0 0 0 0 0 0 0 0 0 0 0 0 0 0 0 0 0 0 0 0 0 0 0 0 0 0 0 0 0 0 0 0 0 0 0 0 0 0 0 0 0 0 0 0 0 0 0 0 0 0 0 0 0 0 0 0 0 0 0 0 0 0 0 0 0 0 0 0 0 0 0 0 0 0 0 0 0 0 0 0 0 0 0 0 0 0 0 0 0 0 0 0 0 0 0 0 0 0 0 0 0 0 0 0 0 0 0 0 0 0 0 0 0 0 0 0 0 0 0 0 0 0 0 0 0 0 0 0 0 0 0 0 0 0 0 0 0 0 0 0 0 0 0 0 0 0 0 0 0 0 0 0 0 0 0 0 0 0 0 0 0 0 0 0 0 0 0 0 0 0 0 0 0 0 0 0 0 0 0 0 0 0 0 0 0 0 0 0 0 0 0 0 0 0 0 0 0 0 0 0 0 0 0 0 0 0 0 0 0 0 0 0 0 0 0 0 0 0 0 0 0 0 0 0 0 0 0 0 0 0 0 0 0 0 0 0 0 0 0 0 0 0 0 0 0 0 0 0 0 0 0 0 0 0 0 0 0 0 0 0 0 0 0 0 0 0 0 0 0 0 0 0 0 0 0 0 0 0 0 0 0 0 0 0 0 0 0 0 0 0 0 0 0 0 0 0 0 0 0 0 0 0 0 0 0 0 0 0 0 0 0 0 0 0 0 0 0 0 0 0 0 0 0 0 0 0 0 0 0 0 0 0 0 0 0 0 0 0 0 0 0 0 0 0 0 0 0 0 0 0 0 0 0 0 0 0 0 0 0 0 0 0 0 0 0 0 0 0 0 0 0 0 0 0 0 0 0 0 0 0 0 0 0 0 0 0 0 0 0 0 0 0 0 0 0 0 0 0 0 0 0 0 0 0 0 0 0 0 0 0 0 0 0 0 0 0 0 0 0 0 0 0 0 0 0 0 0 0 0 0 0 0 0 0 0 0 0 0 0 0 0 0 0 0 0 0 0 0 0 0 0 0 0 0 0 0 0 0 0 0 0 0 0 0 0 0 0 0 0 0 0 0 0 0 0 0 0 0 0 0 0 0 0 0 0 0 0 0 0 0 0 0 0 0 0 0 0 0 0 0 0 0 0 0 0 0 0 0 0 0 0 0 0 0 0 0 0 0 0 0 0 0 0 0 0 0 0 0 0 0 0 0 0 0 0 0 0 0 0 0 0 0 0 0 0 0 0 0 0 0 0 0 0 0 0 0 0 0 0 0 0 0 0 0 0 0 0 0 0 0 0 0 0 0 0 0 0 0 0 0 0 0 0 0 0 0 0 0 0 0 0 0 0 0 0 0 0 0 0 0 0 0 0 0 0 0 0 0 0 0 0 0 0 0 0 0 0 0 0 0 0 0 0 0 0 0 0 0 0 0 0 0 0 0 0 0 0 0 0 0 0 0 0 0 0 0 0 0 0 0 0 0 0 0 0 0 0 0 0 0 0 0 0 0 0 0 0 0 0 0 0 0 0 0 0 0 0 0 0 0 0 0 0 0 0 0 0 0 0 0 0 0 0 0 0 0 0 0 0 0 0 0 0 0 0 0 0 0 0 0 0 0 0 0 0 0 0 0 0 0 0 0 0 0 0 0 0 0 0 0 0 0 0 0 0 0 0 0 0 0 0 0 0 0 0 0 0 0 0 0 0 0 0 0 0 0 0 0 0 0 0 0 0 0 0 0 0 0 0 0 0 0 0 0 0 0 0 0 0 0 0 0 0 0 0 0 0 0 0 0 0 0 0 0 0 0 0 0 0 0 0 0 0 0 0 0 0 0 0 0 0 0 0 0 0 0 0 0 0 0 0 0 0 0 0 0 0 0 0 0 0 0 0 0 0 0 0 0 0 0 0 0 0 0 0 0 0 0 0 0 0 0 0 0 0 0 0 0 0 0 0 0 0 0 0 0 0 0 0 0 0 0 0 0 0 0 0 0 0 0 0 0 0 0 0 0 0 0 0 0 0 0 0 0 0 0 0 0 0 0 0 0 0 0 0 0 0 0 0 0 0 0 0 0 0 0 0 0 0 0 0 0 0 0 0 0 0 0 0 0 0 0 0 0 0 0 0 0 0 0 0 0 0 0 0 0 0 0 0 0 0 0 0 0 0 0 0 0 0 0 0 0 0 0 0 0 0 0 0 0 0 0 0 0 0 0 0 0 0 0 0 0 0 0 0 0 0 0 0 0 0 0 0 0 0 0 0 0 0 0 0 0 0 0 0 0 0 0 0 0 0 0 0 0 0 0 0 0 0 0 0 0 0 0 0 0 0 0 0 0 0 0 0 0 0 0 0 0 0 0 0 0 0 0 0 0 0 0 0 0 0 0 0 0 0 0 0 0 0 0 0 0 0 0 0 0 0 0 0 0 0 0 0 0 0 0 0 0 0 0 0 0 0 0 0 0 0 0 0 0 0 0 0 0 0 0 0 0 0 0 0 0 0 0 0 0 0 0 0 0 0 0 0 0 0 0 0 0 0 0 0 0 0 0 0 0 0 0 0 0 0 0 0 0 0 0 0 0 0 0 0 0 0 0 0 0 0 0 0 0 0 0 0 0 0 0 0 0 0 0 0 0 0 0 0 0 0 0 0 0 0 0 0 0 0 0 0 0 0 0 0 0 0 0 0 0 0 0 0 0 0 0 0 0 0 0 0 0 0 0 0 0 0 0 0 0 0 0 0 0 0 0 0 0 0 0 0 0 0 0 0 0 0 0 0 0 0 0 0 0 0 0 0 0 0 0 0 0 0 0 0 0 0 0 0 0 0 0 0 0 0 0 0 0 0 0 0 0 0 0 0 0 0 0 0 0 0 0 0 0 0 0 0 0 0 0 0 0 0 0 0 0 0 0 0 0 0 0 0 0 0 0 0 0 0 0 0 0 0 0 0 0 0 0 0 0 0 0 0 0 0 0 0 0 0 0 0 0 0 0 0 0 0 0 0 0 0 0 0 0 0 0 0 0 0 0 0 0 0 0 0 0 0 0 0 0 0 0 0 0 0 0 0 0 0 0 0 0 0 0 0 0 0 0 0 0 0 0 0 0 0 0 0 0 0 0 0 0 0 0 0 0 0 0 0 0 0 0 0 0 0 0 0 0 0 0 0 0 0 0 0 0 0 0 0 0 0 0 0 0 0 0 0 0 0 0 0 0 0 0 0 0 0 0 0 0 0 0 0 0 0 0 0 0 0 0 0 0 0 0 0 0 0 0 0 0 0 0 0 0 0 0 0 0 0 0 0 0 0 0 0 0 0 0 0 0 0 0 0 0 0 0 0 0 0 0 0 0 0 0 0 0 0 0 0 0 0 0 0 0 0 0 0 0 0 0 0 0 0 0 0 0 0 0 0 0 0 0 0 0 0 0 0 0 0 0 0 0 0 0 0 0 0 0 0 0 0 0 0 0 0 0 0 0 0 0 0 0 0 0 0 0 0 0 0 0 0 0 0 0 0 0 0 0 0 0 0 0 0 0 0 0 0 0 0 0 0 0 0 0 0 0 0 0 0 0 0 0 0 0 0 0 0 0 0 0 0 0 0 0 0 0 0 0 0 0 0 0 0 0 0 0 0 0 0 0 0 0 0 0 0 0 0 0 0 0 0 0 0 0 0 0 0 0 0 0 0 0 0 0 0 0 0 0 0 0 0 0 0 0 0 0 0 0 0 0 0 0 0 0 0 0 0 0 0 0 0 0 0 0 0 0 0 0 0 0 0 0 0 0 0 0 0 0 0 0 0 0 0 0 0 0 0 0 0 0 0 0 0 0 0 0 0 0 0 0 0 0 0 0 0 0 0 0 0 0 0 0 0 0 0 0 0 0 0 0 0 0 0 0 0 0 0 0 0 0 0 0 0 0 0 0 0 0 0 0 0 0 0 0 1 1 0.8750001 1 0.8750001 0.5 0.8750001 1 0.75 1 0.75 0.5 0.75 1 0.625 1 0.625 0.5 0.625 1 0.5 1 0.5 0.5 0.5 1 0.375 1 0.375 0.5 0.375 1 0.25 1 0.25 0.5 0.49 0.25 0.4197056 0.4197056 0.00999999 0.25 0.4197056 0.4197056 0.25 0.49 0.00999999 0.25 0.25 0.49 0.08029437 0.4197056 0.00999999 0.25 0.00999999 0.25 0.08029437 0.08029437 0.25 0.00999999 0.25 0.00999999 0.4197056 0.08029437 0.00999999 0.25 0.25 1 0.125 1 0.125 0.5 0.125 1 0 1 0 0.5 0.5802944 0.4197056 0.75 0.49 0.9197056 0.4197056 0.9197056 0.4197056 0.99 0.25 0.9197056 0.08029437 0.9197056 0.08029437 0.75 0.00999999 0.5802944 0.4197056 0.75 0.00999999 0.5802944 0.08029437 0.5802944 0.4197056 0.5802944 0.08029437 0.51 0.25 0.5802944 0.4197056 1 1 0.8750001 1 0.8750001 0.5 0.8750001 1 0.75 1 0.75 0.5 0.75 1 0.625 1 0.625 0.5 0.625 1 0.5 1 0.5 0.5 0.5 1 0.375 1 0.375 0.5 0.375 1 0.25 1 0.25 0.5 0.49 0.25 0.4197056 0.4197056 0.25 0.49 0.25 0.49 0.08029437 0.4197056 0.00999999 0.25 0.00999999 0.25 0.08029437 0.08029437 0.25 0.00999999 0.25 0.00999999 0.4197056 0.08029437 0.00999999 0.25 0.4197056 0.08029437 0.49 0.25 0.00999999 0.25 0.25 1 0.125 1 0.125 0.5 0.125 1 0 1 0 0.5 0.5802944 0.4197056 0.75 0.49 0.9197056 0.4197056 0.9197056 0.4197056 0.99 0.25 0.9197056 0.08029437 0.9197056 0.08029437 0.75 0.00999999 0.5802944 0.4197056 0.75 0.00999999 0.5802944 0.08029437 0.5802944 0.4197056 0.5802944 0.08029437 0.51 0.25 0.5802944 0.4197056</float_array>
          <technique_common>
            <accessor source="#Cube_005-mesh-map-0-array" count="13932" stride="2">
              <param name="S" type="float"/>
              <param name="T" type="float"/>
            </accessor>
          </technique_common>
        </source>
        <vertices id="Cube_005-mesh-vertices">
          <input semantic="POSITION" source="#Cube_005-mesh-positions"/>
        </vertices>
        <triangles material="Material_001-material" count="4644">
          <input semantic="VERTEX" source="#Cube_005-mesh-vertices" offset="0"/>
          <input semantic="NORMAL" source="#Cube_005-mesh-normals" offset="1"/>
          <input semantic="TEXCOORD" source="#Cube_005-mesh-map-0" offset="2" set="0"/>
          <p>1 0 0 2 0 1 0 0 2 3 1 3 6 1 4 2 1 5 7 2 6 4 2 7 6 2 8 5 3 9 0 3 10 4 3 11 6 4 12 0 4 13 2 4 14 3 5 15 5 5 16 7 5 17 8 6 18 71 6 19 40 6 20 40 7 21 9 7 22 8 7 23 41 8 24 10 8 25 9 8 26 42 9 27 11 9 28 10 9 29 43 10 30 12 10 31 11 10 32 44 11 33 13 11 34 12 11 35 45 12 36 14 12 37 13 12 38 46 13 39 15 13 40 14 13 41 47 14 42 16 14 43 15 14 44 48 15 45 17 15 46 16 15 47 49 16 48 18 16 49 17 16 50 50 17 51 19 17 52 18 17 53 51 18 54 20 18 55 19 18 56 52 19 57 21 19 58 20 19 59 53 20 60 22 20 61 21 20 62 54 21 63 23 21 64 22 21 65 55 22 66 24 22 67 23 22 68 24 23 69 57 23 70 25 23 71 25 24 72 58 24 73 26 24 74 26 25 75 59 25 76 27 25 77 27 26 78 60 26 79 28 26 80 28 27 81 61 27 82 29 27 83 29 28 84 62 28 85 30 28 86 30 29 87 63 29 88 31 29 89 31 30 90 64 30 91 32 30 92 64 31 93 33 31 94 32 31 95 65 32 96 34 32 97 33 32 98 66 33 99 35 33 100 34 33 101 67 34 102 36 34 103 35 34 104 68 35 105 37 35 106 36 35 107 69 36 108 38 36 109 37 36 110 70 37 111 39 37 112 38 37 113 87 38 114 71 38 115 118 38 116 87 39 117 72 39 118 40 39 119 88 40 120 73 40 121 72 40 122 89 41 123 74 41 124 73 41 125 90 42 126 75 42 127 74 42 128 91 43 129 76 43 130 75 43 131 92 44 132 77 44 133 76 44 134 93 45 135 78 45 136 77 45 137 94 46 138 79 46 139 78 46 140 79 47 141 96 47 142 80 47 143 80 48 144 97 48 145 81 48 146 81 49 147 98 49 148 82 49 149 82 50 150 99 50 151 83 50 152 83 51 153 100 51 154 84 51 155 84 52 156 101 52 157 85 52 158 85 53 159 102 53 160 86 53 161 86 54 162 103 54 163 56 54 164 103 55 165 57 55 166 56 55 167 104 56 168 58 56 169 57 56 170 105 57 171 59 57 172 58 57 173 106 58 174 60 58 175 59 58 176 107 59 177 61 59 178 60 59 179 108 60 180 62 60 181 61 60 182 109 61 183 63 61 184 62 61 185 110 62 186 64 62 187 63 62 188 64 63 189 112 63 190 65 63 191 65 64 192 113 64 193 66 64 194 66 65 195 114 65 196 67 65 197 67 66 198 115 66 199 68 66 200 68 67 201 116 67 202 69 67 203 69 68 204 117 68 205 70 68 206 70 69 207 118 69 208 71 69 209 119 70 210 72 70 211 150 70 212 119 71 213 41 71 214 40 71 215 120 72 216 42 72 217 41 72 218 121 73 219 43 73 220 42 73 221 122 74 222 44 74 223 43 74 224 123 75 225 45 75 226 44 75 227 124 76 228 46 76 229 45 76 230 125 77 231 47 77 232 46 77 233 126 78 234 48 78 235 47 78 236 127 79 237 49 79 238 48 79 239 128 80 240 50 80 241 49 80 242 129 81 243 51 81 244 50 81 245 130 82 246 52 82 247 51 82 248 131 83 249 53 83 250 52 83 251 132 84 252 54 84 253 53 84 254 133 85 255 55 85 256 54 85 257 134 86 258 56 86 259 55 86 260 135 87 261 86 87 262 56 87 263 136 88 264 85 88 265 86 88 266 137 89 267 84 89 268 85 89 269 138 90 270 83 90 271 84 90 272 139 91 273 82 91 274 83 91 275 140 92 276 81 92 277 82 92 278 141 93 279 80 93 280 81 93 281 142 94 282 79 94 283 80 94 284 79 95 285 144 95 286 78 95 287 78 96 288 145 96 289 77 96 290 77 97 291 146 97 292 76 97 293 76 98 294 147 98 295 75 98 296 75 99 297 148 99 298 74 99 299 74 100 300 149 100 301 73 100 302 73 101 303 150 101 304 72 101 305 151 102 306 214 102 307 183 102 308 183 103 309 152 103 310 151 103 311 184 104 312 153 104 313 152 104 314 185 105 315 154 105 316 153 105 317 186 106 318 155 106 319 154 106 320 187 107 321 156 107 322 155 107 323 188 108 324 157 108 325 156 108 326 189 109 327 158 109 328 157 109 329 190 110 330 159 110 331 158 110 332 191 111 333 160 111 334 159 111 335 192 112 336 161 112 337 160 112 338 193 113 339 162 113 340 161 113 341 194 114 342 163 114 343 162 114 344 195 115 345 164 115 346 163 115 347 196 116 348 165 116 349 164 116 350 197 117 351 166 117 352 165 117 353 198 118 354 167 118 355 166 118 356 167 119 357 200 119 358 168 119 359 168 120 360 201 120 361 169 120 362 169 121 363 202 121 364 170 121 365 170 122 366 203 122 367 171 122 368 171 123 369 204 123 370 172 123 371 172 28 372 205 28 373 173 28 374 173 29 375 206 29 376 174 29 377 174 124 378 207 124 379 175 124 380 207 125 381 176 125 382 175 125 383 208 32 384 177 32 385 176 32 386 209 33 387 178 33 388 177 33 389 210 126 390 179 126 391 178 126 392 211 127 393 180 127 394 179 127 395 212 128 396 181 128 397 180 128 398 213 129 399 182 129 400 181 129 401 230 130 402 214 130 403 261 130 404 230 131 405 215 131 406 183 131 407 231 132 408 216 132 409 215 132 410 232 133 411 217 133 412 216 133 413 233 134 414 218 134 415 217 134 416 234 135 417 219 135 418 218 135 419 235 136 420 220 136 421 219 136 422 236 137 423 221 137 424 220 137 425 237 138 426 222 138 427 221 138 428 222 47 429 239 47 430 223 47 431 223 139 432 240 139 433 224 139 434 224 140 435 241 140 436 225 140 437 225 141 438 242 141 439 226 141 440 226 142 441 243 142 442 227 142 443 227 143 444 244 143 445 228 143 446 228 144 447 245 144 448 229 144 449 229 145 450 246 145 451 199 145 452 246 146 453 200 146 454 199 146 455 247 147 456 201 147 457 200 147 458 248 148 459 202 148 460 201 148 461 249 149 462 203 149 463 202 149 464 250 150 465 204 150 466 203 150 467 251 151 468 205 151 469 204 151 470 252 152 471 206 152 472 205 152 473 253 153 474 207 153 475 206 153 476 207 154 477 255 154 478 208 154 479 208 155 480 256 155 481 209 155 482 209 156 483 257 156 484 210 156 485 210 157 486 258 157 487 211 157 488 211 158 489 259 158 490 212 158 491 212 68 492 260 68 493 213 68 494 213 69 495 261 69 496 214 69 497 262 159 498 215 159 499 293 159 500 262 160 501 184 160 502 183 160 503 263 161 504 185 161 505 184 161 506 264 162 507 186 162 508 185 162 509 265 163 510 187 163 511 186 163 512 266 164 513 188 164 514 187 164 515 267 12 516 189 12 517 188 12 518 268 165 519 190 165 520 189 165 521 269 166 522 191 166 523 190 166 524 270 167 525 192 167 526 191 167 527 271 168 528 193 168 529 192 168 530 272 17 531 194 17 532 193 17 533 273 169 534 195 169 535 194 169 536 274 170 537 196 170 538 195 170 539 275 20 540 197 20 541 196 20 542 276 171 543 198 171 544 197 171 545 277 172 546 199 172 547 198 172 548 278 173 549 229 173 550 199 173 551 279 174 552 228 174 553 229 174 554 280 175 555 227 175 556 228 175 557 281 176 558 226 176 559 227 176 560 282 177 561 225 177 562 226 177 563 283 178 564 224 178 565 225 178 566 284 179 567 223 179 568 224 179 569 285 180 570 222 180 571 223 180 572 222 181 573 287 181 574 221 181 575 221 182 576 288 182 577 220 182 578 220 183 579 289 183 580 219 183 581 219 184 582 290 184 583 218 184 584 218 127 585 291 127 586 217 127 587 217 185 588 292 185 589 216 185 590 216 186 591 293 186 592 215 186 593 294 187 594 357 187 595 326 187 596 326 188 597 295 188 598 294 188 599 327 189 600 296 189 601 295 189 602 328 190 603 297 190 604 296 190 605 329 191 606 298 191 607 297 191 608 330 192 609 299 192 610 298 192 611 331 193 612 300 193 613 299 193 614 332 194 615 301 194 616 300 194 617 333 15 618 302 15 619 301 15 620 334 14 621 303 14 622 302 14 623 335 195 624 304 195 625 303 195 626 336 196 627 305 196 628 304 196 629 337 197 630 306 197 631 305 197 632 338 198 633 307 198 634 306 198 635 339 199 636 308 199 637 307 199 638 340 200 639 309 200 640 308 200 641 341 201 642 310 201 643 309 201 644 310 202 645 343 202 646 311 202 647 311 37 648 344 37 649 312 37 650 312 36 651 345 36 652 313 36 653 313 203 654 346 203 655 314 203 656 314 204 657 347 204 658 315 204 659 315 205 660 348 205 661 316 205 662 316 206 663 349 206 664 317 206 665 317 207 666 350 207 667 318 207 668 350 208 669 319 208 670 318 208 671 351 209 672 320 209 673 319 209 674 352 210 675 321 210 676 320 210 677 353 211 678 322 211 679 321 211 680 354 212 681 323 212 682 322 212 683 355 25 684 324 25 685 323 25 686 356 24 687 325 24 688 324 24 689 373 213 690 357 213 691 404 213 692 373 214 693 358 214 694 326 214 695 374 215 696 359 215 697 358 215 698 375 216 699 360 216 700 359 216 701 376 217 702 361 217 703 360 217 704 377 218 705 362 218 706 361 218 707 378 219 708 363 219 709 362 219 710 379 220 711 364 220 712 363 220 713 380 221 714 365 221 715 364 221 716 365 222 717 382 222 718 366 222 719 366 223 720 383 223 721 367 223 722 367 224 723 384 224 724 368 224 725 368 225 726 385 225 727 369 225 728 369 226 729 386 226 730 370 226 731 370 227 732 387 227 733 371 227 734 371 228 735 388 228 736 372 228 737 372 229 738 389 229 739 342 229 740 389 230 741 343 230 742 342 230 743 390 231 744 344 231 745 343 231 746 391 232 747 345 232 748 344 232 749 392 233 750 346 233 751 345 233 752 393 234 753 347 234 754 346 234 755 394 235 756 348 235 757 347 235 758 395 236 759 349 236 760 348 236 761 396 237 762 350 237 763 349 237 764 350 238 765 398 238 766 351 238 767 351 239 768 399 239 769 352 239 770 352 140 771 400 140 772 353 140 773 353 141 774 401 141 775 354 141 776 354 240 777 402 240 778 355 240 779 355 241 780 403 241 781 356 241 782 356 242 783 404 242 784 357 242 785 405 119 786 358 119 787 436 119 788 405 243 789 327 243 790 326 243 791 406 244 792 328 244 793 327 244 794 407 245 795 329 245 796 328 245 797 408 246 798 330 246 799 329 246 800 409 247 801 331 247 802 330 247 803 410 248 804 332 248 805 331 248 806 411 249 807 333 249 808 332 249 809 412 79 810 334 79 811 333 79 812 413 78 813 335 78 814 334 78 815 414 250 816 336 250 817 335 250 818 415 251 819 337 251 820 336 251 821 416 252 822 338 252 823 337 252 824 417 253 825 339 253 826 338 253 827 418 254 828 340 254 829 339 254 830 419 255 831 341 255 832 340 255 833 420 256 834 342 256 835 341 256 836 421 102 837 372 102 838 342 102 839 422 257 840 371 257 841 372 257 842 423 258 843 370 258 844 371 258 845 424 259 846 369 259 847 370 259 848 425 260 849 368 260 850 369 260 851 426 261 852 367 261 853 368 261 854 427 262 855 366 262 856 367 262 857 428 263 858 365 263 859 366 263 860 365 264 861 430 264 862 364 264 863 364 265 864 431 265 865 363 265 866 363 266 867 432 266 868 362 266 869 362 267 870 433 267 871 361 267 872 361 268 873 434 268 874 360 268 875 360 269 876 435 269 877 359 269 878 359 270 879 436 270 880 358 270 881 437 87 882 500 87 883 469 87 884 469 271 885 438 271 886 437 271 887 470 272 888 439 272 889 438 272 890 471 273 891 440 273 892 439 273 893 472 274 894 441 274 895 440 274 896 473 114 897 442 114 898 441 114 899 474 275 900 443 275 901 442 275 902 475 276 903 444 276 904 443 276 905 476 111 906 445 111 907 444 111 908 477 110 909 446 110 910 445 110 911 478 277 912 447 277 913 446 277 914 479 278 915 448 278 916 447 278 917 480 107 918 449 107 919 448 107 920 481 279 921 450 279 922 449 279 923 482 280 924 451 280 925 450 280 926 483 255 927 452 255 928 451 255 929 484 281 930 453 281 931 452 281 932 453 70 933 486 70 934 454 70 935 454 129 936 487 129 937 455 129 938 455 128 939 488 128 940 456 128 941 456 203 942 489 203 943 457 203 944 457 282 945 490 282 946 458 282 947 458 283 948 491 283 949 459 283 950 459 206 951 492 206 952 460 206 953 460 284 954 493 284 955 461 284 956 493 285 957 462 285 958 461 285 959 494 209 960 463 209 961 462 209 962 495 286 963 464 286 964 463 286 965 496 287 966 465 287 967 464 287 968 497 212 969 466 212 970 465 212 971 498 121 972 467 121 973 466 121 974 499 120 975 468 120 976 467 120 977 516 288 978 500 288 979 547 288 980 516 289 981 501 289 982 469 289 983 517 290 984 502 290 985 501 290 986 518 291 987 503 291 988 502 291 989 519 292 990 504 292 991 503 292 992 520 59 993 505 59 994 504 59 995 521 293 996 506 293 997 505 293 998 522 294 999 507 294 1000 506 294 1001 523 295 1002 508 295 1003 507 295 1004 508 296 1005 525 296 1006 509 296 1007 509 297 1008 526 297 1009 510 297 1010 510 298 1011 527 298 1012 511 298 1013 511 66 1014 528 66 1015 512 66 1016 512 299 1017 529 299 1018 513 299 1019 513 300 1020 530 300 1021 514 300 1022 514 301 1023 531 301 1024 515 301 1025 515 302 1026 532 302 1027 485 302 1028 532 303 1029 486 303 1030 485 303 1031 533 304 1032 487 304 1033 486 304 1034 534 305 1035 488 305 1036 487 305 1037 535 306 1038 489 306 1039 488 306 1040 536 307 1041 490 307 1042 489 307 1043 537 308 1044 491 308 1045 490 308 1046 538 309 1047 492 309 1048 491 309 1049 539 310 1050 493 310 1051 492 310 1052 493 311 1053 541 311 1054 494 311 1055 494 239 1056 542 239 1057 495 239 1058 495 312 1059 543 312 1060 496 312 1061 496 313 1062 544 313 1063 497 313 1064 497 314 1065 545 314 1066 498 314 1067 498 315 1068 546 315 1069 499 315 1070 499 316 1071 547 316 1072 500 316 1073 548 317 1074 501 317 1075 579 317 1076 548 318 1077 470 318 1078 469 318 1079 549 319 1080 471 319 1081 470 319 1082 550 320 1083 472 320 1084 471 320 1085 551 321 1086 473 321 1087 472 321 1088 552 322 1089 474 322 1090 473 322 1091 553 323 1092 475 323 1093 474 323 1094 554 324 1095 476 324 1096 475 324 1097 555 167 1098 477 167 1099 476 167 1100 556 166 1101 478 166 1102 477 166 1103 557 325 1104 479 325 1105 478 325 1106 558 326 1107 480 326 1108 479 326 1109 559 327 1110 481 327 1111 480 327 1112 560 328 1113 482 328 1114 481 328 1115 561 199 1116 483 199 1117 482 199 1118 562 329 1119 484 329 1120 483 329 1121 563 330 1122 485 330 1123 484 330 1124 564 331 1125 515 331 1126 485 331 1127 565 332 1128 514 332 1129 515 332 1130 566 333 1131 513 333 1132 514 333 1133 567 334 1134 512 334 1135 513 334 1136 568 335 1137 511 335 1138 512 335 1139 569 336 1140 510 336 1141 511 336 1142 570 337 1143 509 337 1144 510 337 1145 571 338 1146 508 338 1147 509 338 1148 508 339 1149 573 339 1150 507 339 1151 507 340 1152 574 340 1153 506 340 1154 506 341 1155 575 341 1156 505 341 1157 505 342 1158 576 342 1159 504 342 1160 504 343 1161 577 343 1162 503 343 1163 503 344 1164 578 344 1165 502 344 1166 502 345 1167 579 345 1168 501 345 1169 581 346 1170 582 346 1171 580 346 1172 583 347 1173 584 347 1174 582 347 1175 585 348 1176 586 348 1177 584 348 1178 587 349 1179 588 349 1180 586 349 1181 589 350 1182 590 350 1183 588 350 1184 591 351 1185 592 351 1186 590 351 1187 593 0 1188 589 0 1189 585 0 1190 593 352 1191 594 352 1192 592 352 1193 595 353 1194 580 353 1195 594 353 1196 592 2 1197 594 2 1198 586 2 1199 597 346 1200 598 346 1201 596 346 1202 599 354 1203 600 354 1204 598 354 1205 601 355 1206 602 355 1207 600 355 1208 603 356 1209 604 356 1210 602 356 1211 605 357 1212 606 357 1213 604 357 1214 607 358 1215 608 358 1216 606 358 1217 609 0 1218 605 0 1219 601 0 1220 609 359 1221 610 359 1222 608 359 1223 611 353 1224 596 353 1225 610 353 1226 608 2 1227 610 2 1228 602 2 1229 612 180 1230 675 180 1231 644 180 1232 644 360 1233 613 360 1234 612 360 1235 645 361 1236 614 361 1237 613 361 1238 646 362 1239 615 362 1240 614 362 1241 647 184 1242 616 184 1243 615 184 1244 648 363 1245 617 363 1246 616 363 1247 649 364 1248 618 364 1249 617 364 1250 650 365 1251 619 365 1252 618 365 1253 651 366 1254 620 366 1255 619 366 1256 652 367 1257 621 367 1258 620 367 1259 653 368 1260 622 368 1261 621 368 1262 654 369 1263 623 369 1264 622 369 1265 655 163 1266 624 163 1267 623 163 1268 656 370 1269 625 370 1270 624 370 1271 657 12 1272 626 12 1273 625 12 1274 658 371 1275 627 371 1276 626 371 1277 659 372 1278 628 372 1279 627 372 1280 628 373 1281 661 373 1282 629 373 1283 629 374 1284 662 374 1285 630 374 1286 630 375 1287 663 375 1288 631 375 1289 631 376 1290 664 376 1291 632 376 1292 632 377 1293 665 377 1294 633 377 1295 633 378 1296 666 378 1297 634 378 1298 634 379 1299 667 379 1300 635 379 1301 635 380 1302 668 380 1303 636 380 1304 668 381 1305 637 381 1306 636 381 1307 669 382 1308 638 382 1309 637 382 1310 670 383 1311 639 383 1312 638 383 1313 671 384 1314 640 384 1315 639 384 1316 672 385 1317 641 385 1318 640 385 1319 673 386 1320 642 386 1321 641 386 1322 674 93 1323 643 93 1324 642 93 1325 691 387 1326 675 387 1327 722 387 1328 691 388 1329 676 388 1330 644 388 1331 692 389 1332 677 389 1333 676 389 1334 693 390 1335 678 390 1336 677 390 1337 694 391 1338 679 391 1339 678 391 1340 695 392 1341 680 392 1342 679 392 1343 696 393 1344 681 393 1345 680 393 1346 697 394 1347 682 394 1348 681 394 1349 698 395 1350 683 395 1351 682 395 1352 683 396 1353 700 396 1354 684 396 1355 684 397 1356 701 397 1357 685 397 1358 685 398 1359 702 398 1360 686 398 1361 686 399 1362 703 399 1363 687 399 1364 687 400 1365 704 400 1366 688 400 1367 688 401 1368 705 401 1369 689 401 1370 689 402 1371 706 402 1372 690 402 1373 690 403 1374 707 403 1375 660 403 1376 707 404 1377 661 404 1378 660 404 1379 708 405 1380 662 405 1381 661 405 1382 709 406 1383 663 406 1384 662 406 1385 710 407 1386 664 407 1387 663 407 1388 711 408 1389 665 408 1390 664 408 1391 712 409 1392 666 409 1393 665 409 1394 713 410 1395 667 410 1396 666 410 1397 714 411 1398 668 411 1399 667 411 1400 668 412 1401 716 412 1402 669 412 1403 669 413 1404 717 413 1405 670 413 1406 670 414 1407 718 414 1408 671 414 1409 671 415 1410 719 415 1411 672 415 1412 672 416 1413 720 416 1414 673 416 1415 673 417 1416 721 417 1417 674 417 1418 674 418 1419 722 418 1420 675 418 1421 723 419 1422 676 419 1423 754 419 1424 723 360 1425 645 360 1426 644 360 1427 724 420 1428 646 420 1429 645 420 1430 725 362 1431 647 362 1432 646 362 1433 726 184 1434 648 184 1435 647 184 1436 727 363 1437 649 363 1438 648 363 1439 728 421 1440 650 421 1441 649 421 1442 729 365 1443 651 365 1444 650 365 1445 730 366 1446 652 366 1447 651 366 1448 731 367 1449 653 367 1450 652 367 1451 732 368 1452 654 368 1453 653 368 1454 733 9 1455 655 9 1456 654 9 1457 734 422 1458 656 422 1459 655 422 1460 735 370 1461 657 370 1462 656 370 1463 736 423 1464 658 423 1465 657 423 1466 737 13 1467 659 13 1468 658 13 1469 738 372 1470 660 372 1471 659 372 1472 739 15 1473 690 15 1474 660 15 1475 740 424 1476 689 424 1477 690 424 1478 741 425 1479 688 425 1480 689 425 1481 742 426 1482 687 426 1483 688 426 1484 743 427 1485 686 427 1486 687 427 1487 744 428 1488 685 428 1489 686 428 1490 745 429 1491 684 429 1492 685 429 1493 746 430 1494 683 430 1495 684 430 1496 683 431 1497 748 431 1498 682 431 1499 682 432 1500 749 432 1501 681 432 1502 681 433 1503 750 433 1504 680 433 1505 680 122 1506 751 122 1507 679 122 1508 679 434 1509 752 434 1510 678 434 1511 678 435 1512 753 435 1513 677 435 1514 677 436 1515 754 436 1516 676 436 1517 755 437 1518 818 437 1519 787 437 1520 787 438 1521 756 438 1522 755 438 1523 788 439 1524 757 439 1525 756 439 1526 789 440 1527 758 440 1528 757 440 1529 790 441 1530 759 441 1531 758 441 1532 791 442 1533 760 442 1534 759 442 1535 792 443 1536 761 443 1537 760 443 1538 793 444 1539 762 444 1540 761 444 1541 794 445 1542 763 445 1543 762 445 1544 795 446 1545 764 446 1546 763 446 1547 796 447 1548 765 447 1549 764 447 1550 797 448 1551 766 448 1552 765 448 1553 798 449 1554 767 449 1555 766 449 1556 799 450 1557 768 450 1558 767 450 1559 800 451 1560 769 451 1561 768 451 1562 801 452 1563 770 452 1564 769 452 1565 802 453 1566 771 453 1567 770 453 1568 771 454 1569 804 454 1570 772 454 1571 772 455 1572 805 455 1573 773 455 1574 773 456 1575 806 456 1576 774 456 1577 774 457 1578 807 457 1579 775 457 1580 775 458 1581 808 458 1582 776 458 1583 776 459 1584 809 459 1585 777 459 1586 777 460 1587 810 460 1588 778 460 1589 778 461 1590 811 461 1591 779 461 1592 811 462 1593 780 462 1594 779 462 1595 812 463 1596 781 463 1597 780 463 1598 813 464 1599 782 464 1600 781 464 1601 814 259 1602 783 259 1603 782 259 1604 815 465 1605 784 465 1606 783 465 1607 816 336 1608 785 336 1609 784 336 1610 817 466 1611 786 466 1612 785 466 1613 834 467 1614 818 467 1615 865 467 1616 834 468 1617 819 468 1618 787 468 1619 835 469 1620 820 469 1621 819 469 1622 836 470 1623 821 470 1624 820 470 1625 837 471 1626 822 471 1627 821 471 1628 838 472 1629 823 472 1630 822 472 1631 839 473 1632 824 473 1633 823 473 1634 840 474 1635 825 474 1636 824 474 1637 841 475 1638 826 475 1639 825 475 1640 826 476 1641 843 476 1642 827 476 1643 827 477 1644 844 477 1645 828 477 1646 828 478 1647 845 478 1648 829 478 1649 829 479 1650 846 479 1651 830 479 1652 830 480 1653 847 480 1654 831 480 1655 831 481 1656 848 481 1657 832 481 1658 832 482 1659 849 482 1660 833 482 1661 833 483 1662 850 483 1663 803 483 1664 850 484 1665 804 484 1666 803 484 1667 851 485 1668 805 485 1669 804 485 1670 852 486 1671 806 486 1672 805 486 1673 853 400 1674 807 400 1675 806 400 1676 854 487 1677 808 487 1678 807 487 1679 855 488 1680 809 488 1681 808 488 1682 856 489 1683 810 489 1684 809 489 1685 857 490 1686 811 490 1687 810 490 1688 811 491 1689 859 491 1690 812 491 1691 812 492 1692 860 492 1693 813 492 1694 813 493 1695 861 493 1696 814 493 1697 814 494 1698 862 494 1699 815 494 1700 815 495 1701 863 495 1702 816 495 1703 816 496 1704 864 496 1705 817 496 1706 817 497 1707 865 497 1708 818 497 1709 866 498 1710 819 498 1711 897 498 1712 866 499 1713 788 499 1714 787 499 1715 867 500 1716 789 500 1717 788 500 1718 868 440 1719 790 440 1720 789 440 1721 869 441 1722 791 441 1723 790 441 1724 870 501 1725 792 501 1726 791 501 1727 871 502 1728 793 502 1729 792 502 1730 872 444 1731 794 444 1732 793 444 1733 873 445 1734 795 445 1735 794 445 1736 874 188 1737 796 188 1738 795 188 1739 875 319 1740 797 319 1741 796 319 1742 876 190 1743 798 190 1744 797 190 1745 877 449 1746 799 449 1747 798 449 1748 878 450 1749 800 450 1750 799 450 1751 879 503 1752 801 503 1753 800 503 1754 880 194 1755 802 194 1756 801 194 1757 881 453 1758 803 453 1759 802 453 1760 882 14 1761 833 14 1762 803 14 1763 883 504 1764 832 504 1765 833 504 1766 884 505 1767 831 505 1768 832 505 1769 885 506 1770 830 506 1771 831 506 1772 886 507 1773 829 507 1774 830 507 1775 887 508 1776 828 508 1777 829 508 1778 888 509 1779 827 509 1780 828 509 1781 889 510 1782 826 510 1783 827 510 1784 826 511 1785 891 511 1786 825 511 1787 825 512 1788 892 512 1789 824 512 1790 824 513 1791 893 513 1792 823 513 1793 823 203 1794 894 203 1795 822 203 1796 822 514 1797 895 514 1798 821 514 1799 821 515 1800 896 515 1801 820 515 1802 820 516 1803 897 516 1804 819 516 1805 898 517 1806 961 517 1807 930 517 1808 930 518 1809 899 518 1810 898 518 1811 931 420 1812 900 420 1813 899 420 1814 932 519 1815 901 519 1816 900 519 1817 933 520 1818 902 520 1819 901 520 1820 934 521 1821 903 521 1822 902 521 1823 935 364 1824 904 364 1825 903 364 1826 936 522 1827 905 522 1828 904 522 1829 937 523 1830 906 523 1831 905 523 1832 938 160 1833 907 160 1834 906 160 1835 939 368 1836 908 368 1837 907 368 1838 940 369 1839 909 369 1840 908 369 1841 941 163 1842 910 163 1843 909 163 1844 942 164 1845 911 164 1846 910 164 1847 943 524 1848 912 524 1849 911 524 1850 944 13 1851 913 13 1852 912 13 1853 945 166 1854 914 166 1855 913 166 1856 914 373 1857 947 373 1858 915 373 1859 915 525 1860 948 525 1861 916 525 1862 916 526 1863 949 526 1864 917 526 1865 917 527 1866 950 527 1867 918 527 1868 918 528 1869 951 528 1870 919 528 1871 919 529 1872 952 529 1873 920 529 1874 920 530 1875 953 530 1876 921 530 1877 921 531 1878 954 531 1879 922 531 1880 954 532 1881 923 532 1882 922 532 1883 955 533 1884 924 533 1885 923 533 1886 956 534 1887 925 534 1888 924 534 1889 957 535 1890 926 535 1891 925 535 1892 958 536 1893 927 536 1894 926 536 1895 959 537 1896 928 537 1897 927 537 1898 960 538 1899 929 538 1900 928 538 1901 977 387 1902 961 387 1903 1008 387 1904 977 539 1905 962 539 1906 930 539 1907 978 389 1908 963 389 1909 962 389 1910 979 540 1911 964 540 1912 963 540 1913 980 541 1914 965 541 1915 964 541 1916 981 542 1917 966 542 1918 965 542 1919 982 543 1920 967 543 1921 966 543 1922 983 544 1923 968 544 1924 967 544 1925 984 395 1926 969 395 1927 968 395 1928 969 396 1929 986 396 1930 970 396 1931 970 545 1932 987 545 1933 971 545 1934 971 546 1935 988 546 1936 972 546 1937 972 547 1938 989 547 1939 973 547 1940 973 548 1941 990 548 1942 974 548 1943 974 549 1944 991 549 1945 975 549 1946 975 402 1947 992 402 1948 976 402 1949 976 550 1950 993 550 1951 946 550 1952 993 404 1953 947 404 1954 946 404 1955 994 551 1956 948 551 1957 947 551 1958 995 406 1959 949 406 1960 948 406 1961 996 552 1962 950 552 1963 949 552 1964 997 553 1965 951 553 1966 950 553 1967 998 554 1968 952 554 1969 951 554 1970 999 555 1971 953 555 1972 952 555 1973 1000 556 1974 954 556 1975 953 556 1976 954 557 1977 1002 557 1978 955 557 1979 955 558 1980 1003 558 1981 956 558 1982 956 559 1983 1004 559 1984 957 559 1985 957 560 1986 1005 560 1987 958 560 1988 958 561 1989 1006 561 1990 959 561 1991 959 417 1992 1007 417 1993 960 417 1994 960 562 1995 1008 562 1996 961 562 1997 1009 419 1998 962 419 1999 1040 419 2000 1009 563 2001 931 563 2002 930 563 2003 1010 564 2004 932 564 2005 931 564 2006 1011 565 2007 933 565 2008 932 565 2009 1012 566 2010 934 566 2011 933 566 2012 1013 567 2013 935 567 2014 934 567 2015 1014 568 2016 936 568 2017 935 568 2018 1015 569 2019 937 569 2020 936 569 2021 1016 570 2022 938 570 2023 937 570 2024 1017 71 2025 939 71 2026 938 71 2027 1018 571 2028 940 571 2029 939 571 2030 1019 572 2031 941 572 2032 940 572 2033 1020 74 2034 942 74 2035 941 74 2036 1021 573 2037 943 573 2038 942 573 2039 1022 574 2040 944 574 2041 943 574 2042 1023 575 2043 945 575 2044 944 575 2045 1024 576 2046 946 576 2047 945 576 2048 1025 577 2049 976 577 2050 946 577 2051 1026 578 2052 975 578 2053 976 578 2054 1027 579 2055 974 579 2056 975 579 2057 1028 580 2058 973 580 2059 974 580 2060 1029 581 2061 972 581 2062 973 581 2063 1030 582 2064 971 582 2065 972 582 2066 1031 117 2067 970 117 2068 971 117 2069 1032 583 2070 969 583 2071 970 583 2072 969 584 2073 1034 584 2074 968 584 2075 968 585 2076 1035 585 2077 967 585 2078 967 586 2079 1036 586 2080 966 586 2081 966 122 2082 1037 122 2083 965 122 2084 965 587 2085 1038 587 2086 964 587 2087 964 435 2088 1039 435 2089 963 435 2090 963 588 2091 1040 588 2092 962 588 2093 1041 437 2094 1104 437 2095 1073 437 2096 1073 438 2097 1042 438 2098 1041 438 2099 1074 589 2100 1043 589 2101 1042 589 2102 1075 590 2103 1044 590 2104 1043 590 2105 1076 591 2106 1045 591 2107 1044 591 2108 1077 442 2109 1046 442 2110 1045 442 2111 1078 443 2112 1047 443 2113 1046 443 2114 1079 592 2115 1048 592 2116 1047 592 2117 1080 593 2118 1049 593 2119 1048 593 2120 1081 188 2121 1050 188 2122 1049 188 2123 1082 319 2124 1051 319 2125 1050 319 2126 1083 448 2127 1052 448 2128 1051 448 2129 1084 321 2130 1053 321 2131 1052 321 2132 1085 322 2133 1054 322 2134 1053 322 2135 1086 594 2136 1055 594 2137 1054 594 2138 1087 194 2139 1056 194 2140 1055 194 2141 1088 167 2142 1057 167 2143 1056 167 2144 1057 454 2145 1090 454 2146 1058 454 2147 1058 595 2148 1091 595 2149 1059 595 2150 1059 596 2151 1092 596 2152 1060 596 2153 1060 597 2154 1093 597 2155 1061 597 2156 1061 598 2157 1094 598 2158 1062 598 2159 1062 599 2160 1095 599 2161 1063 599 2162 1063 600 2163 1096 600 2164 1064 600 2165 1064 461 2166 1097 461 2167 1065 461 2168 1097 601 2169 1066 601 2170 1065 601 2171 1098 602 2172 1067 602 2173 1066 602 2174 1099 568 2175 1068 568 2176 1067 568 2177 1100 603 2178 1069 603 2179 1068 603 2180 1101 604 2181 1070 604 2182 1069 604 2183 1102 605 2184 1071 605 2185 1070 605 2186 1103 606 2187 1072 606 2188 1071 606 2189 1120 467 2190 1104 467 2191 1151 467 2192 1120 607 2193 1105 607 2194 1073 607 2195 1121 469 2196 1106 469 2197 1105 469 2198 1122 608 2199 1107 608 2200 1106 608 2201 1123 609 2202 1108 609 2203 1107 609 2204 1124 610 2205 1109 610 2206 1108 610 2207 1125 414 2208 1110 414 2209 1109 414 2210 1126 611 2211 1111 611 2212 1110 611 2213 1127 475 2214 1112 475 2215 1111 475 2216 1112 476 2217 1129 476 2218 1113 476 2219 1113 612 2220 1130 612 2221 1114 612 2222 1114 613 2223 1131 613 2224 1115 613 2225 1115 614 2226 1132 614 2227 1116 614 2228 1116 615 2229 1133 615 2230 1117 615 2231 1117 616 2232 1134 616 2233 1118 616 2234 1118 482 2235 1135 482 2236 1119 482 2237 1119 617 2238 1136 617 2239 1089 617 2240 1136 484 2241 1090 484 2242 1089 484 2243 1137 618 2244 1091 618 2245 1090 618 2246 1138 486 2247 1092 486 2248 1091 486 2249 1139 619 2250 1093 619 2251 1092 619 2252 1140 620 2253 1094 620 2254 1093 620 2255 1141 621 2256 1095 621 2257 1094 621 2258 1142 622 2259 1096 622 2260 1095 622 2261 1143 623 2262 1097 623 2263 1096 623 2264 1097 624 2265 1145 624 2266 1098 624 2267 1098 625 2268 1146 625 2269 1099 625 2270 1099 626 2271 1147 626 2272 1100 626 2273 1100 627 2274 1148 627 2275 1101 627 2276 1101 628 2277 1149 628 2278 1102 628 2279 1102 496 2280 1150 496 2281 1103 496 2282 1103 629 2283 1151 629 2284 1104 629 2285 1152 498 2286 1105 498 2287 1183 498 2288 1152 630 2289 1074 630 2290 1073 630 2291 1153 631 2292 1075 631 2293 1074 631 2294 1154 632 2295 1076 632 2296 1075 632 2297 1155 633 2298 1077 633 2299 1076 633 2300 1156 634 2301 1078 634 2302 1077 634 2303 1157 534 2304 1079 534 2305 1078 534 2306 1158 635 2307 1080 635 2308 1079 635 2309 1159 636 2310 1081 636 2311 1080 636 2312 1160 637 2313 1082 637 2314 1081 637 2315 1161 638 2316 1083 638 2317 1082 638 2318 1162 639 2319 1084 639 2320 1083 639 2321 1163 246 2322 1085 246 2323 1084 246 2324 1164 640 2325 1086 640 2326 1085 640 2327 1165 641 2328 1087 641 2329 1086 641 2330 1166 642 2331 1088 642 2332 1087 642 2333 1167 643 2334 1089 643 2335 1088 643 2336 1168 644 2337 1119 644 2338 1089 644 2339 1169 645 2340 1118 645 2341 1119 645 2342 1170 646 2343 1117 646 2344 1118 646 2345 1171 647 2346 1116 647 2347 1117 647 2348 1172 648 2349 1115 648 2350 1116 648 2351 1173 649 2352 1114 649 2353 1115 649 2354 1174 650 2355 1113 650 2356 1114 650 2357 1175 651 2358 1112 651 2359 1113 651 2360 1112 652 2361 1177 652 2362 1111 652 2363 1111 653 2364 1178 653 2365 1110 653 2366 1110 654 2367 1179 654 2368 1109 654 2369 1109 203 2370 1180 203 2371 1108 203 2372 1108 655 2373 1181 655 2374 1107 655 2375 1107 515 2376 1182 515 2377 1106 515 2378 1106 516 2379 1183 516 2380 1105 516 2381 1185 656 2382 1186 656 2383 1184 656 2384 1186 657 2385 1189 657 2386 1188 657 2387 1188 658 2388 1191 658 2389 1190 658 2390 1190 659 2391 1193 659 2392 1192 659 2393 1193 660 2394 1194 660 2395 1192 660 2396 1195 661 2397 1196 661 2398 1194 661 2399 1197 3 2400 1193 3 2401 1189 3 2402 1197 662 2403 1198 662 2404 1196 662 2405 1199 663 2406 1184 663 2407 1198 663 2408 1198 1 2409 1186 1 2410 1190 1 2411 1201 656 2412 1202 656 2413 1200 656 2414 1202 657 2415 1205 657 2416 1204 657 2417 1205 664 2418 1206 664 2419 1204 664 2420 1207 665 2421 1208 665 2422 1206 665 2423 1209 660 2424 1210 660 2425 1208 660 2426 1211 661 2427 1212 661 2428 1210 661 2429 1213 3 2430 1209 3 2431 1205 3 2432 1213 662 2433 1214 662 2434 1212 662 2435 1215 663 2436 1200 663 2437 1214 663 2438 1212 666 2439 1214 666 2440 1206 666 2441 1217 667 2442 1218 667 2443 1216 667 2444 1218 657 2445 1221 657 2446 1220 657 2447 1221 664 2448 1222 664 2449 1220 664 2450 1223 668 2451 1224 668 2452 1222 668 2453 1225 669 2454 1226 669 2455 1224 669 2456 1227 670 2457 1228 670 2458 1226 670 2459 1229 3 2460 1225 3 2461 1221 3 2462 1229 671 2463 1230 671 2464 1228 671 2465 1231 672 2466 1216 672 2467 1230 672 2468 1226 1 2469 1228 1 2470 1230 1 2471 1233 667 2472 1234 667 2473 1232 667 2474 1234 673 2475 1237 673 2476 1236 673 2477 1237 674 2478 1238 674 2479 1236 674 2480 1239 668 2481 1240 668 2482 1238 668 2483 1241 660 2484 1242 660 2485 1240 660 2486 1243 670 2487 1244 670 2488 1242 670 2489 1245 3 2490 1241 3 2491 1237 3 2492 1245 671 2493 1246 671 2494 1244 671 2495 1247 663 2496 1232 663 2497 1246 663 2498 1242 1 2499 1244 1 2500 1246 1 2501 1249 675 2502 1250 675 2503 1248 675 2504 1251 676 2505 1252 676 2506 1250 676 2507 1253 677 2508 1254 677 2509 1252 677 2510 1255 678 2511 1256 678 2512 1254 678 2513 1257 679 2514 1258 679 2515 1256 679 2516 1259 680 2517 1260 680 2518 1258 680 2519 1261 3 2520 1257 3 2521 1253 3 2522 1261 681 2523 1262 681 2524 1260 681 2525 1263 682 2526 1248 682 2527 1262 682 2528 1258 1 2529 1260 1 2530 1262 1 2531 1265 675 2532 1266 675 2533 1264 675 2534 1267 676 2535 1268 676 2536 1266 676 2537 1269 677 2538 1270 677 2539 1268 677 2540 1271 678 2541 1272 678 2542 1270 678 2543 1273 679 2544 1274 679 2545 1272 679 2546 1275 683 2547 1276 683 2548 1274 683 2549 1277 3 2550 1273 3 2551 1269 3 2552 1277 684 2553 1278 684 2554 1276 684 2555 1279 682 2556 1264 682 2557 1278 682 2558 1274 1 2559 1276 1 2560 1278 1 2561 1308 685 2562 1299 685 2563 1309 685 2564 1283 3 2565 1286 3 2566 1282 3 2567 1293 0 2568 1284 0 2569 1295 0 2570 1285 1 2571 1280 1 2572 1284 1 2573 1295 4 2574 1280 4 2575 1292 4 2576 1294 5 2577 1285 5 2578 1293 5 2579 1283 5 2580 1291 5 2581 1287 5 2582 1286 4 2583 1288 4 2584 1282 4 2585 1287 0 2586 1290 0 2587 1286 0 2588 1294 2 2589 1288 2 2590 1292 2 2591 1305 686 2592 1299 686 2593 1303 686 2594 1289 5 2595 1293 5 2596 1291 5 2597 1290 4 2598 1292 4 2599 1288 4 2600 1291 0 2601 1295 0 2602 1290 0 2603 1299 2 2604 1301 2 2605 1302 2 2606 1298 2 2607 1296 2 2608 1297 2 2609 1306 5 2610 1303 5 2611 1298 5 2612 1307 687 2613 1296 687 2614 1304 687 2615 1310 3 2616 1300 3 2617 1308 3 2618 1310 4 2619 1302 4 2620 1301 4 2621 1306 1 2622 1297 1 2623 1307 1 2624 1311 688 2625 1305 688 2626 1304 688 2627 1281 1 2628 1307 1 2629 1280 1 2630 1280 4 2631 1304 4 2632 1292 4 2633 1281 5 2634 1305 5 2635 1306 5 2636 1292 689 2637 1305 689 2638 1294 689 2639 1289 690 2640 1311 690 2641 1288 690 2642 1282 4 2643 1311 4 2644 1310 4 2645 1282 3 2646 1308 3 2647 1283 3 2648 1283 691 2649 1309 691 2650 1289 691 2651 1302 692 2652 1304 692 2653 1296 692 2654 1296 2 2655 1299 2 2656 1302 2 2657 1313 693 2658 1314 693 2659 1312 693 2660 1314 694 2661 1317 694 2662 1316 694 2663 1317 695 2664 1318 695 2665 1316 695 2666 1319 696 2667 1320 696 2668 1318 696 2669 1321 697 2670 1322 697 2671 1320 697 2672 1323 698 2673 1324 698 2674 1322 698 2675 1313 5 2676 1325 5 2677 1321 5 2678 1325 699 2679 1326 699 2680 1324 699 2681 1327 700 2682 1312 700 2683 1326 700 2684 1324 4 2685 1326 4 2686 1318 4 2687 1329 693 2688 1330 693 2689 1328 693 2690 1330 694 2691 1333 694 2692 1332 694 2693 1333 695 2694 1334 695 2695 1332 695 2696 1335 701 2697 1336 701 2698 1334 701 2699 1337 702 2700 1338 702 2701 1336 702 2702 1339 703 2703 1340 703 2704 1338 703 2705 1329 5 2706 1341 5 2707 1337 5 2708 1341 704 2709 1342 704 2710 1340 704 2711 1343 705 2712 1328 705 2713 1342 705 2714 1340 4 2715 1342 4 2716 1334 4 2717 1344 706 2718 1347 706 2719 1346 706 2720 1346 707 2721 1349 707 2722 1348 707 2723 1349 695 2724 1350 695 2725 1348 695 2726 1351 696 2727 1352 696 2728 1350 696 2729 1353 708 2730 1354 708 2731 1352 708 2732 1355 709 2733 1356 709 2734 1354 709 2735 1345 5 2736 1357 5 2737 1353 5 2738 1357 710 2739 1358 710 2740 1356 710 2741 1359 711 2742 1344 711 2743 1358 711 2744 1358 4 2745 1346 4 2746 1350 4 2747 1360 712 2748 1363 712 2749 1362 712 2750 1362 707 2751 1365 707 2752 1364 707 2753 1365 695 2754 1366 695 2755 1364 695 2756 1367 713 2757 1368 713 2758 1366 713 2759 1369 714 2760 1370 714 2761 1368 714 2762 1371 715 2763 1372 715 2764 1370 715 2765 1361 5 2766 1373 5 2767 1369 5 2768 1373 716 2769 1374 716 2770 1372 716 2771 1375 717 2772 1360 717 2773 1374 717 2774 1374 4 2775 1362 4 2776 1366 4 2777 1376 718 2778 1439 718 2779 1408 718 2780 1408 719 2781 1377 719 2782 1376 719 2783 1409 720 2784 1378 720 2785 1377 720 2786 1410 721 2787 1379 721 2788 1378 721 2789 1411 722 2790 1380 722 2791 1379 722 2792 1412 723 2793 1381 723 2794 1380 723 2795 1381 724 2796 1414 724 2797 1382 724 2798 1414 725 2799 1383 725 2800 1382 725 2801 1383 726 2802 1416 726 2803 1384 726 2804 1416 727 2805 1385 727 2806 1384 727 2807 1417 728 2808 1386 728 2809 1385 728 2810 1418 729 2811 1387 729 2812 1386 729 2813 1387 730 2814 1420 730 2815 1388 730 2816 1388 731 2817 1421 731 2818 1389 731 2819 1421 732 2820 1390 732 2821 1389 732 2822 1422 733 2823 1391 733 2824 1390 733 2825 1423 734 2826 1392 734 2827 1391 734 2828 1392 735 2829 1425 735 2830 1393 735 2831 1393 736 2832 1426 736 2833 1394 736 2834 1394 737 2835 1427 737 2836 1395 737 2837 1395 738 2838 1428 738 2839 1396 738 2840 1396 739 2841 1429 739 2842 1397 739 2843 1397 740 2844 1430 740 2845 1398 740 2846 1398 741 2847 1431 741 2848 1399 741 2849 1399 742 2850 1432 742 2851 1400 742 2852 1432 743 2853 1401 743 2854 1400 743 2855 1433 744 2856 1402 744 2857 1401 744 2858 1434 745 2859 1403 745 2860 1402 745 2861 1435 746 2862 1404 746 2863 1403 746 2864 1436 747 2865 1405 747 2866 1404 747 2867 1437 748 2868 1406 748 2869 1405 748 2870 1438 749 2871 1407 749 2872 1406 749 2873 1455 750 2874 1439 750 2875 1486 750 2876 1455 751 2877 1440 751 2878 1408 751 2879 1456 752 2880 1441 752 2881 1440 752 2882 1457 753 2883 1442 753 2884 1441 753 2885 1458 754 2886 1443 754 2887 1442 754 2888 1459 755 2889 1444 755 2890 1443 755 2891 1460 756 2892 1445 756 2893 1444 756 2894 1461 757 2895 1446 757 2896 1445 757 2897 1462 758 2898 1447 758 2899 1446 758 2900 1447 759 2901 1464 759 2902 1448 759 2903 1448 760 2904 1465 760 2905 1449 760 2906 1449 761 2907 1466 761 2908 1450 761 2909 1450 762 2910 1467 762 2911 1451 762 2912 1451 763 2913 1468 763 2914 1452 763 2915 1452 764 2916 1469 764 2917 1453 764 2918 1453 765 2919 1470 765 2920 1454 765 2921 1454 766 2922 1471 766 2923 1424 766 2924 1471 767 2925 1425 767 2926 1424 767 2927 1472 768 2928 1426 768 2929 1425 768 2930 1473 769 2931 1427 769 2932 1426 769 2933 1474 770 2934 1428 770 2935 1427 770 2936 1475 771 2937 1429 771 2938 1428 771 2939 1476 772 2940 1430 772 2941 1429 772 2942 1477 773 2943 1431 773 2944 1430 773 2945 1478 774 2946 1432 774 2947 1431 774 2948 1432 775 2949 1480 775 2950 1433 775 2951 1433 776 2952 1481 776 2953 1434 776 2954 1434 777 2955 1482 777 2956 1435 777 2957 1435 778 2958 1483 778 2959 1436 778 2960 1436 779 2961 1484 779 2962 1437 779 2963 1437 780 2964 1485 780 2965 1438 780 2966 1438 781 2967 1486 781 2968 1439 781 2969 1487 782 2970 1440 782 2971 1518 782 2972 1487 783 2973 1409 783 2974 1408 783 2975 1488 784 2976 1410 784 2977 1409 784 2978 1489 785 2979 1411 785 2980 1410 785 2981 1490 786 2982 1412 786 2983 1411 786 2984 1412 787 2985 1492 787 2986 1413 787 2987 1413 788 2988 1493 788 2989 1414 788 2990 1493 789 2991 1415 789 2992 1414 789 2993 1494 790 2994 1416 790 2995 1415 790 2996 1495 791 2997 1417 791 2998 1416 791 2999 1496 792 3000 1418 792 3001 1417 792 3002 1497 793 3003 1419 793 3004 1418 793 3005 1419 794 3006 1499 794 3007 1420 794 3008 1499 795 3009 1421 795 3010 1420 795 3011 1500 796 3012 1422 796 3013 1421 796 3014 1501 797 3015 1423 797 3016 1422 797 3017 1502 798 3018 1424 798 3019 1423 798 3020 1503 799 3021 1454 799 3022 1424 799 3023 1504 800 3024 1453 800 3025 1454 800 3026 1505 801 3027 1452 801 3028 1453 801 3029 1506 802 3030 1451 802 3031 1452 802 3032 1507 803 3033 1450 803 3034 1451 803 3035 1508 804 3036 1449 804 3037 1450 804 3038 1509 805 3039 1448 805 3040 1449 805 3041 1510 806 3042 1447 806 3043 1448 806 3044 1447 807 3045 1512 807 3046 1446 807 3047 1446 808 3048 1513 808 3049 1445 808 3050 1445 809 3051 1514 809 3052 1444 809 3053 1444 810 3054 1515 810 3055 1443 810 3056 1443 811 3057 1516 811 3058 1442 811 3059 1442 812 3060 1517 812 3061 1441 812 3062 1441 813 3063 1518 813 3064 1440 813 3065 1519 814 3066 1582 814 3067 1551 814 3068 1551 815 3069 1520 815 3070 1519 815 3071 1552 816 3072 1521 816 3073 1520 816 3074 1553 817 3075 1522 817 3076 1521 817 3077 1554 818 3078 1523 818 3079 1522 818 3080 1555 819 3081 1524 819 3082 1523 819 3083 1556 820 3084 1525 820 3085 1524 820 3086 1557 821 3087 1526 821 3088 1525 821 3089 1558 822 3090 1527 822 3091 1526 822 3092 1559 823 3093 1528 823 3094 1527 823 3095 1560 824 3096 1529 824 3097 1528 824 3098 1561 825 3099 1530 825 3100 1529 825 3101 1562 826 3102 1531 826 3103 1530 826 3104 1563 827 3105 1532 827 3106 1531 827 3107 1564 828 3108 1533 828 3109 1532 828 3110 1565 829 3111 1534 829 3112 1533 829 3113 1566 830 3114 1535 830 3115 1534 830 3116 1535 831 3117 1568 831 3118 1536 831 3119 1536 832 3120 1569 832 3121 1537 832 3122 1537 833 3123 1570 833 3124 1538 833 3125 1538 834 3126 1571 834 3127 1539 834 3128 1539 835 3129 1572 835 3130 1540 835 3131 1540 836 3132 1573 836 3133 1541 836 3134 1541 837 3135 1574 837 3136 1542 837 3137 1542 838 3138 1575 838 3139 1543 838 3140 1575 839 3141 1544 839 3142 1543 839 3143 1576 840 3144 1545 840 3145 1544 840 3146 1577 841 3147 1546 841 3148 1545 841 3149 1578 842 3150 1547 842 3151 1546 842 3152 1579 843 3153 1548 843 3154 1547 843 3155 1580 844 3156 1549 844 3157 1548 844 3158 1581 845 3159 1550 845 3160 1549 845 3161 1598 846 3162 1582 846 3163 1629 846 3164 1598 847 3165 1583 847 3166 1551 847 3167 1599 848 3168 1584 848 3169 1583 848 3170 1600 849 3171 1585 849 3172 1584 849 3173 1601 850 3174 1586 850 3175 1585 850 3176 1602 851 3177 1587 851 3178 1586 851 3179 1603 852 3180 1588 852 3181 1587 852 3182 1604 853 3183 1589 853 3184 1588 853 3185 1605 854 3186 1590 854 3187 1589 854 3188 1590 855 3189 1607 855 3190 1591 855 3191 1591 856 3192 1608 856 3193 1592 856 3194 1592 857 3195 1609 857 3196 1593 857 3197 1593 858 3198 1610 858 3199 1594 858 3200 1594 859 3201 1611 859 3202 1595 859 3203 1595 860 3204 1612 860 3205 1596 860 3206 1596 861 3207 1613 861 3208 1597 861 3209 1597 862 3210 1614 862 3211 1567 862 3212 1614 863 3213 1568 863 3214 1567 863 3215 1615 864 3216 1569 864 3217 1568 864 3218 1616 865 3219 1570 865 3220 1569 865 3221 1617 866 3222 1571 866 3223 1570 866 3224 1618 867 3225 1572 867 3226 1571 867 3227 1619 868 3228 1573 868 3229 1572 868 3230 1620 869 3231 1574 869 3232 1573 869 3233 1621 870 3234 1575 870 3235 1574 870 3236 1575 871 3237 1623 871 3238 1576 871 3239 1576 872 3240 1624 872 3241 1577 872 3242 1577 873 3243 1625 873 3244 1578 873 3245 1578 874 3246 1626 874 3247 1579 874 3248 1579 875 3249 1627 875 3250 1580 875 3251 1580 876 3252 1628 876 3253 1581 876 3254 1581 877 3255 1629 877 3256 1582 877 3257 1630 878 3258 1583 878 3259 1661 878 3260 1630 879 3261 1552 879 3262 1551 879 3263 1631 880 3264 1553 880 3265 1552 880 3266 1632 881 3267 1554 881 3268 1553 881 3269 1633 882 3270 1555 882 3271 1554 882 3272 1634 883 3273 1556 883 3274 1555 883 3275 1635 884 3276 1557 884 3277 1556 884 3278 1636 885 3279 1558 885 3280 1557 885 3281 1637 886 3282 1559 886 3283 1558 886 3284 1638 887 3285 1560 887 3286 1559 887 3287 1639 888 3288 1561 888 3289 1560 888 3290 1561 889 3291 1641 889 3292 1562 889 3293 1562 890 3294 1642 890 3295 1563 890 3296 1642 891 3297 1564 891 3298 1563 891 3299 1643 892 3300 1565 892 3301 1564 892 3302 1644 893 3303 1566 893 3304 1565 893 3305 1645 894 3306 1567 894 3307 1566 894 3308 1646 895 3309 1597 895 3310 1567 895 3311 1647 896 3312 1596 896 3313 1597 896 3314 1648 897 3315 1595 897 3316 1596 897 3317 1649 898 3318 1594 898 3319 1595 898 3320 1650 899 3321 1593 899 3322 1594 899 3323 1651 900 3324 1592 900 3325 1593 900 3326 1652 901 3327 1591 901 3328 1592 901 3329 1653 902 3330 1590 902 3331 1591 902 3332 1590 903 3333 1655 903 3334 1589 903 3335 1589 904 3336 1656 904 3337 1588 904 3338 1588 905 3339 1657 905 3340 1587 905 3341 1587 906 3342 1658 906 3343 1586 906 3344 1586 907 3345 1659 907 3346 1585 907 3347 1585 908 3348 1660 908 3349 1584 908 3350 1584 909 3351 1661 909 3352 1583 909 3353 1662 910 3354 1725 910 3355 1694 910 3356 1694 911 3357 1663 911 3358 1662 911 3359 1695 912 3360 1664 912 3361 1663 912 3362 1696 913 3363 1665 913 3364 1664 913 3365 1697 914 3366 1666 914 3367 1665 914 3368 1666 915 3369 1699 915 3370 1667 915 3371 1667 916 3372 1700 916 3373 1668 916 3374 1700 917 3375 1669 917 3376 1668 917 3377 1701 918 3378 1670 918 3379 1669 918 3380 1702 919 3381 1671 919 3382 1670 919 3383 1703 920 3384 1672 920 3385 1671 920 3386 1704 921 3387 1673 921 3388 1672 921 3389 1705 922 3390 1674 922 3391 1673 922 3392 1706 923 3393 1675 923 3394 1674 923 3395 1675 924 3396 1708 924 3397 1676 924 3398 1708 925 3399 1677 925 3400 1676 925 3401 1709 926 3402 1678 926 3403 1677 926 3404 1678 927 3405 1711 927 3406 1679 927 3407 1679 749 3408 1712 749 3409 1680 749 3410 1680 748 3411 1713 748 3412 1681 748 3413 1681 928 3414 1714 928 3415 1682 928 3416 1682 929 3417 1715 929 3418 1683 929 3419 1683 930 3420 1716 930 3421 1684 930 3422 1684 931 3423 1717 931 3424 1685 931 3425 1685 932 3426 1718 932 3427 1686 932 3428 1718 933 3429 1687 933 3430 1686 933 3431 1719 934 3432 1688 934 3433 1687 934 3434 1720 935 3435 1689 935 3436 1688 935 3437 1721 416 3438 1690 416 3439 1689 416 3440 1722 936 3441 1691 936 3442 1690 936 3443 1723 937 3444 1692 937 3445 1691 937 3446 1724 938 3447 1693 938 3448 1692 938 3449 1741 939 3450 1725 939 3451 1772 939 3452 1741 940 3453 1726 940 3454 1694 940 3455 1742 941 3456 1727 941 3457 1726 941 3458 1743 942 3459 1728 942 3460 1727 942 3461 1744 943 3462 1729 943 3463 1728 943 3464 1745 944 3465 1730 944 3466 1729 944 3467 1746 945 3468 1731 945 3469 1730 945 3470 1747 946 3471 1732 946 3472 1731 946 3473 1748 947 3474 1733 947 3475 1732 947 3476 1733 948 3477 1750 948 3478 1734 948 3479 1734 949 3480 1751 949 3481 1735 949 3482 1735 873 3483 1752 873 3484 1736 873 3485 1736 950 3486 1753 950 3487 1737 950 3488 1737 951 3489 1754 951 3490 1738 951 3491 1738 952 3492 1755 952 3493 1739 952 3494 1739 953 3495 1756 953 3496 1740 953 3497 1740 954 3498 1757 954 3499 1710 954 3500 1757 955 3501 1711 955 3502 1710 955 3503 1758 956 3504 1712 956 3505 1711 956 3506 1759 957 3507 1713 957 3508 1712 957 3509 1760 958 3510 1714 958 3511 1713 958 3512 1761 959 3513 1715 959 3514 1714 959 3515 1762 960 3516 1716 960 3517 1715 960 3518 1763 961 3519 1717 961 3520 1716 961 3521 1764 962 3522 1718 962 3523 1717 962 3524 1718 963 3525 1766 963 3526 1719 963 3527 1719 964 3528 1767 964 3529 1720 964 3530 1720 965 3531 1768 965 3532 1721 965 3533 1721 966 3534 1769 966 3535 1722 966 3536 1722 967 3537 1770 967 3538 1723 967 3539 1723 968 3540 1771 968 3541 1724 968 3542 1724 969 3543 1772 969 3544 1725 969 3545 1773 970 3546 1726 970 3547 1804 970 3548 1773 830 3549 1695 830 3550 1694 830 3551 1774 971 3552 1696 971 3553 1695 971 3554 1775 972 3555 1697 972 3556 1696 972 3557 1776 973 3558 1698 973 3559 1697 973 3560 1698 974 3561 1778 974 3562 1699 974 3563 1699 975 3564 1779 975 3565 1700 975 3566 1779 792 3567 1701 792 3568 1700 792 3569 1780 976 3570 1702 976 3571 1701 976 3572 1781 977 3573 1703 977 3574 1702 977 3575 1782 978 3576 1704 978 3577 1703 978 3578 1783 820 3579 1705 820 3580 1704 820 3581 1784 979 3582 1706 979 3583 1705 979 3584 1706 980 3585 1786 980 3586 1707 980 3587 1707 981 3588 1787 981 3589 1708 981 3590 1787 982 3591 1709 982 3592 1708 982 3593 1788 983 3594 1710 983 3595 1709 983 3596 1789 984 3597 1740 984 3598 1710 984 3599 1790 985 3600 1739 985 3601 1740 985 3602 1791 986 3603 1738 986 3604 1739 986 3605 1792 987 3606 1737 987 3607 1738 987 3608 1793 988 3609 1736 988 3610 1737 988 3611 1794 989 3612 1735 989 3613 1736 989 3614 1795 990 3615 1734 990 3616 1735 990 3617 1796 991 3618 1733 991 3619 1734 991 3620 1733 992 3621 1798 992 3622 1732 992 3623 1732 993 3624 1799 993 3625 1731 993 3626 1731 994 3627 1800 994 3628 1730 994 3629 1730 995 3630 1801 995 3631 1729 995 3632 1729 996 3633 1802 996 3634 1728 996 3635 1728 997 3636 1803 997 3637 1727 997 3638 1727 998 3639 1804 998 3640 1726 998 3641 1805 999 3642 1868 999 3643 1837 999 3644 1837 1000 3645 1806 1000 3646 1805 1000 3647 1838 1001 3648 1807 1001 3649 1806 1001 3650 1839 1002 3651 1808 1002 3652 1807 1002 3653 1840 1003 3654 1809 1003 3655 1808 1003 3656 1841 1004 3657 1810 1004 3658 1809 1004 3659 1842 1005 3660 1811 1005 3661 1810 1005 3662 1843 1006 3663 1812 1006 3664 1811 1006 3665 1844 1007 3666 1813 1007 3667 1812 1007 3668 1813 1008 3669 1846 1008 3670 1814 1008 3671 1846 1009 3672 1815 1009 3673 1814 1009 3674 1815 1010 3675 1848 1010 3676 1816 1010 3677 1848 1011 3678 1817 1011 3679 1816 1011 3680 1849 1012 3681 1818 1012 3682 1817 1012 3683 1850 1013 3684 1819 1013 3685 1818 1013 3686 1851 1014 3687 1820 1014 3688 1819 1014 3689 1852 1015 3690 1821 1015 3691 1820 1015 3692 1821 1016 3693 1854 1016 3694 1822 1016 3695 1822 1017 3696 1855 1017 3697 1823 1017 3698 1823 1018 3699 1856 1018 3700 1824 1018 3701 1824 1019 3702 1857 1019 3703 1825 1019 3704 1825 1020 3705 1858 1020 3706 1826 1020 3707 1826 1021 3708 1859 1021 3709 1827 1021 3710 1827 1022 3711 1860 1022 3712 1828 1022 3713 1828 1023 3714 1861 1023 3715 1829 1023 3716 1861 1024 3717 1830 1024 3718 1829 1024 3719 1862 1025 3720 1831 1025 3721 1830 1025 3722 1863 1026 3723 1832 1026 3724 1831 1026 3725 1864 1027 3726 1833 1027 3727 1832 1027 3728 1865 1028 3729 1834 1028 3730 1833 1028 3731 1866 1029 3732 1835 1029 3733 1834 1029 3734 1867 1030 3735 1836 1030 3736 1835 1030 3737 1884 1031 3738 1868 1031 3739 1915 1031 3740 1884 1032 3741 1869 1032 3742 1837 1032 3743 1885 1033 3744 1870 1033 3745 1869 1033 3746 1886 1034 3747 1871 1034 3748 1870 1034 3749 1887 1035 3750 1872 1035 3751 1871 1035 3752 1888 1036 3753 1873 1036 3754 1872 1036 3755 1889 1037 3756 1874 1037 3757 1873 1037 3758 1890 1038 3759 1875 1038 3760 1874 1038 3761 1891 1039 3762 1876 1039 3763 1875 1039 3764 1876 1040 3765 1893 1040 3766 1877 1040 3767 1877 1041 3768 1894 1041 3769 1878 1041 3770 1878 1042 3771 1895 1042 3772 1879 1042 3773 1879 1043 3774 1896 1043 3775 1880 1043 3776 1880 1044 3777 1897 1044 3778 1881 1044 3779 1881 1045 3780 1898 1045 3781 1882 1045 3782 1882 1046 3783 1899 1046 3784 1883 1046 3785 1883 1047 3786 1900 1047 3787 1853 1047 3788 1900 1048 3789 1854 1048 3790 1853 1048 3791 1901 1049 3792 1855 1049 3793 1854 1049 3794 1902 1050 3795 1856 1050 3796 1855 1050 3797 1903 1051 3798 1857 1051 3799 1856 1051 3800 1904 1052 3801 1858 1052 3802 1857 1052 3803 1905 1053 3804 1859 1053 3805 1858 1053 3806 1906 1054 3807 1860 1054 3808 1859 1054 3809 1907 1055 3810 1861 1055 3811 1860 1055 3812 1861 1056 3813 1909 1056 3814 1862 1056 3815 1862 1057 3816 1910 1057 3817 1863 1057 3818 1863 1058 3819 1911 1058 3820 1864 1058 3821 1864 1059 3822 1912 1059 3823 1865 1059 3824 1865 1060 3825 1913 1060 3826 1866 1060 3827 1866 1061 3828 1914 1061 3829 1867 1061 3830 1867 1062 3831 1915 1062 3832 1868 1062 3833 1916 1063 3834 1869 1063 3835 1947 1063 3836 1916 1064 3837 1838 1064 3838 1837 1064 3839 1917 1065 3840 1839 1065 3841 1838 1065 3842 1918 1066 3843 1840 1066 3844 1839 1066 3845 1919 818 3846 1841 818 3847 1840 818 3848 1920 979 3849 1842 979 3850 1841 979 3851 1921 1067 3852 1843 1067 3853 1842 1067 3854 1922 1068 3855 1844 1068 3856 1843 1068 3857 1844 1069 3858 1924 1069 3859 1845 1069 3860 1845 1070 3861 1925 1070 3862 1846 1070 3863 1925 1071 3864 1847 1071 3865 1846 1071 3866 1926 1072 3867 1848 1072 3868 1847 1072 3869 1927 1073 3870 1849 1073 3871 1848 1073 3872 1928 1074 3873 1850 1074 3874 1849 1074 3875 1929 1075 3876 1851 1075 3877 1850 1075 3878 1930 1076 3879 1852 1076 3880 1851 1076 3881 1931 1077 3882 1853 1077 3883 1852 1077 3884 1932 1078 3885 1883 1078 3886 1853 1078 3887 1933 1079 3888 1882 1079 3889 1883 1079 3890 1934 1080 3891 1881 1080 3892 1882 1080 3893 1935 1081 3894 1880 1081 3895 1881 1081 3896 1936 1082 3897 1879 1082 3898 1880 1082 3899 1937 1083 3900 1878 1083 3901 1879 1083 3902 1938 1084 3903 1877 1084 3904 1878 1084 3905 1939 1085 3906 1876 1085 3907 1877 1085 3908 1876 1086 3909 1941 1086 3910 1875 1086 3911 1875 1087 3912 1942 1087 3913 1874 1087 3914 1874 1088 3915 1943 1088 3916 1873 1088 3917 1873 1089 3918 1944 1089 3919 1872 1089 3920 1872 1090 3921 1945 1090 3922 1871 1090 3923 1871 1091 3924 1946 1091 3925 1870 1091 3926 1870 1092 3927 1947 1092 3928 1869 1092 3929 1949 1093 3930 1950 1093 3931 1948 1093 3932 1951 1094 3933 1952 1094 3934 1950 1094 3935 1953 1095 3936 1954 1095 3937 1952 1095 3938 1955 1096 3939 1956 1096 3940 1954 1096 3941 1957 1097 3942 1958 1097 3943 1956 1097 3944 1959 1098 3945 1960 1098 3946 1958 1098 3947 1961 0 3948 1957 0 3949 1953 0 3950 1961 1099 3951 1962 1099 3952 1960 1099 3953 1963 1100 3954 1948 1100 3955 1962 1100 3956 1960 1101 3957 1962 1101 3958 1954 1101 3959 1965 1102 3960 1966 1102 3961 1964 1102 3962 1967 1103 3963 1968 1103 3964 1966 1103 3965 1969 1095 3966 1970 1095 3967 1968 1095 3968 1971 1104 3969 1972 1104 3970 1970 1104 3971 1973 1105 3972 1974 1105 3973 1972 1105 3974 1975 1106 3975 1976 1106 3976 1974 1106 3977 1977 0 3978 1973 0 3979 1969 0 3980 1977 1107 3981 1978 1107 3982 1976 1107 3983 1979 1108 3984 1964 1108 3985 1978 1108 3986 1976 1109 3987 1978 1109 3988 1970 1109 3989 1981 1110 3990 1982 1110 3991 1980 1110 3992 1983 1111 3993 1984 1111 3994 1982 1111 3995 1985 1112 3996 1986 1112 3997 1984 1112 3998 1987 1113 3999 1988 1113 4000 1986 1113 4001 1989 1114 4002 1990 1114 4003 1988 1114 4004 1991 1115 4005 1992 1115 4006 1990 1115 4007 1981 5 4008 1993 5 4009 1989 5 4010 1993 1116 4011 1994 1116 4012 1992 1116 4013 1995 1117 4014 1980 1117 4015 1994 1117 4016 1992 4 4017 1994 4 4018 1986 4 4019 1997 1118 4020 1998 1118 4021 1996 1118 4022 1999 1119 4023 2000 1119 4024 1998 1119 4025 2001 1120 4026 2002 1120 4027 2000 1120 4028 2003 1121 4029 2004 1121 4030 2002 1121 4031 2005 1122 4032 2006 1122 4033 2004 1122 4034 2007 1123 4035 2008 1123 4036 2006 1123 4037 1997 5 4038 2009 5 4039 2005 5 4040 2009 1124 4041 2010 1124 4042 2008 1124 4043 2011 1125 4044 1996 1125 4045 2010 1125 4046 2008 4 4047 2010 4 4048 2002 4 4049 2013 1126 4050 2014 1126 4051 2012 1126 4052 2014 1127 4053 2017 1127 4054 2016 1127 4055 2017 1112 4056 2018 1112 4057 2016 1112 4058 2019 1128 4059 2020 1128 4060 2018 1128 4061 2021 1129 4062 2022 1129 4063 2020 1129 4064 2023 1130 4065 2024 1130 4066 2022 1130 4067 2013 1131 4068 2025 1131 4069 2021 1131 4070 2025 1132 4071 2026 1132 4072 2024 1132 4073 2027 1133 4074 2012 1133 4075 2026 1133 4076 2026 4 4077 2014 4 4078 2018 4 4079 2029 1134 4080 2030 1134 4081 2028 1134 4082 2030 1135 4083 2033 1135 4084 2032 1135 4085 2033 1120 4086 2034 1120 4087 2032 1120 4088 2035 1136 4089 2036 1136 4090 2034 1136 4091 2037 1137 4092 2038 1137 4093 2036 1137 4094 2039 1138 4095 2040 1138 4096 2038 1138 4097 2029 1139 4098 2041 1139 4099 2037 1139 4100 2041 1140 4101 2042 1140 4102 2040 1140 4103 2043 1141 4104 2028 1141 4105 2042 1141 4106 2042 4 4107 2030 4 4108 2034 4 4109 2044 1142 4110 2107 1142 4111 2076 1142 4112 2076 1143 4113 2045 1143 4114 2044 1143 4115 2077 1144 4116 2046 1144 4117 2045 1144 4118 2078 1145 4119 2047 1145 4120 2046 1145 4121 2079 1146 4122 2048 1146 4123 2047 1146 4124 2080 1147 4125 2049 1147 4126 2048 1147 4127 2081 732 4128 2050 732 4129 2049 732 4130 2082 1148 4131 2051 1148 4132 2050 1148 4133 2083 1149 4134 2052 1149 4135 2051 1149 4136 2084 1150 4137 2053 1150 4138 2052 1150 4139 2085 1151 4140 2054 1151 4141 2053 1151 4142 2086 1152 4143 2055 1152 4144 2054 1152 4145 2087 1153 4146 2056 1153 4147 2055 1153 4148 2088 1154 4149 2057 1154 4150 2056 1154 4151 2089 1155 4152 2058 1155 4153 2057 1155 4154 2090 1156 4155 2059 1156 4156 2058 1156 4157 2091 1157 4158 2060 1157 4159 2059 1157 4160 2060 1158 4161 2093 1158 4162 2061 1158 4163 2061 1159 4164 2094 1159 4165 2062 1159 4166 2062 1160 4167 2095 1160 4168 2063 1160 4169 2063 1161 4170 2096 1161 4171 2064 1161 4172 2064 1162 4173 2097 1162 4174 2065 1162 4175 2065 1163 4176 2098 1163 4177 2066 1163 4178 2066 1164 4179 2099 1164 4180 2067 1164 4181 2067 1165 4182 2100 1165 4183 2068 1165 4184 2100 1166 4185 2069 1166 4186 2068 1166 4187 2101 1167 4188 2070 1167 4189 2069 1167 4190 2102 1168 4191 2071 1168 4192 2070 1168 4193 2103 1169 4194 2072 1169 4195 2071 1169 4196 2104 1170 4197 2073 1170 4198 2072 1170 4199 2105 1171 4200 2074 1171 4201 2073 1171 4202 2106 1172 4203 2075 1172 4204 2074 1172 4205 2123 1173 4206 2107 1173 4207 2154 1173 4208 2123 1174 4209 2108 1174 4210 2076 1174 4211 2124 1175 4212 2109 1175 4213 2108 1175 4214 2125 1176 4215 2110 1176 4216 2109 1176 4217 2126 1177 4218 2111 1177 4219 2110 1177 4220 2127 1178 4221 2112 1178 4222 2111 1178 4223 2128 1179 4224 2113 1179 4225 2112 1179 4226 2129 1180 4227 2114 1180 4228 2113 1180 4229 2130 1181 4230 2115 1181 4231 2114 1181 4232 2115 1182 4233 2132 1182 4234 2116 1182 4235 2116 1183 4236 2133 1183 4237 2117 1183 4238 2117 1184 4239 2134 1184 4240 2118 1184 4241 2118 1185 4242 2135 1185 4243 2119 1185 4244 2119 1186 4245 2136 1186 4246 2120 1186 4247 2120 1187 4248 2137 1187 4249 2121 1187 4250 2121 1188 4251 2138 1188 4252 2122 1188 4253 2122 1189 4254 2139 1189 4255 2092 1189 4256 2139 1190 4257 2093 1190 4258 2092 1190 4259 2140 1191 4260 2094 1191 4261 2093 1191 4262 2141 1192 4263 2095 1192 4264 2094 1192 4265 2142 1193 4266 2096 1193 4267 2095 1193 4268 2143 1194 4269 2097 1194 4270 2096 1194 4271 2144 1195 4272 2098 1195 4273 2097 1195 4274 2145 1196 4275 2099 1196 4276 2098 1196 4277 2146 1197 4278 2100 1197 4279 2099 1197 4280 2100 1198 4281 2148 1198 4282 2101 1198 4283 2101 1199 4284 2149 1199 4285 2102 1199 4286 2102 1200 4287 2150 1200 4288 2103 1200 4289 2103 1201 4290 2151 1201 4291 2104 1201 4292 2104 1202 4293 2152 1202 4294 2105 1202 4295 2105 1203 4296 2153 1203 4297 2106 1203 4298 2106 1204 4299 2154 1204 4300 2107 1204 4301 2155 1205 4302 2108 1205 4303 2186 1205 4304 2155 1206 4305 2077 1206 4306 2076 1206 4307 2156 1207 4308 2078 1207 4309 2077 1207 4310 2157 1208 4311 2079 1208 4312 2078 1208 4313 2158 1209 4314 2080 1209 4315 2079 1209 4316 2159 1210 4317 2081 1210 4318 2080 1210 4319 2160 1211 4320 2082 1211 4321 2081 1211 4322 2161 1212 4323 2083 1212 4324 2082 1212 4325 2162 1213 4326 2084 1213 4327 2083 1213 4328 2163 1214 4329 2085 1214 4330 2084 1214 4331 2164 1215 4332 2086 1215 4333 2085 1215 4334 2165 1216 4335 2087 1216 4336 2086 1216 4337 2166 1217 4338 2088 1217 4339 2087 1217 4340 2167 1218 4341 2089 1218 4342 2088 1218 4343 2168 1219 4344 2090 1219 4345 2089 1219 4346 2169 1220 4347 2091 1220 4348 2090 1220 4349 2170 1221 4350 2092 1221 4351 2091 1221 4352 2171 1222 4353 2122 1222 4354 2092 1222 4355 2172 1223 4356 2121 1223 4357 2122 1223 4358 2173 1224 4359 2120 1224 4360 2121 1224 4361 2174 1225 4362 2119 1225 4363 2120 1225 4364 2175 1226 4365 2118 1226 4366 2119 1226 4367 2176 1227 4368 2117 1227 4369 2118 1227 4370 2177 1228 4371 2116 1228 4372 2117 1228 4373 2178 1229 4374 2115 1229 4375 2116 1229 4376 2115 1230 4377 2180 1230 4378 2114 1230 4379 2114 1231 4380 2181 1231 4381 2113 1231 4382 2113 1232 4383 2182 1232 4384 2112 1232 4385 2112 1233 4386 2183 1233 4387 2111 1233 4388 2111 1234 4389 2184 1234 4390 2110 1234 4391 2110 1235 4392 2185 1235 4393 2109 1235 4394 2109 1236 4395 2186 1236 4396 2108 1236 4397 2187 1237 4398 2250 1237 4399 2219 1237 4400 2219 918 4401 2188 918 4402 2187 918 4403 2220 1238 4404 2189 1238 4405 2188 1238 4406 2221 1239 4407 2190 1239 4408 2189 1239 4409 2222 1240 4410 2191 1240 4411 2190 1240 4412 2223 1241 4413 2192 1241 4414 2191 1241 4415 2224 1242 4416 2193 1242 4417 2192 1242 4418 2225 1243 4419 2194 1243 4420 2193 1243 4421 2226 1244 4422 2195 1244 4423 2194 1244 4424 2227 1245 4425 2196 1245 4426 2195 1245 4427 2228 1246 4428 2197 1246 4429 2196 1246 4430 2229 1247 4431 2198 1247 4432 2197 1247 4433 2198 1248 4434 2231 1248 4435 2199 1248 4436 2199 1249 4437 2232 1249 4438 2200 1249 4439 2232 1250 4440 2201 1250 4441 2200 1250 4442 2201 1251 4443 2234 1251 4444 2202 1251 4445 2202 1252 4446 2235 1252 4447 2203 1252 4448 2203 1253 4449 2236 1253 4450 2204 1253 4451 2204 1254 4452 2237 1254 4453 2205 1254 4454 2205 1255 4455 2238 1255 4456 2206 1255 4457 2206 1256 4458 2239 1256 4459 2207 1256 4460 2207 1162 4461 2240 1162 4462 2208 1162 4463 2208 1257 4464 2241 1257 4465 2209 1257 4466 2209 1258 4467 2242 1258 4468 2210 1258 4469 2210 1259 4470 2243 1259 4471 2211 1259 4472 2243 1260 4473 2212 1260 4474 2211 1260 4475 2244 1261 4476 2213 1261 4477 2212 1261 4478 2245 1262 4479 2214 1262 4480 2213 1262 4481 2246 1263 4482 2215 1263 4483 2214 1263 4484 2247 1264 4485 2216 1264 4486 2215 1264 4487 2248 1265 4488 2217 1265 4489 2216 1265 4490 2249 1266 4491 2218 1266 4492 2217 1266 4493 2266 1173 4494 2250 1173 4495 2297 1173 4496 2266 1267 4497 2251 1267 4498 2219 1267 4499 2267 1268 4500 2252 1268 4501 2251 1268 4502 2268 1269 4503 2253 1269 4504 2252 1269 4505 2269 1270 4506 2254 1270 4507 2253 1270 4508 2270 1271 4509 2255 1271 4510 2254 1271 4511 2271 1272 4512 2256 1272 4513 2255 1272 4514 2272 1273 4515 2257 1273 4516 2256 1273 4517 2273 1274 4518 2258 1274 4519 2257 1274 4520 2258 1275 4521 2275 1275 4522 2259 1275 4523 2259 1276 4524 2276 1276 4525 2260 1276 4526 2260 1277 4527 2277 1277 4528 2261 1277 4529 2261 1278 4530 2278 1278 4531 2262 1278 4532 2262 1279 4533 2279 1279 4534 2263 1279 4535 2263 1280 4536 2280 1280 4537 2264 1280 4538 2264 1281 4539 2281 1281 4540 2265 1281 4541 2265 1282 4542 2282 1282 4543 2235 1282 4544 2282 1283 4545 2236 1283 4546 2235 1283 4547 2283 1284 4548 2237 1284 4549 2236 1284 4550 2284 1285 4551 2238 1285 4552 2237 1285 4553 2285 1286 4554 2239 1286 4555 2238 1286 4556 2286 1287 4557 2240 1287 4558 2239 1287 4559 2287 1288 4560 2241 1288 4561 2240 1288 4562 2288 1289 4563 2242 1289 4564 2241 1289 4565 2289 1290 4566 2243 1290 4567 2242 1290 4568 2243 1291 4569 2291 1291 4570 2244 1291 4571 2244 1292 4572 2292 1292 4573 2245 1292 4574 2245 1293 4575 2293 1293 4576 2246 1293 4577 2246 1294 4578 2294 1294 4579 2247 1294 4580 2247 1295 4581 2295 1295 4582 2248 1295 4583 2248 1296 4584 2296 1296 4585 2249 1296 4586 2249 1297 4587 2297 1297 4588 2250 1297 4589 2298 1298 4590 2251 1298 4591 2329 1298 4592 2298 1299 4593 2220 1299 4594 2219 1299 4595 2299 1300 4596 2221 1300 4597 2220 1300 4598 2300 1239 4599 2222 1239 4600 2221 1239 4601 2301 1301 4602 2223 1301 4603 2222 1301 4604 2302 795 4605 2224 795 4606 2223 795 4607 2303 1302 4608 2225 1302 4609 2224 1302 4610 2304 1303 4611 2226 1303 4612 2225 1303 4613 2305 1304 4614 2227 1304 4615 2226 1304 4616 2227 1305 4617 2307 1305 4618 2228 1305 4619 2228 1306 4620 2308 1306 4621 2229 1306 4622 2229 1307 4623 2309 1307 4624 2230 1307 4625 2230 1308 4626 2310 1308 4627 2231 1308 4628 2231 1309 4629 2311 1309 4630 2232 1309 4631 2232 1250 4632 2312 1250 4633 2233 1250 4634 2312 1310 4635 2234 1310 4636 2233 1310 4637 2313 1311 4638 2235 1311 4639 2234 1311 4640 2314 1312 4641 2265 1312 4642 2235 1312 4643 2315 1313 4644 2264 1313 4645 2265 1313 4646 2316 1314 4647 2263 1314 4648 2264 1314 4649 2317 1315 4650 2262 1315 4651 2263 1315 4652 2318 1316 4653 2261 1316 4654 2262 1316 4655 2319 1317 4656 2260 1317 4657 2261 1317 4658 2320 1318 4659 2259 1318 4660 2260 1318 4661 2321 1319 4662 2258 1319 4663 2259 1319 4664 2258 1230 4665 2323 1230 4666 2257 1230 4667 2257 1320 4668 2324 1320 4669 2256 1320 4670 2256 1321 4671 2325 1321 4672 2255 1321 4673 2255 1322 4674 2326 1322 4675 2254 1322 4676 2254 1234 4677 2327 1234 4678 2253 1234 4679 2253 549 4680 2328 549 4681 2252 549 4682 2252 1323 4683 2329 1323 4684 2251 1323 4685 2330 1324 4686 2393 1324 4687 2362 1324 4688 2362 1311 4689 2331 1311 4690 2330 1311 4691 2363 1325 4692 2332 1325 4693 2331 1325 4694 2364 1326 4695 2333 1326 4696 2332 1326 4697 2333 1327 4698 2366 1327 4699 2334 1327 4700 2366 1328 4701 2335 1328 4702 2334 1328 4703 2367 1329 4704 2336 1329 4705 2335 1329 4706 2368 1330 4707 2337 1330 4708 2336 1330 4709 2369 1331 4710 2338 1331 4711 2337 1331 4712 2370 1332 4713 2339 1332 4714 2338 1332 4715 2371 1333 4716 2340 1333 4717 2339 1333 4718 2372 1334 4719 2341 1334 4720 2340 1334 4721 2373 1335 4722 2342 1335 4723 2341 1335 4724 2374 1336 4725 2343 1336 4726 2342 1336 4727 2375 1337 4728 2344 1337 4729 2343 1337 4730 2376 728 4731 2345 728 4732 2344 728 4733 2377 1299 4734 2346 1299 4735 2345 1299 4736 2346 1298 4737 2379 1298 4738 2347 1298 4739 2347 1338 4740 2380 1338 4741 2348 1338 4742 2348 1339 4743 2381 1339 4744 2349 1339 4745 2349 1340 4746 2382 1340 4747 2350 1340 4748 2350 1341 4749 2383 1341 4750 2351 1341 4751 2351 1342 4752 2384 1342 4753 2352 1342 4754 2352 1343 4755 2385 1343 4756 2353 1343 4757 2353 1344 4758 2386 1344 4759 2354 1344 4760 2386 1345 4761 2355 1345 4762 2354 1345 4763 2387 1346 4764 2356 1346 4765 2355 1346 4766 2388 1347 4767 2357 1347 4768 2356 1347 4769 2389 1348 4770 2358 1348 4771 2357 1348 4772 2390 1349 4773 2359 1349 4774 2358 1349 4775 2391 1350 4776 2360 1350 4777 2359 1350 4778 2392 1351 4779 2361 1351 4780 2360 1351 4781 2409 1352 4782 2393 1352 4783 2440 1352 4784 2409 1353 4785 2394 1353 4786 2362 1353 4787 2410 1354 4788 2395 1354 4789 2394 1354 4790 2411 1355 4791 2396 1355 4792 2395 1355 4793 2412 1356 4794 2397 1356 4795 2396 1356 4796 2413 1357 4797 2398 1357 4798 2397 1357 4799 2414 1358 4800 2399 1358 4801 2398 1358 4802 2415 1359 4803 2400 1359 4804 2399 1359 4805 2416 1360 4806 2401 1360 4807 2400 1360 4808 2401 1361 4809 2418 1361 4810 2402 1361 4811 2402 1362 4812 2419 1362 4813 2403 1362 4814 2403 1363 4815 2420 1363 4816 2404 1363 4817 2404 1364 4818 2421 1364 4819 2405 1364 4820 2405 1365 4821 2422 1365 4822 2406 1365 4823 2406 1366 4824 2423 1366 4825 2407 1366 4826 2407 1367 4827 2424 1367 4828 2408 1367 4829 2408 1368 4830 2425 1368 4831 2378 1368 4832 2425 1369 4833 2379 1369 4834 2378 1369 4835 2426 1370 4836 2380 1370 4837 2379 1370 4838 2427 1371 4839 2381 1371 4840 2380 1371 4841 2428 1372 4842 2382 1372 4843 2381 1372 4844 2429 1373 4845 2383 1373 4846 2382 1373 4847 2430 1374 4848 2384 1374 4849 2383 1374 4850 2431 1375 4851 2385 1375 4852 2384 1375 4853 2432 1376 4854 2386 1376 4855 2385 1376 4856 2386 1377 4857 2434 1377 4858 2387 1377 4859 2387 1378 4860 2435 1378 4861 2388 1378 4862 2388 1379 4863 2436 1379 4864 2389 1379 4865 2389 1380 4866 2437 1380 4867 2390 1380 4868 2390 1381 4869 2438 1381 4870 2391 1381 4871 2391 1382 4872 2439 1382 4873 2392 1382 4874 2392 1383 4875 2440 1383 4876 2393 1383 4877 2441 1384 4878 2394 1384 4879 2472 1384 4880 2441 1252 4881 2363 1252 4882 2362 1252 4883 2442 1385 4884 2364 1385 4885 2363 1385 4886 2443 1386 4887 2365 1386 4888 2364 1386 4889 2444 1387 4890 2366 1387 4891 2365 1387 4892 2445 1388 4893 2367 1388 4894 2366 1388 4895 2446 1216 4896 2368 1216 4897 2367 1216 4898 2447 1389 4899 2369 1389 4900 2368 1389 4901 2448 1390 4902 2370 1390 4903 2369 1390 4904 2449 1213 4905 2371 1213 4906 2370 1213 4907 2450 1391 4908 2372 1391 4909 2371 1391 4910 2451 1211 4911 2373 1211 4912 2372 1211 4913 2452 1392 4914 2374 1392 4915 2373 1392 4916 2453 1393 4917 2375 1393 4918 2374 1393 4919 2375 1394 4920 2455 1394 4921 2376 1394 4922 2455 1395 4923 2377 1395 4924 2376 1395 4925 2456 1396 4926 2378 1396 4927 2377 1396 4928 2457 1397 4929 2408 1397 4930 2378 1397 4931 2458 1398 4932 2407 1398 4933 2408 1398 4934 2459 1399 4935 2406 1399 4936 2407 1399 4937 2460 1400 4938 2405 1400 4939 2406 1400 4940 2461 1401 4941 2404 1401 4942 2405 1401 4943 2462 1402 4944 2403 1402 4945 2404 1402 4946 2463 1403 4947 2402 1403 4948 2403 1403 4949 2464 1404 4950 2401 1404 4951 2402 1404 4952 2401 1405 4953 2466 1405 4954 2400 1405 4955 2400 1406 4956 2467 1406 4957 2399 1406 4958 2399 1407 4959 2468 1407 4960 2398 1407 4961 2398 1408 4962 2469 1408 4963 2397 1408 4964 2397 1409 4965 2470 1409 4966 2396 1409 4967 2396 1410 4968 2471 1410 4969 2395 1410 4970 2395 1411 4971 2472 1411 4972 2394 1411 4973 2473 1412 4974 2536 1412 4975 2505 1412 4976 2505 1413 4977 2474 1413 4978 2473 1413 4979 2506 1414 4980 2475 1414 4981 2474 1414 4982 2507 1415 4983 2476 1415 4984 2475 1415 4985 2508 1416 4986 2477 1416 4987 2476 1416 4988 2509 973 4989 2478 973 4990 2477 973 4991 2510 1417 4992 2479 1417 4993 2478 1417 4994 2511 1418 4995 2480 1418 4996 2479 1418 4997 2512 1419 4998 2481 1419 4999 2480 1419 5000 2513 1420 5001 2482 1420 5002 2481 1420 5003 2514 1421 5004 2483 1421 5005 2482 1421 5006 2515 1422 5007 2484 1422 5008 2483 1422 5009 2516 1423 5010 2485 1423 5011 2484 1423 5012 2517 1424 5013 2486 1424 5014 2485 1424 5015 2518 1425 5016 2487 1425 5017 2486 1425 5018 2519 1426 5019 2488 1426 5020 2487 1426 5021 2520 1427 5022 2489 1427 5023 2488 1427 5024 2489 1428 5025 2522 1428 5026 2490 1428 5027 2490 1429 5028 2523 1429 5029 2491 1429 5030 2491 1430 5031 2524 1430 5032 2492 1430 5033 2492 1431 5034 2525 1431 5035 2493 1431 5036 2493 1432 5037 2526 1432 5038 2494 1432 5039 2494 1433 5040 2527 1433 5041 2495 1433 5042 2495 1434 5043 2528 1434 5044 2496 1434 5045 2496 1435 5046 2529 1435 5047 2497 1435 5048 2529 1436 5049 2498 1436 5050 2497 1436 5051 2530 1437 5052 2499 1437 5053 2498 1437 5054 2531 1438 5055 2500 1438 5056 2499 1438 5057 2532 1439 5058 2501 1439 5059 2500 1439 5060 2533 1440 5061 2502 1440 5062 2501 1440 5063 2534 1441 5064 2503 1441 5065 2502 1441 5066 2535 1442 5067 2504 1442 5068 2503 1442 5069 2552 1443 5070 2536 1443 5071 2583 1443 5072 2552 1444 5073 2537 1444 5074 2505 1444 5075 2553 1445 5076 2538 1445 5077 2537 1445 5078 2554 1446 5079 2539 1446 5080 2538 1446 5081 2555 1447 5082 2540 1447 5083 2539 1447 5084 2556 1448 5085 2541 1448 5086 2540 1448 5087 2557 1449 5088 2542 1449 5089 2541 1449 5090 2558 1450 5091 2543 1450 5092 2542 1450 5093 2559 1451 5094 2544 1451 5095 2543 1451 5096 2544 1452 5097 2561 1452 5098 2545 1452 5099 2545 1453 5100 2562 1453 5101 2546 1453 5102 2546 1454 5103 2563 1454 5104 2547 1454 5105 2547 1455 5106 2564 1455 5107 2548 1455 5108 2548 1456 5109 2565 1456 5110 2549 1456 5111 2549 1457 5112 2566 1457 5113 2550 1457 5114 2550 1458 5115 2567 1458 5116 2551 1458 5117 2551 1459 5118 2568 1459 5119 2521 1459 5120 2568 1460 5121 2522 1460 5122 2521 1460 5123 2569 1461 5124 2523 1461 5125 2522 1461 5126 2570 1462 5127 2524 1462 5128 2523 1462 5129 2571 1463 5130 2525 1463 5131 2524 1463 5132 2572 1464 5133 2526 1464 5134 2525 1464 5135 2573 1465 5136 2527 1465 5137 2526 1465 5138 2574 1466 5139 2528 1466 5140 2527 1466 5141 2575 1467 5142 2529 1467 5143 2528 1467 5144 2529 1468 5145 2577 1468 5146 2530 1468 5147 2530 1469 5148 2578 1469 5149 2531 1469 5150 2531 1470 5151 2579 1470 5152 2532 1470 5153 2532 1471 5154 2580 1471 5155 2533 1471 5156 2533 1472 5157 2581 1472 5158 2534 1472 5159 2534 1473 5160 2582 1473 5161 2535 1473 5162 2535 1474 5163 2583 1474 5164 2536 1474 5165 2584 1475 5166 2537 1475 5167 2615 1475 5168 2584 1476 5169 2506 1476 5170 2505 1476 5171 2585 1477 5172 2507 1477 5173 2506 1477 5174 2586 1478 5175 2508 1478 5176 2507 1478 5177 2587 1479 5178 2509 1479 5179 2508 1479 5180 2588 973 5181 2510 973 5182 2509 973 5183 2589 1480 5184 2511 1480 5185 2510 1480 5186 2590 1481 5187 2512 1481 5188 2511 1481 5189 2591 1244 5190 2513 1244 5191 2512 1244 5192 2592 1482 5193 2514 1482 5194 2513 1482 5195 2593 1483 5196 2515 1483 5197 2514 1483 5198 2594 1484 5199 2516 1484 5200 2515 1484 5201 2595 1485 5202 2517 1485 5203 2516 1485 5204 2596 1486 5205 2518 1486 5206 2517 1486 5207 2597 1487 5208 2519 1487 5209 2518 1487 5210 2598 1325 5211 2520 1325 5212 2519 1325 5213 2599 1488 5214 2521 1488 5215 2520 1488 5216 2600 1489 5217 2551 1489 5218 2521 1489 5219 2601 1490 5220 2550 1490 5221 2551 1490 5222 2602 1491 5223 2549 1491 5224 2550 1491 5225 2603 1492 5226 2548 1492 5227 2549 1492 5228 2604 1493 5229 2547 1493 5230 2548 1493 5231 2605 1494 5232 2546 1494 5233 2547 1494 5234 2606 1495 5235 2545 1495 5236 2546 1495 5237 2607 1496 5238 2544 1496 5239 2545 1496 5240 2544 1497 5241 2609 1497 5242 2543 1497 5243 2543 1498 5244 2610 1498 5245 2542 1498 5246 2542 1499 5247 2611 1499 5248 2541 1499 5249 2541 1500 5250 2612 1500 5251 2540 1500 5252 2540 1501 5253 2613 1501 5254 2539 1501 5255 2539 1502 5256 2614 1502 5257 2538 1502 5258 2538 1503 5259 2615 1503 5260 2537 1503 5261 2617 1504 5262 2618 1504 5263 2616 1504 5264 2619 1505 5265 2620 1505 5266 2618 1505 5267 2621 1506 5268 2622 1506 5269 2620 1506 5270 2622 1507 5271 2625 1507 5272 2624 1507 5273 2624 1508 5274 2627 1508 5275 2626 1508 5276 2627 1509 5277 2628 1509 5278 2626 1509 5279 2623 3 5280 2621 3 5281 2629 3 5282 2629 1510 5283 2630 1510 5284 2628 1510 5285 2631 1511 5286 2616 1511 5287 2630 1511 5288 2622 1 5289 2626 1 5290 2630 1 5291 2633 1512 5292 2634 1512 5293 2632 1512 5294 2635 1513 5295 2636 1513 5296 2634 1513 5297 2637 1514 5298 2638 1514 5299 2636 1514 5300 2638 1515 5301 2641 1515 5302 2640 1515 5303 2640 1516 5304 2643 1516 5305 2642 1516 5306 2643 1517 5307 2644 1517 5308 2642 1517 5309 2641 3 5310 2639 3 5311 2637 3 5312 2645 1518 5313 2646 1518 5314 2644 1518 5315 2647 1519 5316 2632 1519 5317 2646 1519 5318 2638 1 5319 2642 1 5320 2646 1 5321 2649 1520 5322 2650 1520 5323 2648 1520 5324 2651 1521 5325 2652 1521 5326 2650 1521 5327 2653 1522 5328 2654 1522 5329 2652 1522 5330 2655 1523 5331 2656 1523 5332 2654 1523 5333 2657 1524 5334 2658 1524 5335 2656 1524 5336 2659 1525 5337 2660 1525 5338 2658 1525 5339 2649 5 5340 2661 5 5341 2657 5 5342 2661 1526 5343 2662 1526 5344 2660 1526 5345 2663 1527 5346 2648 1527 5347 2662 1527 5348 2660 1528 5349 2662 1528 5350 2654 1528 5351 2665 1520 5352 2666 1520 5353 2664 1520 5354 2667 1529 5355 2668 1529 5356 2666 1529 5357 2669 1530 5358 2670 1530 5359 2668 1530 5360 2671 1531 5361 2672 1531 5362 2670 1531 5363 2673 1532 5364 2674 1532 5365 2672 1532 5366 2675 1533 5367 2676 1533 5368 2674 1533 5369 2665 5 5370 2677 5 5371 2673 5 5372 2677 1534 5373 2678 1534 5374 2676 1534 5375 2679 1535 5376 2664 1535 5377 2678 1535 5378 2676 1536 5379 2678 1536 5380 2670 1536 5381 2681 1537 5382 2682 1537 5383 2680 1537 5384 2683 1538 5385 2684 1538 5386 2682 1538 5387 2685 1522 5388 2686 1522 5389 2684 1522 5390 2686 1539 5391 2689 1539 5392 2688 1539 5393 2689 1540 5394 2690 1540 5395 2688 1540 5396 2691 1541 5397 2692 1541 5398 2690 1541 5399 2681 1542 5400 2693 1542 5401 2689 1542 5402 2693 1543 5403 2694 1543 5404 2692 1543 5405 2695 1544 5406 2680 1544 5407 2694 1544 5408 2694 4 5409 2682 4 5410 2686 4 5411 2697 1537 5412 2698 1537 5413 2696 1537 5414 2699 1545 5415 2700 1545 5416 2698 1545 5417 2701 1530 5418 2702 1530 5419 2700 1530 5420 2702 1539 5421 2705 1539 5422 2704 1539 5423 2705 1546 5424 2706 1546 5425 2704 1546 5426 2707 1547 5427 2708 1547 5428 2706 1547 5429 2697 1548 5430 2709 1548 5431 2705 1548 5432 2709 1549 5433 2710 1549 5434 2708 1549 5435 2711 1550 5436 2696 1550 5437 2710 1550 5438 2710 4 5439 2698 4 5440 2702 4 5441 2712 1551 5442 2775 1551 5443 2744 1551 5444 2744 1552 5445 2713 1552 5446 2712 1552 5447 2745 1553 5448 2714 1553 5449 2713 1553 5450 2746 1554 5451 2715 1554 5452 2714 1554 5453 2747 1555 5454 2716 1555 5455 2715 1555 5456 2748 1556 5457 2717 1556 5458 2716 1556 5459 2749 1557 5460 2718 1557 5461 2717 1557 5462 2750 1558 5463 2719 1558 5464 2718 1558 5465 2751 1559 5466 2720 1559 5467 2719 1559 5468 2752 1560 5469 2721 1560 5470 2720 1560 5471 2753 1561 5472 2722 1561 5473 2721 1561 5474 2754 1562 5475 2723 1562 5476 2722 1562 5477 2755 1563 5478 2724 1563 5479 2723 1563 5480 2756 1564 5481 2725 1564 5482 2724 1564 5483 2757 1565 5484 2726 1565 5485 2725 1565 5486 2726 1566 5487 2759 1566 5488 2727 1566 5489 2759 1567 5490 2728 1567 5491 2727 1567 5492 2728 1568 5493 2761 1568 5494 2729 1568 5495 2729 1569 5496 2762 1569 5497 2730 1569 5498 2730 1570 5499 2763 1570 5500 2731 1570 5501 2731 1571 5502 2764 1571 5503 2732 1571 5504 2732 1572 5505 2765 1572 5506 2733 1572 5507 2733 1573 5508 2766 1573 5509 2734 1573 5510 2734 1574 5511 2767 1574 5512 2735 1574 5513 2735 1575 5514 2768 1575 5515 2736 1575 5516 2768 1576 5517 2737 1576 5518 2736 1576 5519 2769 1577 5520 2738 1577 5521 2737 1577 5522 2770 1578 5523 2739 1578 5524 2738 1578 5525 2771 1579 5526 2740 1579 5527 2739 1579 5528 2772 1580 5529 2741 1580 5530 2740 1580 5531 2773 1581 5532 2742 1581 5533 2741 1581 5534 2774 1582 5535 2743 1582 5536 2742 1582 5537 2791 1583 5538 2775 1583 5539 2822 1583 5540 2791 1584 5541 2776 1584 5542 2744 1584 5543 2792 1585 5544 2777 1585 5545 2776 1585 5546 2793 1586 5547 2778 1586 5548 2777 1586 5549 2794 1587 5550 2779 1587 5551 2778 1587 5552 2795 1588 5553 2780 1588 5554 2779 1588 5555 2796 1589 5556 2781 1589 5557 2780 1589 5558 2797 1590 5559 2782 1590 5560 2781 1590 5561 2798 1591 5562 2783 1591 5563 2782 1591 5564 2783 1592 5565 2800 1592 5566 2784 1592 5567 2784 1593 5568 2801 1593 5569 2785 1593 5570 2785 1594 5571 2802 1594 5572 2786 1594 5573 2786 1595 5574 2803 1595 5575 2787 1595 5576 2787 1596 5577 2804 1596 5578 2788 1596 5579 2788 1597 5580 2805 1597 5581 2789 1597 5582 2789 1598 5583 2806 1598 5584 2790 1598 5585 2790 1599 5586 2807 1599 5587 2760 1599 5588 2807 1600 5589 2761 1600 5590 2760 1600 5591 2808 1601 5592 2762 1601 5593 2761 1601 5594 2809 1602 5595 2763 1602 5596 2762 1602 5597 2810 1603 5598 2764 1603 5599 2763 1603 5600 2811 1604 5601 2765 1604 5602 2764 1604 5603 2812 1605 5604 2766 1605 5605 2765 1605 5606 2813 1606 5607 2767 1606 5608 2766 1606 5609 2814 1607 5610 2768 1607 5611 2767 1607 5612 2768 1608 5613 2816 1608 5614 2769 1608 5615 2769 1609 5616 2817 1609 5617 2770 1609 5618 2770 1610 5619 2818 1610 5620 2771 1610 5621 2771 1611 5622 2819 1611 5623 2772 1611 5624 2772 1612 5625 2820 1612 5626 2773 1612 5627 2773 1613 5628 2821 1613 5629 2774 1613 5630 2774 1614 5631 2822 1614 5632 2775 1614 5633 2823 1615 5634 2776 1615 5635 2854 1615 5636 2823 1616 5637 2745 1616 5638 2744 1616 5639 2824 1617 5640 2746 1617 5641 2745 1617 5642 2825 1618 5643 2747 1618 5644 2746 1618 5645 2826 1619 5646 2748 1619 5647 2747 1619 5648 2827 1620 5649 2749 1620 5650 2748 1620 5651 2828 1621 5652 2750 1621 5653 2749 1621 5654 2829 1622 5655 2751 1622 5656 2750 1622 5657 2830 1623 5658 2752 1623 5659 2751 1623 5660 2831 1624 5661 2753 1624 5662 2752 1624 5663 2832 1625 5664 2754 1625 5665 2753 1625 5666 2833 1562 5667 2755 1562 5668 2754 1562 5669 2834 1626 5670 2756 1626 5671 2755 1626 5672 2835 1627 5673 2757 1627 5674 2756 1627 5675 2836 1628 5676 2758 1628 5677 2757 1628 5678 2837 1629 5679 2759 1629 5680 2758 1629 5681 2838 1630 5682 2760 1630 5683 2759 1630 5684 2839 1631 5685 2790 1631 5686 2760 1631 5687 2840 1632 5688 2789 1632 5689 2790 1632 5690 2841 1633 5691 2788 1633 5692 2789 1633 5693 2842 1634 5694 2787 1634 5695 2788 1634 5696 2843 1635 5697 2786 1635 5698 2787 1635 5699 2844 1636 5700 2785 1636 5701 2786 1636 5702 2845 1637 5703 2784 1637 5704 2785 1637 5705 2846 1638 5706 2783 1638 5707 2784 1638 5708 2783 1639 5709 2848 1639 5710 2782 1639 5711 2782 1640 5712 2849 1640 5713 2781 1640 5714 2781 1641 5715 2850 1641 5716 2780 1641 5717 2780 1642 5718 2851 1642 5719 2779 1642 5720 2779 1643 5721 2852 1643 5722 2778 1643 5723 2778 1644 5724 2853 1644 5725 2777 1644 5726 2777 1645 5727 2854 1645 5728 2776 1645 5729 2855 1646 5730 2918 1646 5731 2887 1646 5732 2887 1647 5733 2856 1647 5734 2855 1647 5735 2888 1648 5736 2857 1648 5737 2856 1648 5738 2889 1649 5739 2858 1649 5740 2857 1649 5741 2890 1650 5742 2859 1650 5743 2858 1650 5744 2891 1651 5745 2860 1651 5746 2859 1651 5747 2892 1652 5748 2861 1652 5749 2860 1652 5750 2893 1653 5751 2862 1653 5752 2861 1653 5753 2894 1654 5754 2863 1654 5755 2862 1654 5756 2895 1655 5757 2864 1655 5758 2863 1655 5759 2896 1656 5760 2865 1656 5761 2864 1656 5762 2897 1657 5763 2866 1657 5764 2865 1657 5765 2898 1658 5766 2867 1658 5767 2866 1658 5768 2899 1659 5769 2868 1659 5770 2867 1659 5771 2900 1660 5772 2869 1660 5773 2868 1660 5774 2869 1661 5775 2902 1661 5776 2870 1661 5777 2870 1662 5778 2903 1662 5779 2871 1662 5780 2871 1663 5781 2904 1663 5782 2872 1663 5783 2872 1664 5784 2905 1664 5785 2873 1664 5786 2873 1665 5787 2906 1665 5788 2874 1665 5789 2874 1666 5790 2907 1666 5791 2875 1666 5792 2875 1667 5793 2908 1667 5794 2876 1667 5795 2876 1668 5796 2909 1668 5797 2877 1668 5798 2877 1669 5799 2910 1669 5800 2878 1669 5801 2878 1670 5802 2911 1670 5803 2879 1670 5804 2911 1671 5805 2880 1671 5806 2879 1671 5807 2912 1672 5808 2881 1672 5809 2880 1672 5810 2913 1673 5811 2882 1673 5812 2881 1673 5813 2914 1674 5814 2883 1674 5815 2882 1674 5816 2915 1675 5817 2884 1675 5818 2883 1675 5819 2916 1676 5820 2885 1676 5821 2884 1676 5822 2917 1677 5823 2886 1677 5824 2885 1677 5825 2934 1678 5826 2918 1678 5827 2965 1678 5828 2934 1679 5829 2919 1679 5830 2887 1679 5831 2935 1680 5832 2920 1680 5833 2919 1680 5834 2936 1681 5835 2921 1681 5836 2920 1681 5837 2937 1682 5838 2922 1682 5839 2921 1682 5840 2938 1683 5841 2923 1683 5842 2922 1683 5843 2939 1684 5844 2924 1684 5845 2923 1684 5846 2940 1685 5847 2925 1685 5848 2924 1685 5849 2941 1686 5850 2926 1686 5851 2925 1686 5852 2926 1687 5853 2943 1687 5854 2927 1687 5855 2927 1688 5856 2944 1688 5857 2928 1688 5858 2928 1689 5859 2945 1689 5860 2929 1689 5861 2929 1690 5862 2946 1690 5863 2930 1690 5864 2930 1691 5865 2947 1691 5866 2931 1691 5867 2931 1692 5868 2948 1692 5869 2932 1692 5870 2932 1693 5871 2949 1693 5872 2933 1693 5873 2933 1694 5874 2950 1694 5875 2903 1694 5876 2950 1695 5877 2904 1695 5878 2903 1695 5879 2951 1696 5880 2905 1696 5881 2904 1696 5882 2952 1697 5883 2906 1697 5884 2905 1697 5885 2953 1698 5886 2907 1698 5887 2906 1698 5888 2954 1699 5889 2908 1699 5890 2907 1699 5891 2955 1700 5892 2909 1700 5893 2908 1700 5894 2956 1701 5895 2910 1701 5896 2909 1701 5897 2957 1702 5898 2911 1702 5899 2910 1702 5900 2911 1703 5901 2959 1703 5902 2912 1703 5903 2912 1704 5904 2960 1704 5905 2913 1704 5906 2913 1705 5907 2961 1705 5908 2914 1705 5909 2914 1706 5910 2962 1706 5911 2915 1706 5912 2915 1707 5913 2963 1707 5914 2916 1707 5915 2916 1708 5916 2964 1708 5917 2917 1708 5918 2917 1709 5919 2965 1709 5920 2918 1709 5921 2966 1710 5922 2919 1710 5923 2997 1710 5924 2966 1711 5925 2888 1711 5926 2887 1711 5927 2967 1712 5928 2889 1712 5929 2888 1712 5930 2968 1649 5931 2890 1649 5932 2889 1649 5933 2969 1713 5934 2891 1713 5935 2890 1713 5936 2970 1714 5937 2892 1714 5938 2891 1714 5939 2971 1715 5940 2893 1715 5941 2892 1715 5942 2972 1716 5943 2894 1716 5944 2893 1716 5945 2973 1717 5946 2895 1717 5947 2894 1717 5948 2974 1718 5949 2896 1718 5950 2895 1718 5951 2975 1719 5952 2897 1719 5953 2896 1719 5954 2976 1720 5955 2898 1720 5956 2897 1720 5957 2977 1721 5958 2899 1721 5959 2898 1721 5960 2978 1722 5961 2900 1722 5962 2899 1722 5963 2979 1660 5964 2901 1660 5965 2900 1660 5966 2980 1723 5967 2902 1723 5968 2901 1723 5969 2902 1724 5970 2982 1724 5971 2903 1724 5972 2982 1725 5973 2933 1725 5974 2903 1725 5975 2983 1726 5976 2932 1726 5977 2933 1726 5978 2984 1727 5979 2931 1727 5980 2932 1727 5981 2985 1728 5982 2930 1728 5983 2931 1728 5984 2986 1729 5985 2929 1729 5986 2930 1729 5987 2987 1730 5988 2928 1730 5989 2929 1730 5990 2988 1731 5991 2927 1731 5992 2928 1731 5993 2989 1732 5994 2926 1732 5995 2927 1732 5996 2926 1733 5997 2991 1733 5998 2925 1733 5999 2925 1734 6000 2992 1734 6001 2924 1734 6002 2924 1735 6003 2993 1735 6004 2923 1735 6005 2923 966 6006 2994 966 6007 2922 966 6008 2922 1736 6009 2995 1736 6010 2921 1736 6011 2921 1737 6012 2996 1737 6013 2920 1737 6014 2920 1738 6015 2997 1738 6016 2919 1738 6017 2998 1551 6018 3061 1551 6019 3030 1551 6020 3030 1552 6021 2999 1552 6022 2998 1552 6023 3031 1553 6024 3000 1553 6025 2999 1553 6026 3032 1739 6027 3001 1739 6028 3000 1739 6029 3033 1740 6030 3002 1740 6031 3001 1740 6032 3034 1556 6033 3003 1556 6034 3002 1556 6035 3035 1741 6036 3004 1741 6037 3003 1741 6038 3036 1558 6039 3005 1558 6040 3004 1558 6041 3037 1742 6042 3006 1742 6043 3005 1742 6044 3038 1743 6045 3007 1743 6046 3006 1743 6047 3039 1744 6048 3008 1744 6049 3007 1744 6050 3040 1745 6051 3009 1745 6052 3008 1745 6053 3041 1563 6054 3010 1563 6055 3009 1563 6056 3042 1746 6057 3011 1746 6058 3010 1746 6059 3043 1747 6060 3012 1747 6061 3011 1747 6062 3044 1748 6063 3013 1748 6064 3012 1748 6065 3045 1567 6066 3014 1567 6067 3013 1567 6068 3014 1749 6069 3047 1749 6070 3015 1749 6071 3015 1750 6072 3048 1750 6073 3016 1750 6074 3016 1751 6075 3049 1751 6076 3017 1751 6077 3017 1752 6078 3050 1752 6079 3018 1752 6080 3018 1753 6081 3051 1753 6082 3019 1753 6083 3019 1754 6084 3052 1754 6085 3020 1754 6086 3020 1755 6087 3053 1755 6088 3021 1755 6089 3021 1756 6090 3054 1756 6091 3022 1756 6092 3054 1757 6093 3023 1757 6094 3022 1757 6095 3055 1758 6096 3024 1758 6097 3023 1758 6098 3056 1759 6099 3025 1759 6100 3024 1759 6101 3057 1760 6102 3026 1760 6103 3025 1760 6104 3058 66 6105 3027 66 6106 3026 66 6107 3059 1761 6108 3028 1761 6109 3027 1761 6110 3060 1762 6111 3029 1762 6112 3028 1762 6113 3077 1583 6114 3061 1583 6115 3108 1583 6116 3077 1763 6117 3062 1763 6118 3030 1763 6119 3078 1764 6120 3063 1764 6121 3062 1764 6122 3079 1765 6123 3064 1765 6124 3063 1765 6125 3080 1766 6126 3065 1766 6127 3064 1766 6128 3081 1767 6129 3066 1767 6130 3065 1767 6131 3082 1768 6132 3067 1768 6133 3066 1768 6134 3083 1769 6135 3068 1769 6136 3067 1769 6137 3084 1770 6138 3069 1770 6139 3068 1770 6140 3069 1771 6141 3086 1771 6142 3070 1771 6143 3070 1593 6144 3087 1593 6145 3071 1593 6146 3071 1594 6147 3088 1594 6148 3072 1594 6149 3072 1772 6150 3089 1772 6151 3073 1772 6152 3073 1773 6153 3090 1773 6154 3074 1773 6155 3074 1774 6156 3091 1774 6157 3075 1774 6158 3075 1775 6159 3092 1775 6160 3076 1775 6161 3076 1776 6162 3093 1776 6163 3046 1776 6164 3093 1777 6165 3047 1777 6166 3046 1777 6167 3094 1778 6168 3048 1778 6169 3047 1778 6170 3095 1779 6171 3049 1779 6172 3048 1779 6173 3096 1780 6174 3050 1780 6175 3049 1780 6176 3097 1781 6177 3051 1781 6178 3050 1781 6179 3098 1782 6180 3052 1782 6181 3051 1782 6182 3099 1783 6183 3053 1783 6184 3052 1783 6185 3100 1784 6186 3054 1784 6187 3053 1784 6188 3054 1785 6189 3102 1785 6190 3055 1785 6191 3055 1786 6192 3103 1786 6193 3056 1786 6194 3056 1787 6195 3104 1787 6196 3057 1787 6197 3057 1611 6198 3105 1611 6199 3058 1611 6200 3058 1788 6201 3106 1788 6202 3059 1788 6203 3059 1789 6204 3107 1789 6205 3060 1789 6206 3060 1790 6207 3108 1790 6208 3061 1790 6209 3109 1791 6210 3062 1791 6211 3140 1791 6212 3109 1616 6213 3031 1616 6214 3030 1616 6215 3110 1792 6216 3032 1792 6217 3031 1792 6218 3111 1618 6219 3033 1618 6220 3032 1618 6221 3112 1793 6222 3034 1793 6223 3033 1793 6224 3113 1620 6225 3035 1620 6226 3034 1620 6227 3114 1794 6228 3036 1794 6229 3035 1794 6230 3115 1622 6231 3037 1622 6232 3036 1622 6233 3116 1795 6234 3038 1795 6235 3037 1795 6236 3117 1796 6237 3039 1796 6238 3038 1796 6239 3118 1625 6240 3040 1625 6241 3039 1625 6242 3119 1797 6243 3041 1797 6244 3040 1797 6245 3120 1626 6246 3042 1626 6247 3041 1626 6248 3121 1798 6249 3043 1798 6250 3042 1798 6251 3122 1628 6252 3044 1628 6253 3043 1628 6254 3123 1799 6255 3045 1799 6256 3044 1799 6257 3124 1630 6258 3046 1630 6259 3045 1630 6260 3125 1800 6261 3076 1800 6262 3046 1800 6263 3126 1801 6264 3075 1801 6265 3076 1801 6266 3127 1802 6267 3074 1802 6268 3075 1802 6269 3128 1803 6270 3073 1803 6271 3074 1803 6272 3129 1804 6273 3072 1804 6274 3073 1804 6275 3130 1636 6276 3071 1636 6277 3072 1636 6278 3131 1637 6279 3070 1637 6280 3071 1637 6281 3132 1805 6282 3069 1805 6283 3070 1805 6284 3069 1806 6285 3134 1806 6286 3068 1806 6287 3068 1640 6288 3135 1640 6289 3067 1640 6290 3067 1641 6291 3136 1641 6292 3066 1641 6293 3066 1642 6294 3137 1642 6295 3065 1642 6296 3065 1807 6297 3138 1807 6298 3064 1807 6299 3064 1808 6300 3139 1808 6301 3063 1808 6302 3063 1809 6303 3140 1809 6304 3062 1809 6305 3141 1810 6306 3204 1810 6307 3173 1810 6308 3173 1811 6309 3142 1811 6310 3141 1811 6311 3174 1648 6312 3143 1648 6313 3142 1648 6314 3175 1812 6315 3144 1812 6316 3143 1812 6317 3176 1813 6318 3145 1813 6319 3144 1813 6320 3177 1814 6321 3146 1814 6322 3145 1814 6323 3178 1652 6324 3147 1652 6325 3146 1652 6326 3179 1653 6327 3148 1653 6328 3147 1653 6329 3180 1815 6330 3149 1815 6331 3148 1815 6332 3181 1816 6333 3150 1816 6334 3149 1816 6335 3182 1656 6336 3151 1656 6337 3150 1656 6338 3183 1657 6339 3152 1657 6340 3151 1657 6341 3184 1817 6342 3153 1817 6343 3152 1817 6344 3185 1818 6345 3154 1818 6346 3153 1818 6347 3186 1819 6348 3155 1819 6349 3154 1819 6350 3155 1820 6351 3188 1820 6352 3156 1820 6353 3156 1821 6354 3189 1821 6355 3157 1821 6356 3157 1822 6357 3190 1822 6358 3158 1822 6359 3158 1664 6360 3191 1664 6361 3159 1664 6362 3159 1823 6363 3192 1823 6364 3160 1823 6365 3160 1666 6366 3193 1666 6367 3161 1666 6368 3161 1824 6369 3194 1824 6370 3162 1824 6371 3162 1825 6372 3195 1825 6373 3163 1825 6374 3163 1826 6375 3196 1826 6376 3164 1826 6377 3164 1827 6378 3197 1827 6379 3165 1827 6380 3197 1828 6381 3166 1828 6382 3165 1828 6383 3198 1829 6384 3167 1829 6385 3166 1829 6386 3199 1830 6387 3168 1830 6388 3167 1830 6389 3200 1831 6390 3169 1831 6391 3168 1831 6392 3201 1675 6393 3170 1675 6394 3169 1675 6395 3202 1832 6396 3171 1832 6397 3170 1832 6398 3203 1677 6399 3172 1677 6400 3171 1677 6401 3220 1678 6402 3204 1678 6403 3251 1678 6404 3220 1833 6405 3205 1833 6406 3173 1833 6407 3221 1834 6408 3206 1834 6409 3205 1834 6410 3222 1835 6411 3207 1835 6412 3206 1835 6413 3223 1836 6414 3208 1836 6415 3207 1836 6416 3224 1837 6417 3209 1837 6418 3208 1837 6419 3225 1838 6420 3210 1838 6421 3209 1838 6422 3226 1839 6423 3211 1839 6424 3210 1839 6425 3227 1840 6426 3212 1840 6427 3211 1840 6428 3212 1687 6429 3229 1687 6430 3213 1687 6431 3213 1688 6432 3230 1688 6433 3214 1688 6434 3214 1841 6435 3231 1841 6436 3215 1841 6437 3215 1690 6438 3232 1690 6439 3216 1690 6440 3216 1842 6441 3233 1842 6442 3217 1842 6443 3217 1843 6444 3234 1843 6445 3218 1843 6446 3218 1844 6447 3235 1844 6448 3219 1844 6449 3219 1694 6450 3236 1694 6451 3189 1694 6452 3236 1845 6453 3190 1845 6454 3189 1845 6455 3237 1846 6456 3191 1846 6457 3190 1846 6458 3238 1847 6459 3192 1847 6460 3191 1847 6461 3239 1848 6462 3193 1848 6463 3192 1848 6464 3240 1849 6465 3194 1849 6466 3193 1849 6467 3241 1850 6468 3195 1850 6469 3194 1850 6470 3242 1851 6471 3196 1851 6472 3195 1851 6473 3243 1852 6474 3197 1852 6475 3196 1852 6476 3197 1703 6477 3245 1703 6478 3198 1703 6479 3198 1853 6480 3246 1853 6481 3199 1853 6482 3199 1705 6483 3247 1705 6484 3200 1705 6485 3200 1854 6486 3248 1854 6487 3201 1854 6488 3201 1855 6489 3249 1855 6490 3202 1855 6491 3202 1856 6492 3250 1856 6493 3203 1856 6494 3203 1857 6495 3251 1857 6496 3204 1857 6497 3252 1858 6498 3205 1858 6499 3283 1858 6500 3252 1859 6501 3174 1859 6502 3173 1859 6503 3253 1860 6504 3175 1860 6505 3174 1860 6506 3254 1649 6507 3176 1649 6508 3175 1649 6509 3255 1713 6510 3177 1713 6511 3176 1713 6512 3256 1714 6513 3178 1714 6514 3177 1714 6515 3257 1652 6516 3179 1652 6517 3178 1652 6518 3258 1716 6519 3180 1716 6520 3179 1716 6521 3259 1861 6522 3181 1861 6523 3180 1861 6524 3260 1862 6525 3182 1862 6526 3181 1862 6527 3261 1719 6528 3183 1719 6529 3182 1719 6530 3262 1657 6531 3184 1657 6532 3183 1657 6533 3263 1721 6534 3185 1721 6535 3184 1721 6536 3264 1722 6537 3186 1722 6538 3185 1722 6539 3265 1660 6540 3187 1660 6541 3186 1660 6542 3266 1863 6543 3188 1863 6544 3187 1863 6545 3188 1864 6546 3268 1864 6547 3189 1864 6548 3268 1865 6549 3219 1865 6550 3189 1865 6551 3269 1866 6552 3218 1866 6553 3219 1866 6554 3270 1867 6555 3217 1867 6556 3218 1867 6557 3271 1868 6558 3216 1868 6559 3217 1868 6560 3272 1729 6561 3215 1729 6562 3216 1729 6563 3273 1730 6564 3214 1730 6565 3215 1730 6566 3274 1731 6567 3213 1731 6568 3214 1731 6569 3275 1869 6570 3212 1869 6571 3213 1869 6572 3212 1870 6573 3277 1870 6574 3211 1870 6575 3211 1734 6576 3278 1734 6577 3210 1734 6578 3210 1735 6579 3279 1735 6580 3209 1735 6581 3209 966 6582 3280 966 6583 3208 966 6584 3208 1871 6585 3281 1871 6586 3207 1871 6587 3207 1872 6588 3282 1872 6589 3206 1872 6590 3206 1873 6591 3283 1873 6592 3205 1873 6593 3285 1874 6594 3286 1874 6595 3284 1874 6596 3287 1875 6597 3288 1875 6598 3286 1875 6599 3289 1876 6600 3290 1876 6601 3288 1876 6602 3291 1877 6603 3292 1877 6604 3290 1877 6605 3293 1878 6606 3294 1878 6607 3292 1878 6608 3295 1879 6609 3296 1879 6610 3294 1879 6611 3291 0 6612 3289 0 6613 3297 0 6614 3297 1880 6615 3298 1880 6616 3296 1880 6617 3299 1881 6618 3284 1881 6619 3298 1881 6620 3298 2 6621 3286 2 6622 3290 2 6623 3301 1882 6624 3302 1882 6625 3300 1882 6626 3303 1883 6627 3304 1883 6628 3302 1883 6629 3305 1884 6630 3306 1884 6631 3304 1884 6632 3307 1885 6633 3308 1885 6634 3306 1885 6635 3309 1886 6636 3310 1886 6637 3308 1886 6638 3311 1887 6639 3312 1887 6640 3310 1887 6641 3305 0 6642 3301 0 6643 3313 0 6644 3313 1888 6645 3314 1888 6646 3312 1888 6647 3315 1889 6648 3300 1889 6649 3314 1889 6650 3314 2 6651 3302 2 6652 3306 2 6653 1 0 6654 3 0 6655 2 0 6656 3 1 6657 7 1 6658 6 1 6659 7 2 6660 5 2 6661 4 2 6662 5 3 6663 1 3 6664 0 3 6665 6 4 6666 4 4 6667 0 4 6668 3 5 6669 1 5 6670 5 5 6671 8 202 6672 39 202 6673 71 202 6674 40 1890 6675 41 1890 6676 9 1890 6677 41 1891 6678 42 1891 6679 10 1891 6680 42 1892 6681 43 1892 6682 11 1892 6683 43 163 6684 44 163 6685 12 163 6686 44 327 6687 45 327 6688 13 327 6689 45 1893 6690 46 1893 6691 14 1893 6692 46 325 6693 47 325 6694 15 325 6695 47 372 6696 48 372 6697 16 372 6698 48 453 6699 49 453 6700 17 453 6701 49 324 6702 50 324 6703 18 324 6704 50 1894 6705 51 1894 6706 19 1894 6707 51 322 6708 52 322 6709 20 322 6710 52 170 6711 53 170 6712 21 170 6713 53 1895 6714 54 1895 6715 22 1895 6716 54 1896 6717 55 1896 6718 23 1896 6719 55 1897 6720 56 1897 6721 24 1897 6722 24 187 6723 56 187 6724 57 187 6725 25 1898 6726 57 1898 6727 58 1898 6728 26 1899 6729 58 1899 6730 59 1899 6731 27 1900 6732 59 1900 6733 60 1900 6734 28 177 6735 60 177 6736 61 177 6737 29 178 6738 61 178 6739 62 178 6740 30 1901 6741 62 1901 6742 63 1901 6743 31 1902 6744 63 1902 6745 64 1902 6746 64 1903 6747 65 1903 6748 33 1903 6749 65 1904 6750 66 1904 6751 34 1904 6752 66 183 6753 67 183 6754 35 183 6755 67 184 6756 68 184 6757 36 184 6758 68 1905 6759 69 1905 6760 37 1905 6761 69 1906 6762 70 1906 6763 38 1906 6764 70 1907 6765 71 1907 6766 39 1907 6767 87 1908 6768 40 1908 6769 71 1908 6770 87 1909 6771 88 1909 6772 72 1909 6773 88 1910 6774 89 1910 6775 73 1910 6776 89 1911 6777 90 1911 6778 74 1911 6779 90 1912 6780 91 1912 6781 75 1912 6782 91 1913 6783 92 1913 6784 76 1913 6785 92 1914 6786 93 1914 6787 77 1914 6788 93 1915 6789 94 1915 6790 78 1915 6791 94 1916 6792 95 1916 6793 79 1916 6794 79 1917 6795 95 1917 6796 96 1917 6797 80 1918 6798 96 1918 6799 97 1918 6800 81 1919 6801 97 1919 6802 98 1919 6803 82 1920 6804 98 1920 6805 99 1920 6806 83 1921 6807 99 1921 6808 100 1921 6809 84 1922 6810 100 1922 6811 101 1922 6812 85 1923 6813 101 1923 6814 102 1923 6815 86 1924 6816 102 1924 6817 103 1924 6818 103 1925 6819 104 1925 6820 57 1925 6821 104 1926 6822 105 1926 6823 58 1926 6824 105 1927 6825 106 1927 6826 59 1927 6827 106 1928 6828 107 1928 6829 60 1928 6830 107 1929 6831 108 1929 6832 61 1929 6833 108 1930 6834 109 1930 6835 62 1930 6836 109 1931 6837 110 1931 6838 63 1931 6839 110 1932 6840 111 1932 6841 64 1932 6842 64 1933 6843 111 1933 6844 112 1933 6845 65 1934 6846 112 1934 6847 113 1934 6848 66 1935 6849 113 1935 6850 114 1935 6851 67 1936 6852 114 1936 6853 115 1936 6854 68 1937 6855 115 1937 6856 116 1937 6857 69 1938 6858 116 1938 6859 117 1938 6860 70 1939 6861 117 1939 6862 118 1939 6863 119 102 6864 40 102 6865 72 102 6866 119 1940 6867 120 1940 6868 41 1940 6869 120 1941 6870 121 1941 6871 42 1941 6872 121 1942 6873 122 1942 6874 43 1942 6875 122 1943 6876 123 1943 6877 44 1943 6878 123 252 6879 124 252 6880 45 252 6881 124 1944 6882 125 1944 6883 46 1944 6884 125 250 6885 126 250 6886 47 250 6887 126 1945 6888 127 1945 6889 48 1945 6890 127 1946 6891 128 1946 6892 49 1946 6893 128 249 6894 129 249 6895 50 249 6896 129 1947 6897 130 1947 6898 51 1947 6899 130 247 6900 131 247 6901 52 247 6902 131 1948 6903 132 1948 6904 53 1948 6905 132 1949 6906 133 1949 6907 54 1949 6908 133 1950 6909 134 1950 6910 55 1950 6911 134 1951 6912 135 1951 6913 56 1951 6914 135 119 6915 136 119 6916 86 119 6917 136 1952 6918 137 1952 6919 85 1952 6920 137 1953 6921 138 1953 6922 84 1953 6923 138 1954 6924 139 1954 6925 83 1954 6926 139 1955 6927 140 1955 6928 82 1955 6929 140 1956 6930 141 1956 6931 81 1956 6932 141 1957 6933 142 1957 6934 80 1957 6935 142 1958 6936 143 1958 6937 79 1958 6938 79 1959 6939 143 1959 6940 144 1959 6941 78 1960 6942 144 1960 6943 145 1960 6944 77 1961 6945 145 1961 6946 146 1961 6947 76 98 6948 146 98 6949 147 98 6950 75 1962 6951 147 1962 6952 148 1962 6953 74 1963 6954 148 1963 6955 149 1963 6956 73 1964 6957 149 1964 6958 150 1964 6959 151 70 6960 182 70 6961 214 70 6962 183 1940 6963 184 1940 6964 152 1940 6965 184 8 6966 185 8 6967 153 8 6968 185 1965 6969 186 1965 6970 154 1965 6971 186 74 6972 187 74 6973 155 74 6974 187 1966 6975 188 1966 6976 156 1966 6977 188 1967 6978 189 1967 6979 157 1967 6980 189 277 6981 190 277 6982 158 277 6983 190 1968 6984 191 1968 6985 159 1968 6986 191 1969 6987 192 1969 6988 160 1969 6989 192 276 6990 193 276 6991 161 276 6992 193 1970 6993 194 1970 6994 162 1970 6995 194 1971 6996 195 1971 6997 163 1971 6998 195 1948 6999 196 1948 7000 164 1948 7001 196 1949 7002 197 1949 7003 165 1949 7004 197 1972 7005 198 1972 7006 166 1972 7007 198 1951 7008 199 1951 7009 167 1951 7010 167 87 7011 199 87 7012 200 87 7013 168 88 7014 200 88 7015 201 88 7016 169 1973 7017 201 1973 7018 202 1973 7019 170 1974 7020 202 1974 7021 203 1974 7022 171 1975 7023 203 1975 7024 204 1975 7025 172 1976 7026 204 1976 7027 205 1976 7028 173 1901 7029 205 1901 7030 206 1901 7031 174 1902 7032 206 1902 7033 207 1902 7034 207 1903 7035 208 1903 7036 176 1903 7037 208 1904 7038 209 1904 7039 177 1904 7040 209 1977 7041 210 1977 7042 178 1977 7043 210 184 7044 211 184 7045 179 184 7046 211 1978 7047 212 1978 7048 180 1978 7049 212 1979 7050 213 1979 7051 181 1979 7052 213 101 7053 214 101 7054 182 101 7055 230 1980 7056 183 1980 7057 214 1980 7058 230 1981 7059 231 1981 7060 215 1981 7061 231 1982 7062 232 1982 7063 216 1982 7064 232 1911 7065 233 1911 7066 217 1911 7067 233 1983 7068 234 1983 7069 218 1983 7070 234 1984 7071 235 1984 7072 219 1984 7073 235 1985 7074 236 1985 7075 220 1985 7076 236 1986 7077 237 1986 7078 221 1986 7079 237 1987 7080 238 1987 7081 222 1987 7082 222 1988 7083 238 1988 7084 239 1988 7085 223 1989 7086 239 1989 7087 240 1989 7088 224 1990 7089 240 1990 7090 241 1990 7091 225 1991 7092 241 1991 7093 242 1991 7094 226 1992 7095 242 1992 7096 243 1992 7097 227 1922 7098 243 1922 7099 244 1922 7100 228 1993 7101 244 1993 7102 245 1993 7103 229 1994 7104 245 1994 7105 246 1994 7106 246 1995 7107 247 1995 7108 200 1995 7109 247 1926 7110 248 1926 7111 201 1926 7112 248 1927 7113 249 1927 7114 202 1927 7115 249 1996 7116 250 1996 7117 203 1996 7118 250 1997 7119 251 1997 7120 204 1997 7121 251 1998 7122 252 1998 7123 205 1998 7124 252 1931 7125 253 1931 7126 206 1931 7127 253 1999 7128 254 1999 7129 207 1999 7130 207 2000 7131 254 2000 7132 255 2000 7133 208 1934 7134 255 1934 7135 256 1934 7136 209 2001 7137 256 2001 7138 257 2001 7139 210 2002 7140 257 2002 7141 258 2002 7142 211 2003 7143 258 2003 7144 259 2003 7145 212 1938 7146 259 1938 7147 260 1938 7148 213 1939 7149 260 1939 7150 261 1939 7151 262 331 7152 183 331 7153 215 331 7154 262 2004 7155 263 2004 7156 184 2004 7157 263 2005 7158 264 2005 7159 185 2005 7160 264 2006 7161 265 2006 7162 186 2006 7163 265 10 7164 266 10 7165 187 10 7166 266 197 7167 267 197 7168 188 197 7169 267 1893 7170 268 1893 7171 189 1893 7172 268 2007 7173 269 2007 7174 190 2007 7175 269 14 7176 270 14 7177 191 14 7178 270 15 7179 271 15 7180 192 15 7181 271 2008 7182 272 2008 7183 193 2008 7184 272 1894 7185 273 1894 7186 194 1894 7187 273 192 7188 274 192 7189 195 192 7190 274 19 7191 275 19 7192 196 19 7193 275 1895 7194 276 1895 7195 197 1895 7196 276 85 7197 277 85 7198 198 85 7199 277 2009 7200 278 2009 7201 199 2009 7202 278 317 7203 279 317 7204 229 317 7205 279 24 7206 280 24 7207 228 24 7208 280 2010 7209 281 2010 7210 227 2010 7211 281 26 7212 282 26 7213 226 26 7214 282 27 7215 283 27 7216 225 27 7217 283 28 7218 284 28 7219 224 28 7220 284 2011 7221 285 2011 7222 223 2011 7223 285 2012 7224 286 2012 7225 222 2012 7226 222 2013 7227 286 2013 7228 287 2013 7229 221 2014 7230 287 2014 7231 288 2014 7232 220 33 7233 288 33 7234 289 33 7235 219 34 7236 289 34 7237 290 34 7238 218 35 7239 290 35 7240 291 35 7241 217 2015 7242 291 2015 7243 292 2015 7244 216 2016 7245 292 2016 7246 293 2016 7247 294 23 7248 325 23 7249 357 23 7250 326 2017 7251 327 2017 7252 295 2017 7253 327 2018 7254 328 2018 7255 296 2018 7256 328 2019 7257 329 2019 7258 297 2019 7259 329 321 7260 330 321 7261 298 321 7262 330 169 7263 331 169 7264 299 169 7265 331 2020 7266 332 2020 7267 300 2020 7268 332 168 7269 333 168 7270 301 168 7271 333 453 7272 334 453 7273 302 453 7274 334 372 7275 335 372 7276 303 372 7277 335 165 7278 336 165 7279 304 165 7280 336 2021 7281 337 2021 7282 305 2021 7283 337 164 7284 338 164 7285 306 164 7286 338 328 7287 339 328 7288 307 328 7289 339 2022 7290 340 2022 7291 308 2022 7292 340 460 7293 341 460 7294 309 460 7295 341 2023 7296 342 2023 7297 310 2023 7298 310 6 7299 342 6 7300 343 6 7301 311 2024 7302 343 2024 7303 344 2024 7304 312 2025 7305 344 2025 7306 345 2025 7307 313 2026 7308 345 2026 7309 346 2026 7310 314 2027 7311 346 2027 7312 347 2027 7313 315 336 7314 347 336 7315 348 336 7316 316 337 7317 348 337 7318 349 337 7319 317 2028 7320 349 2028 7321 350 2028 7322 350 2029 7323 351 2029 7324 319 2029 7325 351 340 7326 352 340 7327 320 340 7328 352 341 7329 353 341 7330 321 341 7331 353 2030 7332 354 2030 7333 322 2030 7334 354 2031 7335 355 2031 7336 323 2031 7337 355 2032 7338 356 2032 7339 324 2032 7340 356 2033 7341 357 2033 7342 325 2033 7343 373 2034 7344 326 2034 7345 357 2034 7346 373 2035 7347 374 2035 7348 358 2035 7349 374 2036 7350 375 2036 7351 359 2036 7352 375 2037 7353 376 2037 7354 360 2037 7355 376 858 7356 377 858 7357 361 858 7358 377 2038 7359 378 2038 7360 362 2038 7361 378 2039 7362 379 2039 7363 363 2039 7364 379 2040 7365 380 2040 7366 364 2040 7367 380 2041 7368 381 2041 7369 365 2041 7370 365 2042 7371 381 2042 7372 382 2042 7373 366 2043 7374 382 2043 7375 383 2043 7376 367 2044 7377 383 2044 7378 384 2044 7379 368 2045 7380 384 2045 7381 385 2045 7382 369 2046 7383 385 2046 7384 386 2046 7385 370 2047 7386 386 2047 7387 387 2047 7388 371 2048 7389 387 2048 7390 388 2048 7391 372 2049 7392 388 2049 7393 389 2049 7394 389 2050 7395 390 2050 7396 343 2050 7397 390 2051 7398 391 2051 7399 344 2051 7400 391 2052 7401 392 2052 7402 345 2052 7403 392 1059 7404 393 1059 7405 346 1059 7406 393 2053 7407 394 2053 7408 347 2053 7409 394 2054 7410 395 2054 7411 348 2054 7412 395 2055 7413 396 2055 7414 349 2055 7415 396 2056 7416 397 2056 7417 350 2056 7418 350 2057 7419 397 2057 7420 398 2057 7421 351 2058 7422 398 2058 7423 399 2058 7424 352 2059 7425 399 2059 7426 400 2059 7427 353 2060 7428 400 2060 7429 401 2060 7430 354 2061 7431 401 2061 7432 402 2061 7433 355 2062 7434 402 2062 7435 403 2062 7436 356 2063 7437 403 2063 7438 404 2063 7439 405 87 7440 326 87 7441 358 87 7442 405 2064 7443 406 2064 7444 327 2064 7445 406 2065 7446 407 2065 7447 328 2065 7448 407 2066 7449 408 2066 7450 329 2066 7451 408 2067 7452 409 2067 7453 330 2067 7454 409 82 7455 410 82 7456 331 82 7457 410 2068 7458 411 2068 7459 332 2068 7460 411 80 7461 412 80 7462 333 80 7463 412 1946 7464 413 1946 7465 334 1946 7466 413 1945 7467 414 1945 7468 335 1945 7469 414 77 7470 415 77 7471 336 77 7472 415 2069 7473 416 2069 7474 337 2069 7475 416 75 7476 417 75 7477 338 75 7478 417 2070 7479 418 2070 7480 339 2070 7481 418 2071 7482 419 2071 7483 340 2071 7484 419 2072 7485 420 2072 7486 341 2072 7487 420 2073 7488 421 2073 7489 342 2073 7490 421 70 7491 422 70 7492 372 70 7493 422 2074 7494 423 2074 7495 371 2074 7496 423 2075 7497 424 2075 7498 370 2075 7499 424 2076 7500 425 2076 7501 369 2076 7502 425 2077 7503 426 2077 7504 368 2077 7505 426 2078 7506 427 2078 7507 367 2078 7508 427 2079 7509 428 2079 7510 366 2079 7511 428 2080 7512 429 2080 7513 365 2080 7514 365 2081 7515 429 2081 7516 430 2081 7517 364 2082 7518 430 2082 7519 431 2082 7520 363 2083 7521 431 2083 7522 432 2083 7523 362 2084 7524 432 2084 7525 433 2084 7526 361 2085 7527 433 2085 7528 434 2085 7529 360 2086 7530 434 2086 7531 435 2086 7532 359 2087 7533 435 2087 7534 436 2087 7535 437 119 7536 468 119 7537 500 119 7538 469 2064 7539 470 2064 7540 438 2064 7541 470 2088 7542 471 2088 7543 439 2088 7544 471 2089 7545 472 2089 7546 440 2089 7547 472 246 7548 473 246 7549 441 246 7550 473 1971 7551 474 1971 7552 442 1971 7553 474 2090 7554 475 2090 7555 443 2090 7556 475 112 7557 476 112 7558 444 112 7559 476 1969 7560 477 1969 7561 445 1969 7562 477 1968 7563 478 1968 7564 446 1968 7565 478 109 7566 479 109 7567 447 109 7568 479 2091 7569 480 2091 7570 448 2091 7571 480 1966 7572 481 1966 7573 449 1966 7574 481 2070 7575 482 2070 7576 450 2070 7577 482 2071 7578 483 2071 7579 451 2071 7580 483 2092 7581 484 2092 7582 452 2092 7583 484 2073 7584 485 2073 7585 453 2073 7586 453 102 7587 485 102 7588 486 102 7589 454 257 7590 486 257 7591 487 257 7592 455 2093 7593 487 2093 7594 488 2093 7595 456 2094 7596 488 2094 7597 489 2094 7598 457 2095 7599 489 2095 7600 490 2095 7601 458 2096 7602 490 2096 7603 491 2096 7604 459 337 7605 491 337 7606 492 337 7607 460 2097 7608 492 2097 7609 493 2097 7610 493 2098 7611 494 2098 7612 462 2098 7613 494 340 7614 495 340 7615 463 340 7616 495 2099 7617 496 2099 7618 464 2099 7619 496 342 7620 497 342 7621 465 342 7622 497 2100 7623 498 2100 7624 466 2100 7625 498 2010 7626 499 2010 7627 467 2010 7628 499 270 7629 500 270 7630 468 270 7631 516 2101 7632 469 2101 7633 500 2101 7634 516 2102 7635 517 2102 7636 501 2102 7637 517 2103 7638 518 2103 7639 502 2103 7640 518 2037 7641 519 2037 7642 503 2037 7643 519 966 7644 520 966 7645 504 966 7646 520 2104 7647 521 2104 7648 505 2104 7649 521 2105 7650 522 2105 7651 506 2105 7652 522 2106 7653 523 2106 7654 507 2106 7655 523 2107 7656 524 2107 7657 508 2107 7658 508 2108 7659 524 2108 7660 525 2108 7661 509 2109 7662 525 2109 7663 526 2109 7664 510 2110 7665 526 2110 7666 527 2110 7667 511 2111 7668 527 2111 7669 528 2111 7670 512 2112 7671 528 2112 7672 529 2112 7673 513 2047 7674 529 2047 7675 530 2047 7676 514 2113 7677 530 2113 7678 531 2113 7679 515 2114 7680 531 2114 7681 532 2114 7682 532 2115 7683 533 2115 7684 486 2115 7685 533 2116 7686 534 2116 7687 487 2116 7688 534 2117 7689 535 2117 7690 488 2117 7691 535 2118 7692 536 2118 7693 489 2118 7694 536 2119 7695 537 2119 7696 490 2119 7697 537 2120 7698 538 2120 7699 491 2120 7700 538 2055 7701 539 2055 7702 492 2055 7703 539 2121 7704 540 2121 7705 493 2121 7706 493 2122 7707 540 2122 7708 541 2122 7709 494 2058 7710 541 2058 7711 542 2058 7712 495 2123 7713 542 2123 7714 543 2123 7715 496 2124 7716 543 2124 7717 544 2124 7718 497 2125 7719 544 2125 7720 545 2125 7721 498 2126 7722 545 2126 7723 546 2126 7724 499 2127 7725 546 2127 7726 547 2127 7727 548 173 7728 469 173 7729 501 173 7730 548 2064 7731 549 2064 7732 470 2064 7733 549 2128 7734 550 2128 7735 471 2128 7736 550 2129 7737 551 2129 7738 472 2129 7739 551 191 7740 552 191 7741 473 191 7742 552 18 7743 553 18 7744 474 18 7745 553 2130 7746 554 2130 7747 475 2130 7748 554 2131 7749 555 2131 7750 476 2131 7751 555 15 7752 556 15 7753 477 15 7754 556 14 7755 557 14 7756 478 14 7757 557 2132 7758 558 2132 7759 479 2132 7760 558 2133 7761 559 2133 7762 480 2133 7763 559 11 7764 560 11 7765 481 11 7766 560 198 7767 561 198 7768 482 198 7769 561 2022 7770 562 2022 7771 483 2022 7772 562 509 7773 563 509 7774 484 509 7775 563 2073 7776 564 2073 7777 485 2073 7778 564 159 7779 565 159 7780 515 159 7781 565 37 7782 566 37 7783 514 37 7784 566 1979 7785 567 1979 7786 513 1979 7787 567 2134 7788 568 2134 7789 512 2134 7790 568 2135 7791 569 2135 7792 511 2135 7793 569 205 7794 570 205 7795 510 205 7796 570 206 7797 571 206 7798 509 206 7799 571 2136 7800 572 2136 7801 508 2136 7802 508 2137 7803 572 2137 7804 573 2137 7805 507 209 7806 573 209 7807 574 209 7808 506 210 7809 574 210 7810 575 210 7811 505 2138 7812 575 2138 7813 576 2138 7814 504 2139 7815 576 2139 7816 577 2139 7817 503 2140 7818 577 2140 7819 578 2140 7820 502 2141 7821 578 2141 7822 579 2141 7823 581 2142 7824 583 2142 7825 582 2142 7826 583 2143 7827 585 2143 7828 584 2143 7829 585 2144 7830 587 2144 7831 586 2144 7832 587 356 7833 589 356 7834 588 356 7835 589 2145 7836 591 2145 7837 590 2145 7838 591 2146 7839 593 2146 7840 592 2146 7841 585 0 7842 583 0 7843 581 0 7844 581 0 7845 595 0 7846 585 0 7847 595 0 7848 593 0 7849 585 0 7850 593 0 7851 591 0 7852 589 0 7853 589 0 7854 587 0 7855 585 0 7856 593 2147 7857 595 2147 7858 594 2147 7859 595 2148 7860 581 2148 7861 580 2148 7862 594 2 7863 580 2 7864 582 2 7865 582 2 7866 584 2 7867 594 2 7868 584 2 7869 586 2 7870 594 2 7871 586 2 7872 588 2 7873 590 2 7874 590 2 7875 592 2 7876 586 2 7877 597 346 7878 599 346 7879 598 346 7880 599 2149 7881 601 2149 7882 600 2149 7883 601 2150 7884 603 2150 7885 602 2150 7886 603 356 7887 605 356 7888 604 356 7889 605 2145 7890 607 2145 7891 606 2145 7892 607 2151 7893 609 2151 7894 608 2151 7895 601 0 7896 599 0 7897 597 0 7898 597 0 7899 611 0 7900 609 0 7901 609 0 7902 607 0 7903 605 0 7904 605 0 7905 603 0 7906 601 0 7907 601 0 7908 597 0 7909 609 0 7910 609 2152 7911 611 2152 7912 610 2152 7913 611 2153 7914 597 2153 7915 596 2153 7916 610 2 7917 596 2 7918 598 2 7919 598 2 7920 600 2 7921 610 2 7922 600 2 7923 602 2 7924 610 2 7925 602 2 7926 604 2 7927 606 2 7928 606 2 7929 608 2 7930 602 2 7931 612 2154 7932 643 2154 7933 675 2154 7934 644 2155 7935 645 2155 7936 613 2155 7937 645 2156 7938 646 2156 7939 614 2156 7940 646 2157 7941 647 2157 7942 615 2157 7943 647 2158 7944 648 2158 7945 616 2158 7946 648 363 7947 649 363 7948 617 363 7949 649 2093 7950 650 2093 7951 618 2093 7952 650 2159 7953 651 2159 7954 619 2159 7955 651 2160 7956 652 2160 7957 620 2160 7958 652 2161 7959 653 2161 7960 621 2161 7961 653 2162 7962 654 2162 7963 622 2162 7964 654 1892 7965 655 1892 7966 623 1892 7967 655 422 7968 656 422 7969 624 422 7970 656 2163 7971 657 2163 7972 625 2163 7973 657 1893 7974 658 1893 7975 626 1893 7976 658 195 7977 659 195 7978 627 195 7979 659 14 7980 660 14 7981 628 14 7982 628 2164 7983 660 2164 7984 661 2164 7985 629 642 7986 661 642 7987 662 642 7988 630 2165 7989 662 2165 7990 663 2165 7991 631 2166 7992 663 2166 7993 664 2166 7994 632 2167 7995 664 2167 7996 665 2167 7997 633 428 7998 665 428 7999 666 428 8000 634 2168 8001 666 2168 8002 667 2168 8003 635 2169 8004 667 2169 8005 668 2169 8006 668 2170 8007 669 2170 8008 637 2170 8009 669 2171 8010 670 2171 8011 638 2171 8012 670 433 8013 671 433 8014 639 433 8015 671 2172 8016 672 2172 8017 640 2172 8018 672 2173 8019 673 2173 8020 641 2173 8021 673 2174 8022 674 2174 8023 642 2174 8024 674 2175 8025 675 2175 8026 643 2175 8027 691 2176 8028 644 2176 8029 675 2176 8030 691 2177 8031 692 2177 8032 676 2177 8033 692 2178 8034 693 2178 8035 677 2178 8036 693 2179 8037 694 2179 8038 678 2179 8039 694 2180 8040 695 2180 8041 679 2180 8042 695 2181 8043 696 2181 8044 680 2181 8045 696 2182 8046 697 2182 8047 681 2182 8048 697 2183 8049 698 2183 8050 682 2183 8051 698 2184 8052 699 2184 8053 683 2184 8054 683 2185 8055 699 2185 8056 700 2185 8057 684 2186 8058 700 2186 8059 701 2186 8060 685 2187 8061 701 2187 8062 702 2187 8063 686 2188 8064 702 2188 8065 703 2188 8066 687 2189 8067 703 2189 8068 704 2189 8069 688 2190 8070 704 2190 8071 705 2190 8072 689 2191 8073 705 2191 8074 706 2191 8075 690 2192 8076 706 2192 8077 707 2192 8078 707 2193 8079 708 2193 8080 661 2193 8081 708 2194 8082 709 2194 8083 662 2194 8084 709 2195 8085 710 2195 8086 663 2195 8087 710 2196 8088 711 2196 8089 664 2196 8090 711 2197 8091 712 2197 8092 665 2197 8093 712 2198 8094 713 2198 8095 666 2198 8096 713 2199 8097 714 2199 8098 667 2199 8099 714 2200 8100 715 2200 8101 668 2200 8102 668 2201 8103 715 2201 8104 716 2201 8105 669 2202 8106 716 2202 8107 717 2202 8108 670 2203 8109 717 2203 8110 718 2203 8111 671 2204 8112 718 2204 8113 719 2204 8114 672 2205 8115 719 2205 8116 720 2205 8117 673 2206 8118 720 2206 8119 721 2206 8120 674 2207 8121 721 2207 8122 722 2207 8123 723 517 8124 644 517 8125 676 517 8126 723 2155 8127 724 2155 8128 645 2155 8129 724 2156 8130 725 2156 8131 646 2156 8132 725 2157 8133 726 2157 8134 647 2157 8135 726 2158 8136 727 2158 8137 648 2158 8138 727 521 8139 728 521 8140 649 521 8141 728 2208 8142 729 2208 8143 650 2208 8144 729 2209 8145 730 2209 8146 651 2209 8147 730 2210 8148 731 2210 8149 652 2210 8150 731 2004 8151 732 2004 8152 653 2004 8153 732 2162 8154 733 2162 8155 654 2162 8156 733 2211 8157 734 2211 8158 655 2211 8159 734 422 8160 735 422 8161 656 422 8162 735 2212 8163 736 2212 8164 657 2212 8165 736 2213 8166 737 2213 8167 658 2213 8168 737 195 8169 738 195 8170 659 195 8171 738 14 8172 739 14 8173 660 14 8174 739 1946 8175 740 1946 8176 690 1946 8177 740 525 8178 741 525 8179 689 525 8180 741 2214 8181 742 2214 8182 688 2214 8183 742 2215 8184 743 2215 8185 687 2215 8186 743 528 8187 744 528 8188 686 528 8189 744 2216 8190 745 2216 8191 685 2216 8192 745 2217 8193 746 2217 8194 684 2217 8195 746 2218 8196 747 2218 8197 683 2218 8198 683 2219 8199 747 2219 8200 748 2219 8201 682 2220 8202 748 2220 8203 749 2220 8204 681 2221 8205 749 2221 8206 750 2221 8207 680 535 8208 750 535 8209 751 535 8210 679 536 8211 751 536 8212 752 536 8213 678 2222 8214 752 2222 8215 753 2222 8216 677 538 8217 753 538 8218 754 538 8219 755 2223 8220 786 2223 8221 818 2223 8222 787 499 8223 788 499 8224 756 499 8225 788 2224 8226 789 2224 8227 757 2224 8228 789 2225 8229 790 2225 8230 758 2225 8231 790 2226 8232 791 2226 8233 759 2226 8234 791 501 8235 792 501 8236 760 501 8237 792 1973 8238 793 1973 8239 761 1973 8240 793 2227 8241 794 2227 8242 762 2227 8243 794 2228 8244 795 2228 8245 763 2228 8246 795 2229 8247 796 2229 8248 764 2229 8249 796 2230 8250 797 2230 8251 765 2230 8252 797 2019 8253 798 2019 8254 766 2019 8255 798 449 8256 799 449 8257 767 449 8258 799 2231 8259 800 2231 8260 768 2231 8261 800 2020 8262 801 2020 8263 769 2020 8264 801 16 8265 802 16 8266 770 16 8267 802 15 8268 803 15 8269 771 15 8270 771 2232 8271 803 2232 8272 804 2232 8273 772 575 8274 804 575 8275 805 575 8276 773 2233 8277 805 2233 8278 806 2233 8279 774 2234 8280 806 2234 8281 807 2234 8282 775 2235 8283 807 2235 8284 808 2235 8285 776 2236 8286 808 2236 8287 809 2236 8288 777 2237 8289 809 2237 8290 810 2237 8291 778 2238 8292 810 2238 8293 811 2238 8294 811 2239 8295 812 2239 8296 780 2239 8297 812 2240 8298 813 2240 8299 781 2240 8300 813 513 8301 814 513 8302 782 513 8303 814 2241 8304 815 2241 8305 783 2241 8306 815 2242 8307 816 2242 8308 784 2242 8309 816 2243 8310 817 2243 8311 785 2243 8312 817 516 8313 818 516 8314 786 516 8315 834 2244 8316 787 2244 8317 818 2244 8318 834 2245 8319 835 2245 8320 819 2245 8321 835 2246 8322 836 2246 8323 820 2246 8324 836 2247 8325 837 2247 8326 821 2247 8327 837 2248 8328 838 2248 8329 822 2248 8330 838 2249 8331 839 2249 8332 823 2249 8333 839 2250 8334 840 2250 8335 824 2250 8336 840 2251 8337 841 2251 8338 825 2251 8339 841 2252 8340 842 2252 8341 826 2252 8342 826 911 8343 842 911 8344 843 911 8345 827 2253 8346 843 2253 8347 844 2253 8348 828 2254 8349 844 2254 8350 845 2254 8351 829 2255 8352 845 2255 8353 846 2255 8354 830 2196 8355 846 2196 8356 847 2196 8357 831 2256 8358 847 2256 8359 848 2256 8360 832 2257 8361 848 2257 8362 849 2257 8363 833 2193 8364 849 2193 8365 850 2193 8366 850 2192 8367 851 2192 8368 804 2192 8369 851 2258 8370 852 2258 8371 805 2258 8372 852 2259 8373 853 2259 8374 806 2259 8375 853 2189 8376 854 2189 8377 807 2189 8378 854 2260 8379 855 2260 8380 808 2260 8381 855 2261 8382 856 2261 8383 809 2261 8384 856 2262 8385 857 2262 8386 810 2262 8387 857 2263 8388 858 2263 8389 811 2263 8390 811 2264 8391 858 2264 8392 859 2264 8393 812 2265 8394 859 2265 8395 860 2265 8396 813 2266 8397 860 2266 8398 861 2266 8399 814 2267 8400 861 2267 8401 862 2267 8402 815 2268 8403 862 2268 8404 863 2268 8405 816 2269 8406 863 2269 8407 864 2269 8408 817 2270 8409 864 2270 8410 865 2270 8411 866 437 8412 787 437 8413 819 437 8414 866 499 8415 867 499 8416 788 499 8417 867 2224 8418 868 2224 8419 789 2224 8420 868 2271 8421 869 2271 8422 790 2271 8423 869 2226 8424 870 2226 8425 791 2226 8426 870 501 8427 871 501 8428 792 501 8429 871 2272 8430 872 2272 8431 793 2272 8432 872 2273 8433 873 2273 8434 794 2273 8435 873 2274 8436 874 2274 8437 795 2274 8438 874 2275 8439 875 2275 8440 796 2275 8441 875 2230 8442 876 2230 8443 797 2230 8444 876 2019 8445 877 2019 8446 798 2019 8447 877 321 8448 878 321 8449 799 321 8450 878 2276 8451 879 2276 8452 800 2276 8453 879 2277 8454 880 2277 8455 801 2277 8456 880 16 8457 881 16 8458 802 16 8459 881 15 8460 882 15 8461 803 15 8462 882 1945 8463 883 1945 8464 833 1945 8465 883 595 8466 884 595 8467 832 595 8468 884 2278 8469 885 2278 8470 831 2278 8471 885 2279 8472 886 2279 8473 830 2279 8474 886 598 8475 887 598 8476 829 598 8477 887 2280 8478 888 2280 8479 828 2280 8480 888 2281 8481 889 2281 8482 827 2281 8483 889 2282 8484 890 2282 8485 826 2282 8486 826 2283 8487 890 2283 8488 891 2283 8489 825 2284 8490 891 2284 8491 892 2284 8492 824 2285 8493 892 2285 8494 893 2285 8495 823 603 8496 893 603 8497 894 603 8498 822 604 8499 894 604 8500 895 604 8501 821 2286 8502 895 2286 8503 896 2286 8504 820 2287 8505 896 2287 8506 897 2287 8507 898 2154 8508 929 2154 8509 961 2154 8510 930 181 8511 931 181 8512 899 181 8513 931 2156 8514 932 2156 8515 900 2156 8516 932 2157 8517 933 2157 8518 901 2157 8519 933 2288 8520 934 2288 8521 902 2288 8522 934 2289 8523 935 2289 8524 903 2289 8525 935 2093 8526 936 2093 8527 904 2093 8528 936 2290 8529 937 2290 8530 905 2290 8531 937 2210 8532 938 2210 8533 906 2210 8534 938 2004 8535 939 2004 8536 907 2004 8537 939 2162 8538 940 2162 8539 908 2162 8540 940 1892 8541 941 1892 8542 909 1892 8543 941 10 8544 942 10 8545 910 10 8546 942 197 8547 943 197 8548 911 197 8549 943 2291 8550 944 2291 8551 912 2291 8552 944 195 8553 945 195 8554 913 195 8555 945 2232 8556 946 2232 8557 914 2232 8558 914 15 8559 946 15 8560 947 15 8561 915 424 8562 947 424 8563 948 424 8564 916 2292 8565 948 2292 8566 949 2292 8567 917 450 8568 949 450 8569 950 450 8570 918 427 8571 950 427 8572 951 427 8573 919 2293 8574 951 2293 8575 952 2293 8576 920 2294 8577 952 2294 8578 953 2294 8579 921 2295 8580 953 2295 8581 954 2295 8582 954 584 8583 955 584 8584 923 584 8585 955 2296 8586 956 2296 8587 924 2296 8588 956 2297 8589 957 2297 8590 925 2297 8591 957 122 8592 958 122 8593 926 122 8594 958 2298 8595 959 2298 8596 927 2298 8597 959 2299 8598 960 2299 8599 928 2299 8600 960 436 8601 961 436 8602 929 436 8603 977 2176 8604 930 2176 8605 961 2176 8606 977 2300 8607 978 2300 8608 962 2300 8609 978 2178 8610 979 2178 8611 963 2178 8612 979 2301 8613 980 2301 8614 964 2301 8615 980 2302 8616 981 2302 8617 965 2302 8618 981 2303 8619 982 2303 8620 966 2303 8621 982 2304 8622 983 2304 8623 967 2304 8624 983 2265 8625 984 2265 8626 968 2265 8627 984 2184 8628 985 2184 8629 969 2184 8630 969 2185 8631 985 2185 8632 986 2185 8633 970 2305 8634 986 2305 8635 987 2305 8636 971 2306 8637 987 2306 8638 988 2306 8639 972 2307 8640 988 2307 8641 989 2307 8642 973 2308 8643 989 2308 8644 990 2308 8645 974 2309 8646 990 2309 8647 991 2309 8648 975 2191 8649 991 2191 8650 992 2191 8651 976 2310 8652 992 2310 8653 993 2310 8654 993 2193 8655 994 2193 8656 947 2193 8657 994 2311 8658 995 2311 8659 948 2311 8660 995 2195 8661 996 2195 8662 949 2195 8663 996 2312 8664 997 2312 8665 950 2312 8666 997 2313 8667 998 2313 8668 951 2313 8669 998 2314 8670 999 2314 8671 952 2314 8672 999 2315 8673 1000 2315 8674 953 2315 8675 1000 2316 8676 1001 2316 8677 954 2316 8678 954 2317 8679 1001 2317 8680 1002 2317 8681 955 2318 8682 1002 2318 8683 1003 2318 8684 956 2319 8685 1003 2319 8686 1004 2319 8687 957 2320 8688 1004 2320 8689 1005 2320 8690 958 2321 8691 1005 2321 8692 1006 2321 8693 959 2206 8694 1006 2206 8695 1007 2206 8696 960 2322 8697 1007 2322 8698 1008 2322 8699 1009 2323 8700 930 2323 8701 962 2323 8702 1009 2324 8703 1010 2324 8704 931 2324 8705 1010 2325 8706 1011 2325 8707 932 2325 8708 1011 2326 8709 1012 2326 8710 933 2326 8711 1012 2327 8712 1013 2327 8713 934 2327 8714 1013 2328 8715 1014 2328 8716 935 2328 8717 1014 568 8718 1015 568 8719 936 568 8720 1015 2329 8721 1016 2329 8722 937 2329 8723 1016 2330 8724 1017 2330 8725 938 2330 8726 1017 2331 8727 1018 2331 8728 939 2331 8729 1018 2332 8730 1019 2332 8731 940 2332 8732 1019 572 8733 1020 572 8734 941 572 8735 1020 2333 8736 1021 2333 8737 942 2333 8738 1021 2334 8739 1022 2334 8740 943 2334 8741 1022 2091 8742 1023 2091 8743 944 2091 8744 1023 2335 8745 1024 2335 8746 945 2335 8747 1024 2336 8748 1025 2336 8749 946 2336 8750 1025 1946 8751 1026 1946 8752 976 1946 8753 1026 2337 8754 1027 2337 8755 975 2337 8756 1027 2338 8757 1028 2338 8758 974 2338 8759 1028 2215 8760 1029 2215 8761 973 2215 8762 1029 2339 8763 1030 2339 8764 972 2339 8765 1030 2340 8766 1031 2340 8767 971 2340 8768 1031 2341 8769 1032 2341 8770 970 2341 8771 1032 2342 8772 1033 2342 8773 969 2342 8774 969 2343 8775 1033 2343 8776 1034 2343 8777 968 2220 8778 1034 2220 8779 1035 2220 8780 967 2344 8781 1035 2344 8782 1036 2344 8783 966 2345 8784 1036 2345 8785 1037 2345 8786 965 536 8787 1037 536 8788 1038 536 8789 964 2346 8790 1038 2346 8791 1039 2346 8792 963 2347 8793 1039 2347 8794 1040 2347 8795 1041 498 8796 1072 498 8797 1104 498 8798 1073 2348 8799 1074 2348 8800 1042 2348 8801 1074 2349 8802 1075 2349 8803 1043 2349 8804 1075 2271 8805 1076 2271 8806 1044 2271 8807 1076 2350 8808 1077 2350 8809 1045 2350 8810 1077 2351 8811 1078 2351 8812 1046 2351 8813 1078 1973 8814 1079 1973 8815 1047 1973 8816 1079 2352 8817 1080 2352 8818 1048 2352 8819 1080 2274 8820 1081 2274 8821 1049 2274 8822 1081 2229 8823 1082 2229 8824 1050 2229 8825 1082 2353 8826 1083 2353 8827 1051 2353 8828 1083 2019 8829 1084 2019 8830 1052 2019 8831 1084 191 8832 1085 191 8833 1053 191 8834 1085 18 8835 1086 18 8836 1054 18 8837 1086 2354 8838 1087 2354 8839 1055 2354 8840 1087 16 8841 1088 16 8842 1056 16 8843 1088 2164 8844 1089 2164 8845 1057 2164 8846 1057 14 8847 1089 14 8848 1090 14 8849 1058 504 8850 1090 504 8851 1091 504 8852 1059 2355 8853 1091 2355 8854 1092 2355 8855 1060 370 8856 1092 370 8857 1093 370 8858 1061 507 8859 1093 507 8860 1094 507 8861 1062 2356 8862 1094 2356 8863 1095 2356 8864 1063 2237 8865 1095 2237 8866 1096 2237 8867 1064 2357 8868 1096 2357 8869 1097 2357 8870 1097 652 8871 1098 652 8872 1066 652 8873 1098 2358 8874 1099 2358 8875 1067 2358 8876 1099 2359 8877 1100 2359 8878 1068 2359 8879 1100 203 8880 1101 203 8881 1069 203 8882 1101 2360 8883 1102 2360 8884 1070 2360 8885 1102 2361 8886 1103 2361 8887 1071 2361 8888 1103 516 8889 1104 516 8890 1072 516 8891 1120 2244 8892 1073 2244 8893 1104 2244 8894 1120 2362 8895 1121 2362 8896 1105 2362 8897 1121 2246 8898 1122 2246 8899 1106 2246 8900 1122 2363 8901 1123 2363 8902 1107 2363 8903 1123 2364 8904 1124 2364 8905 1108 2364 8906 1124 2365 8907 1125 2365 8908 1109 2365 8909 1125 2366 8910 1126 2366 8911 1110 2366 8912 1126 2202 8913 1127 2202 8914 1111 2202 8915 1127 2252 8916 1128 2252 8917 1112 2252 8918 1112 911 8919 1128 911 8920 1129 911 8921 1113 2367 8922 1129 2367 8923 1130 2367 8924 1114 2368 8925 1130 2368 8926 1131 2368 8927 1115 2369 8928 1131 2369 8929 1132 2369 8930 1116 2370 8931 1132 2370 8932 1133 2370 8933 1117 2371 8934 1133 2371 8935 1134 2371 8936 1118 2257 8937 1134 2257 8938 1135 2257 8939 1119 2372 8940 1135 2372 8941 1136 2372 8942 1136 2192 8943 1137 2192 8944 1090 2192 8945 1137 2373 8946 1138 2373 8947 1091 2373 8948 1138 2259 8949 1139 2259 8950 1092 2259 8951 1139 2374 8952 1140 2374 8953 1093 2374 8954 1140 2375 8955 1141 2375 8956 1094 2375 8957 1141 2376 8958 1142 2376 8959 1095 2376 8960 1142 2377 8961 1143 2377 8962 1096 2377 8963 1143 2378 8964 1144 2378 8965 1097 2378 8966 1097 2379 8967 1144 2379 8968 1145 2379 8969 1098 2380 8970 1145 2380 8971 1146 2380 8972 1099 2381 8973 1146 2381 8974 1147 2381 8975 1100 2382 8976 1147 2382 8977 1148 2382 8978 1101 2383 8979 1148 2383 8980 1149 2383 8981 1102 2269 8982 1149 2269 8983 1150 2269 8984 1103 2384 8985 1150 2384 8986 1151 2384 8987 1152 2385 8988 1073 2385 8989 1105 2385 8990 1152 2386 8991 1153 2386 8992 1074 2386 8993 1153 2387 8994 1154 2387 8995 1075 2387 8996 1154 2388 8997 1155 2388 8998 1076 2388 8999 1155 2389 9000 1156 2389 9001 1077 2389 9002 1156 2390 9003 1157 2390 9004 1078 2390 9005 1157 534 9006 1158 534 9007 1079 534 9008 1158 2391 9009 1159 2391 9010 1080 2391 9011 1159 2392 9012 1160 2392 9013 1081 2392 9014 1160 2393 9015 1161 2393 9016 1082 2393 9017 1161 2394 9018 1162 2394 9019 1083 2394 9020 1162 639 9021 1163 639 9022 1084 639 9023 1163 2395 9024 1164 2395 9025 1085 2395 9026 1164 2396 9027 1165 2396 9028 1086 2396 9029 1165 2397 9030 1166 2397 9031 1087 2397 9032 1166 2398 9033 1167 2398 9034 1088 2398 9035 1167 2399 9036 1168 2399 9037 1089 2399 9038 1168 1945 9039 1169 1945 9040 1119 1945 9041 1169 2400 9042 1170 2400 9043 1118 2400 9044 1170 2401 9045 1171 2401 9046 1117 2401 9047 1171 2279 9048 1172 2279 9049 1116 2279 9050 1172 2402 9051 1173 2402 9052 1115 2402 9053 1173 2403 9054 1174 2403 9055 1114 2403 9056 1174 2404 9057 1175 2404 9058 1113 2404 9059 1175 2405 9060 1176 2405 9061 1112 2405 9062 1112 2406 9063 1176 2406 9064 1177 2406 9065 1111 2284 9066 1177 2284 9067 1178 2284 9068 1110 2407 9069 1178 2407 9070 1179 2407 9071 1109 2408 9072 1179 2408 9073 1180 2408 9074 1108 604 9075 1180 604 9076 1181 604 9077 1107 2409 9078 1181 2409 9079 1182 2409 9080 1106 2410 9081 1182 2410 9082 1183 2410 9083 1185 2411 9084 1187 2411 9085 1186 2411 9086 1186 2412 9087 1187 2412 9088 1189 2412 9089 1188 2413 9090 1189 2413 9091 1191 2413 9092 1190 2414 9093 1191 2414 9094 1193 2414 9095 1193 2415 9096 1195 2415 9097 1194 2415 9098 1195 2416 9099 1197 2416 9100 1196 2416 9101 1189 2417 9102 1187 2417 9103 1185 2417 9104 1185 2418 9105 1199 2418 9106 1197 2418 9107 1197 2419 9108 1195 2419 9109 1193 2419 9110 1193 2420 9111 1191 2420 9112 1189 2420 9113 1189 3 9114 1185 3 9115 1197 3 9116 1197 2421 9117 1199 2421 9118 1198 2421 9119 1199 2422 9120 1185 2422 9121 1184 2422 9122 1198 1 9123 1184 1 9124 1186 1 9125 1186 1 9126 1188 1 9127 1190 1 9128 1190 1 9129 1192 1 9130 1194 1 9131 1194 1 9132 1196 1 9133 1190 1 9134 1196 2423 9135 1198 2423 9136 1190 2423 9137 1201 2424 9138 1203 2424 9139 1202 2424 9140 1202 2425 9141 1203 2425 9142 1205 2425 9143 1205 2426 9144 1207 2426 9145 1206 2426 9146 1207 2427 9147 1209 2427 9148 1208 2427 9149 1209 2415 9150 1211 2415 9151 1210 2415 9152 1211 2416 9153 1213 2416 9154 1212 2416 9155 1205 2428 9156 1203 2428 9157 1201 2428 9158 1201 2429 9159 1215 2429 9160 1213 2429 9161 1213 2430 9162 1211 2430 9163 1209 2430 9164 1209 2431 9165 1207 2431 9166 1205 2431 9167 1205 3 9168 1201 3 9169 1213 3 9170 1213 2421 9171 1215 2421 9172 1214 2421 9173 1215 2422 9174 1201 2422 9175 1200 2422 9176 1214 1 9177 1200 1 9178 1202 1 9179 1202 1 9180 1204 1 9181 1214 1 9182 1204 1 9183 1206 1 9184 1214 1 9185 1206 1 9186 1208 1 9187 1210 1 9188 1210 1 9189 1212 1 9190 1206 1 9191 1217 2432 9192 1219 2432 9193 1218 2432 9194 1218 2433 9195 1219 2433 9196 1221 2433 9197 1221 2434 9198 1223 2434 9199 1222 2434 9200 1223 2435 9201 1225 2435 9202 1224 2435 9203 1225 2436 9204 1227 2436 9205 1226 2436 9206 1227 2437 9207 1229 2437 9208 1228 2437 9209 1221 2438 9210 1219 2438 9211 1217 2438 9212 1217 3 9213 1231 3 9214 1229 3 9215 1229 3 9216 1227 3 9217 1225 3 9218 1225 2418 9219 1223 2418 9220 1221 2418 9221 1221 3 9222 1217 3 9223 1229 3 9224 1229 2439 9225 1231 2439 9226 1230 2439 9227 1231 2440 9228 1217 2440 9229 1216 2440 9230 1230 2441 9231 1216 2441 9232 1218 2441 9233 1218 1 9234 1220 1 9235 1230 1 9236 1220 1 9237 1222 1 9238 1230 1 9239 1222 2442 9240 1224 2442 9241 1230 2442 9242 1224 1 9243 1226 1 9244 1230 1 9245 1233 2432 9246 1235 2432 9247 1234 2432 9248 1234 2443 9249 1235 2443 9250 1237 2443 9251 1237 2444 9252 1239 2444 9253 1238 2444 9254 1239 2435 9255 1241 2435 9256 1240 2435 9257 1241 2415 9258 1243 2415 9259 1242 2415 9260 1243 2437 9261 1245 2437 9262 1244 2437 9263 1237 2445 9264 1235 2445 9265 1233 2445 9266 1233 2446 9267 1247 2446 9268 1245 2446 9269 1245 2447 9270 1243 2447 9271 1241 2447 9272 1241 2448 9273 1239 2448 9274 1237 2448 9275 1237 3 9276 1233 3 9277 1245 3 9278 1245 2439 9279 1247 2439 9280 1246 2439 9281 1247 2422 9282 1233 2422 9283 1232 2422 9284 1246 1 9285 1232 1 9286 1234 1 9287 1234 1 9288 1236 1 9289 1246 1 9290 1236 2423 9291 1238 2423 9292 1246 2423 9293 1238 1 9294 1240 1 9295 1246 1 9296 1240 1 9297 1242 1 9298 1246 1 9299 1249 2449 9300 1251 2449 9301 1250 2449 9302 1251 676 9303 1253 676 9304 1252 676 9305 1253 677 9306 1255 677 9307 1254 677 9308 1255 2450 9309 1257 2450 9310 1256 2450 9311 1257 2451 9312 1259 2451 9313 1258 2451 9314 1259 680 9315 1261 680 9316 1260 680 9317 1253 2445 9318 1251 2445 9319 1249 2445 9320 1249 2446 9321 1263 2446 9322 1261 2446 9323 1261 2447 9324 1259 2447 9325 1257 2447 9326 1257 2448 9327 1255 2448 9328 1253 2448 9329 1253 3 9330 1249 3 9331 1261 3 9332 1261 681 9333 1263 681 9334 1262 681 9335 1263 2452 9336 1249 2452 9337 1248 2452 9338 1262 1 9339 1248 1 9340 1250 1 9341 1250 1 9342 1252 1 9343 1262 1 9344 1252 1 9345 1254 1 9346 1262 1 9347 1254 1 9348 1256 1 9349 1262 1 9350 1256 1 9351 1258 1 9352 1262 1 9353 1265 2449 9354 1267 2449 9355 1266 2449 9356 1267 676 9357 1269 676 9358 1268 676 9359 1269 677 9360 1271 677 9361 1270 677 9362 1271 2450 9363 1273 2450 9364 1272 2450 9365 1273 2451 9366 1275 2451 9367 1274 2451 9368 1275 2453 9369 1277 2453 9370 1276 2453 9371 1269 2454 9372 1267 2454 9373 1265 2454 9374 1265 2438 9375 1279 2438 9376 1277 2438 9377 1277 2417 9378 1275 2417 9379 1273 2417 9380 1273 2455 9381 1271 2455 9382 1269 2455 9383 1269 3 9384 1265 3 9385 1277 3 9386 1277 2456 9387 1279 2456 9388 1278 2456 9389 1279 2452 9390 1265 2452 9391 1264 2452 9392 1278 1 9393 1264 1 9394 1266 1 9395 1266 1 9396 1268 1 9397 1278 1 9398 1268 1 9399 1270 1 9400 1278 1 9401 1270 1 9402 1272 1 9403 1278 1 9404 1272 1 9405 1274 1 9406 1278 1 9407 1308 5 9408 1300 5 9409 1299 5 9410 1283 3 9411 1287 3 9412 1286 3 9413 1293 0 9414 1285 0 9415 1284 0 9416 1285 1 9417 1281 1 9418 1280 1 9419 1295 4 9420 1284 4 9421 1280 4 9422 1294 5 9423 1281 5 9424 1285 5 9425 1283 5 9426 1289 5 9427 1291 5 9428 1286 4 9429 1290 4 9430 1288 4 9431 1287 0 9432 1291 0 9433 1290 0 9434 1294 2 9435 1289 2 9436 1288 2 9437 1305 2457 9438 1309 2457 9439 1299 2457 9440 1289 5 9441 1294 5 9442 1293 5 9443 1290 4 9444 1295 4 9445 1292 4 9446 1291 0 9447 1293 0 9448 1295 0 9449 1299 2 9450 1300 2 9451 1301 2 9452 1298 2 9453 1303 2 9454 1296 2 9455 1306 2458 9456 1305 2458 9457 1303 2458 9458 1307 4 9459 1297 4 9460 1296 4 9461 1310 3 9462 1301 3 9463 1300 3 9464 1310 2459 9465 1311 2459 9466 1302 2459 9467 1306 1 9468 1298 1 9469 1297 1 9470 1311 2460 9471 1309 2460 9472 1305 2460 9473 1281 1 9474 1306 1 9475 1307 1 9476 1280 4 9477 1307 4 9478 1304 4 9479 1281 5 9480 1294 5 9481 1305 5 9482 1292 689 9483 1304 689 9484 1305 689 9485 1289 2461 9486 1309 2461 9487 1311 2461 9488 1282 2462 9489 1288 2462 9490 1311 2462 9491 1282 3 9492 1310 3 9493 1308 3 9494 1283 5 9495 1308 5 9496 1309 5 9497 1302 2463 9498 1311 2463 9499 1304 2463 9500 1296 2 9501 1303 2 9502 1299 2 9503 1313 2464 9504 1315 2464 9505 1314 2464 9506 1314 2465 9507 1315 2465 9508 1317 2465 9509 1317 2466 9510 1319 2466 9511 1318 2466 9512 1319 2467 9513 1321 2467 9514 1320 2467 9515 1321 2468 9516 1323 2468 9517 1322 2468 9518 1323 2469 9519 1325 2469 9520 1324 2469 9521 1317 2470 9522 1315 2470 9523 1313 2470 9524 1313 2471 9525 1327 2471 9526 1325 2471 9527 1325 2472 9528 1323 2472 9529 1321 2472 9530 1321 5 9531 1319 5 9532 1317 5 9533 1317 5 9534 1313 5 9535 1321 5 9536 1325 2473 9537 1327 2473 9538 1326 2473 9539 1327 2474 9540 1313 2474 9541 1312 2474 9542 1326 2475 9543 1312 2475 9544 1318 2475 9545 1312 2476 9546 1314 2476 9547 1318 2476 9548 1314 2477 9549 1316 2477 9550 1318 2477 9551 1318 4 9552 1320 4 9553 1322 4 9554 1322 4 9555 1324 4 9556 1318 4 9557 1329 2478 9558 1331 2478 9559 1330 2478 9560 1330 2479 9561 1331 2479 9562 1333 2479 9563 1333 2480 9564 1335 2480 9565 1334 2480 9566 1335 2467 9567 1337 2467 9568 1336 2467 9569 1337 2481 9570 1339 2481 9571 1338 2481 9572 1339 2482 9573 1341 2482 9574 1340 2482 9575 1333 2470 9576 1331 2470 9577 1329 2470 9578 1329 2483 9579 1343 2483 9580 1341 2483 9581 1341 2484 9582 1339 2484 9583 1337 2484 9584 1337 5 9585 1335 5 9586 1333 5 9587 1333 5 9588 1329 5 9589 1337 5 9590 1341 2485 9591 1343 2485 9592 1342 2485 9593 1343 2486 9594 1329 2486 9595 1328 2486 9596 1342 2487 9597 1328 2487 9598 1334 2487 9599 1328 2488 9600 1330 2488 9601 1334 2488 9602 1330 2477 9603 1332 2477 9604 1334 2477 9605 1334 4 9606 1336 4 9607 1338 4 9608 1338 4 9609 1340 4 9610 1334 4 9611 1344 2489 9612 1345 2489 9613 1347 2489 9614 1346 2490 9615 1347 2490 9616 1349 2490 9617 1349 2491 9618 1351 2491 9619 1350 2491 9620 1351 2492 9621 1353 2492 9622 1352 2492 9623 1353 2493 9624 1355 2493 9625 1354 2493 9626 1355 2494 9627 1357 2494 9628 1356 2494 9629 1349 5 9630 1347 5 9631 1345 5 9632 1345 5 9633 1359 5 9634 1357 5 9635 1357 5 9636 1355 5 9637 1353 5 9638 1353 5 9639 1351 5 9640 1349 5 9641 1349 5 9642 1345 5 9643 1353 5 9644 1357 2495 9645 1359 2495 9646 1358 2495 9647 1359 2496 9648 1345 2496 9649 1344 2496 9650 1358 4 9651 1344 4 9652 1346 4 9653 1346 2497 9654 1348 2497 9655 1350 2497 9656 1350 4 9657 1352 4 9658 1354 4 9659 1354 2498 9660 1356 2498 9661 1350 2498 9662 1356 4 9663 1358 4 9664 1350 4 9665 1360 2489 9666 1361 2489 9667 1363 2489 9668 1362 2499 9669 1363 2499 9670 1365 2499 9671 1365 2500 9672 1367 2500 9673 1366 2500 9674 1367 2492 9675 1369 2492 9676 1368 2492 9677 1369 2501 9678 1371 2501 9679 1370 2501 9680 1371 2502 9681 1373 2502 9682 1372 2502 9683 1365 5 9684 1363 5 9685 1361 5 9686 1361 5 9687 1375 5 9688 1373 5 9689 1373 5 9690 1371 5 9691 1369 5 9692 1369 5 9693 1367 5 9694 1365 5 9695 1365 5 9696 1361 5 9697 1369 5 9698 1373 2503 9699 1375 2503 9700 1374 2503 9701 1375 2504 9702 1361 2504 9703 1360 2504 9704 1374 4 9705 1360 4 9706 1362 4 9707 1362 2497 9708 1364 2497 9709 1366 2497 9710 1366 4 9711 1368 4 9712 1370 4 9713 1370 2505 9714 1372 2505 9715 1366 2505 9716 1372 4 9717 1374 4 9718 1366 4 9719 1376 2506 9720 1407 2506 9721 1439 2506 9722 1408 2507 9723 1409 2507 9724 1377 2507 9725 1409 2508 9726 1410 2508 9727 1378 2508 9728 1410 2509 9729 1411 2509 9730 1379 2509 9731 1411 2510 9732 1412 2510 9733 1380 2510 9734 1412 2511 9735 1413 2511 9736 1381 2511 9737 1381 724 9738 1413 724 9739 1414 724 9740 1414 2512 9741 1415 2512 9742 1383 2512 9743 1383 2513 9744 1415 2513 9745 1416 2513 9746 1416 2514 9747 1417 2514 9748 1385 2514 9749 1417 2515 9750 1418 2515 9751 1386 2515 9752 1418 2516 9753 1419 2516 9754 1387 2516 9755 1387 2517 9756 1419 2517 9757 1420 2517 9758 1388 2518 9759 1420 2518 9760 1421 2518 9761 1421 2519 9762 1422 2519 9763 1390 2519 9764 1422 2520 9765 1423 2520 9766 1391 2520 9767 1423 2521 9768 1424 2521 9769 1392 2521 9770 1392 2522 9771 1424 2522 9772 1425 2522 9773 1393 2523 9774 1425 2523 9775 1426 2523 9776 1394 2524 9777 1426 2524 9778 1427 2524 9779 1395 2525 9780 1427 2525 9781 1428 2525 9782 1396 2526 9783 1428 2526 9784 1429 2526 9785 1397 2527 9786 1429 2527 9787 1430 2527 9788 1398 2528 9789 1430 2528 9790 1431 2528 9791 1399 2529 9792 1431 2529 9793 1432 2529 9794 1432 2530 9795 1433 2530 9796 1401 2530 9797 1433 2531 9798 1434 2531 9799 1402 2531 9800 1434 2532 9801 1435 2532 9802 1403 2532 9803 1435 2533 9804 1436 2533 9805 1404 2533 9806 1436 2534 9807 1437 2534 9808 1405 2534 9809 1437 2535 9810 1438 2535 9811 1406 2535 9812 1438 625 9813 1439 625 9814 1407 625 9815 1455 2536 9816 1408 2536 9817 1439 2536 9818 1455 2537 9819 1456 2537 9820 1440 2537 9821 1456 2538 9822 1457 2538 9823 1441 2538 9824 1457 2539 9825 1458 2539 9826 1442 2539 9827 1458 2540 9828 1459 2540 9829 1443 2540 9830 1459 2541 9831 1460 2541 9832 1444 2541 9833 1460 2542 9834 1461 2542 9835 1445 2542 9836 1461 2543 9837 1462 2543 9838 1446 2543 9839 1462 2544 9840 1463 2544 9841 1447 2544 9842 1447 2545 9843 1463 2545 9844 1464 2545 9845 1448 2546 9846 1464 2546 9847 1465 2546 9848 1449 2547 9849 1465 2547 9850 1466 2547 9851 1450 2548 9852 1466 2548 9853 1467 2548 9854 1451 2549 9855 1467 2549 9856 1468 2549 9857 1452 2550 9858 1468 2550 9859 1469 2550 9860 1453 2551 9861 1469 2551 9862 1470 2551 9863 1454 2552 9864 1470 2552 9865 1471 2552 9866 1471 2553 9867 1472 2553 9868 1425 2553 9869 1472 2554 9870 1473 2554 9871 1426 2554 9872 1473 2555 9873 1474 2555 9874 1427 2555 9875 1474 2556 9876 1475 2556 9877 1428 2556 9878 1475 2557 9879 1476 2557 9880 1429 2557 9881 1476 2558 9882 1477 2558 9883 1430 2558 9884 1477 2559 9885 1478 2559 9886 1431 2559 9887 1478 2560 9888 1479 2560 9889 1432 2560 9890 1432 2561 9891 1479 2561 9892 1480 2561 9893 1433 2562 9894 1480 2562 9895 1481 2562 9896 1434 1573 9897 1481 1573 9898 1482 1573 9899 1435 2563 9900 1482 2563 9901 1483 2563 9902 1436 2564 9903 1483 2564 9904 1484 2564 9905 1437 2565 9906 1484 2565 9907 1485 2565 9908 1438 953 9909 1485 953 9910 1486 953 9911 1487 2566 9912 1408 2566 9913 1440 2566 9914 1487 2567 9915 1488 2567 9916 1409 2567 9917 1488 2568 9918 1489 2568 9919 1410 2568 9920 1489 2569 9921 1490 2569 9922 1411 2569 9923 1490 2570 9924 1491 2570 9925 1412 2570 9926 1412 2571 9927 1491 2571 9928 1492 2571 9929 1413 2572 9930 1492 2572 9931 1493 2572 9932 1493 2573 9933 1494 2573 9934 1415 2573 9935 1494 2574 9936 1495 2574 9937 1416 2574 9938 1495 2575 9939 1496 2575 9940 1417 2575 9941 1496 2576 9942 1497 2576 9943 1418 2576 9944 1497 2577 9945 1498 2577 9946 1419 2577 9947 1419 2578 9948 1498 2578 9949 1499 2578 9950 1499 2579 9951 1500 2579 9952 1421 2579 9953 1500 2580 9954 1501 2580 9955 1422 2580 9956 1501 797 9957 1502 797 9958 1423 797 9959 1502 2581 9960 1503 2581 9961 1424 2581 9962 1503 2582 9963 1504 2582 9964 1454 2582 9965 1504 2583 9966 1505 2583 9967 1453 2583 9968 1505 2584 9969 1506 2584 9970 1452 2584 9971 1506 2585 9972 1507 2585 9973 1451 2585 9974 1507 2586 9975 1508 2586 9976 1450 2586 9977 1508 2587 9978 1509 2587 9979 1449 2587 9980 1509 2588 9981 1510 2588 9982 1448 2588 9983 1510 2589 9984 1511 2589 9985 1447 2589 9986 1447 2590 9987 1511 2590 9988 1512 2590 9989 1446 2591 9990 1512 2591 9991 1513 2591 9992 1445 2592 9993 1513 2592 9994 1514 2592 9995 1444 2593 9996 1514 2593 9997 1515 2593 9998 1443 2594 9999 1515 2594 10000 1516 2594 10001 1442 2595 10002 1516 2595 10003 1517 2595 10004 1441 2596 10005 1517 2596 10006 1518 2596 10007 1519 2597 10008 1550 2597 10009 1582 2597 10010 1551 2598 10011 1552 2598 10012 1520 2598 10013 1552 2599 10014 1553 2599 10015 1521 2599 10016 1553 2600 10017 1554 2600 10018 1522 2600 10019 1554 818 10020 1555 818 10021 1523 818 10022 1555 2601 10023 1556 2601 10024 1524 2601 10025 1556 2602 10026 1557 2602 10027 1525 2602 10028 1557 789 10029 1558 789 10030 1526 789 10031 1558 822 10032 1559 822 10033 1527 822 10034 1559 2575 10035 1560 2575 10036 1528 2575 10037 1560 792 10038 1561 792 10039 1529 792 10040 1561 825 10041 1562 825 10042 1530 825 10043 1562 2603 10044 1563 2603 10045 1531 2603 10046 1563 827 10047 1564 827 10048 1532 827 10049 1564 2604 10050 1565 2604 10051 1533 2604 10052 1565 829 10053 1566 829 10054 1534 829 10055 1566 2605 10056 1567 2605 10057 1535 2605 10058 1535 2606 10059 1567 2606 10060 1568 2606 10061 1536 2607 10062 1568 2607 10063 1569 2607 10064 1537 2608 10065 1569 2608 10066 1570 2608 10067 1538 2609 10068 1570 2609 10069 1571 2609 10070 1539 2610 10071 1571 2610 10072 1572 2610 10073 1540 935 10074 1572 935 10075 1573 935 10076 1541 2611 10077 1573 2611 10078 1574 2611 10079 1542 2612 10080 1574 2612 10081 1575 2612 10082 1575 2613 10083 1576 2613 10084 1544 2613 10085 1576 2614 10086 1577 2614 10087 1545 2614 10088 1577 2615 10089 1578 2615 10090 1546 2615 10091 1578 2616 10092 1579 2616 10093 1547 2616 10094 1579 2617 10095 1580 2617 10096 1548 2617 10097 1580 2618 10098 1581 2618 10099 1549 2618 10100 1581 2619 10101 1582 2619 10102 1550 2619 10103 1598 2620 10104 1551 2620 10105 1582 2620 10106 1598 2621 10107 1599 2621 10108 1583 2621 10109 1599 2622 10110 1600 2622 10111 1584 2622 10112 1600 2623 10113 1601 2623 10114 1585 2623 10115 1601 2624 10116 1602 2624 10117 1586 2624 10118 1602 1824 10119 1603 1824 10120 1587 1824 10121 1603 2625 10122 1604 2625 10123 1588 2625 10124 1604 2626 10125 1605 2626 10126 1589 2626 10127 1605 2627 10128 1606 2627 10129 1590 2627 10130 1590 2628 10131 1606 2628 10132 1607 2628 10133 1591 2629 10134 1607 2629 10135 1608 2629 10136 1592 2630 10137 1608 2630 10138 1609 2630 10139 1593 2631 10140 1609 2631 10141 1610 2631 10142 1594 2632 10143 1610 2632 10144 1611 2632 10145 1595 2633 10146 1611 2633 10147 1612 2633 10148 1596 2634 10149 1612 2634 10150 1613 2634 10151 1597 2635 10152 1613 2635 10153 1614 2635 10154 1614 2553 10155 1615 2553 10156 1568 2553 10157 1615 2636 10158 1616 2636 10159 1569 2636 10160 1616 2637 10161 1617 2637 10162 1570 2637 10163 1617 2638 10164 1618 2638 10165 1571 2638 10166 1618 2639 10167 1619 2639 10168 1572 2639 10169 1619 2640 10170 1620 2640 10171 1573 2640 10172 1620 1653 10173 1621 1653 10174 1574 1653 10175 1621 2641 10176 1622 2641 10177 1575 2641 10178 1575 2642 10179 1622 2642 10180 1623 2642 10181 1576 2643 10182 1623 2643 10183 1624 2643 10184 1577 2644 10185 1624 2644 10186 1625 2644 10187 1578 2645 10188 1625 2645 10189 1626 2645 10190 1579 2646 10191 1626 2646 10192 1627 2646 10193 1580 2647 10194 1627 2647 10195 1628 2647 10196 1581 2648 10197 1628 2648 10198 1629 2648 10199 1630 2649 10200 1551 2649 10201 1583 2649 10202 1630 2650 10203 1631 2650 10204 1552 2650 10205 1631 2651 10206 1632 2651 10207 1553 2651 10208 1632 2652 10209 1633 2652 10210 1554 2652 10211 1633 2653 10212 1634 2653 10213 1555 2653 10214 1634 2654 10215 1635 2654 10216 1556 2654 10217 1635 2655 10218 1636 2655 10219 1557 2655 10220 1636 2656 10221 1637 2656 10222 1558 2656 10223 1637 2657 10224 1638 2657 10225 1559 2657 10226 1638 2658 10227 1639 2658 10228 1560 2658 10229 1639 2659 10230 1640 2659 10231 1561 2659 10232 1561 2660 10233 1640 2660 10234 1641 2660 10235 1562 2661 10236 1641 2661 10237 1642 2661 10238 1642 2662 10239 1643 2662 10240 1564 2662 10241 1643 2663 10242 1644 2663 10243 1565 2663 10244 1644 2664 10245 1645 2664 10246 1566 2664 10247 1645 2665 10248 1646 2665 10249 1567 2665 10250 1646 2666 10251 1647 2666 10252 1597 2666 10253 1647 2667 10254 1648 2667 10255 1596 2667 10256 1648 1018 10257 1649 1018 10258 1595 1018 10259 1649 2668 10260 1650 2668 10261 1594 2668 10262 1650 2669 10263 1651 2669 10264 1593 2669 10265 1651 2670 10266 1652 2670 10267 1592 2670 10268 1652 2671 10269 1653 2671 10270 1591 2671 10271 1653 2672 10272 1654 2672 10273 1590 2672 10274 1590 2673 10275 1654 2673 10276 1655 2673 10277 1589 2674 10278 1655 2674 10279 1656 2674 10280 1588 930 10281 1656 930 10282 1657 930 10283 1587 2675 10284 1657 2675 10285 1658 2675 10286 1586 2676 10287 1658 2676 10288 1659 2676 10289 1585 2677 10290 1659 2677 10291 1660 2677 10292 1584 2678 10293 1660 2678 10294 1661 2678 10295 1662 2679 10296 1693 2679 10297 1725 2679 10298 1694 2665 10299 1695 2665 10300 1663 2665 10301 1695 912 10302 1696 912 10303 1664 912 10304 1696 2680 10305 1697 2680 10306 1665 2680 10307 1697 914 10308 1698 914 10309 1666 914 10310 1666 2681 10311 1698 2681 10312 1699 2681 10313 1667 2682 10314 1699 2682 10315 1700 2682 10316 1700 2683 10317 1701 2683 10318 1669 2683 10319 1701 2684 10320 1702 2684 10321 1670 2684 10322 1702 2685 10323 1703 2685 10324 1671 2685 10325 1703 920 10326 1704 920 10327 1672 920 10328 1704 2686 10329 1705 2686 10330 1673 2686 10331 1705 2687 10332 1706 2687 10333 1674 2687 10334 1706 2688 10335 1707 2688 10336 1675 2688 10337 1675 924 10338 1707 924 10339 1708 924 10340 1708 2689 10341 1709 2689 10342 1677 2689 10343 1709 2690 10344 1710 2690 10345 1678 2690 10346 1678 2691 10347 1710 2691 10348 1711 2691 10349 1679 2692 10350 1711 2692 10351 1712 2692 10352 1680 2693 10353 1712 2693 10354 1713 2693 10355 1681 2694 10356 1713 2694 10357 1714 2694 10358 1682 2695 10359 1714 2695 10360 1715 2695 10361 1683 2696 10362 1715 2696 10363 1716 2696 10364 1684 2697 10365 1716 2697 10366 1717 2697 10367 1685 2698 10368 1717 2698 10369 1718 2698 10370 1718 2699 10371 1719 2699 10372 1687 2699 10373 1719 2700 10374 1720 2700 10375 1688 2700 10376 1720 2701 10377 1721 2701 10378 1689 2701 10379 1721 2702 10380 1722 2702 10381 1690 2702 10382 1722 2703 10383 1723 2703 10384 1691 2703 10385 1723 2704 10386 1724 2704 10387 1692 2704 10388 1724 2705 10389 1725 2705 10390 1693 2705 10391 1741 2706 10392 1694 2706 10393 1725 2706 10394 1741 2707 10395 1742 2707 10396 1726 2707 10397 1742 2708 10398 1743 2708 10399 1727 2708 10400 1743 2709 10401 1744 2709 10402 1728 2709 10403 1744 2710 10404 1745 2710 10405 1729 2710 10406 1745 2711 10407 1746 2711 10408 1730 2711 10409 1746 2712 10410 1747 2712 10411 1731 2712 10412 1747 2713 10413 1748 2713 10414 1732 2713 10415 1748 2714 10416 1749 2714 10417 1733 2714 10418 1733 2715 10419 1749 2715 10420 1750 2715 10421 1734 2716 10422 1750 2716 10423 1751 2716 10424 1735 2717 10425 1751 2717 10426 1752 2717 10427 1736 2718 10428 1752 2718 10429 1753 2718 10430 1737 2719 10431 1753 2719 10432 1754 2719 10433 1738 2720 10434 1754 2720 10435 1755 2720 10436 1739 2721 10437 1755 2721 10438 1756 2721 10439 1740 2722 10440 1756 2722 10441 1757 2722 10442 1757 2723 10443 1758 2723 10444 1711 2723 10445 1758 2724 10446 1759 2724 10447 1712 2724 10448 1759 2725 10449 1760 2725 10450 1713 2725 10451 1760 2726 10452 1761 2726 10453 1714 2726 10454 1761 1824 10455 1762 1824 10456 1715 1824 10457 1762 2727 10458 1763 2727 10459 1716 2727 10460 1763 2728 10461 1764 2728 10462 1717 2728 10463 1764 2729 10464 1765 2729 10465 1718 2729 10466 1718 2730 10467 1765 2730 10468 1766 2730 10469 1719 2731 10470 1766 2731 10471 1767 2731 10472 1720 2732 10473 1767 2732 10474 1768 2732 10475 1721 2733 10476 1768 2733 10477 1769 2733 10478 1722 2734 10479 1769 2734 10480 1770 2734 10481 1723 2735 10482 1770 2735 10483 1771 2735 10484 1724 2736 10485 1771 2736 10486 1772 2736 10487 1773 2606 10488 1694 2606 10489 1726 2606 10490 1773 2737 10491 1774 2737 10492 1695 2737 10493 1774 2738 10494 1775 2738 10495 1696 2738 10496 1775 2739 10497 1776 2739 10498 1697 2739 10499 1776 973 10500 1777 973 10501 1698 973 10502 1698 2740 10503 1777 2740 10504 1778 2740 10505 1699 2741 10506 1778 2741 10507 1779 2741 10508 1779 2576 10509 1780 2576 10510 1701 2576 10511 1780 2742 10512 1781 2742 10513 1702 2742 10514 1781 2743 10515 1782 2743 10516 1703 2743 10517 1782 2744 10518 1783 2744 10519 1704 2744 10520 1783 820 10521 1784 820 10522 1705 820 10523 1784 2745 10524 1785 2745 10525 1706 2745 10526 1706 2746 10527 1785 2746 10528 1786 2746 10529 1707 2747 10530 1786 2747 10531 1787 2747 10532 1787 2748 10533 1788 2748 10534 1709 2748 10535 1788 2749 10536 1789 2749 10537 1710 2749 10538 1789 2750 10539 1790 2750 10540 1740 2750 10541 1790 2751 10542 1791 2751 10543 1739 2751 10544 1791 2752 10545 1792 2752 10546 1738 2752 10547 1792 2753 10548 1793 2753 10549 1737 2753 10550 1793 2754 10551 1794 2754 10552 1736 2754 10553 1794 2755 10554 1795 2755 10555 1735 2755 10556 1795 2756 10557 1796 2756 10558 1734 2756 10559 1796 2757 10560 1797 2757 10561 1733 2757 10562 1733 2758 10563 1797 2758 10564 1798 2758 10565 1732 2759 10566 1798 2759 10567 1799 2759 10568 1731 935 10569 1799 935 10570 1800 935 10571 1730 2760 10572 1800 2760 10573 1801 2760 10574 1729 2761 10575 1801 2761 10576 1802 2761 10577 1728 2762 10578 1802 2762 10579 1803 2762 10580 1727 2763 10581 1803 2763 10582 1804 2763 10583 1805 2764 10584 1836 2764 10585 1868 2764 10586 1837 2765 10587 1838 2765 10588 1806 2765 10589 1838 2766 10590 1839 2766 10591 1807 2766 10592 1839 2767 10593 1840 2767 10594 1808 2767 10595 1840 2768 10596 1841 2768 10597 1809 2768 10598 1841 2769 10599 1842 2769 10600 1810 2769 10601 1842 2770 10602 1843 2770 10603 1811 2770 10604 1843 1006 10605 1844 1006 10606 1812 1006 10607 1844 2771 10608 1845 2771 10609 1813 2771 10610 1813 2772 10611 1845 2772 10612 1846 2772 10613 1846 1009 10614 1847 1009 10615 1815 1009 10616 1815 1010 10617 1847 1010 10618 1848 1010 10619 1848 2773 10620 1849 2773 10621 1817 2773 10622 1849 2774 10623 1850 2774 10624 1818 2774 10625 1850 2775 10626 1851 2775 10627 1819 2775 10628 1851 2776 10629 1852 2776 10630 1820 2776 10631 1852 1015 10632 1853 1015 10633 1821 1015 10634 1821 2777 10635 1853 2777 10636 1854 2777 10637 1822 2778 10638 1854 2778 10639 1855 2778 10640 1823 2779 10641 1855 2779 10642 1856 2779 10643 1824 2780 10644 1856 2780 10645 1857 2780 10646 1825 2781 10647 1857 2781 10648 1858 2781 10649 1826 2782 10650 1858 2782 10651 1859 2782 10652 1827 2783 10653 1859 2783 10654 1860 2783 10655 1828 2784 10656 1860 2784 10657 1861 2784 10658 1861 2785 10659 1862 2785 10660 1830 2785 10661 1862 2786 10662 1863 2786 10663 1831 2786 10664 1863 2787 10665 1864 2787 10666 1832 2787 10667 1864 2788 10668 1865 2788 10669 1833 2788 10670 1865 2789 10671 1866 2789 10672 1834 2789 10673 1866 2790 10674 1867 2790 10675 1835 2790 10676 1867 2791 10677 1868 2791 10678 1836 2791 10679 1884 2792 10680 1837 2792 10681 1868 2792 10682 1884 2793 10683 1885 2793 10684 1869 2793 10685 1885 2794 10686 1886 2794 10687 1870 2794 10688 1886 2795 10689 1887 2795 10690 1871 2795 10691 1887 2796 10692 1888 2796 10693 1872 2796 10694 1888 2797 10695 1889 2797 10696 1873 2797 10697 1889 2798 10698 1890 2798 10699 1874 2798 10700 1890 2626 10701 1891 2626 10702 1875 2626 10703 1891 2799 10704 1892 2799 10705 1876 2799 10706 1876 2800 10707 1892 2800 10708 1893 2800 10709 1877 2801 10710 1893 2801 10711 1894 2801 10712 1878 2802 10713 1894 2802 10714 1895 2802 10715 1879 2803 10716 1895 2803 10717 1896 2803 10718 1880 2804 10719 1896 2804 10720 1897 2804 10721 1881 2805 10722 1897 2805 10723 1898 2805 10724 1882 2806 10725 1898 2806 10726 1899 2806 10727 1883 2807 10728 1899 2807 10729 1900 2807 10730 1900 2808 10731 1901 2808 10732 1854 2808 10733 1901 2809 10734 1902 2809 10735 1855 2809 10736 1902 2810 10737 1903 2810 10738 1856 2810 10739 1903 2811 10740 1904 2811 10741 1857 2811 10742 1904 2812 10743 1905 2812 10744 1858 2812 10745 1905 2813 10746 1906 2813 10747 1859 2813 10748 1906 2814 10749 1907 2814 10750 1860 2814 10751 1907 2815 10752 1908 2815 10753 1861 2815 10754 1861 2816 10755 1908 2816 10756 1909 2816 10757 1862 2817 10758 1909 2817 10759 1910 2817 10760 1863 2818 10761 1910 2818 10762 1911 2818 10763 1864 1753 10764 1911 1753 10765 1912 1753 10766 1865 2819 10767 1912 2819 10768 1913 2819 10769 1866 2820 10770 1913 2820 10771 1914 2820 10772 1867 2821 10773 1914 2821 10774 1915 2821 10775 1916 2822 10776 1837 2822 10777 1869 2822 10778 1916 2823 10779 1917 2823 10780 1838 2823 10781 1917 2824 10782 1918 2824 10783 1839 2824 10784 1918 1066 10785 1919 1066 10786 1840 1066 10787 1919 2825 10788 1920 2825 10789 1841 2825 10790 1920 2745 10791 1921 2745 10792 1842 2745 10793 1921 1067 10794 1922 1067 10795 1843 1067 10796 1922 2826 10797 1923 2826 10798 1844 2826 10799 1844 2827 10800 1923 2827 10801 1924 2827 10802 1845 2828 10803 1924 2828 10804 1925 2828 10805 1925 1071 10806 1926 1071 10807 1847 1071 10808 1926 2829 10809 1927 2829 10810 1848 2829 10811 1927 2740 10812 1928 2740 10813 1849 2740 10814 1928 2830 10815 1929 2830 10816 1850 2830 10817 1929 1075 10818 1930 1075 10819 1851 1075 10820 1930 1076 10821 1931 1076 10822 1852 1076 10823 1931 2831 10824 1932 2831 10825 1853 2831 10826 1932 2582 10827 1933 2582 10828 1883 2582 10829 1933 2832 10830 1934 2832 10831 1882 2832 10832 1934 2833 10833 1935 2833 10834 1881 2833 10835 1935 2834 10836 1936 2834 10837 1880 2834 10838 1936 2835 10839 1937 2835 10840 1879 2835 10841 1937 2836 10842 1938 2836 10843 1878 2836 10844 1938 2837 10845 1939 2837 10846 1877 2837 10847 1939 742 10848 1940 742 10849 1876 742 10850 1876 2838 10851 1940 2838 10852 1941 2838 10853 1875 2839 10854 1941 2839 10855 1942 2839 10856 1874 2840 10857 1942 2840 10858 1943 2840 10859 1873 2754 10860 1943 2754 10861 1944 2754 10862 1872 2841 10863 1944 2841 10864 1945 2841 10865 1871 2842 10866 1945 2842 10867 1946 2842 10868 1870 2843 10869 1946 2843 10870 1947 2843 10871 1949 2844 10872 1951 2844 10873 1950 2844 10874 1951 2845 10875 1953 2845 10876 1952 2845 10877 1953 2846 10878 1955 2846 10879 1954 2846 10880 1955 2847 10881 1957 2847 10882 1956 2847 10883 1957 2848 10884 1959 2848 10885 1958 2848 10886 1959 2849 10887 1961 2849 10888 1960 2849 10889 1953 0 10890 1951 0 10891 1949 0 10892 1949 0 10893 1963 0 10894 1961 0 10895 1961 0 10896 1959 0 10897 1957 0 10898 1957 0 10899 1955 0 10900 1953 0 10901 1953 0 10902 1949 0 10903 1961 0 10904 1961 2850 10905 1963 2850 10906 1962 2850 10907 1963 2851 10908 1949 2851 10909 1948 2851 10910 1962 2 10911 1948 2 10912 1954 2 10913 1948 2 10914 1950 2 10915 1954 2 10916 1950 2852 10917 1952 2852 10918 1954 2852 10919 1954 2 10920 1956 2 10921 1958 2 10922 1958 2 10923 1960 2 10924 1954 2 10925 1965 2853 10926 1967 2853 10927 1966 2853 10928 1967 2845 10929 1969 2845 10930 1968 2845 10931 1969 2854 10932 1971 2854 10933 1970 2854 10934 1971 2855 10935 1973 2855 10936 1972 2855 10937 1973 2856 10938 1975 2856 10939 1974 2856 10940 1975 2857 10941 1977 2857 10942 1976 2857 10943 1969 0 10944 1967 0 10945 1965 0 10946 1965 0 10947 1979 0 10948 1977 0 10949 1977 0 10950 1975 0 10951 1973 0 10952 1973 0 10953 1971 0 10954 1969 0 10955 1969 0 10956 1965 0 10957 1977 0 10958 1977 1107 10959 1979 1107 10960 1978 1107 10961 1979 2858 10962 1965 2858 10963 1964 2858 10964 1978 2 10965 1964 2 10966 1966 2 10967 1966 2 10968 1968 2 10969 1978 2 10970 1968 2859 10971 1970 2859 10972 1978 2859 10973 1970 2 10974 1972 2 10975 1974 2 10976 1974 2 10977 1976 2 10978 1970 2 10979 1981 2860 10980 1983 2860 10981 1982 2860 10982 1983 2861 10983 1985 2861 10984 1984 2861 10985 1985 2862 10986 1987 2862 10987 1986 2862 10988 1987 2863 10989 1989 2863 10990 1988 2863 10991 1989 1114 10992 1991 1114 10993 1990 1114 10994 1991 1541 10995 1993 1541 10996 1992 1541 10997 1985 5 10998 1983 5 10999 1981 5 11000 1981 5 11001 1995 5 11002 1993 5 11003 1993 2864 11004 1991 2864 11005 1989 2864 11006 1989 2865 11007 1987 2865 11008 1985 2865 11009 1985 5 11010 1981 5 11011 1989 5 11012 1993 2866 11013 1995 2866 11014 1994 2866 11015 1995 2867 11016 1981 2867 11017 1980 2867 11018 1994 4 11019 1980 4 11020 1986 4 11021 1980 4 11022 1982 4 11023 1986 4 11024 1982 4 11025 1984 4 11026 1986 4 11027 1986 2868 11028 1988 2868 11029 1990 2868 11030 1990 4 11031 1992 4 11032 1986 4 11033 1997 2869 11034 1999 2869 11035 1998 2869 11036 1999 2861 11037 2001 2861 11038 2000 2861 11039 2001 2870 11040 2003 2870 11041 2002 2870 11042 2003 2871 11043 2005 2871 11044 2004 2871 11045 2005 2872 11046 2007 2872 11047 2006 2872 11048 2007 2873 11049 2009 2873 11050 2008 2873 11051 2001 5 11052 1999 5 11053 1997 5 11054 1997 5 11055 2011 5 11056 2009 5 11057 2009 2874 11058 2007 2874 11059 2005 2874 11060 2005 2875 11061 2003 2875 11062 2001 2875 11063 2001 5 11064 1997 5 11065 2005 5 11066 2009 2876 11067 2011 2876 11068 2010 2876 11069 2011 2877 11070 1997 2877 11071 1996 2877 11072 2010 4 11073 1996 4 11074 2002 4 11075 1996 4 11076 1998 4 11077 2002 4 11078 1998 4 11079 2000 4 11080 2002 4 11081 2002 2878 11082 2004 2878 11083 2006 2878 11084 2006 4 11085 2008 4 11086 2002 4 11087 2013 2879 11088 2015 2879 11089 2014 2879 11090 2014 2880 11091 2015 2880 11092 2017 2880 11093 2017 2881 11094 2019 2881 11095 2018 2881 11096 2019 2882 11097 2021 2882 11098 2020 2882 11099 2021 2883 11100 2023 2883 11101 2022 2883 11102 2023 2884 11103 2025 2884 11104 2024 2884 11105 2017 2885 11106 2015 2885 11107 2013 2885 11108 2013 2886 11109 2027 2886 11110 2025 2886 11111 2025 2887 11112 2023 2887 11113 2021 2887 11114 2021 2888 11115 2019 2888 11116 2017 2888 11117 2017 2889 11118 2013 2889 11119 2021 2889 11120 2025 2890 11121 2027 2890 11122 2026 2890 11123 2027 2891 11124 2013 2891 11125 2012 2891 11126 2026 4 11127 2012 4 11128 2014 4 11129 2014 4 11130 2016 4 11131 2018 4 11132 2018 4 11133 2020 4 11134 2022 4 11135 2022 2892 11136 2024 2892 11137 2018 2892 11138 2024 4 11139 2026 4 11140 2018 4 11141 2029 2893 11142 2031 2893 11143 2030 2893 11144 2030 2894 11145 2031 2894 11146 2033 2894 11147 2033 2895 11148 2035 2895 11149 2034 2895 11150 2035 2896 11151 2037 2896 11152 2036 2896 11153 2037 2897 11154 2039 2897 11155 2038 2897 11156 2039 2898 11157 2041 2898 11158 2040 2898 11159 2033 2885 11160 2031 2885 11161 2029 2885 11162 2029 2899 11163 2043 2899 11164 2041 2899 11165 2041 2900 11166 2039 2900 11167 2037 2900 11168 2037 2874 11169 2035 2874 11170 2033 2874 11171 2033 2901 11172 2029 2901 11173 2037 2901 11174 2041 2902 11175 2043 2902 11176 2042 2902 11177 2043 2903 11178 2029 2903 11179 2028 2903 11180 2042 4 11181 2028 4 11182 2030 4 11183 2030 4 11184 2032 4 11185 2034 4 11186 2034 4 11187 2036 4 11188 2038 4 11189 2038 2904 11190 2040 2904 11191 2034 2904 11192 2040 4 11193 2042 4 11194 2034 4 11195 2044 2905 11196 2075 2905 11197 2107 2905 11198 2076 1143 11199 2077 1143 11200 2045 1143 11201 2077 2906 11202 2078 2906 11203 2046 2906 11204 2078 2907 11205 2079 2907 11206 2047 2907 11207 2079 2908 11208 2080 2908 11209 2048 2908 11210 2080 2909 11211 2081 2909 11212 2049 2909 11213 2081 2910 11214 2082 2910 11215 2050 2910 11216 2082 2911 11217 2083 2911 11218 2051 2911 11219 2083 2912 11220 2084 2912 11221 2052 2912 11222 2084 2913 11223 2085 2913 11224 2053 2913 11225 2085 2914 11226 2086 2914 11227 2054 2914 11228 2086 1216 11229 2087 1216 11230 2055 1216 11231 2087 2915 11232 2088 2915 11233 2056 2915 11234 2088 2916 11235 2089 2916 11236 2057 2916 11237 2089 2917 11238 2090 2917 11239 2058 2917 11240 2090 1220 11241 2091 1220 11242 2059 1220 11243 2091 2918 11244 2092 2918 11245 2060 2918 11246 2060 2919 11247 2092 2919 11248 2093 2919 11249 2061 2920 11250 2093 2920 11251 2094 2920 11252 2062 2921 11253 2094 2921 11254 2095 2921 11255 2063 2922 11256 2095 2922 11257 2096 2922 11258 2064 2923 11259 2096 2923 11260 2097 2923 11261 2065 2924 11262 2097 2924 11263 2098 2924 11264 2066 2925 11265 2098 2925 11266 2099 2925 11267 2067 2926 11268 2099 2926 11269 2100 2926 11270 2100 2927 11271 2101 2927 11272 2069 2927 11273 2101 2928 11274 2102 2928 11275 2070 2928 11276 2102 2929 11277 2103 2929 11278 2071 2929 11279 2103 2930 11280 2104 2930 11281 2072 2930 11282 2104 2931 11283 2105 2931 11284 2073 2931 11285 2105 2932 11286 2106 2932 11287 2074 2932 11288 2106 2933 11289 2107 2933 11290 2075 2933 11291 2123 2934 11292 2076 2934 11293 2107 2934 11294 2123 2935 11295 2124 2935 11296 2108 2935 11297 2124 2936 11298 2125 2936 11299 2109 2936 11300 2125 2937 11301 2126 2937 11302 2110 2937 11303 2126 2938 11304 2127 2938 11305 2111 2938 11306 2127 2939 11307 2128 2939 11308 2112 2939 11309 2128 2940 11310 2129 2940 11311 2113 2940 11312 2129 2941 11313 2130 2941 11314 2114 2941 11315 2130 2942 11316 2131 2942 11317 2115 2942 11318 2115 2943 11319 2131 2943 11320 2132 2943 11321 2116 2944 11322 2132 2944 11323 2133 2944 11324 2117 2945 11325 2133 2945 11326 2134 2945 11327 2118 2946 11328 2134 2946 11329 2135 2946 11330 2119 2947 11331 2135 2947 11332 2136 2947 11333 2120 2948 11334 2136 2948 11335 2137 2948 11336 2121 2949 11337 2137 2949 11338 2138 2949 11339 2122 2950 11340 2138 2950 11341 2139 2950 11342 2139 2951 11343 2140 2951 11344 2093 2951 11345 2140 2952 11346 2141 2952 11347 2094 2952 11348 2141 2953 11349 2142 2953 11350 2095 2953 11351 2142 2954 11352 2143 2954 11353 2096 2954 11354 2143 2955 11355 2144 2955 11356 2097 2955 11357 2144 2956 11358 2145 2956 11359 2098 2956 11360 2145 2957 11361 2146 2957 11362 2099 2957 11363 2146 2958 11364 2147 2958 11365 2100 2958 11366 2100 2959 11367 2147 2959 11368 2148 2959 11369 2101 2960 11370 2148 2960 11371 2149 2960 11372 2102 2961 11373 2149 2961 11374 2150 2961 11375 2103 2962 11376 2150 2962 11377 2151 2962 11378 2104 2963 11379 2151 2963 11380 2152 2963 11381 2105 2964 11382 2152 2964 11383 2153 2964 11384 2106 2965 11385 2153 2965 11386 2154 2965 11387 2155 2966 11388 2076 2966 11389 2108 2966 11390 2155 2967 11391 2156 2967 11392 2077 2967 11393 2156 2968 11394 2157 2968 11395 2078 2968 11396 2157 2969 11397 2158 2969 11398 2079 2969 11399 2158 2970 11400 2159 2970 11401 2080 2970 11402 2159 2971 11403 2160 2971 11404 2081 2971 11405 2160 2972 11406 2161 2972 11407 2082 2972 11408 2161 2973 11409 2162 2973 11410 2083 2973 11411 2162 1304 11412 2163 1304 11413 2084 1304 11414 2163 2974 11415 2164 2974 11416 2085 2974 11417 2164 2975 11418 2165 2975 11419 2086 2975 11420 2165 1216 11421 2166 1216 11422 2087 1216 11423 2166 2976 11424 2167 2976 11425 2088 2976 11426 2167 1218 11427 2168 1218 11428 2089 1218 11429 2168 2977 11430 2169 2977 11431 2090 2977 11432 2169 2978 11433 2170 2978 11434 2091 2978 11435 2170 2979 11436 2171 2979 11437 2092 2979 11438 2171 2980 11439 2172 2980 11440 2122 2980 11441 2172 2981 11442 2173 2981 11443 2121 2981 11444 2173 2982 11445 2174 2982 11446 2120 2982 11447 2174 2983 11448 2175 2983 11449 2119 2983 11450 2175 2984 11451 2176 2984 11452 2118 2984 11453 2176 2985 11454 2177 2985 11455 2117 2985 11456 2177 2986 11457 2178 2986 11458 2116 2986 11459 2178 2987 11460 2179 2987 11461 2115 2987 11462 2115 2988 11463 2179 2988 11464 2180 2988 11465 2114 2989 11466 2180 2989 11467 2181 2989 11468 2113 2990 11469 2181 2990 11470 2182 2990 11471 2112 2991 11472 2182 2991 11473 2183 2991 11474 2111 2992 11475 2183 2992 11476 2184 2992 11477 2110 2993 11478 2184 2993 11479 2185 2993 11480 2109 2994 11481 2185 2994 11482 2186 2994 11483 2187 2995 11484 2218 2995 11485 2250 2995 11486 2219 918 11487 2220 918 11488 2188 918 11489 2220 2996 11490 2221 2996 11491 2189 2996 11492 2221 2997 11493 2222 2997 11494 2190 2997 11495 2222 2998 11496 2223 2998 11497 2191 2998 11498 2223 2999 11499 2224 2999 11500 2192 2999 11501 2224 3000 11502 2225 3000 11503 2193 3000 11504 2225 3001 11505 2226 3001 11506 2194 3001 11507 2226 1213 11508 2227 1213 11509 2195 1213 11510 2227 3002 11511 2228 3002 11512 2196 3002 11513 2228 1246 11514 2229 1246 11515 2197 1246 11516 2229 3003 11517 2230 3003 11518 2198 3003 11519 2198 3004 11520 2230 3004 11521 2231 3004 11522 2199 3005 11523 2231 3005 11524 2232 3005 11525 2232 3006 11526 2233 3006 11527 2201 3006 11528 2201 3007 11529 2233 3007 11530 2234 3007 11531 2202 1252 11532 2234 1252 11533 2235 1252 11534 2203 3008 11535 2235 3008 11536 2236 3008 11537 2204 3009 11538 2236 3009 11539 2237 3009 11540 2205 3010 11541 2237 3010 11542 2238 3010 11543 2206 3011 11544 2238 3011 11545 2239 3011 11546 2207 3012 11547 2239 3012 11548 2240 3012 11549 2208 3013 11550 2240 3013 11551 2241 3013 11552 2209 3014 11553 2241 3014 11554 2242 3014 11555 2210 3015 11556 2242 3015 11557 2243 3015 11558 2243 3016 11559 2244 3016 11560 2212 3016 11561 2244 1320 11562 2245 1320 11563 2213 1320 11564 2245 3017 11565 2246 3017 11566 2214 3017 11567 2246 3018 11568 2247 3018 11569 2215 3018 11570 2247 3019 11571 2248 3019 11572 2216 3019 11573 2248 3020 11574 2249 3020 11575 2217 3020 11576 2249 3021 11577 2250 3021 11578 2218 3021 11579 2266 3022 11580 2219 3022 11581 2250 3022 11582 2266 3023 11583 2267 3023 11584 2251 3023 11585 2267 3024 11586 2268 3024 11587 2252 3024 11588 2268 3025 11589 2269 3025 11590 2253 3025 11591 2269 3026 11592 2270 3026 11593 2254 3026 11594 2270 3027 11595 2271 3027 11596 2255 3027 11597 2271 3028 11598 2272 3028 11599 2256 3028 11600 2272 2294 11601 2273 2294 11602 2257 2294 11603 2273 3029 11604 2274 3029 11605 2258 3029 11606 2258 3030 11607 2274 3030 11608 2275 3030 11609 2259 3031 11610 2275 3031 11611 2276 3031 11612 2260 3032 11613 2276 3032 11614 2277 3032 11615 2261 3033 11616 2277 3033 11617 2278 3033 11618 2262 3034 11619 2278 3034 11620 2279 3034 11621 2263 3035 11622 2279 3035 11623 2280 3035 11624 2264 3036 11625 2280 3036 11626 2281 3036 11627 2265 3037 11628 2281 3037 11629 2282 3037 11630 2282 3038 11631 2283 3038 11632 2236 3038 11633 2283 3039 11634 2284 3039 11635 2237 3039 11636 2284 3040 11637 2285 3040 11638 2238 3040 11639 2285 3041 11640 2286 3041 11641 2239 3041 11642 2286 3042 11643 2287 3042 11644 2240 3042 11645 2287 3043 11646 2288 3043 11647 2241 3043 11648 2288 3044 11649 2289 3044 11650 2242 3044 11651 2289 3045 11652 2290 3045 11653 2243 3045 11654 2243 3046 11655 2290 3046 11656 2291 3046 11657 2244 3047 11658 2291 3047 11659 2292 3047 11660 2245 3048 11661 2292 3048 11662 2293 3048 11663 2246 3049 11664 2293 3049 11665 2294 3049 11666 2247 3050 11667 2294 3050 11668 2295 3050 11669 2248 3051 11670 2295 3051 11671 2296 3051 11672 2249 3052 11673 2296 3052 11674 2297 3052 11675 2298 3053 11676 2219 3053 11677 2251 3053 11678 2298 1299 11679 2299 1299 11680 2220 1299 11681 2299 1300 11682 2300 1300 11683 2221 1300 11684 2300 3054 11685 2301 3054 11686 2222 3054 11687 2301 3055 11688 2302 3055 11689 2223 3055 11690 2302 3056 11691 2303 3056 11692 2224 3056 11693 2303 3000 11694 2304 3000 11695 2225 3000 11696 2304 1243 11697 2305 1243 11698 2226 1243 11699 2305 3057 11700 2306 3057 11701 2227 3057 11702 2227 3058 11703 2306 3058 11704 2307 3058 11705 2228 3059 11706 2307 3059 11707 2308 3059 11708 2229 3060 11709 2308 3060 11710 2309 3060 11711 2230 1248 11712 2309 1248 11713 2310 1248 11714 2231 1424 11715 2310 1424 11716 2311 1424 11717 2232 3061 11718 2311 3061 11719 2312 3061 11720 2312 1325 11721 2313 1325 11722 2234 1325 11723 2313 1311 11724 2314 1311 11725 2235 1311 11726 2314 3062 11727 2315 3062 11728 2265 3062 11729 2315 3063 11730 2316 3063 11731 2264 3063 11732 2316 3064 11733 2317 3064 11734 2263 3064 11735 2317 3065 11736 2318 3065 11737 2262 3065 11738 2318 3066 11739 2319 3066 11740 2261 3066 11741 2319 3067 11742 2320 3067 11743 2260 3067 11744 2320 1258 11745 2321 1258 11746 2259 1258 11747 2321 3068 11748 2322 3068 11749 2258 3068 11750 2258 3069 11751 2322 3069 11752 2323 3069 11753 2257 1261 11754 2323 1261 11755 2324 1261 11756 2256 3070 11757 2324 3070 11758 2325 3070 11759 2255 3071 11760 2325 3071 11761 2326 3071 11762 2254 1340 11763 2326 1340 11764 2327 1340 11765 2253 3072 11766 2327 3072 11767 2328 3072 11768 2252 3073 11769 2328 3073 11770 2329 3073 11771 2330 3074 11772 2361 3074 11773 2393 3074 11774 2362 1311 11775 2363 1311 11776 2331 1311 11777 2363 3075 11778 2364 3075 11779 2332 3075 11780 2364 1386 11781 2365 1386 11782 2333 1386 11783 2333 3076 11784 2365 3076 11785 2366 3076 11786 2366 3077 11787 2367 3077 11788 2335 3077 11789 2367 3078 11790 2368 3078 11791 2336 3078 11792 2368 1389 11793 2369 1389 11794 2337 1389 11795 2369 3079 11796 2370 3079 11797 2338 3079 11798 2370 3080 11799 2371 3080 11800 2339 3080 11801 2371 1243 11802 2372 1243 11803 2340 1243 11804 2372 3081 11805 2373 3081 11806 2341 3081 11807 2373 973 11808 2374 973 11809 2342 973 11810 2374 3082 11811 2375 3082 11812 2343 3082 11813 2375 3083 11814 2376 3083 11815 2344 3083 11816 2376 728 11817 2377 728 11818 2345 728 11819 2377 1299 11820 2378 1299 11821 2346 1299 11822 2346 3084 11823 2378 3084 11824 2379 3084 11825 2347 3085 11826 2379 3085 11827 2380 3085 11828 2348 3086 11829 2380 3086 11830 2381 3086 11831 2349 3087 11832 2381 3087 11833 2382 3087 11834 2350 3088 11835 2382 3088 11836 2383 3088 11837 2351 3089 11838 2383 3089 11839 2384 3089 11840 2352 3090 11841 2384 3090 11842 2385 3090 11843 2353 3091 11844 2385 3091 11845 2386 3091 11846 2386 3092 11847 2387 3092 11848 2355 3092 11849 2387 3093 11850 2388 3093 11851 2356 3093 11852 2388 3094 11853 2389 3094 11854 2357 3094 11855 2389 1408 11856 2390 1408 11857 2358 1408 11858 2390 3095 11859 2391 3095 11860 2359 3095 11861 2391 3096 11862 2392 3096 11863 2360 3096 11864 2392 3097 11865 2393 3097 11866 2361 3097 11867 2409 3098 11868 2362 3098 11869 2393 3098 11870 2409 3099 11871 2410 3099 11872 2394 3099 11873 2410 3100 11874 2411 3100 11875 2395 3100 11876 2411 3101 11877 2412 3101 11878 2396 3101 11879 2412 2954 11880 2413 2954 11881 2397 2954 11882 2413 3102 11883 2414 3102 11884 2398 3102 11885 2414 3103 11886 2415 3103 11887 2399 3103 11888 2415 3104 11889 2416 3104 11890 2400 3104 11891 2416 3105 11892 2417 3105 11893 2401 3105 11894 2401 3046 11895 2417 3046 11896 2418 3046 11897 2402 3106 11898 2418 3106 11899 2419 3106 11900 2403 2961 11901 2419 2961 11902 2420 2961 11903 2404 3107 11904 2420 3107 11905 2421 3107 11906 2405 2963 11907 2421 2963 11908 2422 2963 11909 2406 3108 11910 2422 3108 11911 2423 3108 11912 2407 3109 11913 2423 3109 11914 2424 3109 11915 2408 3110 11916 2424 3110 11917 2425 3110 11918 2425 3111 11919 2426 3111 11920 2379 3111 11921 2426 3112 11922 2427 3112 11923 2380 3112 11924 2427 3113 11925 2428 3113 11926 2381 3113 11927 2428 3114 11928 2429 3114 11929 2382 3114 11930 2429 3115 11931 2430 3115 11932 2383 3115 11933 2430 3116 11934 2431 3116 11935 2384 3116 11936 2431 2294 11937 2432 2294 11938 2385 2294 11939 2432 3117 11940 2433 3117 11941 2386 3117 11942 2386 3118 11943 2433 3118 11944 2434 3118 11945 2387 3119 11946 2434 3119 11947 2435 3119 11948 2388 3120 11949 2435 3120 11950 2436 3120 11951 2389 3121 11952 2436 3121 11953 2437 3121 11954 2390 3122 11955 2437 3122 11956 2438 3122 11957 2391 3123 11958 2438 3123 11959 2439 3123 11960 2392 3124 11961 2439 3124 11962 2440 3124 11963 2441 3125 11964 2362 3125 11965 2394 3125 11966 2441 1252 11967 2442 1252 11968 2363 1252 11969 2442 3126 11970 2443 3126 11971 2364 3126 11972 2443 3006 11973 2444 3006 11974 2365 3006 11975 2444 3127 11976 2445 3127 11977 2366 3127 11978 2445 3128 11979 2446 3128 11980 2367 3128 11981 2446 1216 11982 2447 1216 11983 2368 1216 11984 2447 3129 11985 2448 3129 11986 2369 3129 11987 2448 1214 11988 2449 1214 11989 2370 1214 11990 2449 1213 11991 2450 1213 11992 2371 1213 11993 2450 3130 11994 2451 3130 11995 2372 3130 11996 2451 3131 11997 2452 3131 11998 2373 3131 11999 2452 3056 12000 2453 3056 12001 2374 3056 12002 2453 3132 12003 2454 3132 12004 2375 3132 12005 2375 3133 12006 2454 3133 12007 2455 3133 12008 2455 3134 12009 2456 3134 12010 2377 3134 12011 2456 1396 12012 2457 1396 12013 2378 1396 12014 2457 3135 12015 2458 3135 12016 2408 3135 12017 2458 3136 12018 2459 3136 12019 2407 3136 12020 2459 3137 12021 2460 3137 12022 2406 3137 12023 2460 3138 12024 2461 3138 12025 2405 3138 12026 2461 1341 12027 2462 1341 12028 2404 1341 12029 2462 3139 12030 2463 3139 12031 2403 3139 12032 2463 3140 12033 2464 3140 12034 2402 3140 12035 2464 3141 12036 2465 3141 12037 2401 3141 12038 2401 3142 12039 2465 3142 12040 2466 3142 12041 2400 3143 12042 2466 3143 12043 2467 3143 12044 2399 3144 12045 2467 3144 12046 2468 3144 12047 2398 1348 12048 2468 1348 12049 2469 1348 12050 2397 3145 12051 2469 3145 12052 2470 3145 12053 2396 3146 12054 2470 3146 12055 2471 3146 12056 2395 3147 12057 2471 3147 12058 2472 3147 12059 2473 3148 12060 2504 3148 12061 2536 3148 12062 2505 2742 12063 2506 2742 12064 2474 2742 12065 2506 792 12066 2507 792 12067 2475 792 12068 2507 3149 12069 2508 3149 12070 2476 3149 12071 2508 3150 12072 2509 3150 12073 2477 3150 12074 2509 3151 12075 2510 3151 12076 2478 3151 12077 2510 1480 12078 2511 1480 12079 2479 1480 12080 2511 3152 12081 2512 3152 12082 2480 3152 12083 2512 3153 12084 2513 3153 12085 2481 3153 12086 2513 3154 12087 2514 3154 12088 2482 3154 12089 2514 3155 12090 2515 3155 12091 2483 3155 12092 2515 3156 12093 2516 3156 12094 2484 3156 12095 2516 1248 12096 2517 1248 12097 2485 1248 12098 2517 3157 12099 2518 3157 12100 2486 3157 12101 2518 3158 12102 2519 3158 12103 2487 3158 12104 2519 3159 12105 2520 3159 12106 2488 3159 12107 2520 3160 12108 2521 3160 12109 2489 3160 12110 2489 3161 12111 2521 3161 12112 2522 3161 12113 2490 3162 12114 2522 3162 12115 2523 3162 12116 2491 3163 12117 2523 3163 12118 2524 3163 12119 2492 3164 12120 2524 3164 12121 2525 3164 12122 2493 3165 12123 2525 3165 12124 2526 3165 12125 2494 3166 12126 2526 3166 12127 2527 3166 12128 2495 3167 12129 2527 3167 12130 2528 3167 12131 2496 3168 12132 2528 3168 12133 2529 3168 12134 2529 3169 12135 2530 3169 12136 2498 3169 12137 2530 3170 12138 2531 3170 12139 2499 3170 12140 2531 1499 12141 2532 1499 12142 2500 1499 12143 2532 3171 12144 2533 3171 12145 2501 3171 12146 2533 3172 12147 2534 3172 12148 2502 3172 12149 2534 3173 12150 2535 3173 12151 2503 3173 12152 2535 3174 12153 2536 3174 12154 2504 3174 12155 2552 3175 12156 2505 3175 12157 2536 3175 12158 2552 3176 12159 2553 3176 12160 2537 3176 12161 2553 3177 12162 2554 3177 12163 2538 3177 12164 2554 3178 12165 2555 3178 12166 2539 3178 12167 2555 3179 12168 2556 3179 12169 2540 3179 12170 2556 3180 12171 2557 3180 12172 2541 3180 12173 2557 3181 12174 2558 3181 12175 2542 3181 12176 2558 3182 12177 2559 3182 12178 2543 3182 12179 2559 3183 12180 2560 3183 12181 2544 3183 12182 2544 3184 12183 2560 3184 12184 2561 3184 12185 2545 3185 12186 2561 3185 12187 2562 3185 12188 2546 3186 12189 2562 3186 12190 2563 3186 12191 2547 3187 12192 2563 3187 12193 2564 3187 12194 2548 3188 12195 2564 3188 12196 2565 3188 12197 2549 3189 12198 2565 3189 12199 2566 3189 12200 2550 3190 12201 2566 3190 12202 2567 3190 12203 2551 3191 12204 2567 3191 12205 2568 3191 12206 2568 3192 12207 2569 3192 12208 2522 3192 12209 2569 3193 12210 2570 3193 12211 2523 3193 12212 2570 3194 12213 2571 3194 12214 2524 3194 12215 2571 3195 12216 2572 3195 12217 2525 3195 12218 2572 3196 12219 2573 3196 12220 2526 3196 12221 2573 3197 12222 2574 3197 12223 2527 3197 12224 2574 3198 12225 2575 3198 12226 2528 3198 12227 2575 3199 12228 2576 3199 12229 2529 3199 12230 2529 3200 12231 2576 3200 12232 2577 3200 12233 2530 3201 12234 2577 3201 12235 2578 3201 12236 2531 3202 12237 2578 3202 12238 2579 3202 12239 2532 3203 12240 2579 3203 12241 2580 3203 12242 2533 3204 12243 2580 3204 12244 2581 3204 12245 2534 251 12246 2581 251 12247 2582 251 12248 2535 3205 12249 2582 3205 12250 2583 3205 12251 2584 3206 12252 2505 3206 12253 2537 3206 12254 2584 3207 12255 2585 3207 12256 2506 3207 12257 2585 1300 12258 2586 1300 12259 2507 1300 12260 2586 3208 12261 2587 3208 12262 2508 3208 12263 2587 1336 12264 2588 1336 12265 2509 1336 12266 2588 3151 12267 2589 3151 12268 2510 3151 12269 2589 3209 12270 2590 3209 12271 2511 3209 12272 2590 3210 12273 2591 3210 12274 2512 3210 12275 2591 1304 12276 2592 1304 12277 2513 1304 12278 2592 1245 12279 2593 1245 12280 2514 1245 12281 2593 3211 12282 2594 3211 12283 2515 3211 12284 2594 3212 12285 2595 3212 12286 2516 3212 12287 2595 3213 12288 2596 3213 12289 2517 3213 12290 2596 3214 12291 2597 3214 12292 2518 3214 12293 2597 1386 12294 2598 1386 12295 2519 1386 12296 2598 3215 12297 2599 3215 12298 2520 3215 12299 2599 3216 12300 2600 3216 12301 2521 3216 12302 2600 3217 12303 2601 3217 12304 2551 3217 12305 2601 3218 12306 2602 3218 12307 2550 3218 12308 2602 3219 12309 2603 3219 12310 2549 3219 12311 2603 3220 12312 2604 3220 12313 2548 3220 12314 2604 1348 12315 2605 1348 12316 2547 1348 12317 2605 3221 12318 2606 3221 12319 2546 3221 12320 2606 3222 12321 2607 3222 12322 2545 3222 12323 2607 3223 12324 2608 3223 12325 2544 3223 12326 2544 3069 12327 2608 3069 12328 2609 3069 12329 2543 3224 12330 2609 3224 12331 2610 3224 12332 2542 3225 12333 2610 3225 12334 2611 3225 12335 2541 3226 12336 2611 3226 12337 2612 3226 12338 2540 3227 12339 2612 3227 12340 2613 3227 12341 2539 3228 12342 2613 3228 12343 2614 3228 12344 2538 3229 12345 2614 3229 12346 2615 3229 12347 2617 3230 12348 2619 3230 12349 2618 3230 12350 2619 3231 12351 2621 3231 12352 2620 3231 12353 2621 3232 12354 2623 3232 12355 2622 3232 12356 2622 3233 12357 2623 3233 12358 2625 3233 12359 2624 3234 12360 2625 3234 12361 2627 3234 12362 2627 3235 12363 2629 3235 12364 2628 3235 12365 2621 3236 12366 2619 3236 12367 2617 3236 12368 2617 3 12369 2631 3 12370 2621 3 12371 2631 3 12372 2629 3 12373 2621 3 12374 2629 3 12375 2627 3 12376 2625 3 12377 2625 3237 12378 2623 3237 12379 2629 3237 12380 2629 3238 12381 2631 3238 12382 2630 3238 12383 2631 3239 12384 2617 3239 12385 2616 3239 12386 2630 1 12387 2616 1 12388 2618 1 12389 2618 1 12390 2620 1 12391 2622 1 12392 2622 1 12393 2624 1 12394 2626 1 12395 2626 1 12396 2628 1 12397 2630 1 12398 2630 1 12399 2618 1 12400 2622 1 12401 2633 1512 12402 2635 1512 12403 2634 1512 12404 2635 3240 12405 2637 3240 12406 2636 3240 12407 2637 3241 12408 2639 3241 12409 2638 3241 12410 2638 1515 12411 2639 1515 12412 2641 1515 12413 2640 3242 12414 2641 3242 12415 2643 3242 12416 2643 3243 12417 2645 3243 12418 2644 3243 12419 2637 3 12420 2635 3 12421 2633 3 12422 2633 3244 12423 2647 3244 12424 2637 3244 12425 2647 3 12426 2645 3 12427 2637 3 12428 2645 3245 12429 2643 3245 12430 2637 3245 12431 2643 3 12432 2641 3 12433 2637 3 12434 2645 3246 12435 2647 3246 12436 2646 3246 12437 2647 3247 12438 2633 3247 12439 2632 3247 12440 2646 1 12441 2632 1 12442 2634 1 12443 2634 1 12444 2636 1 12445 2638 1 12446 2638 1 12447 2640 1 12448 2642 1 12449 2642 1 12450 2644 1 12451 2646 1 12452 2646 1 12453 2634 1 12454 2638 1 12455 2649 3248 12456 2651 3248 12457 2650 3248 12458 2651 3249 12459 2653 3249 12460 2652 3249 12461 2653 3250 12462 2655 3250 12463 2654 3250 12464 2655 3251 12465 2657 3251 12466 2656 3251 12467 2657 3252 12468 2659 3252 12469 2658 3252 12470 2659 3253 12471 2661 3253 12472 2660 3253 12473 2653 5 12474 2651 5 12475 2649 5 12476 2649 5 12477 2663 5 12478 2661 5 12479 2661 3254 12480 2659 3254 12481 2657 3254 12482 2657 5 12483 2655 5 12484 2653 5 12485 2653 5 12486 2649 5 12487 2657 5 12488 2661 3255 12489 2663 3255 12490 2662 3255 12491 2663 1527 12492 2649 1527 12493 2648 1527 12494 2662 4 12495 2648 4 12496 2654 4 12497 2648 4 12498 2650 4 12499 2654 4 12500 2650 3256 12501 2652 3256 12502 2654 3256 12503 2654 3257 12504 2656 3257 12505 2658 3257 12506 2658 4 12507 2660 4 12508 2654 4 12509 2665 3258 12510 2667 3258 12511 2666 3258 12512 2667 3249 12513 2669 3249 12514 2668 3249 12515 2669 3259 12516 2671 3259 12517 2670 3259 12518 2671 3251 12519 2673 3251 12520 2672 3251 12521 2673 3260 12522 2675 3260 12523 2674 3260 12524 2675 3261 12525 2677 3261 12526 2676 3261 12527 2669 5 12528 2667 5 12529 2665 5 12530 2665 5 12531 2679 5 12532 2677 5 12533 2677 3262 12534 2675 3262 12535 2673 3262 12536 2673 5 12537 2671 5 12538 2669 5 12539 2669 5 12540 2665 5 12541 2673 5 12542 2677 3263 12543 2679 3263 12544 2678 3263 12545 2679 3264 12546 2665 3264 12547 2664 3264 12548 2678 4 12549 2664 4 12550 2670 4 12551 2664 4 12552 2666 4 12553 2670 4 12554 2666 3256 12555 2668 3256 12556 2670 3256 12557 2670 3265 12558 2672 3265 12559 2674 3265 12560 2674 4 12561 2676 4 12562 2670 4 12563 2681 3266 12564 2683 3266 12565 2682 3266 12566 2683 3267 12567 2685 3267 12568 2684 3267 12569 2685 3268 12570 2687 3268 12571 2686 3268 12572 2686 3269 12573 2687 3269 12574 2689 3269 12575 2689 3270 12576 2691 3270 12577 2690 3270 12578 2691 3271 12579 2693 3271 12580 2692 3271 12581 2685 5 12582 2683 5 12583 2681 5 12584 2681 5 12585 2695 5 12586 2693 5 12587 2693 3272 12588 2691 3272 12589 2689 3272 12590 2689 3273 12591 2687 3273 12592 2685 3273 12593 2685 3274 12594 2681 3274 12595 2689 3274 12596 2693 3275 12597 2695 3275 12598 2694 3275 12599 2695 3276 12600 2681 3276 12601 2680 3276 12602 2694 4 12603 2680 4 12604 2682 4 12605 2682 4 12606 2684 4 12607 2686 4 12608 2686 4 12609 2688 4 12610 2690 4 12611 2690 4 12612 2692 4 12613 2686 4 12614 2692 4 12615 2694 4 12616 2686 4 12617 2697 3277 12618 2699 3277 12619 2698 3277 12620 2699 3267 12621 2701 3267 12622 2700 3267 12623 2701 3278 12624 2703 3278 12625 2702 3278 12626 2702 3279 12627 2703 3279 12628 2705 3279 12629 2705 3280 12630 2707 3280 12631 2706 3280 12632 2707 3281 12633 2709 3281 12634 2708 3281 12635 2701 5 12636 2699 5 12637 2697 5 12638 2697 5 12639 2711 5 12640 2709 5 12641 2709 3282 12642 2707 3282 12643 2705 3282 12644 2705 3283 12645 2703 3283 12646 2701 3283 12647 2701 3284 12648 2697 3284 12649 2705 3284 12650 2709 3285 12651 2711 3285 12652 2710 3285 12653 2711 3286 12654 2697 3286 12655 2696 3286 12656 2710 4 12657 2696 4 12658 2698 4 12659 2698 4 12660 2700 4 12661 2702 4 12662 2702 4 12663 2704 4 12664 2706 4 12665 2706 4 12666 2708 4 12667 2702 4 12668 2708 4 12669 2710 4 12670 2702 4 12671 2712 3287 12672 2743 3287 12673 2775 3287 12674 2744 3288 12675 2745 3288 12676 2713 3288 12677 2745 3289 12678 2746 3289 12679 2714 3289 12680 2746 3290 12681 2747 3290 12682 2715 3290 12683 2747 3291 12684 2748 3291 12685 2716 3291 12686 2748 3292 12687 2749 3292 12688 2717 3292 12689 2749 3293 12690 2750 3293 12691 2718 3293 12692 2750 3294 12693 2751 3294 12694 2719 3294 12695 2751 1623 12696 2752 1623 12697 2720 1623 12698 2752 3295 12699 2753 3295 12700 2721 3295 12701 2753 3296 12702 2754 3296 12703 2722 3296 12704 2754 3297 12705 2755 3297 12706 2723 3297 12707 2755 3298 12708 2756 3298 12709 2724 3298 12710 2756 3299 12711 2757 3299 12712 2725 3299 12713 2757 3300 12714 2758 3300 12715 2726 3300 12716 2726 1799 12717 2758 1799 12718 2759 1799 12719 2759 3301 12720 2760 3301 12721 2728 3301 12722 2728 1800 12723 2760 1800 12724 2761 1800 12725 2729 3302 12726 2761 3302 12727 2762 3302 12728 2730 3303 12729 2762 3303 12730 2763 3303 12731 2731 3304 12732 2763 3304 12733 2764 3304 12734 2732 3305 12735 2764 3305 12736 2765 3305 12737 2733 3306 12738 2765 3306 12739 2766 3306 12740 2734 3307 12741 2766 3307 12742 2767 3307 12743 2735 3308 12744 2767 3308 12745 2768 3308 12746 2768 3309 12747 2769 3309 12748 2737 3309 12749 2769 3310 12750 2770 3310 12751 2738 3310 12752 2770 3311 12753 2771 3311 12754 2739 3311 12755 2771 3312 12756 2772 3312 12757 2740 3312 12758 2772 3313 12759 2773 3313 12760 2741 3313 12761 2773 3314 12762 2774 3314 12763 2742 3314 12764 2774 3315 12765 2775 3315 12766 2743 3315 12767 2791 3316 12768 2744 3316 12769 2775 3316 12770 2791 3317 12771 2792 3317 12772 2776 3317 12773 2792 3318 12774 2793 3318 12775 2777 3318 12776 2793 3319 12777 2794 3319 12778 2778 3319 12779 2794 3320 12780 2795 3320 12781 2779 3320 12782 2795 3321 12783 2796 3321 12784 2780 3321 12785 2796 3322 12786 2797 3322 12787 2781 3322 12788 2797 3323 12789 2798 3323 12790 2782 3323 12791 2798 3324 12792 2799 3324 12793 2783 3324 12794 2783 3325 12795 2799 3325 12796 2800 3325 12797 2784 3326 12798 2800 3326 12799 2801 3326 12800 2785 3327 12801 2801 3327 12802 2802 3327 12803 2786 3328 12804 2802 3328 12805 2803 3328 12806 2787 3329 12807 2803 3329 12808 2804 3329 12809 2788 3330 12810 2804 3330 12811 2805 3330 12812 2789 3331 12813 2805 3331 12814 2806 3331 12815 2790 3332 12816 2806 3332 12817 2807 3332 12818 2807 3333 12819 2808 3333 12820 2761 3333 12821 2808 3334 12822 2809 3334 12823 2762 3334 12824 2809 3335 12825 2810 3335 12826 2763 3335 12827 2810 3336 12828 2811 3336 12829 2764 3336 12830 2811 3337 12831 2812 3337 12832 2765 3337 12833 2812 3338 12834 2813 3338 12835 2766 3338 12836 2813 3339 12837 2814 3339 12838 2767 3339 12839 2814 3340 12840 2815 3340 12841 2768 3340 12842 2768 3341 12843 2815 3341 12844 2816 3341 12845 2769 3342 12846 2816 3342 12847 2817 3342 12848 2770 3343 12849 2817 3343 12850 2818 3343 12851 2771 3344 12852 2818 3344 12853 2819 3344 12854 2772 3345 12855 2819 3345 12856 2820 3345 12857 2773 3346 12858 2820 3346 12859 2821 3346 12860 2774 3347 12861 2821 3347 12862 2822 3347 12863 2823 3348 12864 2744 3348 12865 2776 3348 12866 2823 3349 12867 2824 3349 12868 2745 3349 12869 2824 3350 12870 2825 3350 12871 2746 3350 12872 2825 3351 12873 2826 3351 12874 2747 3351 12875 2826 3352 12876 2827 3352 12877 2748 3352 12878 2827 3353 12879 2828 3353 12880 2749 3353 12881 2828 3354 12882 2829 3354 12883 2750 3354 12884 2829 3355 12885 2830 3355 12886 2751 3355 12887 2830 3356 12888 2831 3356 12889 2752 3356 12890 2831 3357 12891 2832 3357 12892 2753 3357 12893 2832 3358 12894 2833 3358 12895 2754 3358 12896 2833 3359 12897 2834 3359 12898 2755 3359 12899 2834 3360 12900 2835 3360 12901 2756 3360 12902 2835 3361 12903 2836 3361 12904 2757 3361 12905 2836 3362 12906 2837 3362 12907 2758 3362 12908 2837 1629 12909 2838 1629 12910 2759 1629 12911 2838 3363 12912 2839 3363 12913 2760 3363 12914 2839 3364 12915 2840 3364 12916 2790 3364 12917 2840 3365 12918 2841 3365 12919 2789 3365 12920 2841 3366 12921 2842 3366 12922 2788 3366 12923 2842 3367 12924 2843 3367 12925 2787 3367 12926 2843 1753 12927 2844 1753 12928 2786 1753 12929 2844 3368 12930 2845 3368 12931 2785 3368 12932 2845 3369 12933 2846 3369 12934 2784 3369 12935 2846 1575 12936 2847 1575 12937 2783 1575 12938 2783 1576 12939 2847 1576 12940 2848 1576 12941 2782 3370 12942 2848 3370 12943 2849 3370 12944 2781 3371 12945 2849 3371 12946 2850 3371 12947 2780 3372 12948 2850 3372 12949 2851 3372 12950 2779 3373 12951 2851 3373 12952 2852 3373 12953 2778 3374 12954 2852 3374 12955 2853 3374 12956 2777 3375 12957 2853 3375 12958 2854 3375 12959 2855 3376 12960 2886 3376 12961 2918 3376 12962 2887 3377 12963 2888 3377 12964 2856 3377 12965 2888 3378 12966 2889 3378 12967 2857 3378 12968 2889 3379 12969 2890 3379 12970 2858 3379 12971 2890 1713 12972 2891 1713 12973 2859 1713 12974 2891 1814 12975 2892 1814 12976 2860 1814 12977 2892 1652 12978 2893 1652 12979 2861 1652 12980 2893 3380 12981 2894 3380 12982 2862 3380 12983 2894 3381 12984 2895 3381 12985 2863 3381 12986 2895 3382 12987 2896 3382 12988 2864 3382 12989 2896 3383 12990 2897 3383 12991 2865 3383 12992 2897 3384 12993 2898 3384 12994 2866 3384 12995 2898 3385 12996 2899 3385 12997 2867 3385 12998 2899 3386 12999 2900 3386 13000 2868 3386 13001 2900 1660 13002 2901 1660 13003 2869 1660 13004 2869 1863 13005 2901 1863 13006 2902 1863 13007 2870 3387 13008 2902 3387 13009 2903 3387 13010 2871 3388 13011 2903 3388 13012 2904 3388 13013 2872 3389 13014 2904 3389 13015 2905 3389 13016 2873 3390 13017 2905 3390 13018 2906 3390 13019 2874 3391 13020 2906 3391 13021 2907 3391 13022 2875 3392 13023 2907 3392 13024 2908 3392 13025 2876 3393 13026 2908 3393 13027 2909 3393 13028 2877 3394 13029 2909 3394 13030 2910 3394 13031 2878 3395 13032 2910 3395 13033 2911 3395 13034 2911 3396 13035 2912 3396 13036 2880 3396 13037 2912 3397 13038 2913 3397 13039 2881 3397 13040 2913 3398 13041 2914 3398 13042 2882 3398 13043 2914 3399 13044 2915 3399 13045 2883 3399 13046 2915 3400 13047 2916 3400 13048 2884 3400 13049 2916 3401 13050 2917 3401 13051 2885 3401 13052 2917 3402 13053 2918 3402 13054 2886 3402 13055 2934 3403 13056 2887 3403 13057 2918 3403 13058 2934 3404 13059 2935 3404 13060 2919 3404 13061 2935 3405 13062 2936 3405 13063 2920 3405 13064 2936 3406 13065 2937 3406 13066 2921 3406 13067 2937 3407 13068 2938 3407 13069 2922 3407 13070 2938 3344 13071 2939 3344 13072 2923 3344 13073 2939 3408 13074 2940 3408 13075 2924 3408 13076 2940 3409 13077 2941 3409 13078 2925 3409 13079 2941 3410 13080 2942 3410 13081 2926 3410 13082 2926 3411 13083 2942 3411 13084 2943 3411 13085 2927 3412 13086 2943 3412 13087 2944 3412 13088 2928 3338 13089 2944 3338 13090 2945 3338 13091 2929 3337 13092 2945 3337 13093 2946 3337 13094 2930 3413 13095 2946 3413 13096 2947 3413 13097 2931 3414 13098 2947 3414 13099 2948 3414 13100 2932 3415 13101 2948 3415 13102 2949 3415 13103 2933 3416 13104 2949 3416 13105 2950 3416 13106 2950 3417 13107 2951 3417 13108 2904 3417 13109 2951 3418 13110 2952 3418 13111 2905 3418 13112 2952 3419 13113 2953 3419 13114 2906 3419 13115 2953 3420 13116 2954 3420 13117 2907 3420 13118 2954 3421 13119 2955 3421 13120 2908 3421 13121 2955 3327 13122 2956 3327 13123 2909 3327 13124 2956 3422 13125 2957 3422 13126 2910 3422 13127 2957 3423 13128 2958 3423 13129 2911 3423 13130 2911 3424 13131 2958 3424 13132 2959 3424 13133 2912 3425 13134 2959 3425 13135 2960 3425 13136 2913 3426 13137 2960 3426 13138 2961 3426 13139 2914 3321 13140 2961 3321 13141 2962 3321 13142 2915 3427 13143 2962 3427 13144 2963 3427 13145 2916 3428 13146 2963 3428 13147 2964 3428 13148 2917 3429 13149 2964 3429 13150 2965 3429 13151 2966 3430 13152 2887 3430 13153 2919 3430 13154 2966 3431 13155 2967 3431 13156 2888 3431 13157 2967 3432 13158 2968 3432 13159 2889 3432 13160 2968 3433 13161 2969 3433 13162 2890 3433 13163 2969 1813 13164 2970 1813 13165 2891 1813 13166 2970 1651 13167 2971 1651 13168 2892 1651 13169 2971 3434 13170 2972 3434 13171 2893 3434 13172 2972 3435 13173 2973 3435 13174 2894 3435 13175 2973 3436 13176 2974 3436 13177 2895 3436 13178 2974 3437 13179 2975 3437 13180 2896 3437 13181 2975 3438 13182 2976 3438 13183 2897 3438 13184 2976 3439 13185 2977 3439 13186 2898 3439 13187 2977 3440 13188 2978 3440 13189 2899 3440 13190 2978 3441 13191 2979 3441 13192 2900 3441 13193 2979 1819 13194 2980 1819 13195 2901 1819 13196 2980 3442 13197 2981 3442 13198 2902 3442 13199 2902 1662 13200 2981 1662 13201 2982 1662 13202 2982 3443 13203 2983 3443 13204 2933 3443 13205 2983 3444 13206 2984 3444 13207 2932 3444 13208 2984 1823 13209 2985 1823 13210 2931 1823 13211 2985 2624 13212 2986 2624 13213 2930 2624 13214 2986 3445 13215 2987 3445 13216 2929 3445 13217 2987 3446 13218 2988 3446 13219 2928 3446 13220 2988 3447 13221 2989 3447 13222 2927 3447 13223 2989 1827 13224 2990 1827 13225 2926 1827 13226 2926 1828 13227 2990 1828 13228 2991 1828 13229 2925 3448 13230 2991 3448 13231 2992 3448 13232 2924 3449 13233 2992 3449 13234 2993 3449 13235 2923 1831 13236 2993 1831 13237 2994 1831 13238 2922 1675 13239 2994 1675 13240 2995 1675 13241 2921 1832 13242 2995 1832 13243 2996 1832 13244 2920 3450 13245 2996 3450 13246 2997 3450 13247 2998 3451 13248 3029 3451 13249 3061 3451 13250 3030 3288 13251 3031 3288 13252 2999 3288 13253 3031 3452 13254 3032 3452 13255 3000 3452 13256 3032 3290 13257 3033 3290 13258 3001 3290 13259 3033 3453 13260 3034 3453 13261 3002 3453 13262 3034 1556 13263 3035 1556 13264 3003 1556 13265 3035 3293 13266 3036 3293 13267 3004 3293 13268 3036 3454 13269 3037 3454 13270 3005 3454 13271 3037 3455 13272 3038 3455 13273 3006 3455 13274 3038 3456 13275 3039 3456 13276 3007 3456 13277 3039 1625 13278 3040 1625 13279 3008 1625 13280 3040 3297 13281 3041 3297 13282 3009 3297 13283 3041 3457 13284 3042 3457 13285 3010 3457 13286 3042 3458 13287 3043 3458 13288 3011 3458 13289 3043 3300 13290 3044 3300 13291 3012 3300 13292 3044 3459 13293 3045 3459 13294 3013 3459 13295 3045 3301 13296 3046 3301 13297 3014 3301 13298 3014 1800 13299 3046 1800 13300 3047 1800 13301 3015 3460 13302 3047 3460 13303 3048 3460 13304 3016 3461 13305 3048 3461 13306 3049 3461 13307 3017 3462 13308 3049 3462 13309 3050 3462 13310 3018 3463 13311 3050 3463 13312 3051 3463 13313 3019 3464 13314 3051 3464 13315 3052 3464 13316 3020 3465 13317 3052 3465 13318 3053 3465 13319 3021 3466 13320 3053 3466 13321 3054 3466 13322 3054 3467 13323 3055 3467 13324 3023 3467 13325 3055 3468 13326 3056 3468 13327 3024 3468 13328 3056 3469 13329 3057 3469 13330 3025 3469 13331 3057 3312 13332 3058 3312 13333 3026 3312 13334 3058 3470 13335 3059 3470 13336 3027 3470 13337 3059 3314 13338 3060 3314 13339 3028 3314 13340 3060 3471 13341 3061 3471 13342 3029 3471 13343 3077 3472 13344 3030 3472 13345 3061 3472 13346 3077 3473 13347 3078 3473 13348 3062 3473 13349 3078 3474 13350 3079 3474 13351 3063 3474 13352 3079 3475 13353 3080 3475 13354 3064 3475 13355 3080 3476 13356 3081 3476 13357 3065 3476 13358 3081 3321 13359 3082 3321 13360 3066 3321 13361 3082 3322 13362 3083 3322 13363 3067 3322 13364 3083 3477 13365 3084 3477 13366 3068 3477 13367 3084 3478 13368 3085 3478 13369 3069 3478 13370 3069 3479 13371 3085 3479 13372 3086 3479 13373 3070 3480 13374 3086 3480 13375 3087 3480 13376 3071 3327 13377 3087 3327 13378 3088 3327 13379 3072 3481 13380 3088 3481 13381 3089 3481 13382 3073 3482 13383 3089 3482 13384 3090 3482 13385 3074 3483 13386 3090 3483 13387 3091 3483 13388 3075 3484 13389 3091 3484 13390 3092 3484 13391 3076 3485 13392 3092 3485 13393 3093 3485 13394 3093 3333 13395 3094 3333 13396 3047 3333 13397 3094 3486 13398 3095 3486 13399 3048 3486 13400 3095 3487 13401 3096 3487 13402 3049 3487 13403 3096 3488 13404 3097 3488 13405 3050 3488 13406 3097 3489 13407 3098 3489 13408 3051 3489 13409 3098 3490 13410 3099 3490 13411 3052 3490 13412 3099 3339 13413 3100 3339 13414 3053 3339 13415 3100 3491 13416 3101 3491 13417 3054 3491 13418 3054 3492 13419 3101 3492 13420 3102 3492 13421 3055 3342 13422 3102 3342 13423 3103 3342 13424 3056 3493 13425 3103 3493 13426 3104 3493 13427 3057 3494 13428 3104 3494 13429 3105 3494 13430 3058 3495 13431 3105 3495 13432 3106 3495 13433 3059 3496 13434 3106 3496 13435 3107 3496 13436 3060 3497 13437 3107 3497 13438 3108 3497 13439 3109 3498 13440 3030 3498 13441 3062 3498 13442 3109 3349 13443 3110 3349 13444 3031 3349 13445 3110 3499 13446 3111 3499 13447 3032 3499 13448 3111 3290 13449 3112 3290 13450 3033 3290 13451 3112 3352 13452 3113 3352 13453 3034 3352 13454 3113 3500 13455 3114 3500 13456 3035 3500 13457 3114 3501 13458 3115 3501 13459 3036 3501 13460 3115 3355 13461 3116 3355 13462 3037 3355 13463 3116 3502 13464 3117 3502 13465 3038 3502 13466 3117 3503 13467 3118 3503 13468 3039 3503 13469 3118 3358 13470 3119 3358 13471 3040 3358 13472 3119 3504 13473 3120 3504 13474 3041 3504 13475 3120 3457 13476 3121 3457 13477 3042 3457 13478 3121 3361 13479 3122 3361 13480 3043 3361 13481 3122 3300 13482 3123 3300 13483 3044 3300 13484 3123 3505 13485 3124 3505 13486 3045 3505 13487 3124 3363 13488 3125 3363 13489 3046 3363 13490 3125 3506 13491 3126 3506 13492 3076 3506 13493 3126 3507 13494 3127 3507 13495 3075 3507 13496 3127 3366 13497 3128 3366 13498 3074 3366 13499 3128 3508 13500 3129 3508 13501 3073 3508 13502 3129 1753 13503 3130 1753 13504 3072 1753 13505 3130 3509 13506 3131 3509 13507 3071 3509 13508 3131 3369 13509 3132 3369 13510 3070 3369 13511 3132 3510 13512 3133 3510 13513 3069 3510 13514 3069 2560 13515 3133 2560 13516 3134 2560 13517 3068 3370 13518 3134 3370 13519 3135 3370 13520 3067 3511 13521 3135 3511 13522 3136 3511 13523 3066 3372 13524 3136 3372 13525 3137 3372 13526 3065 3373 13527 3137 3373 13528 3138 3373 13529 3064 3374 13530 3138 3374 13531 3139 3374 13532 3063 3512 13533 3139 3512 13534 3140 3512 13535 3141 3513 13536 3172 3513 13537 3204 3513 13538 3173 3514 13539 3174 3514 13540 3142 3514 13541 3174 3515 13542 3175 3515 13543 3143 3515 13544 3175 3379 13545 3176 3379 13546 3144 3379 13547 3176 1713 13548 3177 1713 13549 3145 1713 13550 3177 1814 13551 3178 1814 13552 3146 1814 13553 3178 1715 13554 3179 1715 13555 3147 1715 13556 3179 3380 13557 3180 3380 13558 3148 3380 13559 3180 3381 13560 3181 3381 13561 3149 3381 13562 3181 3382 13563 3182 3382 13564 3150 3382 13565 3182 3383 13566 3183 3383 13567 3151 3383 13568 3183 3516 13569 3184 3516 13570 3152 3516 13571 3184 3385 13572 3185 3385 13573 3153 3385 13574 3185 3386 13575 3186 3386 13576 3154 3386 13577 3186 1660 13578 3187 1660 13579 3155 1660 13580 3155 1723 13581 3187 1723 13582 3188 1723 13583 3156 3517 13584 3188 3517 13585 3189 3517 13586 3157 3518 13587 3189 3518 13588 3190 3518 13589 3158 3389 13590 3190 3389 13591 3191 3389 13592 3159 3390 13593 3191 3390 13594 3192 3390 13595 3160 3519 13596 3192 3519 13597 3193 3519 13598 3161 3520 13599 3193 3520 13600 3194 3520 13601 3162 3521 13602 3194 3521 13603 3195 3521 13604 3163 3522 13605 3195 3522 13606 3196 3522 13607 3164 3395 13608 3196 3395 13609 3197 3395 13610 3197 3396 13611 3198 3396 13612 3166 3396 13613 3198 3523 13614 3199 3523 13615 3167 3523 13616 3199 3524 13617 3200 3524 13618 3168 3524 13619 3200 3399 13620 3201 3399 13621 3169 3399 13622 3201 1736 13623 3202 1736 13624 3170 1736 13625 3202 3401 13626 3203 3401 13627 3171 3401 13628 3203 3402 13629 3204 3402 13630 3172 3402 13631 3220 3525 13632 3173 3525 13633 3204 3525 13634 3220 3404 13635 3221 3404 13636 3205 3404 13637 3221 3526 13638 3222 3526 13639 3206 3526 13640 3222 3406 13641 3223 3406 13642 3207 3406 13643 3223 3527 13644 3224 3527 13645 3208 3527 13646 3224 3344 13647 3225 3344 13648 3209 3344 13649 3225 3408 13650 3226 3408 13651 3210 3408 13652 3226 3409 13653 3227 3409 13654 3211 3409 13655 3227 3528 13656 3228 3528 13657 3212 3528 13658 3212 3529 13659 3228 3529 13660 3229 3529 13661 3213 3412 13662 3229 3412 13663 3230 3412 13664 3214 3338 13665 3230 3338 13666 3231 3338 13667 3215 3337 13668 3231 3337 13669 3232 3337 13670 3216 3530 13671 3232 3530 13672 3233 3530 13673 3217 3531 13674 3233 3531 13675 3234 3531 13676 3218 3532 13677 3234 3532 13678 3235 3532 13679 3219 3416 13680 3235 3416 13681 3236 3416 13682 3236 3417 13683 3237 3417 13684 3190 3417 13685 3237 3418 13686 3238 3418 13687 3191 3418 13688 3238 3419 13689 3239 3419 13690 3192 3419 13691 3239 3533 13692 3240 3533 13693 3193 3533 13694 3240 3328 13695 3241 3328 13696 3194 3328 13697 3241 3327 13698 3242 3327 13699 3195 3327 13700 3242 3534 13701 3243 3534 13702 3196 3534 13703 3243 3535 13704 3244 3535 13705 3197 3535 13706 3197 3536 13707 3244 3536 13708 3245 3536 13709 3198 3537 13710 3245 3537 13711 3246 3537 13712 3199 3426 13713 3246 3426 13714 3247 3426 13715 3200 3538 13716 3247 3538 13717 3248 3538 13718 3201 3539 13719 3248 3539 13720 3249 3539 13721 3202 3428 13722 3249 3428 13723 3250 3428 13724 3203 3429 13725 3250 3429 13726 3251 3429 13727 3252 3540 13728 3173 3540 13729 3205 3540 13730 3252 3431 13731 3253 3431 13732 3174 3431 13733 3253 3541 13734 3254 3541 13735 3175 3541 13736 3254 3379 13737 3255 3379 13738 3176 3379 13739 3255 1813 13740 3256 1813 13741 3177 1813 13742 3256 1651 13743 3257 1651 13744 3178 1651 13745 3257 1652 13746 3258 1652 13747 3179 1652 13748 3258 3542 13749 3259 3542 13750 3180 3542 13751 3259 3543 13752 3260 3543 13753 3181 3543 13754 3260 3544 13755 3261 3544 13756 3182 3544 13757 3261 3545 13758 3262 3545 13759 3183 3545 13760 3262 3546 13761 3263 3546 13762 3184 3546 13763 3263 3440 13764 3264 3440 13765 3185 3440 13766 3264 3441 13767 3265 3441 13768 3186 3441 13769 3265 1660 13770 3266 1660 13771 3187 1660 13772 3266 3547 13773 3267 3547 13774 3188 3547 13775 3188 1662 13776 3267 1662 13777 3268 1662 13778 3268 3548 13779 3269 3548 13780 3219 3548 13781 3269 3549 13782 3270 3549 13783 3218 3549 13784 3270 1823 13785 3271 1823 13786 3217 1823 13787 3271 3550 13788 3272 3550 13789 3216 3550 13790 3272 3445 13791 3273 3445 13792 3215 3445 13793 3273 3551 13794 3274 3551 13795 3214 3551 13796 3274 3447 13797 3275 3447 13798 3213 3447 13799 3275 1670 13800 3276 1670 13801 3212 1670 13802 3212 1671 13803 3276 1671 13804 3277 1671 13805 3211 3448 13806 3277 3448 13807 3278 3448 13808 3210 1830 13809 3278 1830 13810 3279 1830 13811 3209 1831 13812 3279 1831 13813 3280 1831 13814 3208 3552 13815 3280 3552 13816 3281 3552 13817 3207 3553 13818 3281 3553 13819 3282 3553 13820 3206 3554 13821 3282 3554 13822 3283 3554 13823 3285 3555 13824 3287 3555 13825 3286 3555 13826 3287 1875 13827 3289 1875 13828 3288 1875 13829 3289 1876 13830 3291 1876 13831 3290 1876 13832 3291 3556 13833 3293 3556 13834 3292 3556 13835 3293 3557 13836 3295 3557 13837 3294 3557 13838 3295 3558 13839 3297 3558 13840 3296 3558 13841 3289 0 13842 3287 0 13843 3297 0 13844 3287 0 13845 3285 0 13846 3297 0 13847 3285 3559 13848 3299 3559 13849 3297 3559 13850 3297 3560 13851 3295 3560 13852 3293 3560 13853 3293 3561 13854 3291 3561 13855 3297 3561 13856 3297 3562 13857 3299 3562 13858 3298 3562 13859 3299 3563 13860 3285 3563 13861 3284 3563 13862 3298 2 13863 3284 2 13864 3286 2 13865 3286 2 13866 3288 2 13867 3290 2 13868 3290 2 13869 3292 2 13870 3298 2 13871 3292 3564 13872 3294 3564 13873 3298 3564 13874 3294 2 13875 3296 2 13876 3298 2 13877 3301 3565 13878 3303 3565 13879 3302 3565 13880 3303 1883 13881 3305 1883 13882 3304 1883 13883 3305 1884 13884 3307 1884 13885 3306 1884 13886 3307 3566 13887 3309 3566 13888 3308 3566 13889 3309 3567 13890 3311 3567 13891 3310 3567 13892 3311 1887 13893 3313 1887 13894 3312 1887 13895 3305 0 13896 3303 0 13897 3301 0 13898 3301 0 13899 3315 0 13900 3313 0 13901 3313 0 13902 3311 0 13903 3309 0 13904 3309 0 13905 3307 0 13906 3313 0 13907 3307 0 13908 3305 0 13909 3313 0 13910 3313 1888 13911 3315 1888 13912 3314 1888 13913 3315 3568 13914 3301 3568 13915 3300 3568 13916 3314 2 13917 3300 2 13918 3302 2 13919 3302 3569 13920 3304 3569 13921 3306 3569 13922 3306 2 13923 3308 2 13924 3314 2 13925 3308 2 13926 3310 2 13927 3314 2 13928 3310 3570 13929 3312 3570 13930 3314 3570 13931</p>
        </triangles>
      </mesh>
    </geometry>
  </library_geometries>
  <library_visual_scenes>
    <visual_scene id="Scene" name="Scene">
      <node id="Cube_002" name="Cube.002" type="NODE">
        <matrix sid="transform">1 0 0 0 0 1 0 0 0 0 1 0 0 0 0 1</matrix>
        <instance_geometry url="#Cube_003-mesh" name="Cube.002">
          <bind_material>
            <technique_common>
              <instance_material symbol="Yellow-material" target="#Yellow-material">
                <bind_vertex_input semantic="Cube_003-mesh-map-0" input_semantic="TEXCOORD" input_set="0"/>
              </instance_material>
            </technique_common>
          </bind_material>
        </instance_geometry>
      </node>
      <node id="Cube_003" name="Cube.003" type="NODE">
        <matrix sid="transform">1 0 0 0 0 1 0 0 0 0 1 0 0 0 0 1</matrix>
        <instance_geometry url="#Cube_004-mesh" name="Cube.003">
          <bind_material>
            <technique_common>
              <instance_material symbol="Pink-material" target="#Pink-material">
                <bind_vertex_input semantic="Cube_004-mesh-map-0" input_semantic="TEXCOORD" input_set="0"/>
              </instance_material>
            </technique_common>
          </bind_material>
        </instance_geometry>
      </node>
      <node id="Cube_005" name="Cube.005" type="NODE">
        <matrix sid="transform">1 0 0 0 0 1 0 0 0 0 1 0 0 0 0 1</matrix>
        <instance_geometry url="#Cube_005-mesh" name="Cube.005">
          <bind_material>
            <technique_common>
              <instance_material symbol="Material_001-material" target="#Material_001-material">
                <bind_vertex_input semantic="Cube_005-mesh-map-0" input_semantic="TEXCOORD" input_set="0"/>
              </instance_material>
            </technique_common>
          </bind_material>
        </instance_geometry>
      </node>
    </visual_scene>
  </library_visual_scenes>
  <scene>
    <instance_visual_scene url="#Scene"/>
  </scene>
</COLLADA>