<?xml version="1.0" encoding="utf-8"?>
<COLLADA xmlns="http://www.collada.org/2005/11/COLLADASchema" version="1.4.1" xmlns:xsi="http://www.w3.org/2001/XMLSchema-instance">
  <asset>
    <contributor>
      <author>Blender User</author>
      <authoring_tool>Blender 3.0.1</authoring_tool>
    </contributor>
    <created>2023-07-04T00:38:23</created>
    <modified>2023-07-04T00:38:23</modified>
    <unit name="meter" meter="1"/>
    <up_axis>Z_UP</up_axis>
  </asset>
  <library_lights>
    <light id="Light_001-light" name="Light.001">
      <technique_common>
        <point>
          <color sid="color">1000 1000 1000</color>
          <constant_attenuation>1</constant_attenuation>
          <linear_attenuation>0</linear_attenuation>
          <quadratic_attenuation>0.00111109</quadratic_attenuation>
        </point>
      </technique_common>
      <extra>
        <technique profile="blender">
          <type sid="type" type="int">0</type>
          <flag sid="flag" type="int">0</flag>
          <mode sid="mode" type="int">1</mode>
          <gamma sid="blender_gamma" type="float">1</gamma>
          <red sid="red" type="float">1</red>
          <green sid="green" type="float">1</green>
          <blue sid="blue" type="float">1</blue>
          <shadow_r sid="blender_shadow_r" type="float">0</shadow_r>
          <shadow_g sid="blender_shadow_g" type="float">0</shadow_g>
          <shadow_b sid="blender_shadow_b" type="float">0</shadow_b>
          <energy sid="blender_energy" type="float">1000</energy>
          <dist sid="blender_dist" type="float">29.99998</dist>
          <spotsize sid="spotsize" type="float">75</spotsize>
          <spotblend sid="spotblend" type="float">0.15</spotblend>
          <att1 sid="att1" type="float">0</att1>
          <att2 sid="att2" type="float">1</att2>
          <falloff_type sid="falloff_type" type="int">2</falloff_type>
          <clipsta sid="clipsta" type="float">0.04999995</clipsta>
          <clipend sid="clipend" type="float">30.002</clipend>
          <bias sid="bias" type="float">1</bias>
          <soft sid="soft" type="float">3</soft>
          <bufsize sid="bufsize" type="int">2880</bufsize>
          <samp sid="samp" type="int">3</samp>
          <buffers sid="buffers" type="int">1</buffers>
          <area_shape sid="area_shape" type="int">1</area_shape>
          <area_size sid="area_size" type="float">0.1</area_size>
          <area_sizey sid="area_sizey" type="float">0.1</area_sizey>
          <area_sizez sid="area_sizez" type="float">1</area_sizez>
        </technique>
      </extra>
    </light>
    <light id="Light-light" name="Light">
      <technique_common>
        <point>
          <color sid="color">1000 1000 1000</color>
          <constant_attenuation>1</constant_attenuation>
          <linear_attenuation>0</linear_attenuation>
          <quadratic_attenuation>0.00111109</quadratic_attenuation>
        </point>
      </technique_common>
      <extra>
        <technique profile="blender">
          <type sid="type" type="int">0</type>
          <flag sid="flag" type="int">0</flag>
          <mode sid="mode" type="int">1</mode>
          <gamma sid="blender_gamma" type="float">1</gamma>
          <red sid="red" type="float">1</red>
          <green sid="green" type="float">1</green>
          <blue sid="blue" type="float">1</blue>
          <shadow_r sid="blender_shadow_r" type="float">0</shadow_r>
          <shadow_g sid="blender_shadow_g" type="float">0</shadow_g>
          <shadow_b sid="blender_shadow_b" type="float">0</shadow_b>
          <energy sid="blender_energy" type="float">1000</energy>
          <dist sid="blender_dist" type="float">29.99998</dist>
          <spotsize sid="spotsize" type="float">75</spotsize>
          <spotblend sid="spotblend" type="float">0.15</spotblend>
          <att1 sid="att1" type="float">0</att1>
          <att2 sid="att2" type="float">1</att2>
          <falloff_type sid="falloff_type" type="int">2</falloff_type>
          <clipsta sid="clipsta" type="float">0.04999995</clipsta>
          <clipend sid="clipend" type="float">30.002</clipend>
          <bias sid="bias" type="float">1</bias>
          <soft sid="soft" type="float">3</soft>
          <bufsize sid="bufsize" type="int">2880</bufsize>
          <samp sid="samp" type="int">3</samp>
          <buffers sid="buffers" type="int">1</buffers>
          <area_shape sid="area_shape" type="int">1</area_shape>
          <area_size sid="area_size" type="float">0.1</area_size>
          <area_sizey sid="area_sizey" type="float">0.1</area_sizey>
          <area_sizez sid="area_sizez" type="float">1</area_sizez>
        </technique>
      </extra>
    </light>
  </library_lights>
  <library_effects>
    <effect id="Material-effect">
      <profile_COMMON>
        <newparam sid="_6_DHD_02_png-surface">
          <surface type="2D">
            <init_from>_6_DHD_02_png</init_from>
          </surface>
        </newparam>
        <newparam sid="_6_DHD_02_png-sampler">
          <sampler2D>
            <source>_6_DHD_02_png-surface</source>
          </sampler2D>
        </newparam>
        <technique sid="common">
          <lambert>
            <emission>
              <color sid="emission">0 0 0 1</color>
            </emission>
            <diffuse>
              <texture texture="_6_DHD_02_png-sampler" texcoord="UVMap"/>
            </diffuse>
            <index_of_refraction>
              <float sid="ior">1.45</float>
            </index_of_refraction>
          </lambert>
        </technique>
      </profile_COMMON>
    </effect>
  </library_effects>
  <library_images/>
  <library_materials>
    <material id="Material-material" name="Material">
      <instance_effect url="#Material-effect"/>
    </material>
  </library_materials>
  <library_geometries>
    <geometry id="Cylinder_009-mesh" name="Cylinder.009">
      <mesh>
        <source id="Cylinder_009-mesh-positions">
          <float_array id="Cylinder_009-mesh-positions-array" count="90">0 0.01399999 -0.75 0 0.01399999 0.75 0.00569427 0.0127896 -0.75 0.00569427 0.0127896 0.75 0.01040399 0.009367823 -0.75 0.01040399 0.009367823 0.75 0.01331478 0.004326224 -0.75 0.01331478 0.004326224 0.75 0.01392328 -0.001463353 -0.75 0.01392328 -0.001463353 0.75 0.01212435 -0.006999969 -0.75 0.01212435 -0.006999969 0.75 0.008228957 -0.01132619 -0.75 0.008228957 -0.01132619 0.75 0.002910733 -0.01369404 -0.75 0.002910733 -0.01369404 0.75 -0.002910733 -0.01369404 -0.75 -0.002910733 -0.01369404 0.75 -0.008228957 -0.01132619 -0.75 -0.008228957 -0.01132619 0.75 -0.01212435 -0.006999969 -0.75 -0.01212435 -0.006999969 0.75 -0.01392328 -0.001463353 -0.75 -0.01392328 -0.001463353 0.75 -0.01331478 0.004326224 -0.75 -0.01331478 0.004326224 0.75 -0.01040399 0.009367823 -0.75 -0.01040399 0.009367823 0.75 -0.00569427 0.0127896 -0.75 -0.00569427 0.0127896 0.75</float_array>
          <technique_common>
            <accessor source="#Cylinder_009-mesh-positions-array" count="30" stride="3">
              <param name="X" type="float"/>
              <param name="Y" type="float"/>
              <param name="Z" type="float"/>
            </accessor>
          </technique_common>
        </source>
        <source id="Cylinder_009-mesh-normals">
          <float_array id="Cylinder_009-mesh-normals-array" count="120">0.2079117 0.9781476 0 0.5877852 0.8090172 0 0.8660255 0.4999999 0 0.994522 0.1045282 0 0.9510565 -0.3090173 0 0.7431449 -0.6691306 0 0.4067366 -0.9135456 0 -1.59979e-7 -1 0 -0.4067367 -0.9135455 0 -0.743145 -0.6691305 0 -0.9510567 -0.3090168 0 -0.9945219 0.104529 0 -0.8660255 0.4999999 0 0 0 1 -0.5877852 0.8090172 0 -0.2079116 0.9781476 0 0 0 -1 0.5877853 0.8090171 0 0.994522 0.1045286 0 0.9510567 -0.3090168 0 0.7431448 -0.6691308 0 -1.59979e-7 -1 0 -0.4067368 -0.9135455 0 -0.7431448 -0.6691307 0 -0.994522 0.1045282 0 -0.8660253 0.5000002 0 -2.38986e-5 0 1 -6.75636e-5 0 1 4.77973e-5 0 1 4.77973e-5 0 1 -6.75636e-5 0 1 1.19493e-5 0 1 -5.469e-6 0 1 -0.587785 0.8090173 0 3.37818e-5 0 -1 -3.37818e-5 0 -1 -6.75636e-5 0 -1 6.75636e-5 0 -1 4.83119e-6 0 -1 -1.93248e-5 0 -1</float_array>
          <technique_common>
            <accessor source="#Cylinder_009-mesh-normals-array" count="40" stride="3">
              <param name="X" type="float"/>
              <param name="Y" type="float"/>
              <param name="Z" type="float"/>
            </accessor>
          </technique_common>
        </source>
        <source id="Cylinder_009-mesh-map-0">
          <float_array id="Cylinder_009-mesh-map-0-array" count="336">1 1 0.9333333 0.5 1 0.5 0.9333333 1 0.8666667 0.5 0.9333333 0.5 0.8666667 1 0.8 0.5 0.8666667 0.5 0.8 1 0.7333334 0.5 0.8 0.5 0.7333334 1 0.6666667 0.5 0.7333334 0.5 0.6666667 1 0.6 0.5 0.6666667 0.5 0.6 1 0.5333334 0.5 0.6 0.5 0.5333334 1 0.4666667 0.5 0.5333334 0.5 0.4666667 1 0.4 0.5 0.4666667 0.5 0.4 1 0.3333334 0.5 0.4 0.5 0.3333334 1 0.2666667 0.5 0.3333334 0.5 0.2666667 1 0.2 0.5 0.2666667 0.5 0.2 1 0.1333333 0.5 0.2 0.5 0.01131474 0.2249132 0.2998988 0.01524454 0.4782536 0.3241641 0.1333333 1 0.06666672 0.5 0.1333333 0.5 0.06666672 1 0 0.5 0.06666672 0.5 0.9578461 0.1299999 0.6089316 0.0558359 0.5716453 0.4105914 1 1 0.9333333 1 0.9333333 0.5 0.9333333 1 0.8666667 1 0.8666667 0.5 0.8666667 1 0.8 1 0.8 0.5 0.8 1 0.7333334 1 0.7333334 0.5 0.7333334 1 0.6666667 1 0.6666667 0.5 0.6666667 1 0.6 1 0.6 0.5 0.6 1 0.5333334 1 0.5333334 0.5 0.5333334 1 0.4666667 1 0.4666667 0.5 0.4666667 1 0.4 1 0.4 0.5 0.4 1 0.3333334 1 0.3333334 0.5 0.3333334 1 0.2666667 1 0.2666667 0.5 0.2666667 1 0.2 1 0.2 0.5 0.2 1 0.1333333 1 0.1333333 0.5 0.4283547 0.4105913 0.3476168 0.4692509 0.25 0.49 0.25 0.49 0.1523832 0.4692509 0.07164525 0.4105914 0.07164525 0.4105914 0.02174639 0.3241641 0.25 0.49 0.02174639 0.3241641 0.01131474 0.2249132 0.25 0.49 0.01131474 0.2249132 0.04215389 0.13 0.1089315 0.0558359 0.1089315 0.0558359 0.2001011 0.01524454 0.01131474 0.2249132 0.2001011 0.01524454 0.2998988 0.01524454 0.01131474 0.2249132 0.2998988 0.01524454 0.3910685 0.0558359 0.4782536 0.3241641 0.3910685 0.0558359 0.4578461 0.1299999 0.4782536 0.3241641 0.4578461 0.1299999 0.4886853 0.2249131 0.4782536 0.3241641 0.4782536 0.3241641 0.4283547 0.4105913 0.25 0.49 0.4782536 0.3241641 0.25 0.49 0.01131474 0.2249132 0.1333333 1 0.06666672 1 0.06666672 0.5 0.06666672 1 0 1 0 0.5 0.6523832 0.4692509 0.75 0.49 0.8476168 0.4692509 0.8476168 0.4692509 0.9283547 0.4105913 0.9782536 0.3241641 0.9782536 0.3241641 0.9886853 0.2249131 0.8476168 0.4692509 0.9886853 0.2249131 0.9578461 0.1299999 0.8476168 0.4692509 0.9578461 0.1299999 0.8910685 0.0558359 0.7998988 0.01524454 0.7998988 0.01524454 0.7001012 0.01524454 0.6089316 0.0558359 0.6089316 0.0558359 0.5421539 0.13 0.5113148 0.2249132 0.5113148 0.2249132 0.5217465 0.3241641 0.5716453 0.4105914 0.5716453 0.4105914 0.6523832 0.4692509 0.9578461 0.1299999 0.6523832 0.4692509 0.8476168 0.4692509 0.9578461 0.1299999 0.9578461 0.1299999 0.7998988 0.01524454 0.6089316 0.0558359 0.6089316 0.0558359 0.5113148 0.2249132 0.5716453 0.4105914</float_array>
          <technique_common>
            <accessor source="#Cylinder_009-mesh-map-0-array" count="168" stride="2">
              <param name="S" type="float"/>
              <param name="T" type="float"/>
            </accessor>
          </technique_common>
        </source>
        <vertices id="Cylinder_009-mesh-vertices">
          <input semantic="POSITION" source="#Cylinder_009-mesh-positions"/>
        </vertices>
        <triangles count="56">
          <input semantic="VERTEX" source="#Cylinder_009-mesh-vertices" offset="0"/>
          <input semantic="NORMAL" source="#Cylinder_009-mesh-normals" offset="1"/>
          <input semantic="TEXCOORD" source="#Cylinder_009-mesh-map-0" offset="2" set="0"/>
          <p>1 0 0 2 0 1 0 0 2 3 1 3 4 1 4 2 1 5 5 2 6 6 2 7 4 2 8 7 3 9 8 3 10 6 3 11 9 4 12 10 4 13 8 4 14 11 5 15 12 5 16 10 5 17 13 6 18 14 6 19 12 6 20 15 7 21 16 7 22 14 7 23 17 8 24 18 8 25 16 8 26 19 9 27 20 9 28 18 9 29 21 10 30 22 10 31 20 10 32 23 11 33 24 11 34 22 11 35 25 12 36 26 12 37 24 12 38 23 13 39 15 13 40 7 13 41 27 14 42 28 14 43 26 14 44 29 15 45 0 15 46 28 15 47 10 16 48 18 16 49 26 16 50 1 0 51 3 0 52 2 0 53 3 17 54 5 17 55 4 17 56 5 2 57 7 2 58 6 2 59 7 18 60 9 18 61 8 18 62 9 19 63 11 19 64 10 19 65 11 20 66 13 20 67 12 20 68 13 6 69 15 6 70 14 6 71 15 21 72 17 21 73 16 21 74 17 22 75 19 22 76 18 22 77 19 23 78 21 23 79 20 23 80 21 10 81 23 10 82 22 10 83 23 24 84 25 24 85 24 24 86 25 25 87 27 25 88 26 25 89 5 13 90 3 13 91 1 13 92 1 13 93 29 13 94 27 13 95 27 26 96 25 26 97 1 26 98 25 13 99 23 13 100 1 13 101 23 27 102 21 27 103 19 27 104 19 28 105 17 28 106 23 28 107 17 13 108 15 13 109 23 13 110 15 13 111 13 13 112 7 13 113 13 29 114 11 29 115 7 29 116 11 30 117 9 30 118 7 30 119 7 31 120 5 31 121 1 31 122 7 32 123 1 32 124 23 32 125 27 33 126 29 33 127 28 33 128 29 15 129 1 15 130 0 15 131 28 16 132 0 16 133 2 16 134 2 34 135 4 34 136 6 34 137 6 16 138 8 16 139 2 16 140 8 16 141 10 16 142 2 16 143 10 35 144 12 35 145 14 35 146 14 16 147 16 16 148 18 16 149 18 36 150 20 36 151 22 36 152 22 37 153 24 37 154 26 37 155 26 16 156 28 16 157 10 16 158 28 16 159 2 16 160 10 16 161 10 38 162 14 38 163 18 38 164 18 39 165 22 39 166 26 39 167</p>
        </triangles>
      </mesh>
    </geometry>
    <geometry id="Cylinder_008-mesh" name="Cylinder.008">
      <mesh>
        <source id="Cylinder_008-mesh-positions">
          <float_array id="Cylinder_008-mesh-positions-array" count="90">0 0.01399999 -0.75 0 0.01399999 0.75 0.00569427 0.0127896 -0.75 0.00569427 0.0127896 0.75 0.01040399 0.009367823 -0.75 0.01040399 0.009367823 0.75 0.01331478 0.004326224 -0.75 0.01331478 0.004326224 0.75 0.01392328 -0.001463353 -0.75 0.01392328 -0.001463353 0.75 0.01212435 -0.006999969 -0.75 0.01212435 -0.006999969 0.75 0.008228957 -0.01132619 -0.75 0.008228957 -0.01132619 0.75 0.002910733 -0.01369404 -0.75 0.002910733 -0.01369404 0.75 -0.002910733 -0.01369404 -0.75 -0.002910733 -0.01369404 0.75 -0.008228957 -0.01132619 -0.75 -0.008228957 -0.01132619 0.75 -0.01212435 -0.006999969 -0.75 -0.01212435 -0.006999969 0.75 -0.01392328 -0.001463353 -0.75 -0.01392328 -0.001463353 0.75 -0.01331478 0.004326224 -0.75 -0.01331478 0.004326224 0.75 -0.01040399 0.009367823 -0.75 -0.01040399 0.009367823 0.75 -0.00569427 0.0127896 -0.75 -0.00569427 0.0127896 0.75</float_array>
          <technique_common>
            <accessor source="#Cylinder_008-mesh-positions-array" count="30" stride="3">
              <param name="X" type="float"/>
              <param name="Y" type="float"/>
              <param name="Z" type="float"/>
            </accessor>
          </technique_common>
        </source>
        <source id="Cylinder_008-mesh-normals">
          <float_array id="Cylinder_008-mesh-normals-array" count="120">0.2079117 0.9781476 0 0.5877852 0.8090172 0 0.8660255 0.4999999 0 0.994522 0.1045282 0 0.9510565 -0.3090173 0 0.7431449 -0.6691306 0 0.4067366 -0.9135456 0 -1.59979e-7 -1 0 -0.4067367 -0.9135455 0 -0.743145 -0.6691305 0 -0.9510567 -0.3090168 0 -0.9945219 0.104529 0 -0.8660255 0.4999999 0 0 0 1 -0.5877852 0.8090172 0 -0.2079116 0.9781476 0 0 0 -1 0.5877853 0.8090171 0 0.994522 0.1045286 0 0.9510567 -0.3090168 0 0.7431448 -0.6691308 0 -1.59979e-7 -1 0 -0.4067368 -0.9135455 0 -0.7431448 -0.6691307 0 -0.994522 0.1045282 0 -0.8660253 0.5000002 0 -2.38986e-5 0 1 -6.75636e-5 0 1 4.77973e-5 0 1 4.77973e-5 0 1 -6.75636e-5 0 1 1.19493e-5 0 1 -5.469e-6 0 1 -0.587785 0.8090173 0 3.37818e-5 0 -1 -3.37818e-5 0 -1 -6.75636e-5 0 -1 6.75636e-5 0 -1 4.83119e-6 0 -1 -1.93248e-5 0 -1</float_array>
          <technique_common>
            <accessor source="#Cylinder_008-mesh-normals-array" count="40" stride="3">
              <param name="X" type="float"/>
              <param name="Y" type="float"/>
              <param name="Z" type="float"/>
            </accessor>
          </technique_common>
        </source>
        <source id="Cylinder_008-mesh-map-0">
          <float_array id="Cylinder_008-mesh-map-0-array" count="336">1 1 0.9333333 0.5 1 0.5 0.9333333 1 0.8666667 0.5 0.9333333 0.5 0.8666667 1 0.8 0.5 0.8666667 0.5 0.8 1 0.7333334 0.5 0.8 0.5 0.7333334 1 0.6666667 0.5 0.7333334 0.5 0.6666667 1 0.6 0.5 0.6666667 0.5 0.6 1 0.5333334 0.5 0.6 0.5 0.5333334 1 0.4666667 0.5 0.5333334 0.5 0.4666667 1 0.4 0.5 0.4666667 0.5 0.4 1 0.3333334 0.5 0.4 0.5 0.3333334 1 0.2666667 0.5 0.3333334 0.5 0.2666667 1 0.2 0.5 0.2666667 0.5 0.2 1 0.1333333 0.5 0.2 0.5 0.01131474 0.2249132 0.2998988 0.01524454 0.4782536 0.3241641 0.1333333 1 0.06666672 0.5 0.1333333 0.5 0.06666672 1 0 0.5 0.06666672 0.5 0.9578461 0.1299999 0.6089316 0.0558359 0.5716453 0.4105914 1 1 0.9333333 1 0.9333333 0.5 0.9333333 1 0.8666667 1 0.8666667 0.5 0.8666667 1 0.8 1 0.8 0.5 0.8 1 0.7333334 1 0.7333334 0.5 0.7333334 1 0.6666667 1 0.6666667 0.5 0.6666667 1 0.6 1 0.6 0.5 0.6 1 0.5333334 1 0.5333334 0.5 0.5333334 1 0.4666667 1 0.4666667 0.5 0.4666667 1 0.4 1 0.4 0.5 0.4 1 0.3333334 1 0.3333334 0.5 0.3333334 1 0.2666667 1 0.2666667 0.5 0.2666667 1 0.2 1 0.2 0.5 0.2 1 0.1333333 1 0.1333333 0.5 0.4283547 0.4105913 0.3476168 0.4692509 0.25 0.49 0.25 0.49 0.1523832 0.4692509 0.07164525 0.4105914 0.07164525 0.4105914 0.02174639 0.3241641 0.25 0.49 0.02174639 0.3241641 0.01131474 0.2249132 0.25 0.49 0.01131474 0.2249132 0.04215389 0.13 0.1089315 0.0558359 0.1089315 0.0558359 0.2001011 0.01524454 0.01131474 0.2249132 0.2001011 0.01524454 0.2998988 0.01524454 0.01131474 0.2249132 0.2998988 0.01524454 0.3910685 0.0558359 0.4782536 0.3241641 0.3910685 0.0558359 0.4578461 0.1299999 0.4782536 0.3241641 0.4578461 0.1299999 0.4886853 0.2249131 0.4782536 0.3241641 0.4782536 0.3241641 0.4283547 0.4105913 0.25 0.49 0.4782536 0.3241641 0.25 0.49 0.01131474 0.2249132 0.1333333 1 0.06666672 1 0.06666672 0.5 0.06666672 1 0 1 0 0.5 0.6523832 0.4692509 0.75 0.49 0.8476168 0.4692509 0.8476168 0.4692509 0.9283547 0.4105913 0.9782536 0.3241641 0.9782536 0.3241641 0.9886853 0.2249131 0.8476168 0.4692509 0.9886853 0.2249131 0.9578461 0.1299999 0.8476168 0.4692509 0.9578461 0.1299999 0.8910685 0.0558359 0.7998988 0.01524454 0.7998988 0.01524454 0.7001012 0.01524454 0.6089316 0.0558359 0.6089316 0.0558359 0.5421539 0.13 0.5113148 0.2249132 0.5113148 0.2249132 0.5217465 0.3241641 0.5716453 0.4105914 0.5716453 0.4105914 0.6523832 0.4692509 0.9578461 0.1299999 0.6523832 0.4692509 0.8476168 0.4692509 0.9578461 0.1299999 0.9578461 0.1299999 0.7998988 0.01524454 0.6089316 0.0558359 0.6089316 0.0558359 0.5113148 0.2249132 0.5716453 0.4105914</float_array>
          <technique_common>
            <accessor source="#Cylinder_008-mesh-map-0-array" count="168" stride="2">
              <param name="S" type="float"/>
              <param name="T" type="float"/>
            </accessor>
          </technique_common>
        </source>
        <vertices id="Cylinder_008-mesh-vertices">
          <input semantic="POSITION" source="#Cylinder_008-mesh-positions"/>
        </vertices>
        <triangles count="56">
          <input semantic="VERTEX" source="#Cylinder_008-mesh-vertices" offset="0"/>
          <input semantic="NORMAL" source="#Cylinder_008-mesh-normals" offset="1"/>
          <input semantic="TEXCOORD" source="#Cylinder_008-mesh-map-0" offset="2" set="0"/>
          <p>1 0 0 2 0 1 0 0 2 3 1 3 4 1 4 2 1 5 5 2 6 6 2 7 4 2 8 7 3 9 8 3 10 6 3 11 9 4 12 10 4 13 8 4 14 11 5 15 12 5 16 10 5 17 13 6 18 14 6 19 12 6 20 15 7 21 16 7 22 14 7 23 17 8 24 18 8 25 16 8 26 19 9 27 20 9 28 18 9 29 21 10 30 22 10 31 20 10 32 23 11 33 24 11 34 22 11 35 25 12 36 26 12 37 24 12 38 23 13 39 15 13 40 7 13 41 27 14 42 28 14 43 26 14 44 29 15 45 0 15 46 28 15 47 10 16 48 18 16 49 26 16 50 1 0 51 3 0 52 2 0 53 3 17 54 5 17 55 4 17 56 5 2 57 7 2 58 6 2 59 7 18 60 9 18 61 8 18 62 9 19 63 11 19 64 10 19 65 11 20 66 13 20 67 12 20 68 13 6 69 15 6 70 14 6 71 15 21 72 17 21 73 16 21 74 17 22 75 19 22 76 18 22 77 19 23 78 21 23 79 20 23 80 21 10 81 23 10 82 22 10 83 23 24 84 25 24 85 24 24 86 25 25 87 27 25 88 26 25 89 5 13 90 3 13 91 1 13 92 1 13 93 29 13 94 27 13 95 27 26 96 25 26 97 1 26 98 25 13 99 23 13 100 1 13 101 23 27 102 21 27 103 19 27 104 19 28 105 17 28 106 23 28 107 17 13 108 15 13 109 23 13 110 15 13 111 13 13 112 7 13 113 13 29 114 11 29 115 7 29 116 11 30 117 9 30 118 7 30 119 7 31 120 5 31 121 1 31 122 7 32 123 1 32 124 23 32 125 27 33 126 29 33 127 28 33 128 29 15 129 1 15 130 0 15 131 28 16 132 0 16 133 2 16 134 2 34 135 4 34 136 6 34 137 6 16 138 8 16 139 2 16 140 8 16 141 10 16 142 2 16 143 10 35 144 12 35 145 14 35 146 14 16 147 16 16 148 18 16 149 18 36 150 20 36 151 22 36 152 22 37 153 24 37 154 26 37 155 26 16 156 28 16 157 10 16 158 28 16 159 2 16 160 10 16 161 10 38 162 14 38 163 18 38 164 18 39 165 22 39 166 26 39 167</p>
        </triangles>
      </mesh>
    </geometry>
    <geometry id="Cylinder_007-mesh" name="Cylinder.007">
      <mesh>
        <source id="Cylinder_007-mesh-positions">
          <float_array id="Cylinder_007-mesh-positions-array" count="90">0 0.01399999 -0.75 0 0.01399999 0.75 0.00569427 0.0127896 -0.75 0.00569427 0.0127896 0.75 0.01040399 0.009367823 -0.75 0.01040399 0.009367823 0.75 0.01331478 0.004326224 -0.75 0.01331478 0.004326224 0.75 0.01392328 -0.001463353 -0.75 0.01392328 -0.001463353 0.75 0.01212435 -0.006999969 -0.75 0.01212435 -0.006999969 0.75 0.008228957 -0.01132619 -0.75 0.008228957 -0.01132619 0.75 0.002910733 -0.01369404 -0.75 0.002910733 -0.01369404 0.75 -0.002910733 -0.01369404 -0.75 -0.002910733 -0.01369404 0.75 -0.008228957 -0.01132619 -0.75 -0.008228957 -0.01132619 0.75 -0.01212435 -0.006999969 -0.75 -0.01212435 -0.006999969 0.75 -0.01392328 -0.001463353 -0.75 -0.01392328 -0.001463353 0.75 -0.01331478 0.004326224 -0.75 -0.01331478 0.004326224 0.75 -0.01040399 0.009367823 -0.75 -0.01040399 0.009367823 0.75 -0.00569427 0.0127896 -0.75 -0.00569427 0.0127896 0.75</float_array>
          <technique_common>
            <accessor source="#Cylinder_007-mesh-positions-array" count="30" stride="3">
              <param name="X" type="float"/>
              <param name="Y" type="float"/>
              <param name="Z" type="float"/>
            </accessor>
          </technique_common>
        </source>
        <source id="Cylinder_007-mesh-normals">
          <float_array id="Cylinder_007-mesh-normals-array" count="120">0.2079117 0.9781476 0 0.5877852 0.8090172 0 0.8660255 0.4999999 0 0.994522 0.1045282 0 0.9510565 -0.3090173 0 0.7431449 -0.6691306 0 0.4067366 -0.9135456 0 -1.59979e-7 -1 0 -0.4067367 -0.9135455 0 -0.743145 -0.6691305 0 -0.9510567 -0.3090168 0 -0.9945219 0.104529 0 -0.8660255 0.4999999 0 0 0 1 -0.5877852 0.8090172 0 -0.2079116 0.9781476 0 0 0 -1 0.5877853 0.8090171 0 0.994522 0.1045286 0 0.9510567 -0.3090168 0 0.7431448 -0.6691308 0 -1.59979e-7 -1 0 -0.4067368 -0.9135455 0 -0.7431448 -0.6691307 0 -0.994522 0.1045282 0 -0.8660253 0.5000002 0 -2.38986e-5 0 1 -6.75636e-5 0 1 4.77973e-5 0 1 4.77973e-5 0 1 -6.75636e-5 0 1 1.19493e-5 0 1 -5.469e-6 0 1 -0.587785 0.8090173 0 3.37818e-5 0 -1 -3.37818e-5 0 -1 -6.75636e-5 0 -1 6.75636e-5 0 -1 4.83119e-6 0 -1 -1.93248e-5 0 -1</float_array>
          <technique_common>
            <accessor source="#Cylinder_007-mesh-normals-array" count="40" stride="3">
              <param name="X" type="float"/>
              <param name="Y" type="float"/>
              <param name="Z" type="float"/>
            </accessor>
          </technique_common>
        </source>
        <source id="Cylinder_007-mesh-map-0">
          <float_array id="Cylinder_007-mesh-map-0-array" count="336">1 1 0.9333333 0.5 1 0.5 0.9333333 1 0.8666667 0.5 0.9333333 0.5 0.8666667 1 0.8 0.5 0.8666667 0.5 0.8 1 0.7333334 0.5 0.8 0.5 0.7333334 1 0.6666667 0.5 0.7333334 0.5 0.6666667 1 0.6 0.5 0.6666667 0.5 0.6 1 0.5333334 0.5 0.6 0.5 0.5333334 1 0.4666667 0.5 0.5333334 0.5 0.4666667 1 0.4 0.5 0.4666667 0.5 0.4 1 0.3333334 0.5 0.4 0.5 0.3333334 1 0.2666667 0.5 0.3333334 0.5 0.2666667 1 0.2 0.5 0.2666667 0.5 0.2 1 0.1333333 0.5 0.2 0.5 0.01131474 0.2249132 0.2998988 0.01524454 0.4782536 0.3241641 0.1333333 1 0.06666672 0.5 0.1333333 0.5 0.06666672 1 0 0.5 0.06666672 0.5 0.9578461 0.1299999 0.6089316 0.0558359 0.5716453 0.4105914 1 1 0.9333333 1 0.9333333 0.5 0.9333333 1 0.8666667 1 0.8666667 0.5 0.8666667 1 0.8 1 0.8 0.5 0.8 1 0.7333334 1 0.7333334 0.5 0.7333334 1 0.6666667 1 0.6666667 0.5 0.6666667 1 0.6 1 0.6 0.5 0.6 1 0.5333334 1 0.5333334 0.5 0.5333334 1 0.4666667 1 0.4666667 0.5 0.4666667 1 0.4 1 0.4 0.5 0.4 1 0.3333334 1 0.3333334 0.5 0.3333334 1 0.2666667 1 0.2666667 0.5 0.2666667 1 0.2 1 0.2 0.5 0.2 1 0.1333333 1 0.1333333 0.5 0.4283547 0.4105913 0.3476168 0.4692509 0.25 0.49 0.25 0.49 0.1523832 0.4692509 0.07164525 0.4105914 0.07164525 0.4105914 0.02174639 0.3241641 0.25 0.49 0.02174639 0.3241641 0.01131474 0.2249132 0.25 0.49 0.01131474 0.2249132 0.04215389 0.13 0.1089315 0.0558359 0.1089315 0.0558359 0.2001011 0.01524454 0.01131474 0.2249132 0.2001011 0.01524454 0.2998988 0.01524454 0.01131474 0.2249132 0.2998988 0.01524454 0.3910685 0.0558359 0.4782536 0.3241641 0.3910685 0.0558359 0.4578461 0.1299999 0.4782536 0.3241641 0.4578461 0.1299999 0.4886853 0.2249131 0.4782536 0.3241641 0.4782536 0.3241641 0.4283547 0.4105913 0.25 0.49 0.4782536 0.3241641 0.25 0.49 0.01131474 0.2249132 0.1333333 1 0.06666672 1 0.06666672 0.5 0.06666672 1 0 1 0 0.5 0.6523832 0.4692509 0.75 0.49 0.8476168 0.4692509 0.8476168 0.4692509 0.9283547 0.4105913 0.9782536 0.3241641 0.9782536 0.3241641 0.9886853 0.2249131 0.8476168 0.4692509 0.9886853 0.2249131 0.9578461 0.1299999 0.8476168 0.4692509 0.9578461 0.1299999 0.8910685 0.0558359 0.7998988 0.01524454 0.7998988 0.01524454 0.7001012 0.01524454 0.6089316 0.0558359 0.6089316 0.0558359 0.5421539 0.13 0.5113148 0.2249132 0.5113148 0.2249132 0.5217465 0.3241641 0.5716453 0.4105914 0.5716453 0.4105914 0.6523832 0.4692509 0.9578461 0.1299999 0.6523832 0.4692509 0.8476168 0.4692509 0.9578461 0.1299999 0.9578461 0.1299999 0.7998988 0.01524454 0.6089316 0.0558359 0.6089316 0.0558359 0.5113148 0.2249132 0.5716453 0.4105914</float_array>
          <technique_common>
            <accessor source="#Cylinder_007-mesh-map-0-array" count="168" stride="2">
              <param name="S" type="float"/>
              <param name="T" type="float"/>
            </accessor>
          </technique_common>
        </source>
        <vertices id="Cylinder_007-mesh-vertices">
          <input semantic="POSITION" source="#Cylinder_007-mesh-positions"/>
        </vertices>
        <triangles count="56">
          <input semantic="VERTEX" source="#Cylinder_007-mesh-vertices" offset="0"/>
          <input semantic="NORMAL" source="#Cylinder_007-mesh-normals" offset="1"/>
          <input semantic="TEXCOORD" source="#Cylinder_007-mesh-map-0" offset="2" set="0"/>
          <p>1 0 0 2 0 1 0 0 2 3 1 3 4 1 4 2 1 5 5 2 6 6 2 7 4 2 8 7 3 9 8 3 10 6 3 11 9 4 12 10 4 13 8 4 14 11 5 15 12 5 16 10 5 17 13 6 18 14 6 19 12 6 20 15 7 21 16 7 22 14 7 23 17 8 24 18 8 25 16 8 26 19 9 27 20 9 28 18 9 29 21 10 30 22 10 31 20 10 32 23 11 33 24 11 34 22 11 35 25 12 36 26 12 37 24 12 38 23 13 39 15 13 40 7 13 41 27 14 42 28 14 43 26 14 44 29 15 45 0 15 46 28 15 47 10 16 48 18 16 49 26 16 50 1 0 51 3 0 52 2 0 53 3 17 54 5 17 55 4 17 56 5 2 57 7 2 58 6 2 59 7 18 60 9 18 61 8 18 62 9 19 63 11 19 64 10 19 65 11 20 66 13 20 67 12 20 68 13 6 69 15 6 70 14 6 71 15 21 72 17 21 73 16 21 74 17 22 75 19 22 76 18 22 77 19 23 78 21 23 79 20 23 80 21 10 81 23 10 82 22 10 83 23 24 84 25 24 85 24 24 86 25 25 87 27 25 88 26 25 89 5 13 90 3 13 91 1 13 92 1 13 93 29 13 94 27 13 95 27 26 96 25 26 97 1 26 98 25 13 99 23 13 100 1 13 101 23 27 102 21 27 103 19 27 104 19 28 105 17 28 106 23 28 107 17 13 108 15 13 109 23 13 110 15 13 111 13 13 112 7 13 113 13 29 114 11 29 115 7 29 116 11 30 117 9 30 118 7 30 119 7 31 120 5 31 121 1 31 122 7 32 123 1 32 124 23 32 125 27 33 126 29 33 127 28 33 128 29 15 129 1 15 130 0 15 131 28 16 132 0 16 133 2 16 134 2 34 135 4 34 136 6 34 137 6 16 138 8 16 139 2 16 140 8 16 141 10 16 142 2 16 143 10 35 144 12 35 145 14 35 146 14 16 147 16 16 148 18 16 149 18 36 150 20 36 151 22 36 152 22 37 153 24 37 154 26 37 155 26 16 156 28 16 157 10 16 158 28 16 159 2 16 160 10 16 161 10 38 162 14 38 163 18 38 164 18 39 165 22 39 166 26 39 167</p>
        </triangles>
      </mesh>
    </geometry>
    <geometry id="Cylinder_006-mesh" name="Cylinder.006">
      <mesh>
        <source id="Cylinder_006-mesh-positions">
          <float_array id="Cylinder_006-mesh-positions-array" count="90">0 0.01399999 -0.75 0 0.01399999 0.75 0.00569427 0.0127896 -0.75 0.00569427 0.0127896 0.75 0.01040399 0.009367823 -0.75 0.01040399 0.009367823 0.75 0.01331478 0.004326224 -0.75 0.01331478 0.004326224 0.75 0.01392328 -0.001463353 -0.75 0.01392328 -0.001463353 0.75 0.01212435 -0.006999969 -0.75 0.01212435 -0.006999969 0.75 0.008228957 -0.01132619 -0.75 0.008228957 -0.01132619 0.75 0.002910733 -0.01369404 -0.75 0.002910733 -0.01369404 0.75 -0.002910733 -0.01369404 -0.75 -0.002910733 -0.01369404 0.75 -0.008228957 -0.01132619 -0.75 -0.008228957 -0.01132619 0.75 -0.01212435 -0.006999969 -0.75 -0.01212435 -0.006999969 0.75 -0.01392328 -0.001463353 -0.75 -0.01392328 -0.001463353 0.75 -0.01331478 0.004326224 -0.75 -0.01331478 0.004326224 0.75 -0.01040399 0.009367823 -0.75 -0.01040399 0.009367823 0.75 -0.00569427 0.0127896 -0.75 -0.00569427 0.0127896 0.75</float_array>
          <technique_common>
            <accessor source="#Cylinder_006-mesh-positions-array" count="30" stride="3">
              <param name="X" type="float"/>
              <param name="Y" type="float"/>
              <param name="Z" type="float"/>
            </accessor>
          </technique_common>
        </source>
        <source id="Cylinder_006-mesh-normals">
          <float_array id="Cylinder_006-mesh-normals-array" count="120">0.2079117 0.9781476 0 0.5877852 0.8090172 0 0.8660255 0.4999999 0 0.994522 0.1045282 0 0.9510565 -0.3090173 0 0.7431449 -0.6691306 0 0.4067366 -0.9135456 0 -1.59979e-7 -1 0 -0.4067367 -0.9135455 0 -0.743145 -0.6691305 0 -0.9510567 -0.3090168 0 -0.9945219 0.104529 0 -0.8660255 0.4999999 0 0 0 1 -0.5877852 0.8090172 0 -0.2079116 0.9781476 0 0 0 -1 0.5877853 0.8090171 0 0.994522 0.1045286 0 0.9510567 -0.3090168 0 0.7431448 -0.6691308 0 -1.59979e-7 -1 0 -0.4067368 -0.9135455 0 -0.7431448 -0.6691307 0 -0.994522 0.1045282 0 -0.8660253 0.5000002 0 -2.38986e-5 0 1 -6.75636e-5 0 1 4.77973e-5 0 1 4.77973e-5 0 1 -6.75636e-5 0 1 1.19493e-5 0 1 -5.469e-6 0 1 -0.587785 0.8090173 0 3.37818e-5 0 -1 -3.37818e-5 0 -1 -6.75636e-5 0 -1 6.75636e-5 0 -1 4.83119e-6 0 -1 -1.93248e-5 0 -1</float_array>
          <technique_common>
            <accessor source="#Cylinder_006-mesh-normals-array" count="40" stride="3">
              <param name="X" type="float"/>
              <param name="Y" type="float"/>
              <param name="Z" type="float"/>
            </accessor>
          </technique_common>
        </source>
        <source id="Cylinder_006-mesh-map-0">
          <float_array id="Cylinder_006-mesh-map-0-array" count="336">1 1 0.9333333 0.5 1 0.5 0.9333333 1 0.8666667 0.5 0.9333333 0.5 0.8666667 1 0.8 0.5 0.8666667 0.5 0.8 1 0.7333334 0.5 0.8 0.5 0.7333334 1 0.6666667 0.5 0.7333334 0.5 0.6666667 1 0.6 0.5 0.6666667 0.5 0.6 1 0.5333334 0.5 0.6 0.5 0.5333334 1 0.4666667 0.5 0.5333334 0.5 0.4666667 1 0.4 0.5 0.4666667 0.5 0.4 1 0.3333334 0.5 0.4 0.5 0.3333334 1 0.2666667 0.5 0.3333334 0.5 0.2666667 1 0.2 0.5 0.2666667 0.5 0.2 1 0.1333333 0.5 0.2 0.5 0.01131474 0.2249132 0.2998988 0.01524454 0.4782536 0.3241641 0.1333333 1 0.06666672 0.5 0.1333333 0.5 0.06666672 1 0 0.5 0.06666672 0.5 0.9578461 0.1299999 0.6089316 0.0558359 0.5716453 0.4105914 1 1 0.9333333 1 0.9333333 0.5 0.9333333 1 0.8666667 1 0.8666667 0.5 0.8666667 1 0.8 1 0.8 0.5 0.8 1 0.7333334 1 0.7333334 0.5 0.7333334 1 0.6666667 1 0.6666667 0.5 0.6666667 1 0.6 1 0.6 0.5 0.6 1 0.5333334 1 0.5333334 0.5 0.5333334 1 0.4666667 1 0.4666667 0.5 0.4666667 1 0.4 1 0.4 0.5 0.4 1 0.3333334 1 0.3333334 0.5 0.3333334 1 0.2666667 1 0.2666667 0.5 0.2666667 1 0.2 1 0.2 0.5 0.2 1 0.1333333 1 0.1333333 0.5 0.4283547 0.4105913 0.3476168 0.4692509 0.25 0.49 0.25 0.49 0.1523832 0.4692509 0.07164525 0.4105914 0.07164525 0.4105914 0.02174639 0.3241641 0.25 0.49 0.02174639 0.3241641 0.01131474 0.2249132 0.25 0.49 0.01131474 0.2249132 0.04215389 0.13 0.1089315 0.0558359 0.1089315 0.0558359 0.2001011 0.01524454 0.01131474 0.2249132 0.2001011 0.01524454 0.2998988 0.01524454 0.01131474 0.2249132 0.2998988 0.01524454 0.3910685 0.0558359 0.4782536 0.3241641 0.3910685 0.0558359 0.4578461 0.1299999 0.4782536 0.3241641 0.4578461 0.1299999 0.4886853 0.2249131 0.4782536 0.3241641 0.4782536 0.3241641 0.4283547 0.4105913 0.25 0.49 0.4782536 0.3241641 0.25 0.49 0.01131474 0.2249132 0.1333333 1 0.06666672 1 0.06666672 0.5 0.06666672 1 0 1 0 0.5 0.6523832 0.4692509 0.75 0.49 0.8476168 0.4692509 0.8476168 0.4692509 0.9283547 0.4105913 0.9782536 0.3241641 0.9782536 0.3241641 0.9886853 0.2249131 0.8476168 0.4692509 0.9886853 0.2249131 0.9578461 0.1299999 0.8476168 0.4692509 0.9578461 0.1299999 0.8910685 0.0558359 0.7998988 0.01524454 0.7998988 0.01524454 0.7001012 0.01524454 0.6089316 0.0558359 0.6089316 0.0558359 0.5421539 0.13 0.5113148 0.2249132 0.5113148 0.2249132 0.5217465 0.3241641 0.5716453 0.4105914 0.5716453 0.4105914 0.6523832 0.4692509 0.9578461 0.1299999 0.6523832 0.4692509 0.8476168 0.4692509 0.9578461 0.1299999 0.9578461 0.1299999 0.7998988 0.01524454 0.6089316 0.0558359 0.6089316 0.0558359 0.5113148 0.2249132 0.5716453 0.4105914</float_array>
          <technique_common>
            <accessor source="#Cylinder_006-mesh-map-0-array" count="168" stride="2">
              <param name="S" type="float"/>
              <param name="T" type="float"/>
            </accessor>
          </technique_common>
        </source>
        <vertices id="Cylinder_006-mesh-vertices">
          <input semantic="POSITION" source="#Cylinder_006-mesh-positions"/>
        </vertices>
        <triangles count="56">
          <input semantic="VERTEX" source="#Cylinder_006-mesh-vertices" offset="0"/>
          <input semantic="NORMAL" source="#Cylinder_006-mesh-normals" offset="1"/>
          <input semantic="TEXCOORD" source="#Cylinder_006-mesh-map-0" offset="2" set="0"/>
          <p>1 0 0 2 0 1 0 0 2 3 1 3 4 1 4 2 1 5 5 2 6 6 2 7 4 2 8 7 3 9 8 3 10 6 3 11 9 4 12 10 4 13 8 4 14 11 5 15 12 5 16 10 5 17 13 6 18 14 6 19 12 6 20 15 7 21 16 7 22 14 7 23 17 8 24 18 8 25 16 8 26 19 9 27 20 9 28 18 9 29 21 10 30 22 10 31 20 10 32 23 11 33 24 11 34 22 11 35 25 12 36 26 12 37 24 12 38 23 13 39 15 13 40 7 13 41 27 14 42 28 14 43 26 14 44 29 15 45 0 15 46 28 15 47 10 16 48 18 16 49 26 16 50 1 0 51 3 0 52 2 0 53 3 17 54 5 17 55 4 17 56 5 2 57 7 2 58 6 2 59 7 18 60 9 18 61 8 18 62 9 19 63 11 19 64 10 19 65 11 20 66 13 20 67 12 20 68 13 6 69 15 6 70 14 6 71 15 21 72 17 21 73 16 21 74 17 22 75 19 22 76 18 22 77 19 23 78 21 23 79 20 23 80 21 10 81 23 10 82 22 10 83 23 24 84 25 24 85 24 24 86 25 25 87 27 25 88 26 25 89 5 13 90 3 13 91 1 13 92 1 13 93 29 13 94 27 13 95 27 26 96 25 26 97 1 26 98 25 13 99 23 13 100 1 13 101 23 27 102 21 27 103 19 27 104 19 28 105 17 28 106 23 28 107 17 13 108 15 13 109 23 13 110 15 13 111 13 13 112 7 13 113 13 29 114 11 29 115 7 29 116 11 30 117 9 30 118 7 30 119 7 31 120 5 31 121 1 31 122 7 32 123 1 32 124 23 32 125 27 33 126 29 33 127 28 33 128 29 15 129 1 15 130 0 15 131 28 16 132 0 16 133 2 16 134 2 34 135 4 34 136 6 34 137 6 16 138 8 16 139 2 16 140 8 16 141 10 16 142 2 16 143 10 35 144 12 35 145 14 35 146 14 16 147 16 16 148 18 16 149 18 36 150 20 36 151 22 36 152 22 37 153 24 37 154 26 37 155 26 16 156 28 16 157 10 16 158 28 16 159 2 16 160 10 16 161 10 38 162 14 38 163 18 38 164 18 39 165 22 39 166 26 39 167</p>
        </triangles>
      </mesh>
    </geometry>
    <geometry id="Cylinder_005-mesh" name="Cylinder.005">
      <mesh>
        <source id="Cylinder_005-mesh-positions">
          <float_array id="Cylinder_005-mesh-positions-array" count="90">0 0.01399999 -0.75 0 0.01399999 0.75 0.00569427 0.0127896 -0.75 0.00569427 0.0127896 0.75 0.01040399 0.009367823 -0.75 0.01040399 0.009367823 0.75 0.01331478 0.004326224 -0.75 0.01331478 0.004326224 0.75 0.01392328 -0.001463353 -0.75 0.01392328 -0.001463353 0.75 0.01212435 -0.006999969 -0.75 0.01212435 -0.006999969 0.75 0.008228957 -0.01132619 -0.75 0.008228957 -0.01132619 0.75 0.002910733 -0.01369404 -0.75 0.002910733 -0.01369404 0.75 -0.002910733 -0.01369404 -0.75 -0.002910733 -0.01369404 0.75 -0.008228957 -0.01132619 -0.75 -0.008228957 -0.01132619 0.75 -0.01212435 -0.006999969 -0.75 -0.01212435 -0.006999969 0.75 -0.01392328 -0.001463353 -0.75 -0.01392328 -0.001463353 0.75 -0.01331478 0.004326224 -0.75 -0.01331478 0.004326224 0.75 -0.01040399 0.009367823 -0.75 -0.01040399 0.009367823 0.75 -0.00569427 0.0127896 -0.75 -0.00569427 0.0127896 0.75</float_array>
          <technique_common>
            <accessor source="#Cylinder_005-mesh-positions-array" count="30" stride="3">
              <param name="X" type="float"/>
              <param name="Y" type="float"/>
              <param name="Z" type="float"/>
            </accessor>
          </technique_common>
        </source>
        <source id="Cylinder_005-mesh-normals">
          <float_array id="Cylinder_005-mesh-normals-array" count="120">0.2079117 0.9781476 0 0.5877852 0.8090172 0 0.8660255 0.4999999 0 0.994522 0.1045282 0 0.9510565 -0.3090173 0 0.7431449 -0.6691306 0 0.4067366 -0.9135456 0 -1.59979e-7 -1 0 -0.4067367 -0.9135455 0 -0.743145 -0.6691305 0 -0.9510567 -0.3090168 0 -0.9945219 0.104529 0 -0.8660255 0.4999999 0 0 0 1 -0.5877852 0.8090172 0 -0.2079116 0.9781476 0 0 0 -1 0.5877853 0.8090171 0 0.994522 0.1045286 0 0.9510567 -0.3090168 0 0.7431448 -0.6691308 0 -1.59979e-7 -1 0 -0.4067368 -0.9135455 0 -0.7431448 -0.6691307 0 -0.994522 0.1045282 0 -0.8660253 0.5000002 0 -2.38986e-5 0 1 -6.75636e-5 0 1 4.77973e-5 0 1 4.77973e-5 0 1 -6.75636e-5 0 1 1.19493e-5 0 1 -5.469e-6 0 1 -0.587785 0.8090173 0 3.37818e-5 0 -1 -3.37818e-5 0 -1 -6.75636e-5 0 -1 6.75636e-5 0 -1 4.83119e-6 0 -1 -1.93248e-5 0 -1</float_array>
          <technique_common>
            <accessor source="#Cylinder_005-mesh-normals-array" count="40" stride="3">
              <param name="X" type="float"/>
              <param name="Y" type="float"/>
              <param name="Z" type="float"/>
            </accessor>
          </technique_common>
        </source>
        <source id="Cylinder_005-mesh-map-0">
          <float_array id="Cylinder_005-mesh-map-0-array" count="336">1 1 0.9333333 0.5 1 0.5 0.9333333 1 0.8666667 0.5 0.9333333 0.5 0.8666667 1 0.8 0.5 0.8666667 0.5 0.8 1 0.7333334 0.5 0.8 0.5 0.7333334 1 0.6666667 0.5 0.7333334 0.5 0.6666667 1 0.6 0.5 0.6666667 0.5 0.6 1 0.5333334 0.5 0.6 0.5 0.5333334 1 0.4666667 0.5 0.5333334 0.5 0.4666667 1 0.4 0.5 0.4666667 0.5 0.4 1 0.3333334 0.5 0.4 0.5 0.3333334 1 0.2666667 0.5 0.3333334 0.5 0.2666667 1 0.2 0.5 0.2666667 0.5 0.2 1 0.1333333 0.5 0.2 0.5 0.01131474 0.2249132 0.2998988 0.01524454 0.4782536 0.3241641 0.1333333 1 0.06666672 0.5 0.1333333 0.5 0.06666672 1 0 0.5 0.06666672 0.5 0.9578461 0.1299999 0.6089316 0.0558359 0.5716453 0.4105914 1 1 0.9333333 1 0.9333333 0.5 0.9333333 1 0.8666667 1 0.8666667 0.5 0.8666667 1 0.8 1 0.8 0.5 0.8 1 0.7333334 1 0.7333334 0.5 0.7333334 1 0.6666667 1 0.6666667 0.5 0.6666667 1 0.6 1 0.6 0.5 0.6 1 0.5333334 1 0.5333334 0.5 0.5333334 1 0.4666667 1 0.4666667 0.5 0.4666667 1 0.4 1 0.4 0.5 0.4 1 0.3333334 1 0.3333334 0.5 0.3333334 1 0.2666667 1 0.2666667 0.5 0.2666667 1 0.2 1 0.2 0.5 0.2 1 0.1333333 1 0.1333333 0.5 0.4283547 0.4105913 0.3476168 0.4692509 0.25 0.49 0.25 0.49 0.1523832 0.4692509 0.07164525 0.4105914 0.07164525 0.4105914 0.02174639 0.3241641 0.25 0.49 0.02174639 0.3241641 0.01131474 0.2249132 0.25 0.49 0.01131474 0.2249132 0.04215389 0.13 0.1089315 0.0558359 0.1089315 0.0558359 0.2001011 0.01524454 0.01131474 0.2249132 0.2001011 0.01524454 0.2998988 0.01524454 0.01131474 0.2249132 0.2998988 0.01524454 0.3910685 0.0558359 0.4782536 0.3241641 0.3910685 0.0558359 0.4578461 0.1299999 0.4782536 0.3241641 0.4578461 0.1299999 0.4886853 0.2249131 0.4782536 0.3241641 0.4782536 0.3241641 0.4283547 0.4105913 0.25 0.49 0.4782536 0.3241641 0.25 0.49 0.01131474 0.2249132 0.1333333 1 0.06666672 1 0.06666672 0.5 0.06666672 1 0 1 0 0.5 0.6523832 0.4692509 0.75 0.49 0.8476168 0.4692509 0.8476168 0.4692509 0.9283547 0.4105913 0.9782536 0.3241641 0.9782536 0.3241641 0.9886853 0.2249131 0.8476168 0.4692509 0.9886853 0.2249131 0.9578461 0.1299999 0.8476168 0.4692509 0.9578461 0.1299999 0.8910685 0.0558359 0.7998988 0.01524454 0.7998988 0.01524454 0.7001012 0.01524454 0.6089316 0.0558359 0.6089316 0.0558359 0.5421539 0.13 0.5113148 0.2249132 0.5113148 0.2249132 0.5217465 0.3241641 0.5716453 0.4105914 0.5716453 0.4105914 0.6523832 0.4692509 0.9578461 0.1299999 0.6523832 0.4692509 0.8476168 0.4692509 0.9578461 0.1299999 0.9578461 0.1299999 0.7998988 0.01524454 0.6089316 0.0558359 0.6089316 0.0558359 0.5113148 0.2249132 0.5716453 0.4105914</float_array>
          <technique_common>
            <accessor source="#Cylinder_005-mesh-map-0-array" count="168" stride="2">
              <param name="S" type="float"/>
              <param name="T" type="float"/>
            </accessor>
          </technique_common>
        </source>
        <vertices id="Cylinder_005-mesh-vertices">
          <input semantic="POSITION" source="#Cylinder_005-mesh-positions"/>
        </vertices>
        <triangles count="56">
          <input semantic="VERTEX" source="#Cylinder_005-mesh-vertices" offset="0"/>
          <input semantic="NORMAL" source="#Cylinder_005-mesh-normals" offset="1"/>
          <input semantic="TEXCOORD" source="#Cylinder_005-mesh-map-0" offset="2" set="0"/>
          <p>1 0 0 2 0 1 0 0 2 3 1 3 4 1 4 2 1 5 5 2 6 6 2 7 4 2 8 7 3 9 8 3 10 6 3 11 9 4 12 10 4 13 8 4 14 11 5 15 12 5 16 10 5 17 13 6 18 14 6 19 12 6 20 15 7 21 16 7 22 14 7 23 17 8 24 18 8 25 16 8 26 19 9 27 20 9 28 18 9 29 21 10 30 22 10 31 20 10 32 23 11 33 24 11 34 22 11 35 25 12 36 26 12 37 24 12 38 23 13 39 15 13 40 7 13 41 27 14 42 28 14 43 26 14 44 29 15 45 0 15 46 28 15 47 10 16 48 18 16 49 26 16 50 1 0 51 3 0 52 2 0 53 3 17 54 5 17 55 4 17 56 5 2 57 7 2 58 6 2 59 7 18 60 9 18 61 8 18 62 9 19 63 11 19 64 10 19 65 11 20 66 13 20 67 12 20 68 13 6 69 15 6 70 14 6 71 15 21 72 17 21 73 16 21 74 17 22 75 19 22 76 18 22 77 19 23 78 21 23 79 20 23 80 21 10 81 23 10 82 22 10 83 23 24 84 25 24 85 24 24 86 25 25 87 27 25 88 26 25 89 5 13 90 3 13 91 1 13 92 1 13 93 29 13 94 27 13 95 27 26 96 25 26 97 1 26 98 25 13 99 23 13 100 1 13 101 23 27 102 21 27 103 19 27 104 19 28 105 17 28 106 23 28 107 17 13 108 15 13 109 23 13 110 15 13 111 13 13 112 7 13 113 13 29 114 11 29 115 7 29 116 11 30 117 9 30 118 7 30 119 7 31 120 5 31 121 1 31 122 7 32 123 1 32 124 23 32 125 27 33 126 29 33 127 28 33 128 29 15 129 1 15 130 0 15 131 28 16 132 0 16 133 2 16 134 2 34 135 4 34 136 6 34 137 6 16 138 8 16 139 2 16 140 8 16 141 10 16 142 2 16 143 10 35 144 12 35 145 14 35 146 14 16 147 16 16 148 18 16 149 18 36 150 20 36 151 22 36 152 22 37 153 24 37 154 26 37 155 26 16 156 28 16 157 10 16 158 28 16 159 2 16 160 10 16 161 10 38 162 14 38 163 18 38 164 18 39 165 22 39 166 26 39 167</p>
        </triangles>
      </mesh>
    </geometry>
    <geometry id="Cylinder_004-mesh" name="Cylinder.004">
      <mesh>
        <source id="Cylinder_004-mesh-positions">
          <float_array id="Cylinder_004-mesh-positions-array" count="90">0 0.01399999 -0.75 0 0.01399999 0.75 0.00569427 0.0127896 -0.75 0.00569427 0.0127896 0.75 0.01040399 0.009367823 -0.75 0.01040399 0.009367823 0.75 0.01331478 0.004326224 -0.75 0.01331478 0.004326224 0.75 0.01392328 -0.001463353 -0.75 0.01392328 -0.001463353 0.75 0.01212435 -0.006999969 -0.75 0.01212435 -0.006999969 0.75 0.008228957 -0.01132619 -0.75 0.008228957 -0.01132619 0.75 0.002910733 -0.01369404 -0.75 0.002910733 -0.01369404 0.75 -0.002910733 -0.01369404 -0.75 -0.002910733 -0.01369404 0.75 -0.008228957 -0.01132619 -0.75 -0.008228957 -0.01132619 0.75 -0.01212435 -0.006999969 -0.75 -0.01212435 -0.006999969 0.75 -0.01392328 -0.001463353 -0.75 -0.01392328 -0.001463353 0.75 -0.01331478 0.004326224 -0.75 -0.01331478 0.004326224 0.75 -0.01040399 0.009367823 -0.75 -0.01040399 0.009367823 0.75 -0.00569427 0.0127896 -0.75 -0.00569427 0.0127896 0.75</float_array>
          <technique_common>
            <accessor source="#Cylinder_004-mesh-positions-array" count="30" stride="3">
              <param name="X" type="float"/>
              <param name="Y" type="float"/>
              <param name="Z" type="float"/>
            </accessor>
          </technique_common>
        </source>
        <source id="Cylinder_004-mesh-normals">
          <float_array id="Cylinder_004-mesh-normals-array" count="120">0.2079117 0.9781476 0 0.5877852 0.8090172 0 0.8660255 0.4999999 0 0.994522 0.1045282 0 0.9510565 -0.3090173 0 0.7431449 -0.6691306 0 0.4067366 -0.9135456 0 -1.59979e-7 -1 0 -0.4067367 -0.9135455 0 -0.743145 -0.6691305 0 -0.9510567 -0.3090168 0 -0.9945219 0.104529 0 -0.8660255 0.4999999 0 0 0 1 -0.5877852 0.8090172 0 -0.2079116 0.9781476 0 0 0 -1 0.5877853 0.8090171 0 0.994522 0.1045286 0 0.9510567 -0.3090168 0 0.7431448 -0.6691308 0 -1.59979e-7 -1 0 -0.4067368 -0.9135455 0 -0.7431448 -0.6691307 0 -0.994522 0.1045282 0 -0.8660253 0.5000002 0 -2.38986e-5 0 1 -6.75636e-5 0 1 4.77973e-5 0 1 4.77973e-5 0 1 -6.75636e-5 0 1 1.19493e-5 0 1 -5.469e-6 0 1 -0.587785 0.8090173 0 3.37818e-5 0 -1 -3.37818e-5 0 -1 -6.75636e-5 0 -1 6.75636e-5 0 -1 4.83119e-6 0 -1 -1.93248e-5 0 -1</float_array>
          <technique_common>
            <accessor source="#Cylinder_004-mesh-normals-array" count="40" stride="3">
              <param name="X" type="float"/>
              <param name="Y" type="float"/>
              <param name="Z" type="float"/>
            </accessor>
          </technique_common>
        </source>
        <source id="Cylinder_004-mesh-map-0">
          <float_array id="Cylinder_004-mesh-map-0-array" count="336">1 1 0.9333333 0.5 1 0.5 0.9333333 1 0.8666667 0.5 0.9333333 0.5 0.8666667 1 0.8 0.5 0.8666667 0.5 0.8 1 0.7333334 0.5 0.8 0.5 0.7333334 1 0.6666667 0.5 0.7333334 0.5 0.6666667 1 0.6 0.5 0.6666667 0.5 0.6 1 0.5333334 0.5 0.6 0.5 0.5333334 1 0.4666667 0.5 0.5333334 0.5 0.4666667 1 0.4 0.5 0.4666667 0.5 0.4 1 0.3333334 0.5 0.4 0.5 0.3333334 1 0.2666667 0.5 0.3333334 0.5 0.2666667 1 0.2 0.5 0.2666667 0.5 0.2 1 0.1333333 0.5 0.2 0.5 0.01131474 0.2249132 0.2998988 0.01524454 0.4782536 0.3241641 0.1333333 1 0.06666672 0.5 0.1333333 0.5 0.06666672 1 0 0.5 0.06666672 0.5 0.9578461 0.1299999 0.6089316 0.0558359 0.5716453 0.4105914 1 1 0.9333333 1 0.9333333 0.5 0.9333333 1 0.8666667 1 0.8666667 0.5 0.8666667 1 0.8 1 0.8 0.5 0.8 1 0.7333334 1 0.7333334 0.5 0.7333334 1 0.6666667 1 0.6666667 0.5 0.6666667 1 0.6 1 0.6 0.5 0.6 1 0.5333334 1 0.5333334 0.5 0.5333334 1 0.4666667 1 0.4666667 0.5 0.4666667 1 0.4 1 0.4 0.5 0.4 1 0.3333334 1 0.3333334 0.5 0.3333334 1 0.2666667 1 0.2666667 0.5 0.2666667 1 0.2 1 0.2 0.5 0.2 1 0.1333333 1 0.1333333 0.5 0.4283547 0.4105913 0.3476168 0.4692509 0.25 0.49 0.25 0.49 0.1523832 0.4692509 0.07164525 0.4105914 0.07164525 0.4105914 0.02174639 0.3241641 0.25 0.49 0.02174639 0.3241641 0.01131474 0.2249132 0.25 0.49 0.01131474 0.2249132 0.04215389 0.13 0.1089315 0.0558359 0.1089315 0.0558359 0.2001011 0.01524454 0.01131474 0.2249132 0.2001011 0.01524454 0.2998988 0.01524454 0.01131474 0.2249132 0.2998988 0.01524454 0.3910685 0.0558359 0.4782536 0.3241641 0.3910685 0.0558359 0.4578461 0.1299999 0.4782536 0.3241641 0.4578461 0.1299999 0.4886853 0.2249131 0.4782536 0.3241641 0.4782536 0.3241641 0.4283547 0.4105913 0.25 0.49 0.4782536 0.3241641 0.25 0.49 0.01131474 0.2249132 0.1333333 1 0.06666672 1 0.06666672 0.5 0.06666672 1 0 1 0 0.5 0.6523832 0.4692509 0.75 0.49 0.8476168 0.4692509 0.8476168 0.4692509 0.9283547 0.4105913 0.9782536 0.3241641 0.9782536 0.3241641 0.9886853 0.2249131 0.8476168 0.4692509 0.9886853 0.2249131 0.9578461 0.1299999 0.8476168 0.4692509 0.9578461 0.1299999 0.8910685 0.0558359 0.7998988 0.01524454 0.7998988 0.01524454 0.7001012 0.01524454 0.6089316 0.0558359 0.6089316 0.0558359 0.5421539 0.13 0.5113148 0.2249132 0.5113148 0.2249132 0.5217465 0.3241641 0.5716453 0.4105914 0.5716453 0.4105914 0.6523832 0.4692509 0.9578461 0.1299999 0.6523832 0.4692509 0.8476168 0.4692509 0.9578461 0.1299999 0.9578461 0.1299999 0.7998988 0.01524454 0.6089316 0.0558359 0.6089316 0.0558359 0.5113148 0.2249132 0.5716453 0.4105914</float_array>
          <technique_common>
            <accessor source="#Cylinder_004-mesh-map-0-array" count="168" stride="2">
              <param name="S" type="float"/>
              <param name="T" type="float"/>
            </accessor>
          </technique_common>
        </source>
        <vertices id="Cylinder_004-mesh-vertices">
          <input semantic="POSITION" source="#Cylinder_004-mesh-positions"/>
        </vertices>
        <triangles count="56">
          <input semantic="VERTEX" source="#Cylinder_004-mesh-vertices" offset="0"/>
          <input semantic="NORMAL" source="#Cylinder_004-mesh-normals" offset="1"/>
          <input semantic="TEXCOORD" source="#Cylinder_004-mesh-map-0" offset="2" set="0"/>
          <p>1 0 0 2 0 1 0 0 2 3 1 3 4 1 4 2 1 5 5 2 6 6 2 7 4 2 8 7 3 9 8 3 10 6 3 11 9 4 12 10 4 13 8 4 14 11 5 15 12 5 16 10 5 17 13 6 18 14 6 19 12 6 20 15 7 21 16 7 22 14 7 23 17 8 24 18 8 25 16 8 26 19 9 27 20 9 28 18 9 29 21 10 30 22 10 31 20 10 32 23 11 33 24 11 34 22 11 35 25 12 36 26 12 37 24 12 38 23 13 39 15 13 40 7 13 41 27 14 42 28 14 43 26 14 44 29 15 45 0 15 46 28 15 47 10 16 48 18 16 49 26 16 50 1 0 51 3 0 52 2 0 53 3 17 54 5 17 55 4 17 56 5 2 57 7 2 58 6 2 59 7 18 60 9 18 61 8 18 62 9 19 63 11 19 64 10 19 65 11 20 66 13 20 67 12 20 68 13 6 69 15 6 70 14 6 71 15 21 72 17 21 73 16 21 74 17 22 75 19 22 76 18 22 77 19 23 78 21 23 79 20 23 80 21 10 81 23 10 82 22 10 83 23 24 84 25 24 85 24 24 86 25 25 87 27 25 88 26 25 89 5 13 90 3 13 91 1 13 92 1 13 93 29 13 94 27 13 95 27 26 96 25 26 97 1 26 98 25 13 99 23 13 100 1 13 101 23 27 102 21 27 103 19 27 104 19 28 105 17 28 106 23 28 107 17 13 108 15 13 109 23 13 110 15 13 111 13 13 112 7 13 113 13 29 114 11 29 115 7 29 116 11 30 117 9 30 118 7 30 119 7 31 120 5 31 121 1 31 122 7 32 123 1 32 124 23 32 125 27 33 126 29 33 127 28 33 128 29 15 129 1 15 130 0 15 131 28 16 132 0 16 133 2 16 134 2 34 135 4 34 136 6 34 137 6 16 138 8 16 139 2 16 140 8 16 141 10 16 142 2 16 143 10 35 144 12 35 145 14 35 146 14 16 147 16 16 148 18 16 149 18 36 150 20 36 151 22 36 152 22 37 153 24 37 154 26 37 155 26 16 156 28 16 157 10 16 158 28 16 159 2 16 160 10 16 161 10 38 162 14 38 163 18 38 164 18 39 165 22 39 166 26 39 167</p>
        </triangles>
      </mesh>
    </geometry>
    <geometry id="Cylinder_003-mesh" name="Cylinder.003">
      <mesh>
        <source id="Cylinder_003-mesh-positions">
          <float_array id="Cylinder_003-mesh-positions-array" count="90">0 0.01399999 -0.75 0 0.01399999 0.75 0.00569427 0.0127896 -0.75 0.00569427 0.0127896 0.75 0.01040399 0.009367823 -0.75 0.01040399 0.009367823 0.75 0.01331478 0.004326224 -0.75 0.01331478 0.004326224 0.75 0.01392328 -0.001463353 -0.75 0.01392328 -0.001463353 0.75 0.01212435 -0.006999969 -0.75 0.01212435 -0.006999969 0.75 0.008228957 -0.01132619 -0.75 0.008228957 -0.01132619 0.75 0.002910733 -0.01369404 -0.75 0.002910733 -0.01369404 0.75 -0.002910733 -0.01369404 -0.75 -0.002910733 -0.01369404 0.75 -0.008228957 -0.01132619 -0.75 -0.008228957 -0.01132619 0.75 -0.01212435 -0.006999969 -0.75 -0.01212435 -0.006999969 0.75 -0.01392328 -0.001463353 -0.75 -0.01392328 -0.001463353 0.75 -0.01331478 0.004326224 -0.75 -0.01331478 0.004326224 0.75 -0.01040399 0.009367823 -0.75 -0.01040399 0.009367823 0.75 -0.00569427 0.0127896 -0.75 -0.00569427 0.0127896 0.75</float_array>
          <technique_common>
            <accessor source="#Cylinder_003-mesh-positions-array" count="30" stride="3">
              <param name="X" type="float"/>
              <param name="Y" type="float"/>
              <param name="Z" type="float"/>
            </accessor>
          </technique_common>
        </source>
        <source id="Cylinder_003-mesh-normals">
          <float_array id="Cylinder_003-mesh-normals-array" count="120">0.2079117 0.9781476 0 0.5877852 0.8090172 0 0.8660255 0.4999999 0 0.994522 0.1045282 0 0.9510565 -0.3090173 0 0.7431449 -0.6691306 0 0.4067366 -0.9135456 0 -1.59979e-7 -1 0 -0.4067367 -0.9135455 0 -0.743145 -0.6691305 0 -0.9510567 -0.3090168 0 -0.9945219 0.104529 0 -0.8660255 0.4999999 0 0 0 1 -0.5877852 0.8090172 0 -0.2079116 0.9781476 0 0 0 -1 0.5877853 0.8090171 0 0.994522 0.1045286 0 0.9510567 -0.3090168 0 0.7431448 -0.6691308 0 -1.59979e-7 -1 0 -0.4067368 -0.9135455 0 -0.7431448 -0.6691307 0 -0.994522 0.1045282 0 -0.8660253 0.5000002 0 -2.38986e-5 0 1 -6.75636e-5 0 1 4.77973e-5 0 1 4.77973e-5 0 1 -6.75636e-5 0 1 1.19493e-5 0 1 -5.469e-6 0 1 -0.587785 0.8090173 0 3.37818e-5 0 -1 -3.37818e-5 0 -1 -6.75636e-5 0 -1 6.75636e-5 0 -1 4.83119e-6 0 -1 -1.93248e-5 0 -1</float_array>
          <technique_common>
            <accessor source="#Cylinder_003-mesh-normals-array" count="40" stride="3">
              <param name="X" type="float"/>
              <param name="Y" type="float"/>
              <param name="Z" type="float"/>
            </accessor>
          </technique_common>
        </source>
        <source id="Cylinder_003-mesh-map-0">
          <float_array id="Cylinder_003-mesh-map-0-array" count="336">1 1 0.9333333 0.5 1 0.5 0.9333333 1 0.8666667 0.5 0.9333333 0.5 0.8666667 1 0.8 0.5 0.8666667 0.5 0.8 1 0.7333334 0.5 0.8 0.5 0.7333334 1 0.6666667 0.5 0.7333334 0.5 0.6666667 1 0.6 0.5 0.6666667 0.5 0.6 1 0.5333334 0.5 0.6 0.5 0.5333334 1 0.4666667 0.5 0.5333334 0.5 0.4666667 1 0.4 0.5 0.4666667 0.5 0.4 1 0.3333334 0.5 0.4 0.5 0.3333334 1 0.2666667 0.5 0.3333334 0.5 0.2666667 1 0.2 0.5 0.2666667 0.5 0.2 1 0.1333333 0.5 0.2 0.5 0.01131474 0.2249132 0.2998988 0.01524454 0.4782536 0.3241641 0.1333333 1 0.06666672 0.5 0.1333333 0.5 0.06666672 1 0 0.5 0.06666672 0.5 0.9578461 0.1299999 0.6089316 0.0558359 0.5716453 0.4105914 1 1 0.9333333 1 0.9333333 0.5 0.9333333 1 0.8666667 1 0.8666667 0.5 0.8666667 1 0.8 1 0.8 0.5 0.8 1 0.7333334 1 0.7333334 0.5 0.7333334 1 0.6666667 1 0.6666667 0.5 0.6666667 1 0.6 1 0.6 0.5 0.6 1 0.5333334 1 0.5333334 0.5 0.5333334 1 0.4666667 1 0.4666667 0.5 0.4666667 1 0.4 1 0.4 0.5 0.4 1 0.3333334 1 0.3333334 0.5 0.3333334 1 0.2666667 1 0.2666667 0.5 0.2666667 1 0.2 1 0.2 0.5 0.2 1 0.1333333 1 0.1333333 0.5 0.4283547 0.4105913 0.3476168 0.4692509 0.25 0.49 0.25 0.49 0.1523832 0.4692509 0.07164525 0.4105914 0.07164525 0.4105914 0.02174639 0.3241641 0.25 0.49 0.02174639 0.3241641 0.01131474 0.2249132 0.25 0.49 0.01131474 0.2249132 0.04215389 0.13 0.1089315 0.0558359 0.1089315 0.0558359 0.2001011 0.01524454 0.01131474 0.2249132 0.2001011 0.01524454 0.2998988 0.01524454 0.01131474 0.2249132 0.2998988 0.01524454 0.3910685 0.0558359 0.4782536 0.3241641 0.3910685 0.0558359 0.4578461 0.1299999 0.4782536 0.3241641 0.4578461 0.1299999 0.4886853 0.2249131 0.4782536 0.3241641 0.4782536 0.3241641 0.4283547 0.4105913 0.25 0.49 0.4782536 0.3241641 0.25 0.49 0.01131474 0.2249132 0.1333333 1 0.06666672 1 0.06666672 0.5 0.06666672 1 0 1 0 0.5 0.6523832 0.4692509 0.75 0.49 0.8476168 0.4692509 0.8476168 0.4692509 0.9283547 0.4105913 0.9782536 0.3241641 0.9782536 0.3241641 0.9886853 0.2249131 0.8476168 0.4692509 0.9886853 0.2249131 0.9578461 0.1299999 0.8476168 0.4692509 0.9578461 0.1299999 0.8910685 0.0558359 0.7998988 0.01524454 0.7998988 0.01524454 0.7001012 0.01524454 0.6089316 0.0558359 0.6089316 0.0558359 0.5421539 0.13 0.5113148 0.2249132 0.5113148 0.2249132 0.5217465 0.3241641 0.5716453 0.4105914 0.5716453 0.4105914 0.6523832 0.4692509 0.9578461 0.1299999 0.6523832 0.4692509 0.8476168 0.4692509 0.9578461 0.1299999 0.9578461 0.1299999 0.7998988 0.01524454 0.6089316 0.0558359 0.6089316 0.0558359 0.5113148 0.2249132 0.5716453 0.4105914</float_array>
          <technique_common>
            <accessor source="#Cylinder_003-mesh-map-0-array" count="168" stride="2">
              <param name="S" type="float"/>
              <param name="T" type="float"/>
            </accessor>
          </technique_common>
        </source>
        <vertices id="Cylinder_003-mesh-vertices">
          <input semantic="POSITION" source="#Cylinder_003-mesh-positions"/>
        </vertices>
        <triangles count="56">
          <input semantic="VERTEX" source="#Cylinder_003-mesh-vertices" offset="0"/>
          <input semantic="NORMAL" source="#Cylinder_003-mesh-normals" offset="1"/>
          <input semantic="TEXCOORD" source="#Cylinder_003-mesh-map-0" offset="2" set="0"/>
          <p>1 0 0 2 0 1 0 0 2 3 1 3 4 1 4 2 1 5 5 2 6 6 2 7 4 2 8 7 3 9 8 3 10 6 3 11 9 4 12 10 4 13 8 4 14 11 5 15 12 5 16 10 5 17 13 6 18 14 6 19 12 6 20 15 7 21 16 7 22 14 7 23 17 8 24 18 8 25 16 8 26 19 9 27 20 9 28 18 9 29 21 10 30 22 10 31 20 10 32 23 11 33 24 11 34 22 11 35 25 12 36 26 12 37 24 12 38 23 13 39 15 13 40 7 13 41 27 14 42 28 14 43 26 14 44 29 15 45 0 15 46 28 15 47 10 16 48 18 16 49 26 16 50 1 0 51 3 0 52 2 0 53 3 17 54 5 17 55 4 17 56 5 2 57 7 2 58 6 2 59 7 18 60 9 18 61 8 18 62 9 19 63 11 19 64 10 19 65 11 20 66 13 20 67 12 20 68 13 6 69 15 6 70 14 6 71 15 21 72 17 21 73 16 21 74 17 22 75 19 22 76 18 22 77 19 23 78 21 23 79 20 23 80 21 10 81 23 10 82 22 10 83 23 24 84 25 24 85 24 24 86 25 25 87 27 25 88 26 25 89 5 13 90 3 13 91 1 13 92 1 13 93 29 13 94 27 13 95 27 26 96 25 26 97 1 26 98 25 13 99 23 13 100 1 13 101 23 27 102 21 27 103 19 27 104 19 28 105 17 28 106 23 28 107 17 13 108 15 13 109 23 13 110 15 13 111 13 13 112 7 13 113 13 29 114 11 29 115 7 29 116 11 30 117 9 30 118 7 30 119 7 31 120 5 31 121 1 31 122 7 32 123 1 32 124 23 32 125 27 33 126 29 33 127 28 33 128 29 15 129 1 15 130 0 15 131 28 16 132 0 16 133 2 16 134 2 34 135 4 34 136 6 34 137 6 16 138 8 16 139 2 16 140 8 16 141 10 16 142 2 16 143 10 35 144 12 35 145 14 35 146 14 16 147 16 16 148 18 16 149 18 36 150 20 36 151 22 36 152 22 37 153 24 37 154 26 37 155 26 16 156 28 16 157 10 16 158 28 16 159 2 16 160 10 16 161 10 38 162 14 38 163 18 38 164 18 39 165 22 39 166 26 39 167</p>
        </triangles>
      </mesh>
    </geometry>
    <geometry id="Cylinder_002-mesh" name="Cylinder.002">
      <mesh>
        <source id="Cylinder_002-mesh-positions">
          <float_array id="Cylinder_002-mesh-positions-array" count="90">0 0.01399999 -0.75 0 0.01399999 0.75 0.00569427 0.0127896 -0.75 0.00569427 0.0127896 0.75 0.01040399 0.009367823 -0.75 0.01040399 0.009367823 0.75 0.01331478 0.004326224 -0.75 0.01331478 0.004326224 0.75 0.01392328 -0.001463353 -0.75 0.01392328 -0.001463353 0.75 0.01212435 -0.006999969 -0.75 0.01212435 -0.006999969 0.75 0.008228957 -0.01132619 -0.75 0.008228957 -0.01132619 0.75 0.002910733 -0.01369404 -0.75 0.002910733 -0.01369404 0.75 -0.002910733 -0.01369404 -0.75 -0.002910733 -0.01369404 0.75 -0.008228957 -0.01132619 -0.75 -0.008228957 -0.01132619 0.75 -0.01212435 -0.006999969 -0.75 -0.01212435 -0.006999969 0.75 -0.01392328 -0.001463353 -0.75 -0.01392328 -0.001463353 0.75 -0.01331478 0.004326224 -0.75 -0.01331478 0.004326224 0.75 -0.01040399 0.009367823 -0.75 -0.01040399 0.009367823 0.75 -0.00569427 0.0127896 -0.75 -0.00569427 0.0127896 0.75</float_array>
          <technique_common>
            <accessor source="#Cylinder_002-mesh-positions-array" count="30" stride="3">
              <param name="X" type="float"/>
              <param name="Y" type="float"/>
              <param name="Z" type="float"/>
            </accessor>
          </technique_common>
        </source>
        <source id="Cylinder_002-mesh-normals">
          <float_array id="Cylinder_002-mesh-normals-array" count="120">0.2079117 0.9781476 0 0.5877852 0.8090172 0 0.8660255 0.4999999 0 0.994522 0.1045282 0 0.9510565 -0.3090173 0 0.7431449 -0.6691306 0 0.4067366 -0.9135456 0 -1.59979e-7 -1 0 -0.4067367 -0.9135455 0 -0.743145 -0.6691305 0 -0.9510567 -0.3090168 0 -0.9945219 0.104529 0 -0.8660255 0.4999999 0 0 0 1 -0.5877852 0.8090172 0 -0.2079116 0.9781476 0 0 0 -1 0.5877853 0.8090171 0 0.994522 0.1045286 0 0.9510567 -0.3090168 0 0.7431448 -0.6691308 0 -1.59979e-7 -1 0 -0.4067368 -0.9135455 0 -0.7431448 -0.6691307 0 -0.994522 0.1045282 0 -0.8660253 0.5000002 0 -2.38986e-5 0 1 -6.75636e-5 0 1 4.77973e-5 0 1 4.77973e-5 0 1 -6.75636e-5 0 1 1.19493e-5 0 1 -5.469e-6 0 1 -0.587785 0.8090173 0 3.37818e-5 0 -1 -3.37818e-5 0 -1 -6.75636e-5 0 -1 6.75636e-5 0 -1 4.83119e-6 0 -1 -1.93248e-5 0 -1</float_array>
          <technique_common>
            <accessor source="#Cylinder_002-mesh-normals-array" count="40" stride="3">
              <param name="X" type="float"/>
              <param name="Y" type="float"/>
              <param name="Z" type="float"/>
            </accessor>
          </technique_common>
        </source>
        <source id="Cylinder_002-mesh-map-0">
          <float_array id="Cylinder_002-mesh-map-0-array" count="336">1 1 0.9333333 0.5 1 0.5 0.9333333 1 0.8666667 0.5 0.9333333 0.5 0.8666667 1 0.8 0.5 0.8666667 0.5 0.8 1 0.7333334 0.5 0.8 0.5 0.7333334 1 0.6666667 0.5 0.7333334 0.5 0.6666667 1 0.6 0.5 0.6666667 0.5 0.6 1 0.5333334 0.5 0.6 0.5 0.5333334 1 0.4666667 0.5 0.5333334 0.5 0.4666667 1 0.4 0.5 0.4666667 0.5 0.4 1 0.3333334 0.5 0.4 0.5 0.3333334 1 0.2666667 0.5 0.3333334 0.5 0.2666667 1 0.2 0.5 0.2666667 0.5 0.2 1 0.1333333 0.5 0.2 0.5 0.01131474 0.2249132 0.2998988 0.01524454 0.4782536 0.3241641 0.1333333 1 0.06666672 0.5 0.1333333 0.5 0.06666672 1 0 0.5 0.06666672 0.5 0.9578461 0.1299999 0.6089316 0.0558359 0.5716453 0.4105914 1 1 0.9333333 1 0.9333333 0.5 0.9333333 1 0.8666667 1 0.8666667 0.5 0.8666667 1 0.8 1 0.8 0.5 0.8 1 0.7333334 1 0.7333334 0.5 0.7333334 1 0.6666667 1 0.6666667 0.5 0.6666667 1 0.6 1 0.6 0.5 0.6 1 0.5333334 1 0.5333334 0.5 0.5333334 1 0.4666667 1 0.4666667 0.5 0.4666667 1 0.4 1 0.4 0.5 0.4 1 0.3333334 1 0.3333334 0.5 0.3333334 1 0.2666667 1 0.2666667 0.5 0.2666667 1 0.2 1 0.2 0.5 0.2 1 0.1333333 1 0.1333333 0.5 0.4283547 0.4105913 0.3476168 0.4692509 0.25 0.49 0.25 0.49 0.1523832 0.4692509 0.07164525 0.4105914 0.07164525 0.4105914 0.02174639 0.3241641 0.25 0.49 0.02174639 0.3241641 0.01131474 0.2249132 0.25 0.49 0.01131474 0.2249132 0.04215389 0.13 0.1089315 0.0558359 0.1089315 0.0558359 0.2001011 0.01524454 0.01131474 0.2249132 0.2001011 0.01524454 0.2998988 0.01524454 0.01131474 0.2249132 0.2998988 0.01524454 0.3910685 0.0558359 0.4782536 0.3241641 0.3910685 0.0558359 0.4578461 0.1299999 0.4782536 0.3241641 0.4578461 0.1299999 0.4886853 0.2249131 0.4782536 0.3241641 0.4782536 0.3241641 0.4283547 0.4105913 0.25 0.49 0.4782536 0.3241641 0.25 0.49 0.01131474 0.2249132 0.1333333 1 0.06666672 1 0.06666672 0.5 0.06666672 1 0 1 0 0.5 0.6523832 0.4692509 0.75 0.49 0.8476168 0.4692509 0.8476168 0.4692509 0.9283547 0.4105913 0.9782536 0.3241641 0.9782536 0.3241641 0.9886853 0.2249131 0.8476168 0.4692509 0.9886853 0.2249131 0.9578461 0.1299999 0.8476168 0.4692509 0.9578461 0.1299999 0.8910685 0.0558359 0.7998988 0.01524454 0.7998988 0.01524454 0.7001012 0.01524454 0.6089316 0.0558359 0.6089316 0.0558359 0.5421539 0.13 0.5113148 0.2249132 0.5113148 0.2249132 0.5217465 0.3241641 0.5716453 0.4105914 0.5716453 0.4105914 0.6523832 0.4692509 0.9578461 0.1299999 0.6523832 0.4692509 0.8476168 0.4692509 0.9578461 0.1299999 0.9578461 0.1299999 0.7998988 0.01524454 0.6089316 0.0558359 0.6089316 0.0558359 0.5113148 0.2249132 0.5716453 0.4105914</float_array>
          <technique_common>
            <accessor source="#Cylinder_002-mesh-map-0-array" count="168" stride="2">
              <param name="S" type="float"/>
              <param name="T" type="float"/>
            </accessor>
          </technique_common>
        </source>
        <vertices id="Cylinder_002-mesh-vertices">
          <input semantic="POSITION" source="#Cylinder_002-mesh-positions"/>
        </vertices>
        <triangles count="56">
          <input semantic="VERTEX" source="#Cylinder_002-mesh-vertices" offset="0"/>
          <input semantic="NORMAL" source="#Cylinder_002-mesh-normals" offset="1"/>
          <input semantic="TEXCOORD" source="#Cylinder_002-mesh-map-0" offset="2" set="0"/>
          <p>1 0 0 2 0 1 0 0 2 3 1 3 4 1 4 2 1 5 5 2 6 6 2 7 4 2 8 7 3 9 8 3 10 6 3 11 9 4 12 10 4 13 8 4 14 11 5 15 12 5 16 10 5 17 13 6 18 14 6 19 12 6 20 15 7 21 16 7 22 14 7 23 17 8 24 18 8 25 16 8 26 19 9 27 20 9 28 18 9 29 21 10 30 22 10 31 20 10 32 23 11 33 24 11 34 22 11 35 25 12 36 26 12 37 24 12 38 23 13 39 15 13 40 7 13 41 27 14 42 28 14 43 26 14 44 29 15 45 0 15 46 28 15 47 10 16 48 18 16 49 26 16 50 1 0 51 3 0 52 2 0 53 3 17 54 5 17 55 4 17 56 5 2 57 7 2 58 6 2 59 7 18 60 9 18 61 8 18 62 9 19 63 11 19 64 10 19 65 11 20 66 13 20 67 12 20 68 13 6 69 15 6 70 14 6 71 15 21 72 17 21 73 16 21 74 17 22 75 19 22 76 18 22 77 19 23 78 21 23 79 20 23 80 21 10 81 23 10 82 22 10 83 23 24 84 25 24 85 24 24 86 25 25 87 27 25 88 26 25 89 5 13 90 3 13 91 1 13 92 1 13 93 29 13 94 27 13 95 27 26 96 25 26 97 1 26 98 25 13 99 23 13 100 1 13 101 23 27 102 21 27 103 19 27 104 19 28 105 17 28 106 23 28 107 17 13 108 15 13 109 23 13 110 15 13 111 13 13 112 7 13 113 13 29 114 11 29 115 7 29 116 11 30 117 9 30 118 7 30 119 7 31 120 5 31 121 1 31 122 7 32 123 1 32 124 23 32 125 27 33 126 29 33 127 28 33 128 29 15 129 1 15 130 0 15 131 28 16 132 0 16 133 2 16 134 2 34 135 4 34 136 6 34 137 6 16 138 8 16 139 2 16 140 8 16 141 10 16 142 2 16 143 10 35 144 12 35 145 14 35 146 14 16 147 16 16 148 18 16 149 18 36 150 20 36 151 22 36 152 22 37 153 24 37 154 26 37 155 26 16 156 28 16 157 10 16 158 28 16 159 2 16 160 10 16 161 10 38 162 14 38 163 18 38 164 18 39 165 22 39 166 26 39 167</p>
        </triangles>
      </mesh>
    </geometry>
    <geometry id="Cylinder_001-mesh" name="Cylinder.001">
      <mesh>
        <source id="Cylinder_001-mesh-positions">
          <float_array id="Cylinder_001-mesh-positions-array" count="90">0 0.01399999 -0.75 0 0.01399999 0.75 0.00569427 0.0127896 -0.75 0.00569427 0.0127896 0.75 0.01040399 0.009367823 -0.75 0.01040399 0.009367823 0.75 0.01331478 0.004326224 -0.75 0.01331478 0.004326224 0.75 0.01392328 -0.001463353 -0.75 0.01392328 -0.001463353 0.75 0.01212435 -0.006999969 -0.75 0.01212435 -0.006999969 0.75 0.008228957 -0.01132619 -0.75 0.008228957 -0.01132619 0.75 0.002910733 -0.01369404 -0.75 0.002910733 -0.01369404 0.75 -0.002910733 -0.01369404 -0.75 -0.002910733 -0.01369404 0.75 -0.008228957 -0.01132619 -0.75 -0.008228957 -0.01132619 0.75 -0.01212435 -0.006999969 -0.75 -0.01212435 -0.006999969 0.75 -0.01392328 -0.001463353 -0.75 -0.01392328 -0.001463353 0.75 -0.01331478 0.004326224 -0.75 -0.01331478 0.004326224 0.75 -0.01040399 0.009367823 -0.75 -0.01040399 0.009367823 0.75 -0.00569427 0.0127896 -0.75 -0.00569427 0.0127896 0.75</float_array>
          <technique_common>
            <accessor source="#Cylinder_001-mesh-positions-array" count="30" stride="3">
              <param name="X" type="float"/>
              <param name="Y" type="float"/>
              <param name="Z" type="float"/>
            </accessor>
          </technique_common>
        </source>
        <source id="Cylinder_001-mesh-normals">
          <float_array id="Cylinder_001-mesh-normals-array" count="120">0.2079117 0.9781476 0 0.5877852 0.8090172 0 0.8660255 0.4999999 0 0.994522 0.1045282 0 0.9510565 -0.3090173 0 0.7431449 -0.6691306 0 0.4067366 -0.9135456 0 -1.59979e-7 -1 0 -0.4067367 -0.9135455 0 -0.743145 -0.6691305 0 -0.9510567 -0.3090168 0 -0.9945219 0.104529 0 -0.8660255 0.4999999 0 0 0 1 -0.5877852 0.8090172 0 -0.2079116 0.9781476 0 0 0 -1 0.5877853 0.8090171 0 0.994522 0.1045286 0 0.9510567 -0.3090168 0 0.7431448 -0.6691308 0 -1.59979e-7 -1 0 -0.4067368 -0.9135455 0 -0.7431448 -0.6691307 0 -0.994522 0.1045282 0 -0.8660253 0.5000002 0 -2.38986e-5 0 1 -6.75636e-5 0 1 4.77973e-5 0 1 4.77973e-5 0 1 -6.75636e-5 0 1 1.19493e-5 0 1 -5.469e-6 0 1 -0.587785 0.8090173 0 3.37818e-5 0 -1 -3.37818e-5 0 -1 -6.75636e-5 0 -1 6.75636e-5 0 -1 4.83119e-6 0 -1 -1.93248e-5 0 -1</float_array>
          <technique_common>
            <accessor source="#Cylinder_001-mesh-normals-array" count="40" stride="3">
              <param name="X" type="float"/>
              <param name="Y" type="float"/>
              <param name="Z" type="float"/>
            </accessor>
          </technique_common>
        </source>
        <source id="Cylinder_001-mesh-map-0">
          <float_array id="Cylinder_001-mesh-map-0-array" count="336">1 1 0.9333333 0.5 1 0.5 0.9333333 1 0.8666667 0.5 0.9333333 0.5 0.8666667 1 0.8 0.5 0.8666667 0.5 0.8 1 0.7333334 0.5 0.8 0.5 0.7333334 1 0.6666667 0.5 0.7333334 0.5 0.6666667 1 0.6 0.5 0.6666667 0.5 0.6 1 0.5333334 0.5 0.6 0.5 0.5333334 1 0.4666667 0.5 0.5333334 0.5 0.4666667 1 0.4 0.5 0.4666667 0.5 0.4 1 0.3333334 0.5 0.4 0.5 0.3333334 1 0.2666667 0.5 0.3333334 0.5 0.2666667 1 0.2 0.5 0.2666667 0.5 0.2 1 0.1333333 0.5 0.2 0.5 0.01131474 0.2249132 0.2998988 0.01524454 0.4782536 0.3241641 0.1333333 1 0.06666672 0.5 0.1333333 0.5 0.06666672 1 0 0.5 0.06666672 0.5 0.9578461 0.1299999 0.6089316 0.0558359 0.5716453 0.4105914 1 1 0.9333333 1 0.9333333 0.5 0.9333333 1 0.8666667 1 0.8666667 0.5 0.8666667 1 0.8 1 0.8 0.5 0.8 1 0.7333334 1 0.7333334 0.5 0.7333334 1 0.6666667 1 0.6666667 0.5 0.6666667 1 0.6 1 0.6 0.5 0.6 1 0.5333334 1 0.5333334 0.5 0.5333334 1 0.4666667 1 0.4666667 0.5 0.4666667 1 0.4 1 0.4 0.5 0.4 1 0.3333334 1 0.3333334 0.5 0.3333334 1 0.2666667 1 0.2666667 0.5 0.2666667 1 0.2 1 0.2 0.5 0.2 1 0.1333333 1 0.1333333 0.5 0.4283547 0.4105913 0.3476168 0.4692509 0.25 0.49 0.25 0.49 0.1523832 0.4692509 0.07164525 0.4105914 0.07164525 0.4105914 0.02174639 0.3241641 0.25 0.49 0.02174639 0.3241641 0.01131474 0.2249132 0.25 0.49 0.01131474 0.2249132 0.04215389 0.13 0.1089315 0.0558359 0.1089315 0.0558359 0.2001011 0.01524454 0.01131474 0.2249132 0.2001011 0.01524454 0.2998988 0.01524454 0.01131474 0.2249132 0.2998988 0.01524454 0.3910685 0.0558359 0.4782536 0.3241641 0.3910685 0.0558359 0.4578461 0.1299999 0.4782536 0.3241641 0.4578461 0.1299999 0.4886853 0.2249131 0.4782536 0.3241641 0.4782536 0.3241641 0.4283547 0.4105913 0.25 0.49 0.4782536 0.3241641 0.25 0.49 0.01131474 0.2249132 0.1333333 1 0.06666672 1 0.06666672 0.5 0.06666672 1 0 1 0 0.5 0.6523832 0.4692509 0.75 0.49 0.8476168 0.4692509 0.8476168 0.4692509 0.9283547 0.4105913 0.9782536 0.3241641 0.9782536 0.3241641 0.9886853 0.2249131 0.8476168 0.4692509 0.9886853 0.2249131 0.9578461 0.1299999 0.8476168 0.4692509 0.9578461 0.1299999 0.8910685 0.0558359 0.7998988 0.01524454 0.7998988 0.01524454 0.7001012 0.01524454 0.6089316 0.0558359 0.6089316 0.0558359 0.5421539 0.13 0.5113148 0.2249132 0.5113148 0.2249132 0.5217465 0.3241641 0.5716453 0.4105914 0.5716453 0.4105914 0.6523832 0.4692509 0.9578461 0.1299999 0.6523832 0.4692509 0.8476168 0.4692509 0.9578461 0.1299999 0.9578461 0.1299999 0.7998988 0.01524454 0.6089316 0.0558359 0.6089316 0.0558359 0.5113148 0.2249132 0.5716453 0.4105914</float_array>
          <technique_common>
            <accessor source="#Cylinder_001-mesh-map-0-array" count="168" stride="2">
              <param name="S" type="float"/>
              <param name="T" type="float"/>
            </accessor>
          </technique_common>
        </source>
        <vertices id="Cylinder_001-mesh-vertices">
          <input semantic="POSITION" source="#Cylinder_001-mesh-positions"/>
        </vertices>
        <triangles count="56">
          <input semantic="VERTEX" source="#Cylinder_001-mesh-vertices" offset="0"/>
          <input semantic="NORMAL" source="#Cylinder_001-mesh-normals" offset="1"/>
          <input semantic="TEXCOORD" source="#Cylinder_001-mesh-map-0" offset="2" set="0"/>
          <p>1 0 0 2 0 1 0 0 2 3 1 3 4 1 4 2 1 5 5 2 6 6 2 7 4 2 8 7 3 9 8 3 10 6 3 11 9 4 12 10 4 13 8 4 14 11 5 15 12 5 16 10 5 17 13 6 18 14 6 19 12 6 20 15 7 21 16 7 22 14 7 23 17 8 24 18 8 25 16 8 26 19 9 27 20 9 28 18 9 29 21 10 30 22 10 31 20 10 32 23 11 33 24 11 34 22 11 35 25 12 36 26 12 37 24 12 38 23 13 39 15 13 40 7 13 41 27 14 42 28 14 43 26 14 44 29 15 45 0 15 46 28 15 47 10 16 48 18 16 49 26 16 50 1 0 51 3 0 52 2 0 53 3 17 54 5 17 55 4 17 56 5 2 57 7 2 58 6 2 59 7 18 60 9 18 61 8 18 62 9 19 63 11 19 64 10 19 65 11 20 66 13 20 67 12 20 68 13 6 69 15 6 70 14 6 71 15 21 72 17 21 73 16 21 74 17 22 75 19 22 76 18 22 77 19 23 78 21 23 79 20 23 80 21 10 81 23 10 82 22 10 83 23 24 84 25 24 85 24 24 86 25 25 87 27 25 88 26 25 89 5 13 90 3 13 91 1 13 92 1 13 93 29 13 94 27 13 95 27 26 96 25 26 97 1 26 98 25 13 99 23 13 100 1 13 101 23 27 102 21 27 103 19 27 104 19 28 105 17 28 106 23 28 107 17 13 108 15 13 109 23 13 110 15 13 111 13 13 112 7 13 113 13 29 114 11 29 115 7 29 116 11 30 117 9 30 118 7 30 119 7 31 120 5 31 121 1 31 122 7 32 123 1 32 124 23 32 125 27 33 126 29 33 127 28 33 128 29 15 129 1 15 130 0 15 131 28 16 132 0 16 133 2 16 134 2 34 135 4 34 136 6 34 137 6 16 138 8 16 139 2 16 140 8 16 141 10 16 142 2 16 143 10 35 144 12 35 145 14 35 146 14 16 147 16 16 148 18 16 149 18 36 150 20 36 151 22 36 152 22 37 153 24 37 154 26 37 155 26 16 156 28 16 157 10 16 158 28 16 159 2 16 160 10 16 161 10 38 162 14 38 163 18 38 164 18 39 165 22 39 166 26 39 167</p>
        </triangles>
      </mesh>
    </geometry>
    <geometry id="Cylinder-mesh" name="Cylinder">
      <mesh>
        <source id="Cylinder-mesh-positions">
          <float_array id="Cylinder-mesh-positions-array" count="90">0 0.01399999 -0.75 0 0.01399999 0.75 0.00569427 0.0127896 -0.75 0.00569427 0.0127896 0.75 0.01040399 0.009367823 -0.75 0.01040399 0.009367823 0.75 0.01331478 0.004326224 -0.75 0.01331478 0.004326224 0.75 0.01392328 -0.001463353 -0.75 0.01392328 -0.001463353 0.75 0.01212435 -0.006999969 -0.75 0.01212435 -0.006999969 0.75 0.008228957 -0.01132619 -0.75 0.008228957 -0.01132619 0.75 0.002910733 -0.01369404 -0.75 0.002910733 -0.01369404 0.75 -0.002910733 -0.01369404 -0.75 -0.002910733 -0.01369404 0.75 -0.008228957 -0.01132619 -0.75 -0.008228957 -0.01132619 0.75 -0.01212435 -0.006999969 -0.75 -0.01212435 -0.006999969 0.75 -0.01392328 -0.001463353 -0.75 -0.01392328 -0.001463353 0.75 -0.01331478 0.004326224 -0.75 -0.01331478 0.004326224 0.75 -0.01040399 0.009367823 -0.75 -0.01040399 0.009367823 0.75 -0.00569427 0.0127896 -0.75 -0.00569427 0.0127896 0.75</float_array>
          <technique_common>
            <accessor source="#Cylinder-mesh-positions-array" count="30" stride="3">
              <param name="X" type="float"/>
              <param name="Y" type="float"/>
              <param name="Z" type="float"/>
            </accessor>
          </technique_common>
        </source>
        <source id="Cylinder-mesh-normals">
          <float_array id="Cylinder-mesh-normals-array" count="120">0.2079117 0.9781476 0 0.5877852 0.8090172 0 0.8660255 0.4999999 0 0.994522 0.1045282 0 0.9510565 -0.3090173 0 0.7431449 -0.6691306 0 0.4067366 -0.9135456 0 -1.59979e-7 -1 0 -0.4067367 -0.9135455 0 -0.743145 -0.6691305 0 -0.9510567 -0.3090168 0 -0.9945219 0.104529 0 -0.8660255 0.4999999 0 0 0 1 -0.5877852 0.8090172 0 -0.2079116 0.9781476 0 0 0 -1 0.5877853 0.8090171 0 0.994522 0.1045286 0 0.9510567 -0.3090168 0 0.7431448 -0.6691308 0 -1.59979e-7 -1 0 -0.4067368 -0.9135455 0 -0.7431448 -0.6691307 0 -0.994522 0.1045282 0 -0.8660253 0.5000002 0 -2.38986e-5 0 1 -6.75636e-5 0 1 4.77973e-5 0 1 4.77973e-5 0 1 -6.75636e-5 0 1 1.19493e-5 0 1 -5.469e-6 0 1 -0.587785 0.8090173 0 3.37818e-5 0 -1 -3.37818e-5 0 -1 -6.75636e-5 0 -1 6.75636e-5 0 -1 4.83119e-6 0 -1 -1.93248e-5 0 -1</float_array>
          <technique_common>
            <accessor source="#Cylinder-mesh-normals-array" count="40" stride="3">
              <param name="X" type="float"/>
              <param name="Y" type="float"/>
              <param name="Z" type="float"/>
            </accessor>
          </technique_common>
        </source>
        <source id="Cylinder-mesh-map-0">
          <float_array id="Cylinder-mesh-map-0-array" count="336">1 1 0.9333333 0.5 1 0.5 0.9333333 1 0.8666667 0.5 0.9333333 0.5 0.8666667 1 0.8 0.5 0.8666667 0.5 0.8 1 0.7333334 0.5 0.8 0.5 0.7333334 1 0.6666667 0.5 0.7333334 0.5 0.6666667 1 0.6 0.5 0.6666667 0.5 0.6 1 0.5333334 0.5 0.6 0.5 0.5333334 1 0.4666667 0.5 0.5333334 0.5 0.4666667 1 0.4 0.5 0.4666667 0.5 0.4 1 0.3333334 0.5 0.4 0.5 0.3333334 1 0.2666667 0.5 0.3333334 0.5 0.2666667 1 0.2 0.5 0.2666667 0.5 0.2 1 0.1333333 0.5 0.2 0.5 0.01131474 0.2249132 0.2998988 0.01524454 0.4782536 0.3241641 0.1333333 1 0.06666672 0.5 0.1333333 0.5 0.06666672 1 0 0.5 0.06666672 0.5 0.9578461 0.1299999 0.6089316 0.0558359 0.5716453 0.4105914 1 1 0.9333333 1 0.9333333 0.5 0.9333333 1 0.8666667 1 0.8666667 0.5 0.8666667 1 0.8 1 0.8 0.5 0.8 1 0.7333334 1 0.7333334 0.5 0.7333334 1 0.6666667 1 0.6666667 0.5 0.6666667 1 0.6 1 0.6 0.5 0.6 1 0.5333334 1 0.5333334 0.5 0.5333334 1 0.4666667 1 0.4666667 0.5 0.4666667 1 0.4 1 0.4 0.5 0.4 1 0.3333334 1 0.3333334 0.5 0.3333334 1 0.2666667 1 0.2666667 0.5 0.2666667 1 0.2 1 0.2 0.5 0.2 1 0.1333333 1 0.1333333 0.5 0.4283547 0.4105913 0.3476168 0.4692509 0.25 0.49 0.25 0.49 0.1523832 0.4692509 0.07164525 0.4105914 0.07164525 0.4105914 0.02174639 0.3241641 0.25 0.49 0.02174639 0.3241641 0.01131474 0.2249132 0.25 0.49 0.01131474 0.2249132 0.04215389 0.13 0.1089315 0.0558359 0.1089315 0.0558359 0.2001011 0.01524454 0.01131474 0.2249132 0.2001011 0.01524454 0.2998988 0.01524454 0.01131474 0.2249132 0.2998988 0.01524454 0.3910685 0.0558359 0.4782536 0.3241641 0.3910685 0.0558359 0.4578461 0.1299999 0.4782536 0.3241641 0.4578461 0.1299999 0.4886853 0.2249131 0.4782536 0.3241641 0.4782536 0.3241641 0.4283547 0.4105913 0.25 0.49 0.4782536 0.3241641 0.25 0.49 0.01131474 0.2249132 0.1333333 1 0.06666672 1 0.06666672 0.5 0.06666672 1 0 1 0 0.5 0.6523832 0.4692509 0.75 0.49 0.8476168 0.4692509 0.8476168 0.4692509 0.9283547 0.4105913 0.9782536 0.3241641 0.9782536 0.3241641 0.9886853 0.2249131 0.8476168 0.4692509 0.9886853 0.2249131 0.9578461 0.1299999 0.8476168 0.4692509 0.9578461 0.1299999 0.8910685 0.0558359 0.7998988 0.01524454 0.7998988 0.01524454 0.7001012 0.01524454 0.6089316 0.0558359 0.6089316 0.0558359 0.5421539 0.13 0.5113148 0.2249132 0.5113148 0.2249132 0.5217465 0.3241641 0.5716453 0.4105914 0.5716453 0.4105914 0.6523832 0.4692509 0.9578461 0.1299999 0.6523832 0.4692509 0.8476168 0.4692509 0.9578461 0.1299999 0.9578461 0.1299999 0.7998988 0.01524454 0.6089316 0.0558359 0.6089316 0.0558359 0.5113148 0.2249132 0.5716453 0.4105914</float_array>
          <technique_common>
            <accessor source="#Cylinder-mesh-map-0-array" count="168" stride="2">
              <param name="S" type="float"/>
              <param name="T" type="float"/>
            </accessor>
          </technique_common>
        </source>
        <vertices id="Cylinder-mesh-vertices">
          <input semantic="POSITION" source="#Cylinder-mesh-positions"/>
        </vertices>
        <triangles count="56">
          <input semantic="VERTEX" source="#Cylinder-mesh-vertices" offset="0"/>
          <input semantic="NORMAL" source="#Cylinder-mesh-normals" offset="1"/>
          <input semantic="TEXCOORD" source="#Cylinder-mesh-map-0" offset="2" set="0"/>
          <p>1 0 0 2 0 1 0 0 2 3 1 3 4 1 4 2 1 5 5 2 6 6 2 7 4 2 8 7 3 9 8 3 10 6 3 11 9 4 12 10 4 13 8 4 14 11 5 15 12 5 16 10 5 17 13 6 18 14 6 19 12 6 20 15 7 21 16 7 22 14 7 23 17 8 24 18 8 25 16 8 26 19 9 27 20 9 28 18 9 29 21 10 30 22 10 31 20 10 32 23 11 33 24 11 34 22 11 35 25 12 36 26 12 37 24 12 38 23 13 39 15 13 40 7 13 41 27 14 42 28 14 43 26 14 44 29 15 45 0 15 46 28 15 47 10 16 48 18 16 49 26 16 50 1 0 51 3 0 52 2 0 53 3 17 54 5 17 55 4 17 56 5 2 57 7 2 58 6 2 59 7 18 60 9 18 61 8 18 62 9 19 63 11 19 64 10 19 65 11 20 66 13 20 67 12 20 68 13 6 69 15 6 70 14 6 71 15 21 72 17 21 73 16 21 74 17 22 75 19 22 76 18 22 77 19 23 78 21 23 79 20 23 80 21 10 81 23 10 82 22 10 83 23 24 84 25 24 85 24 24 86 25 25 87 27 25 88 26 25 89 5 13 90 3 13 91 1 13 92 1 13 93 29 13 94 27 13 95 27 26 96 25 26 97 1 26 98 25 13 99 23 13 100 1 13 101 23 27 102 21 27 103 19 27 104 19 28 105 17 28 106 23 28 107 17 13 108 15 13 109 23 13 110 15 13 111 13 13 112 7 13 113 13 29 114 11 29 115 7 29 116 11 30 117 9 30 118 7 30 119 7 31 120 5 31 121 1 31 122 7 32 123 1 32 124 23 32 125 27 33 126 29 33 127 28 33 128 29 15 129 1 15 130 0 15 131 28 16 132 0 16 133 2 16 134 2 34 135 4 34 136 6 34 137 6 16 138 8 16 139 2 16 140 8 16 141 10 16 142 2 16 143 10 35 144 12 35 145 14 35 146 14 16 147 16 16 148 18 16 149 18 36 150 20 36 151 22 36 152 22 37 153 24 37 154 26 37 155 26 16 156 28 16 157 10 16 158 28 16 159 2 16 160 10 16 161 10 38 162 14 38 163 18 38 164 18 39 165 22 39 166 26 39 167</p>
        </triangles>
      </mesh>
    </geometry>
    <geometry id="Cylinder_020-mesh" name="Cylinder.020">
      <mesh>
        <source id="Cylinder_020-mesh-positions">
          <float_array id="Cylinder_020-mesh-positions-array" count="432">0 0.2284476 -0.000999987 0 0.2284476 0.000999987 0.1615368 0.1615368 -0.000999987 0.1615368 0.1615368 0.000999987 0.2284476 0 -0.000999987 0.2284476 0 0.000999987 0.1615368 -0.1615368 -0.000999987 0.1615368 -0.1615368 0.000999987 0 -0.2284476 -0.000999987 0 -0.2284476 0.000999987 -0.1615368 -0.1615368 -0.000999987 -0.1615368 -0.1615368 0.000999987 -0.2284476 0 -0.000999987 -0.2284476 0 0.000999987 -0.1615368 0.1615368 -0.000999987 -0.1615368 0.1615368 0.000999987 0 0.2284476 -0.000999987 0.1615368 0.1615368 -0.000999987 0.1615368 0.1615368 0.000999987 0 0.2284476 0.000999987 0.2284476 0 -0.000999987 0.2284476 0 0.000999987 0.1615368 -0.1615368 -0.000999987 0.1615368 -0.1615368 0.000999987 0 -0.2284476 -0.000999987 0 -0.2284476 0.000999987 -0.1615368 -0.1615368 -0.000999987 -0.1615368 -0.1615368 0.000999987 -0.2284476 0 -0.000999987 -0.2284476 0 0.000999987 -0.1615368 0.1615368 -0.000999987 -0.1615368 0.1615368 0.000999987 0 0.2284476 -0.000999987 0.1615368 0.1615368 -0.000999987 0.1615368 0.1615368 0.000999987 0 0.2284476 0.000999987 0.2284476 0 -0.000999987 0.2284476 0 0.000999987 0.1615368 -0.1615368 -0.000999987 0.1615368 -0.1615368 0.000999987 0 -0.2284476 -0.000999987 0 -0.2284476 0.000999987 -0.1615368 -0.1615368 -0.000999987 -0.1615368 -0.1615368 0.000999987 -0.2284476 0 -0.000999987 -0.2284476 0 0.000999987 -0.1615368 0.1615368 -0.000999987 -0.1615368 0.1615368 0.000999987 0 0.2284476 -0.000999987 0.1615368 0.1615368 -0.000999987 0.1615368 0.1615368 0.000999987 0 0.2284476 0.000999987 0.2284476 0 -0.000999987 0.2284476 0 0.000999987 0.1615368 -0.1615368 -0.000999987 0.1615368 -0.1615368 0.000999987 0 -0.2284476 -0.000999987 0 -0.2284476 0.000999987 -0.1615368 -0.1615368 -0.000999987 -0.1615368 -0.1615368 0.000999987 -0.2284476 0 -0.000999987 -0.2284476 0 0.000999987 -0.1615368 0.1615368 -0.000999987 -0.1615368 0.1615368 0.000999987 0 0.2284476 0.07519996 0.1615368 0.1615368 0.07519996 0.1615368 0.1615368 0.07719999 0 0.2284476 0.07719999 0.2284476 0 0.07519996 0.2284476 0 0.07719999 0.1615368 -0.1615368 0.07519996 0.1615368 -0.1615368 0.07719999 0 -0.2284476 0.07519996 0 -0.2284476 0.07719999 -0.1615368 -0.1615368 0.07519996 -0.1615368 -0.1615368 0.07719999 -0.2284476 0 0.07519996 -0.2284476 0 0.07719999 -0.1615368 0.1615368 0.07519996 -0.1615368 0.1615368 0.07719999 0.1615368 0.1615368 0.000999987 0 0.2284476 0.000999987 0.2284476 0 0.000999987 0.1615368 -0.1615368 0.000999987 0 -0.2284476 0.000999987 -0.1615368 -0.1615368 0.000999987 -0.2284476 0 0.000999987 -0.1615368 0.1615368 0.000999987 0.1615368 0.1615368 0.000999987 0 0.2284476 0.000999987 0.2284476 0 0.000999987 0.1615368 -0.1615368 0.000999987 0 -0.2284476 0.000999987 -0.1615368 -0.1615368 0.000999987 -0.2284476 0 0.000999987 -0.1615368 0.1615368 0.000999987 0.4310523 0.4310523 -0.000999987 0 0.6096 -0.000999987 0 0.6096 -0.000999987 0 0.6096 0.000999987 0.4310523 0.4310523 -0.000999987 0.4310523 0.4310523 0.000999987 0.6096 0 -0.000999987 0.6096 0 0.000999987 0.4310523 -0.4310523 -0.000999987 0.4310523 -0.4310523 0.000999987 0 -0.6096 -0.000999987 0 -0.6096 0.000999987 -0.4310523 -0.4310523 -0.000999987 -0.4310523 -0.4310523 0.000999987 -0.6096 0 -0.000999987 -0.6096 0 0.000999987 -0.4310523 0.4310522 -0.000999987 -0.4310523 0.4310522 0.000999987 0.4310523 0.4310523 0.000999987 0 0.6096 0.000999987 0.6096 0 -0.000999987 0.6096 0 0.000999987 0.4310523 -0.4310523 -0.000999987 0.4310523 -0.4310523 0.000999987 0 -0.6096 -0.000999987 0 -0.6096 0.000999987 -0.4310523 -0.4310523 -0.000999987 -0.4310523 -0.4310523 0.000999987 -0.6096 0 -0.000999987 -0.6096 0 0.000999987 -0.4310523 0.4310522 -0.000999987 -0.4310523 0.4310522 0.000999987 0.4310523 0.4310523 0.07519996 0 0.6096 0.07519996 0.4310523 0.4310523 0.07719999 0 0.6096 0.07719999 0.6096 0 0.07519996 0.6096 0 0.07719999 0.4310523 -0.4310523 0.07519996 0.4310523 -0.4310523 0.07719999 0 -0.6096 0.07519996 0 -0.6096 0.07719999 -0.4310523 -0.4310523 0.07519996 -0.4310523 -0.4310523 0.07719999 -0.6096 0 0.07519996 -0.6096 0 0.07719999 -0.4310523 0.4310522 0.07519996 -0.4310523 0.4310522 0.07719999</float_array>
          <technique_common>
            <accessor source="#Cylinder_020-mesh-positions-array" count="144" stride="3">
              <param name="X" type="float"/>
              <param name="Y" type="float"/>
              <param name="Z" type="float"/>
            </accessor>
          </technique_common>
        </source>
        <source id="Cylinder_020-mesh-normals">
          <float_array id="Cylinder_020-mesh-normals-array" count="363">-0.3826835 -0.9238795 0 -0.9238795 -0.3826836 0 -0.9238796 0.3826833 0 -0.3826835 0.9238796 0 0.3826835 0.9238796 0 0.9238795 0.3826836 0 0 0 -1 0.9238796 -0.3826833 0 0.3826835 -0.9238795 0 0 0 1 0.3826835 0.9238795 0 0.3826835 -0.9238796 0 -0.3826835 -0.9238796 0 -0.3826835 0.9238795 0 0.9238795 -0.3826836 0 0.3826835 0.9238795 0 0 1 0 -0.9238796 0.3826834 0 -0.3826835 -0.9238795 0 -0.9238796 -0.3826833 0 0 -1 0 0.9238796 0.3826836 0 -0.3826835 0.9238796 0 0.9238796 0.3826833 0 -0.9238796 0.3826833 0 -0.9238796 -0.3826836 0 -0.9238796 0.3826833 0 -0.3826835 -0.9238796 0 0 0 1 -0.3826835 -0.9238796 0 0 0 1 -0.9238797 -0.3826833 0 -0.9238795 0.3826836 0 -0.9238796 0.3826834 0 0.3826835 -0.9238796 0 -0.3826835 0.9238796 0 0 0 -1 0.9238795 -0.3826836 0 0.3826835 0.9238796 0 -0.3826836 0.9238795 0 0.9238797 0.3826833 0 0.3826835 0.9238796 0 0.9238796 -0.3826835 0 0.9238796 0.3826834 0 -0.9238796 0.3826835 0 0.3826836 -0.9238795 0 -0.3826835 -0.9238796 0 0.3826833 -0.9238796 0 -0.3826836 0.9238795 0 -0.9238796 -0.3826833 0 -0.9238796 -0.3826834 0 0.9238796 -0.3826835 0 -0.3826834 0.9238796 0 -0.9238796 0.3826834 0 0.9238796 0.3826835 0 0.3826835 0.9238796 0 -0.9238795 0.3826835 0 0.7071069 -0.7071067 0 -1 0 0 0.7071061 0.7071075 0 0 -1 0 0.7071084 -0.7071052 0 1 0 0 -0.7071061 -0.7071076 0 0 1 0 -0.9238796 -0.3826833 0 -0.9238795 0.3826836 0 -0.3826835 0.9238796 0 0.9238796 0.3826833 0 0 0 -1 0 0 -1 0 0 -1 0 0 1 0.9238795 -0.3826836 0 0.3826835 -0.9238796 0 0.3826835 0.9238796 0 0.9238796 -0.3826835 0 -0.9238795 0.3826837 0 -0.9238795 -0.3826836 0 0.9238796 0.3826833 0 0.3826835 -0.9238796 0 0.9238795 0.3826836 0 -0.9238796 0.3826835 0 -0.3826835 -0.9238795 0 0 0 1 0 0 1 0 0 1 0 0 1 0 0 1 -0.3826835 -0.9238796 0 0 0 1 0 0 1 0 0 1 0 0 1 -0.9238796 0.3826833 0 0 0 -1 0.9238796 -0.3826833 0 0 0 -1 0 0 -1 0.9238796 0.3826834 0 -0.9238796 -0.3826834 0 0.9238796 -0.3826834 0 -0.3826833 0.9238796 0 0.7071068 -0.7071068 0 0.7071061 -0.7071075 0 -1 0 0 -1 0 0 0.7071067 0.7071069 0 0.7071067 0.7071068 0 0 -1 0 0 -1 0 0 -1 0 0.7071067 -0.7071069 0 0.7071067 -0.7071068 0 -0.7071067 -0.707107 0 -0.7071066 -0.707107 0 -0.7071067 -0.7071069 0 -0.7071067 -0.7071069 0 -0.7071084 -0.7071052 0 0 1 0 0 1 0</float_array>
          <technique_common>
            <accessor source="#Cylinder_020-mesh-normals-array" count="121" stride="3">
              <param name="X" type="float"/>
              <param name="Y" type="float"/>
              <param name="Z" type="float"/>
            </accessor>
          </technique_common>
        </source>
        <source id="Cylinder_020-mesh-map-0">
          <float_array id="Cylinder_020-mesh-map-0-array" count="1998">0.875 0.5 1 1 1 0.5 0.75 0.5 0.875 1 0.875 0.5 0.625 0.5 0.75 1 0.75 0.5 0.5 0.5 0.625 1 0.625 0.5 0.375 0.5 0.5 1 0.5 0.5 0.25 0.5 0.375 1 0.375 0.5 0.25 0.00999999 0.00999999 0.25 0.25 0.49 0.125 0.5 0.25 1 0.25 0.5 0 0.5 0.125 1 0.125 0.5 0.9197056 0.4197056 0.5802944 0.4197056 0.5802944 0.08029437 0.875 0.5 1 1 1 0.5 0.75 0.5 0.875 1 0.875 0.5 0.625 0.5 0.75 1 0.75 0.5 0.5 0.5 0.625 1 0.625 0.5 0.375 0.5 0.5 1 0.5 0.5 0.25 0.5 0.375 1 0.375 0.5 0.25 0.00999999 0.00999999 0.25 0.25 0.49 0.125 0.5 0.25 1 0.25 0.5 0 0.5 0.125 1 0.125 0.5 0.9197056 0.4197056 0.5802944 0.4197056 0.5802944 0.08029437 0.875 0.5 1 1 1 0.5 0.75 0.5 0.875 1 0.875 0.5 0.625 0.5 0.75 1 0.75 0.5 0.5 0.5 0.625 1 0.625 0.5 0.375 0.5 0.5 1 0.5 0.5 0.25 0.5 0.375 1 0.375 0.5 0.25 0.00999999 0.00999999 0.25 0.25 0.49 0.125 0.5 0.25 1 0.25 0.5 0 0.5 0.125 1 0.125 0.5 0.9197056 0.4197056 0.5802944 0.4197056 0.5802944 0.08029437 1 1 0.875 0.5 1 0.5 0.875 1 0.75 0.5 0.875 0.5 0.75 1 0.625 0.5 0.75 0.5 0.625 1 0.5 0.5 0.625 0.5 0.5 1 0.375 0.5 0.5 0.5 0.375 1 0.25 0.5 0.375 0.5 0.25 1 0.125 1 0.125 1 0.25 1 0.125 0.5 0.25 0.5 0.125 1 0 0.5 0.125 0.5 0.5802944 0.4197056 0.9197056 0.4197056 0.9197056 0.08029437 0.375 1 0.5 1 0.5 1 0.75 0.5 0.625 0.5 0.625 0.5 0.125 0.5 0 0.5 0 0.5 1 0.5 0.875 0.5 0.875 0.5 0.375 1 0.375 0.5 0.375 1 0.625 1 0.75 1 0.75 1 0.08029431 0.4197056 0.25 0.49 0.25 0.49 0.875 1 1 1 1 1 0.375 0.5 0.25 0.5 0.25 0.5 0.625 1 0.625 0.5 0.625 1 1 1 1 0.5 1 0.5 0.25 1 0.375 1 0.375 1 0.625 0.5 0.5 0.5 0.5 0.5 0.875 1 0.875 0.5 0.875 1 0.25 1 0.25 0.5 0.25 1 0.5 1 0.625 1 0.625 1 0.875 0.5 0.75 0.5 0.75 0.5 0.25 0.5 0.125 0.5 0.125 0.5 0.5 1 0.5 0.5 0.5 1 0.75 1 0.875 1 0.875 1 0.00999999 0.25 0.08029431 0.4197056 0.08029431 0.4197056 0.5 0.5 0.375 0.5 0.375 0.5 0.75 1 0.75 0.5 0.75 1 0.125 1 0.125 0.5 0.125 1 1 1 0.875 1 0.875 1 0.875 1 0.75 1 0.75 1 0.5 1 0.375 1 0.375 1 0.125 1 0 1 0 1 1 1 0.875 1 0.875 1 0.75 1 0.625 1 0.625 1 0.375 1 0.25 1 0.25 1 0.625 1 0.5 1 0.5 1 0.4197056 0.08029437 0.49 0.25 0.00999999 0.25 0.125 1 0 1 0 1 0.375 1 0.25 1 0.25 1 0.625 1 0.5 1 0.5 1 0.875 1 0.75 1 0.75 1 0.25 1 0.125 1 0.125 1 0.5 1 0.375 1 0.375 1 0.75 1 0.625 1 0.625 1 0.875 1 1 1 1 1 0.00999999 0.25 0.25 0.00999999 0.49 0.25 0.875 0.5 1 1 1 0.5 0.125 1 0.125 0.5 0.125 1 0.375 1 0.25 0.5 0.375 0.5 0.75 0.5 0.875 1 0.875 0.5 0.375 1 0.375 0.5 0.375 1 0.5 1 0.375 0.5 0.5 0.5 0.625 0.5 0.75 1 0.75 0.5 0.00999999 0.25 0.08029431 0.4197056 0.08029431 0.4197056 0.625 1 0.5 0.5 0.625 0.5 0.5 0.5 0.625 1 0.625 0.5 0.9197056 0.08029437 0.5802944 0.08029437 0.5802944 0.4197056 0.75 1 0.625 0.5 0.75 0.5 0.375 0.5 0.5 1 0.5 0.5 0.125 1 0 0.5 0.125 0.5 0.875 1 0.75 0.5 0.875 0.5 0.25 0.5 0.375 1 0.375 0.5 0.7076524 1.000015 0.9989812 0.2915108 0.2927165 0.00586611 1 1 0.875 0.5 1 0.5 0.125 0.5 0.25 1 0.25 0.5 0.875 0.5 0.75 0.5 0.75 0.5 0.25 1 0.125 0.5 0.25 0.5 0 0.5 0.125 1 0.125 0.5 0.9978306 0.7061639 0.3007805 0.9960944 0.003905534 0.2973082 0.5 0.5 0.375 0.5 0.375 0.5 0.625 0.5 0.5 0.5 0.5 0.5 0.375 1 0.5 1 0.5 1 0.125 0.5 0 0.5 0 0.5 0.08029431 0.4197056 0.25 0.49 0.25 0.49 0.75 1 0.875 1 0.875 1 1 1 1 0.5 1 0.5 0.375 0.5 0.25 0.5 0.25 0.5 0.75 0.5 0.625 0.5 0.625 0.5 0.5 1 0.625 1 0.625 1 0.625 1 0.75 1 0.75 1 0.25 1 0.375 1 0.375 1 0.75 1 0.75 0.5 0.75 1 0.25 1 0.25 0.5 0.25 1 0.875 1 0.875 0.5 0.875 1 1 0.5 0.875 0.5 0.875 0.5 0.5 1 0.5 0.5 0.5 1 0.625 1 0.625 0.5 0.625 1 0.25 0.5 0.125 0.5 0.125 0.5 0.375 0.5 0.375 0.5 0.375 1 0.5 1 0.5 1 0.5 0.5 0 0 0 0 0 0 0.75 1 0.75 1 0.75 0.5 0.875 0.5 0.875 1 0.875 0.5 1 0.5 1 1 1 0.5 0.125 0.5 0.125 1 0.125 0.5 0.25 1 0.25 1 0.25 0.5 0.875 0.5 0.875 1 1 1 0.75 0.5 0.75 1 0.875 1 0.625 0.5 0.625 1 0.75 1 0.5 0.5 0.5 1 0.625 1 0.375 0.5 0.375 1 0.5 1 0.25 0.5 0.25 1 0.375 1 0.25 0.49 0.4197056 0.4197056 0.49 0.25 0.49 0.25 0.4197056 0.08029437 0.25 0.49 0.4197056 0.08029437 0.25 0.00999999 0.25 0.49 0.25 0.00999999 0.08029437 0.08029437 0.00999999 0.25 0.00999999 0.25 0.08029431 0.4197056 0.25 0.49 0.125 0.5 0.125 1 0.25 1 0 0.5 0 1 0.125 1 0.9197056 0.4197056 0.75 0.49 0.5802944 0.4197056 0.5802944 0.4197056 0.51 0.25 0.5802944 0.08029437 0.5802944 0.08029437 0.75 0.00999999 0.9197056 0.4197056 0.75 0.00999999 0.9197056 0.08029437 0.9197056 0.4197056 0.9197056 0.08029437 0.99 0.25 0.9197056 0.4197056 0.875 0.5 0.875 1 1 1 0.75 0.5 0.75 1 0.875 1 0.625 0.5 0.625 1 0.75 1 0.5 0.5 0.5 1 0.625 1 0.375 0.5 0.375 1 0.5 1 0.25 0.5 0.25 1 0.375 1 0.25 0.49 0.4197056 0.4197056 0.49 0.25 0.49 0.25 0.4197056 0.08029437 0.25 0.49 0.4197056 0.08029437 0.25 0.00999999 0.25 0.49 0.25 0.00999999 0.08029437 0.08029437 0.00999999 0.25 0.00999999 0.25 0.08029431 0.4197056 0.25 0.49 0.125 0.5 0.125 1 0.25 1 0 0.5 0 1 0.125 1 0.9197056 0.4197056 0.75 0.49 0.5802944 0.4197056 0.5802944 0.4197056 0.51 0.25 0.5802944 0.08029437 0.5802944 0.08029437 0.75 0.00999999 0.9197056 0.4197056 0.75 0.00999999 0.9197056 0.08029437 0.9197056 0.4197056 0.9197056 0.08029437 0.99 0.25 0.9197056 0.4197056 0.875 0.5 0.875 1 1 1 0.75 0.5 0.75 1 0.875 1 0.625 0.5 0.625 1 0.75 1 0.5 0.5 0.5 1 0.625 1 0.375 0.5 0.375 1 0.5 1 0.25 0.5 0.25 1 0.375 1 0.25 0.49 0.4197056 0.4197056 0.49 0.25 0.49 0.25 0.4197056 0.08029437 0.25 0.49 0.4197056 0.08029437 0.25 0.00999999 0.25 0.49 0.25 0.00999999 0.08029437 0.08029437 0.00999999 0.25 0.00999999 0.25 0.08029431 0.4197056 0.25 0.49 0.125 0.5 0.125 1 0.25 1 0 0.5 0 1 0.125 1 0.9197056 0.4197056 0.75 0.49 0.5802944 0.4197056 0.5802944 0.4197056 0.51 0.25 0.5802944 0.08029437 0.5802944 0.08029437 0.75 0.00999999 0.9197056 0.4197056 0.75 0.00999999 0.9197056 0.08029437 0.9197056 0.4197056 0.9197056 0.08029437 0.99 0.25 0.9197056 0.4197056 1 1 0.875 1 0.875 0.5 0.875 1 0.75 1 0.75 0.5 0.75 1 0.625 1 0.625 0.5 0.625 1 0.5 1 0.5 0.5 0.5 1 0.375 1 0.375 0.5 0.375 1 0.25 1 0.25 0.5 0.25 1 0.25 1 0.125 1 0.25 1 0.125 1 0.125 0.5 0.125 1 0 1 0 0.5 0.5802944 0.4197056 0.75 0.49 0.9197056 0.4197056 0.9197056 0.4197056 0.99 0.25 0.9197056 0.08029437 0.9197056 0.08029437 0.75 0.00999999 0.5802944 0.4197056 0.75 0.00999999 0.5802944 0.08029437 0.5802944 0.4197056 0.5802944 0.08029437 0.51 0.25 0.5802944 0.4197056 0.375 1 0.375 1 0.5 1 0.75 0.5 0.75 0.5 0.625 0.5 0.125 0.5 0.125 0.5 0 0.5 1 0.5 1 0.5 0.875 0.5 0.375 1 0.375 0.5 0.375 0.5 0.625 1 0.625 1 0.75 1 0.08029431 0.4197056 0.08029431 0.4197056 0.25 0.49 0.875 1 0.875 1 1 1 0.375 0.5 0.375 0.5 0.25 0.5 0.625 1 0.625 0.5 0.625 0.5 1 1 1 1 1 0.5 0.25 1 0.25 1 0.375 1 0.625 0.5 0.625 0.5 0.5 0.5 0.875 1 0.875 0.5 0.875 0.5 0.25 1 0.25 0.5 0.25 0.5 0.5 1 0.5 1 0.625 1 0.875 0.5 0.875 0.5 0.75 0.5 0.25 0.5 0.25 0.5 0.125 0.5 0.5 1 0.5 0.5 0.5 0.5 0.75 1 0.75 1 0.875 1 0.00999999 0.25 0.00999999 0.25 0.08029431 0.4197056 0.5 0.5 0.5 0.5 0.375 0.5 0.75 1 0.75 0.5 0.75 0.5 0.125 1 0.125 0.5 0.125 0.5 1 1 1 1 0.875 1 0.875 1 0.875 1 0.75 1 0.5 1 0.5 1 0.375 1 0.125 1 0.125 1 0 1 1 1 1 1 0.875 1 0.75 1 0.75 1 0.625 1 0.375 1 0.375 1 0.25 1 0.625 1 0.625 1 0.5 1 0.49 0.25 0.4197056 0.4197056 0.25 0.49 0.25 0.49 0.08029431 0.4197056 0.49 0.25 0.08029431 0.4197056 0.00999999 0.25 0.49 0.25 0.00999999 0.25 0.08029437 0.08029437 0.25 0.00999999 0.25 0.00999999 0.4197056 0.08029437 0.00999999 0.25 0.125 1 0.125 1 0 1 0.375 1 0.375 1 0.25 1 0.625 1 0.625 1 0.5 1 0.875 1 0.875 1 0.75 1 0.25 1 0.25 1 0.125 1 0.5 1 0.5 1 0.375 1 0.75 1 0.75 1 0.625 1 0.875 1 0.875 1 1 1 0.49 0.25 0.4197056 0.4197056 0.25 0.49 0.25 0.49 0.08029431 0.4197056 0.49 0.25 0.08029431 0.4197056 0.00999999 0.25 0.49 0.25 0.00999999 0.25 0.08029437 0.08029437 0.25 0.00999999 0.25 0.00999999 0.4197056 0.08029437 0.49 0.25 0.875 0.5 0.875 1 1 1 0.125 1 0.125 0.5 0.125 0.5 0.375 1 0.25 1 0.25 0.5 0.75 0.5 0.75 1 0.875 1 0.375 1 0.375 0.5 0.375 0.5 0.5 1 0.375 1 0.375 0.5 0.625 0.5 0.625 1 0.75 1 0.00999999 0.25 0.00999999 0.25 0.08029431 0.4197056 0.625 1 0.5 1 0.5 0.5 0.5 0.5 0.5 1 0.625 1 0.5802944 0.4197056 0.75 0.49 0.9197056 0.4197056 0.9197056 0.4197056 0.99 0.25 0.9197056 0.08029437 0.9197056 0.08029437 0.75 0.00999999 0.5802944 0.08029437 0.5802944 0.08029437 0.51 0.25 0.5802944 0.4197056 0.5802944 0.4197056 0.9197056 0.4197056 0.9197056 0.08029437 0.75 1 0.625 1 0.625 0.5 0.375 0.5 0.375 1 0.5 1 0.125 1 0 1 0 0.5 0.875 1 0.75 1 0.75 0.5 0.25 0.5 0.25 1 0.375 1 0.7076524 1.000015 0.9998236 0.7071809 0.9989812 0.2915108 0.9989812 0.2915108 0.7059752 -1.436e-4 0.2927165 0.00586611 0.2927165 0.00586611 2.86726e-5 0.2940492 6.98828e-4 0.7079969 6.98828e-4 0.7079969 0.2943937 0.9999957 0.2927165 0.00586611 0.2943937 0.9999957 0.7076524 1.000015 0.2927165 0.00586611 1 1 0.875 1 0.875 0.5 0.125 0.5 0.125 1 0.25 1 0.875 0.5 0.875 0.5 0.75 0.5 0.25 1 0.125 1 0.125 0.5 0 0.5 0 1 0.125 1 0.9978306 0.7061639 0.703125 1.005625 0.3007805 0.9960944 0.3007805 0.9960944 0.004791736 0.7083333 0.003905534 0.2973082 0.003905534 0.2973082 0.2968751 -0.003888845 0.7079001 4.33274e-4 0.7079001 4.33274e-4 0.9986806 0.2829861 0.003905534 0.2973082 0.9986806 0.2829861 0.9978306 0.7061639 0.003905534 0.2973082 0.5 0.5 0.5 0.5 0.375 0.5 0.625 0.5 0.625 0.5 0.5 0.5 0.375 1 0.375 1 0.5 1 0.125 0.5 0.125 0.5 0 0.5 0.08029431 0.4197056 0.08029431 0.4197056 0.25 0.49 0.75 1 0.75 1 0.875 1 1 1 1 1 1 0.5 0.375 0.5 0.375 0.5 0.25 0.5 0.75 0.5 0.75 0.5 0.625 0.5 0.5 1 0.5 1 0.625 1 0.625 1 0.625 1 0.75 1 0.25 1 0.25 1 0.375 1 0.75 1 0.75 0.5 0.75 0.5 0.25 1 0.25 0.5 0.25 0.5 0.875 1 0.875 0.5 0.875 0.5 1 0.5 1 0.5 0.875 0.5 0.5 1 0.5 0.5 0.5 0.5 0.625 1 0.625 0.5 0.625 0.5 0.25 0.5 0.25 0.5 0.125 0.5 0.375 0.5 0.375 0.5 0.375 1 0.375 0.5 0.375 0.5 0.375 1 0.375 0.5 0.375 1 0.375 0.5 0.5 0.5 0.5 1 0.5 1 0.5 1 0.5 1 0.5 0.5 0.5 1 0.5 1 0.5 0.5 0 0 0 0 0 0 0 0 0 0 0 0 0.75 0.5 0.75 1 0.75 1 0.75 1 0.75 1 0.75 0.5 0.75 1 0.75 1 0.75 0.5 0.875 0.5 0.875 1 0.875 0.5 0.875 1 0.875 0.5 0.875 1 0.875 0.5 0.875 1 0.875 1 0.875 0.5 0.875 0.5 0.875 1 0.875 0.5 0.875 1 0.875 1 1 0.5 1 1 1 0.5 1 1 1 0.5 1 1 1 0.5 1 1 1 1 1 0.5 1 0.5 1 1 1 0.5 1 1 1 1 0.125 0.5 0.125 1 0.125 0.5 0.125 1 0.125 0.5 0.125 1 0.125 0.5 0.125 1 0.125 1 0.125 0.5 0.125 0.5 0.125 1 0.125 0.5 0.125 1 0.125 1 0.25 1 0.25 1 0.25 0.5 0.25 1 0.25 1 0.25 0.5 0.25 1 0.25 0.5 0.25 1</float_array>
          <technique_common>
            <accessor source="#Cylinder_020-mesh-map-0-array" count="999" stride="2">
              <param name="S" type="float"/>
              <param name="T" type="float"/>
            </accessor>
          </technique_common>
        </source>
        <source id="Cylinder_020-mesh-colors-Col" name="Col">
          <float_array id="Cylinder_020-mesh-colors-Col-array" count="3996">1 1 1 1 1 1 1 1 1 1 1 1 1 1 1 1 1 1 1 1 1 1 1 1 1 1 1 1 1 1 1 1 1 1 1 1 1 1 1 1 1 1 1 1 1 1 1 1 1 1 1 1 1 1 1 1 1 1 1 1 1 1 1 1 1 1 1 1 1 1 1 1 1 1 1 1 1 1 1 1 1 1 1 1 1 1 1 1 1 1 1 1 1 1 1 1 1 1 1 1 1 1 1 1 1 1 1 1 1 1 1 1 1 1 1 1 1 1 1 1 1 1 1 1 1 1 1 1 1 1 1 1 1 1 1 1 1 1 1 1 1 1 1 1 1 1 1 1 1 1 1 1 1 1 1 1 1 1 1 1 1 1 1 1 1 1 1 1 1 1 1 1 1 1 1 1 1 1 1 1 1 1 1 1 1 1 1 1 1 1 1 1 1 1 1 1 1 1 1 1 1 1 1 1 1 1 1 1 1 1 1 1 1 1 1 1 1 1 1 1 1 1 1 1 1 1 1 1 1 1 1 1 1 1 1 1 1 1 1 1 1 1 1 1 1 1 1 1 1 1 1 1 1 1 1 1 1 1 1 1 1 1 1 1 1 1 1 1 1 1 1 1 1 1 1 1 1 1 1 1 1 1 1 1 1 1 1 1 1 1 1 1 1 1 1 1 1 1 1 1 1 1 1 1 1 1 1 1 1 1 1 1 1 1 1 1 1 1 1 1 1 1 1 1 1 1 1 1 1 1 1 1 1 1 1 1 1 1 1 1 1 1 1 1 1 1 1 1 1 1 1 1 1 1 1 1 1 1 1 1 1 1 1 1 1 1 1 1 1 1 1 1 1 1 1 1 1 1 1 1 1 1 1 1 1 1 1 1 1 1 1 1 1 1 1 1 1 1 1 1 1 1 1 1 1 1 1 1 1 1 1 1 1 1 1 1 1 1 1 1 1 1 1 1 1 1 1 1 1 1 1 1 1 1 1 1 1 1 1 1 1 1 1 1 1 1 1 1 1 1 1 1 1 1 1 1 1 1 1 1 1 1 1 1 1 1 1 1 1 1 1 1 1 1 1 1 1 1 1 1 1 1 1 1 1 1 1 1 1 1 1 1 1 1 1 1 1 1 1 1 1 1 1 1 1 1 1 1 1 1 1 1 1 1 1 1 1 1 1 1 1 1 1 1 1 1 1 1 1 1 1 1 1 1 1 1 1 1 1 1 1 1 1 1 1 1 1 1 1 1 1 1 1 1 1 1 1 1 1 1 1 1 1 1 1 1 1 1 1 1 1 1 1 1 1 1 1 1 1 1 1 1 1 1 1 1 1 1 1 1 1 1 1 1 1 1 1 1 1 1 1 1 1 1 1 1 1 1 1 1 1 1 1 1 1 1 1 1 1 1 1 1 1 1 1 1 1 1 1 1 1 1 1 1 1 1 1 1 1 1 1 1 1 1 1 1 1 1 1 1 1 1 1 1 1 1 1 1 1 1 1 1 1 1 1 1 1 1 1 1 1 1 1 1 1 1 1 1 1 1 1 1 1 1 1 1 1 1 1 1 1 1 1 1 1 1 1 1 1 1 1 1 1 1 1 1 1 1 1 1 1 1 1 1 1 1 1 1 1 1 1 1 1 1 1 1 1 1 1 1 1 1 1 1 1 1 1 1 1 1 1 1 1 1 1 1 1 1 1 1 1 1 1 1 1 1 1 1 1 1 1 1 1 1 1 1 1 1 1 1 1 1 1 1 1 1 1 1 1 1 1 1 1 1 1 1 1 1 1 1 1 1 1 1 1 1 1 1 1 1 1 1 1 1 1 1 1 1 1 1 1 1 1 1 1 1 1 1 1 1 1 1 1 1 1 1 1 1 1 1 1 1 1 1 1 1 1 1 1 1 1 1 1 1 1 1 1 1 1 1 1 1 1 1 1 1 1 1 1 1 1 1 1 1 1 1 1 1 1 1 1 1 1 1 1 1 1 1 1 1 1 1 1 1 1 1 1 1 1 1 1 1 1 1 1 1 1 1 1 1 1 1 1 1 1 1 1 1 1 1 1 1 1 1 1 1 1 1 1 1 1 1 1 1 1 1 1 1 1 1 1 1 1 1 1 1 1 1 1 1 1 1 1 1 1 1 1 1 1 1 1 1 1 1 1 1 1 1 1 1 1 1 1 1 1 1 1 1 1 1 1 1 1 1 1 1 1 1 1 1 1 1 1 1 1 1 1 1 1 1 1 1 1 1 1 1 1 1 1 1 1 1 1 1 1 1 1 1 1 1 1 1 1 1 1 1 1 1 1 1 1 1 1 1 1 1 1 1 1 1 1 1 1 1 1 1 1 1 1 1 1 1 1 1 1 1 1 1 1 1 1 1 1 1 1 1 1 1 1 1 1 1 1 1 1 1 1 1 1 1 1 1 1 1 1 1 1 1 1 1 1 1 1 1 1 1 1 1 1 1 1 1 1 1 1 1 1 1 1 1 1 1 1 1 1 1 1 1 1 1 1 1 1 1 1 1 1 1 1 1 1 1 1 1 1 1 1 1 1 1 1 1 1 1 1 1 1 1 1 1 1 1 1 1 1 1 1 1 1 1 1 1 1 1 1 1 1 1 1 1 1 1 1 1 1 1 1 1 1 1 1 1 1 1 1 1 1 1 1 1 1 1 1 1 1 1 1 1 1 1 1 1 1 1 1 1 1 1 1 1 1 1 1 1 1 1 1 1 1 1 1 1 1 1 1 1 1 1 1 1 1 1 1 1 1 1 1 1 1 1 1 1 1 1 1 1 1 1 1 1 1 1 1 1 1 1 1 1 1 1 1 1 1 1 1 1 1 1 1 1 1 1 1 1 1 1 1 1 1 1 1 1 1 1 1 1 1 1 1 1 1 1 1 1 1 1 1 1 1 1 1 1 1 1 1 1 1 1 1 1 1 1 1 1 1 1 1 1 1 1 1 1 1 1 1 1 1 1 1 1 1 1 1 1 1 1 1 1 1 1 1 1 1 1 1 1 1 1 1 1 1 1 1 1 1 1 1 1 1 1 1 1 1 1 1 1 1 1 1 1 1 1 1 1 1 1 1 1 1 1 1 1 1 1 1 1 1 1 1 1 1 1 1 1 1 1 1 1 1 1 1 1 1 1 1 1 1 1 1 1 1 1 1 1 1 1 1 1 1 1 1 1 1 1 1 1 1 1 1 1 1 1 1 1 1 1 1 1 1 1 1 1 1 1 1 1 1 1 1 1 1 1 1 1 1 1 1 1 1 1 1 1 1 1 1 1 1 1 1 1 1 1 1 1 1 1 1 1 1 1 1 1 1 1 1 1 1 1 1 1 1 1 1 1 1 1 1 1 1 1 1 1 1 1 1 1 1 1 1 1 1 1 1 1 1 1 1 1 1 1 1 1 1 1 1 1 1 1 1 1 1 1 1 1 1 1 1 1 1 1 1 1 1 1 1 1 1 1 1 1 1 1 1 1 1 1 1 1 1 1 1 1 1 1 1 1 1 1 1 1 1 1 1 1 1 1 1 1 1 1 1 1 1 1 1 1 1 1 1 1 1 1 1 1 1 1 1 1 1 1 1 1 1 1 1 1 1 1 1 1 1 1 1 1 1 1 1 1 1 1 1 1 1 1 1 1 1 1 1 1 1 1 1 1 1 1 1 1 1 1 1 1 1 1 1 1 1 1 1 1 1 1 1 1 1 1 1 1 1 1 1 1 1 1 1 1 1 1 1 1 1 1 1 1 1 1 1 1 1 1 1 1 1 1 1 1 1 1 1 1 1 1 1 1 1 1 1 1 1 1 1 1 1 1 1 1 1 1 1 1 1 1 1 1 1 1 1 1 1 1 1 1 1 1 1 1 1 1 1 1 1 1 1 1 1 1 1 1 1 1 1 1 1 1 1 1 1 1 1 1 1 1 1 1 1 1 1 1 1 1 1 1 1 1 1 1 1 1 1 1 1 1 1 1 1 1 1 1 1 1 1 1 1 1 1 1 1 1 1 1 1 1 1 1 1 1 1 1 1 1 1 1 1 1 1 1 1 1 1 1 1 1 1 1 1 1 1 1 1 1 1 1 1 1 1 1 1 1 1 1 1 1 1 1 1 1 1 1 1 1 1 1 1 1 1 1 1 1 1 1 1 1 1 1 1 1 1 1 1 1 1 1 1 1 1 1 1 1 1 1 1 1 1 1 1 1 1 1 1 1 1 1 1 1 1 1 1 1 1 1 1 1 1 1 1 1 1 1 1 1 1 1 1 1 1 1 1 1 1 1 1 1 1 1 1 1 1 1 1 1 1 1 1 1 1 1 1 1 1 1 1 1 1 1 1 1 1 1 1 1 1 1 1 1 1 1 1 1 1 1 1 1 1 1 1 1 1 1 1 1 1 1 1 1 1 1 1 1 1 1 1 1 1 1 1 1 1 1 1 1 1 1 1 1 1 1 1 1 1 1 1 1 1 1 1 1 1 1 1 1 1 1 1 1 1 1 1 1 1 1 1 1 1 1 1 1 1 1 1 1 1 1 1 1 1 1 1 1 1 1 1 1 1 1 1 1 1 1 1 1 1 1 1 1 1 1 1 1 1 1 1 1 1 1 1 1 1 1 1 1 1 1 1 1 1 1 1 1 1 1 1 1 1 1 1 1 1 1 1 1 1 1 1 1 1 1 1 1 1 1 1 1 1 1 1 1 1 1 1 1 1 1 1 1 1 1 1 1 1 1 1 1 1 1 1 1 1 1 1 1 1 1 1 1 1 1 1 1 1 1 1 1 1 1 1 1 1 1 1 1 1 1 1 1 1 1 1 1 1 1 1 1 1 1 1 1 1 1 1 1 1 1 1 1 1 1 1 1 1 1 1 1 1 1 1 1 1 1 1 1 1 1 1 1 1 1 1 1 1 1 1 1 1 1 1 1 1 1 1 1 1 1 1 1 1 1 1 1 1 1 1 1 1 1 1 1 1 1 1 1 1 1 1 1 1 1 1 1 1 1 1 1 1 1 1 1 1 1 1 1 1 1 1 1 1 1 1 1 1 1 1 1 1 1 1 1 1 1 1 1 1 1 1 1 1 1 1 1 1 1 1 1 1 1 1 1 1 1 1 1 1 1 1 1 1 1 1 1 1 1 1 1 1 1 1 1 1 1 1 1 1 1 1 1 1 1 1 1 1 1 1 1 1 1 1 1 1 1 1 1 1 1 1 1 1 1 1 1 1 1 1 1 1 1 1 1 1 1 1 1 1 1 1 1 1 1 1 1 1 1 1 1 1 1 1 1 1 1 1 1 1 1 1 1 1 1 1 1 1 1 1 1 1 1 1 1 1 1 1 1 1 1 1 1 1 1 1 1 1 1 1 1 1 1 1 1 1 1 1 1 1 1 1 1 1 1 1 1 1 1 1 1 1 1 1 1 1 1 1 1 1 1 1 1 1 1 1 1 1 1 1 1 1 1 1 1 1 1 1 1 1 1 1 1 1 1 1 1 1 1 1 1 1 1 1 1 1 1 1 1 1 1 1 1 1 1 1 1 1 1 1 1 1 1 1 1 1 1 1 1 1 1 1 1 1 1 1 1 1 1 1 1 1 1 1 1 1 1 1 1 1 1 1 1 1 1 1 1 1 1 1 1 1 1 1 1 1 1 1 1 1 1 1 1 1 1 1 1 1 1 1 1 1 1 1 1 1 1 1 1 1 1 1 1 1 1 1 1 1 1 1 1 1 1 1 1 1 1 1 1 1 1 1 1 1 1 1 1 1 1 1 1 1 1 1 1 1 1 1 1 1 1 1 1 1 1 1 1 1 1 1 1 1 1 1 1 1 1 1 1 1 1 1 1 1 1 1 1 1 1 1 1 1 1 1 1 1 1 1 1 1 1 1 1 1 1 1 1 1 1 1 1 1 1 1 1 1 1 1 1 1 1 1 1 1 1 1 1 1 1 1 1 1 1 1 1 1 1 1 1 1 1 1 1 1 1 1 1 1 1 1 1 1 1 1 1 1 1 1 1 1 1 1 1 1 1 1 1 1 1 1 1 1 1 1 1 1 1 1 1 1 1 1 1 1 1 1 1 1 1 1 1 1 1 1 1 1 1 1 1 1 1 1 1 1 1 1 1 1 1 1 1 1 1 1 1 1 1 1 1 1 1 1 1 1 1 1 1 1 1 1 1 1 1 1 1 1 1 1 1 1 1 1 1 1 1 1 1 1 1 1 1 1 1 1 1 1 1 1 1 1 1 1 1 1 1 1 1 1 1 1 1 1 1 1 1 1 1 1 1 1 1 1 1 1 1 1 1 1 1 1 1 1 1 1 1 1 1 1 1 1 1 1 1 1 1 1 1 1 1 1 1 1 1 1 1 1 1 1 1 1 1 1 1 1 1 1 1 1 1 1 1 1 1 1 1 1 1 1 1 1 1 1 1 1 1 1 1 1 1 1 1 1 1 1 1 1 1 1 1 1 1 1 1 1 1 1 1 1 1 1 1 1 1 1 1 1 1 1 1 1 1 1 1 1 1 1 1 1 1 1 1 1 1 1 1 1 1 1 1 1 1 1 1 1 1 1 1 1 1 1 1 1 1 1 1 1 1 1 1 1 1 1 1 1 1 1 1 1 1 1 1 1 1 1 1 1 1 1 1 1 1 1 1 1 1 1 1 1 1 1 1 1 1 1 1 1 1 1 1 1 1 1 1 1 1 1 1 1 1 1 1 1 1 1 1 1 1 1 1 1 1 1 1 1 1 1 1 1 1 1 1 1 1 1 1 1 1 1 1 1 1 1 1 1 1 1 1 1 1 1 1 1 1 1 1 1 1 1 1 1 1 1 1 1 1 1 1 1 1 1 1 1 1 1 1 1 1 1 1 1 1 1 1 1 1 1 1 1 1 1 1 1 1 1 1 1 1 1 1 1 1 1 1 1 1 1 1 1 1 1 1 1 1 1 1 1 1 1 1 1 1 1 1 1 1 1 1 1 1 1 1 1 1 1 1 1 1 1 1 1 1 1 1 1 1 1 1 1 1 1 1 1 1 1 1 1 1 1 1 1 1 1 1 1 1 1 1 1 1 1 1 1 1 1 1 1 1 1 1 1 1 1 1 1 1 1 1 1 1 1 1 1 1 1 1 1 1 1 1 1 1 1 1 1 1 1 1 1 1 1 1 1 1 1 1 1 1 1 1 1 1 1 1 1 1 1 1 1 1 1 1 1 1 1 1 1 1 1 1 1 1 1 1 1 1 1 1 1 1 1 1 1 1 1 1 1 1 1 1 1 1 1 1 1 1 1 1 1 1 1 1 1 1 1 1 1 1 1 1 1 1 1 1 1 1 1 1 1 1 1 1 1 1 1 1 1 1 1 1 1 1 1 1 1 1 1 1 1 1 1 1 1 1 1 1 1 1 1 1 1 1 1 1 1 1 1 1 1 1 1 1 1 1 1 1 1 1 1 1 1 1 1 1 1 1 1 1 1 1 1 1 1 1 1 1 1 1 1 1 1 1 1 1 1 1 1 1 1 1 1 1 1 1 1 1 1 1 1 1 1 1 1 1 1 1 1 1 1 1 1 1 1 1 1 1 1 1 1 1 1 1 1 1 1 1 1 1 1 1 1 1 1 1 1 1 1 1 1 1 1 1 1 1 1 1 1 1 1 1 1 1 1 1 1 1 1 1 1 1 1 1 1 1 1 1 1 1 1 1 1 1 1 1 1 1 1 1 1 1 1 1 1 1 1 1 1 1 1 1 1 1 1 1 1 1 1 1 1 1 1 1 1 1 1 1 1 1 1 1 1 1 1 1 1 1 1 1 1 1 1 1 1 1 1 1 1 1 1 1 1 1 1 1 1 1 1 1 1 1 1 1 1 1 1 1 1 1 1 1 1 1 1 1 1 1 1 1 1 1 1 1 1 1 1 1 1 1 1 1 1 1 1 1 1 1 1 1 1 1 1 1 1 1 1 1 1 1 1 1 1 1 1 1 1 1 1 1 1 1 1 1 1 1 1 1 1 1 1 1 1 1 1 1 1 1 1 1 1 1 1 1 1 1 1 1 1 1 1 1 1 1 1 1 1 1 1 1 1 1 1 1 1 1 1 1 1 1 1 1 1 1 1 1 1 1 1 1 1 1 1 1 1 1 1 1 1 1 1 1 1 1 1 1 1 1 1 1 1 1 1 1 1 1 1 1 1 1 1 1 1 1 1 1 1 1 1 1 1 1 1 1 1 1 1 1 1 1 1 1 1 1 1 1 1 1 1 1 1 1 1 1 1 1 1 1 1 1 1 1 1 1 1 1 1 1 1 1 1 1 1 1 1 1 1 1 1 1 1 1 1 1 1 1 1 1 1 1 1 1 1 1 1 1 1 1 1 1 1 1 1 1 1 1 1 1 1 1 1 1 1 1 1 1 1 1 1 1 1 1 1 1 1 1 1 1 1 1 1 1 1 1 1 1 1 1 1 1 1 1 1 1 1 1 1 1 1 1 1 1 1 1 1 1 1 1 1 1 1 1 1 1 1 1 1 1 1 1 1 1 1 1 1 1 1 1 1 1 1 1 1 1 1 1 1 1 1 1 1 1 1 1 1 1 1 1 1 1 1 1 1 1 1 1 1 1 1 1 1 1 1 1 1 1 1 1 1 1 1 1 1 1 1 1 1 1 1 1 1 1 1 1 1 1 1 1 1 1 1 1 1 1 1 1 1 1 1 1 1 1 1 1 1 1 1 1 1 1 1 1 1 1 1 1 1 1 1 1 1 1 1 1 1 1 1 1 1 1 1 1 1 1 1 1 1 1 1 1 1 1 1 1 1 1 1 1 1 1 1 1 1 1 1 1 1 1 1 1 1 1 1 1 1 1 1 1 1 1 1 1 1 1 1 1 1 1 1 1 1 1 1 1 1 1 1 1 1 1 1 1 1 1 1 1 1 1 1 1 1 1 1 1 1 1 1 1 1 1 1 1 1 1 1 1 1 1 1 1 1 1 1 1 1 1 1 1</float_array>
          <technique_common>
            <accessor source="#Cylinder_020-mesh-colors-Col-array" count="999" stride="4">
              <param name="R" type="float"/>
              <param name="G" type="float"/>
              <param name="B" type="float"/>
              <param name="A" type="float"/>
            </accessor>
          </technique_common>
        </source>
        <vertices id="Cylinder_020-mesh-vertices">
          <input semantic="POSITION" source="#Cylinder_020-mesh-positions"/>
        </vertices>
        <lines count="2">
          <input semantic="VERTEX" source="#Cylinder_020-mesh-vertices" offset="0"/>
          <p>69 52 66 49</p>
        </lines>
        <triangles material="Material-material" count="333">
          <input semantic="VERTEX" source="#Cylinder_020-mesh-vertices" offset="0"/>
          <input semantic="NORMAL" source="#Cylinder_020-mesh-normals" offset="1"/>
          <input semantic="TEXCOORD" source="#Cylinder_020-mesh-map-0" offset="2" set="0"/>
          <input semantic="COLOR" source="#Cylinder_020-mesh-colors-Col" offset="3" set="0"/>
          <p>2 0 0 0 1 0 1 1 0 0 2 2 4 1 3 3 3 1 4 4 2 1 5 5 6 2 6 6 5 2 7 7 4 2 8 8 8 3 9 9 7 3 10 10 6 3 11 11 10 4 12 12 9 4 13 13 8 4 14 14 12 5 15 15 11 5 16 16 10 5 17 17 9 6 18 18 13 6 19 19 1 6 20 20 14 7 21 21 13 7 22 22 12 7 23 23 0 8 24 24 15 8 25 25 14 8 26 26 2 9 27 27 14 9 28 28 10 9 29 29 17 0 30 30 19 0 31 31 16 0 32 32 20 1 33 33 18 1 34 34 17 1 35 35 22 2 36 36 21 2 37 37 20 2 38 38 24 3 39 39 23 3 40 40 22 3 41 41 26 4 42 42 25 4 43 43 24 4 44 44 28 5 45 45 27 5 46 46 26 5 47 47 25 6 48 48 29 6 49 49 19 6 50 50 30 7 51 51 29 7 52 52 28 7 53 53 16 8 54 54 31 8 55 55 30 8 56 56 17 9 57 57 30 9 58 58 26 9 59 59 33 0 60 60 35 0 61 61 32 0 62 62 36 1 63 63 34 1 64 64 33 1 65 65 38 2 66 66 37 2 67 67 36 2 68 68 40 3 69 69 39 3 70 70 38 3 71 71 42 4 72 72 41 4 73 73 40 4 74 74 44 5 75 75 43 5 76 76 42 5 77 77 41 6 78 78 45 6 79 79 35 6 80 80 46 7 81 81 45 7 82 82 44 7 83 83 32 8 84 84 47 8 85 85 46 8 86 86 33 9 87 87 46 9 88 88 42 9 89 89 51 10 90 90 49 10 91 91 48 10 92 92 50 5 93 93 52 5 94 94 49 5 95 95 53 7 96 96 54 7 97 97 52 7 98 98 55 11 99 99 56 11 100 100 54 11 101 101 57 12 102 102 58 12 103 103 56 12 104 104 59 1 105 105 60 1 106 106 58 1 107 107 61 9 108 108 87 9 109 109 63 9 110 110 61 2 111 111 62 2 112 112 60 2 113 113 63 13 114 114 48 13 115 115 62 13 116 116 62 6 117 117 49 6 118 118 54 6 119 119 59 10 120 120 73 10 121 121 57 10 122 122 52 14 123 123 70 14 124 124 54 14 125 125 62 13 126 126 64 13 127 127 48 13 128 128 48 15 129 129 65 15 130 130 49 15 131 131 59 16 132 132 74 16 133 133 75 16 134 134 55 17 135 135 69 17 136 136 53 17 137 137 63 13 138 138 67 13 139 139 51 13 140 140 50 18 141 141 67 18 142 142 51 18 143 143 58 19 144 144 76 19 145 145 60 19 146 146 55 20 147 147 70 20 148 148 71 20 149 149 51 9 150 150 64 9 151 151 48 9 152 152 61 21 153 153 75 21 154 154 59 21 155 155 54 11 156 156 72 11 157 157 56 11 158 158 50 20 159 159 65 20 160 160 66 20 161 161 61 16 162 162 76 16 163 163 77 16 164 164 57 22 165 165 71 22 166 166 55 22 167 167 49 23 168 168 68 23 169 169 52 23 170 170 60 24 171 171 78 24 172 172 62 24 173 173 57 20 174 174 72 20 175 175 73 20 176 176 53 25 177 177 66 25 178 178 50 25 179 179 61 26 180 180 79 26 181 181 63 26 182 182 56 27 183 183 74 27 184 184 58 27 185 185 53 20 186 186 68 20 187 187 69 20 188 188 63 20 189 189 78 20 190 190 79 20 191 191 81 9 192 192 88 9 193 193 80 9 194 194 50 9 195 195 82 9 196 196 53 9 197 197 57 9 198 198 85 9 199 199 59 9 200 200 63 9 201 201 81 9 202 202 51 9 203 203 51 9 204 204 80 9 205 205 50 9 206 206 53 9 207 207 83 9 208 208 55 9 209 209 59 9 210 210 86 9 211 211 61 9 212 212 55 9 213 213 84 9 214 214 57 9 215 215 91 28 216 216 90 28 217 217 94 28 218 218 87 9 219 219 89 9 220 220 81 9 221 221 85 9 222 222 94 9 223 223 86 9 224 224 83 9 225 225 92 9 226 226 84 9 227 227 80 9 228 228 90 9 229 229 82 9 230 230 86 9 231 231 95 9 232 232 87 9 233 233 84 9 234 234 93 9 235 235 85 9 236 236 82 9 237 237 91 9 238 238 83 9 239 239 114 29 240 240 131 29 241 241 115 29 242 242 125 30 243 243 121 30 244 244 117 30 245 245 100 29 246 246 99 29 247 247 98 29 248 248 127 20 249 249 142 20 250 250 143 20 251 251 123 19 252 252 124 19 253 253 122 19 254 254 102 31 255 255 101 31 256 256 100 31 257 257 123 20 258 258 138 20 259 259 139 20 260 260 121 27 261 261 122 27 262 262 120 27 263 263 104 32 264 264 103 32 265 265 102 32 266 266 125 33 267 267 143 33 268 268 127 33 269 269 119 34 270 270 120 34 271 271 118 34 272 272 106 35 273 273 105 35 274 274 104 35 275 275 118 36 276 276 122 36 277 277 126 36 278 278 117 37 279 279 118 37 280 280 116 37 281 281 108 38 282 282 107 38 283 283 106 38 284 284 127 39 285 285 97 39 286 286 126 39 287 287 114 40 288 288 116 40 289 289 96 40 290 290 110 23 291 291 109 23 292 292 108 23 293 293 99 6 294 294 103 6 295 295 107 6 296 296 115 41 297 297 96 41 298 298 97 41 299 299 112 42 300 300 111 42 301 301 110 42 302 302 96 43 303 303 132 43 304 304 116 43 305 305 125 44 306 306 126 44 307 307 124 44 308 308 98 45 309 309 113 45 310 310 112 45 311 311 100 9 312 312 112 9 313 313 108 9 314 314 120 46 315 315 138 46 316 316 122 46 317 317 118 47 318 318 136 47 319 319 120 47 320 320 123 4 321 321 137 4 322 322 121 4 323 323 126 22 324 324 129 22 325 325 97 22 326 326 127 48 327 327 131 48 328 328 115 48 329 329 117 49 330 330 130 49 331 331 114 49 332 332 115 9 333 333 129 9 334 334 97 9 335 335 122 50 336 336 140 50 337 337 124 50 338 338 116 51 339 339 134 51 340 340 118 51 341 341 121 52 342 342 135 52 343 343 119 52 344 344 119 53 345 345 133 53 346 346 117 53 347 347 125 54 348 348 139 54 349 349 123 54 350 350 117 20 351 351 132 20 352 352 133 20 353 353 125 16 354 354 140 16 355 355 141 16 356 356 114 16 357 357 128 16 358 358 130 16 359 359 97 55 360 360 128 55 361 361 96 55 362 362 121 16 363 363 136 16 364 364 137 16 365 365 119 16 366 366 134 16 367 367 135 16 368 368 124 56 369 369 142 56 370 370 126 56 371 371 74 57 372 372 138 57 373 373 123 57 374 374 137 58 375 375 73 58 376 376 72 58 377 377 71 59 378 378 135 59 379 379 134 59 380 380 133 60 381 381 69 60 382 382 68 60 383 383 128 61 384 384 66 61 385 385 65 61 386 386 129 62 387 387 67 62 388 388 64 62 389 389 78 63 390 390 143 63 391 391 142 63 392 392 61 64 393 393 125 64 394 394 140 64 395 395 2 0 396 396 3 0 397 397 1 0 398 398 4 65 399 399 5 65 400 400 3 65 401 401 6 66 402 402 7 66 403 403 5 66 404 404 8 67 405 405 9 67 406 406 7 67 407 407 10 38 408 408 11 38 409 409 9 38 410 410 12 68 411 411 13 68 412 412 11 68 413 413 1 6 414 414 3 6 415 415 5 6 416 416 5 69 417 417 7 69 418 418 1 69 419 419 7 70 420 420 9 70 421 421 1 70 422 422 9 6 423 423 11 6 424 424 13 6 425 425 13 71 426 426 15 71 427 427 1 71 428 428 14 7 429 429 15 7 430 430 13 7 431 431 0 8 432 432 1 8 433 433 15 8 434 434 2 9 435 435 0 9 436 436 14 9 437 437 14 9 438 438 12 9 439 439 10 9 440 440 10 9 441 441 8 9 442 442 2 9 443 443 8 72 444 444 6 72 445 445 2 72 446 446 6 9 447 447 4 9 448 448 2 9 449 449 17 0 450 450 18 0 451 451 19 0 452 452 20 65 453 453 21 65 454 454 18 65 455 455 22 66 456 456 23 66 457 457 21 66 458 458 24 67 459 459 25 67 460 460 23 67 461 461 26 38 462 462 27 38 463 463 25 38 464 464 28 68 465 465 29 68 466 466 27 68 467 467 19 6 468 468 18 6 469 469 21 6 470 470 21 69 471 471 23 69 472 472 19 69 473 473 23 70 474 474 25 70 475 475 19 70 476 476 25 6 477 477 27 6 478 478 29 6 479 479 29 71 480 480 31 71 481 481 19 71 482 482 30 7 483 483 31 7 484 484 29 7 485 485 16 8 486 486 19 8 487 487 31 8 488 488 17 9 489 489 16 9 490 490 30 9 491 491 30 9 492 492 28 9 493 493 26 9 494 494 26 9 495 495 24 9 496 496 17 9 497 497 24 72 498 498 22 72 499 499 17 72 500 500 22 9 501 501 20 9 502 502 17 9 503 503 33 0 504 504 34 0 505 505 35 0 506 506 36 65 507 507 37 65 508 508 34 65 509 509 38 66 510 510 39 66 511 511 37 66 512 512 40 67 513 513 41 67 514 514 39 67 515 515 42 38 516 516 43 38 517 517 41 38 518 518 44 68 519 519 45 68 520 520 43 68 521 521 35 6 522 522 34 6 523 523 37 6 524 524 37 69 525 525 39 69 526 526 35 69 527 527 39 70 528 528 41 70 529 529 35 70 530 530 41 6 531 531 43 6 532 532 45 6 533 533 45 71 534 534 47 71 535 535 35 71 536 536 46 7 537 537 47 7 538 538 45 7 539 539 32 8 540 540 35 8 541 541 47 8 542 542 33 9 543 543 32 9 544 544 46 9 545 545 46 9 546 546 44 9 547 547 42 9 548 548 42 9 549 549 40 9 550 550 33 9 551 551 40 72 552 552 38 72 553 553 33 72 554 554 38 9 555 555 36 9 556 556 33 9 557 557 51 10 558 558 50 10 559 559 49 10 560 560 50 68 561 561 53 68 562 562 52 68 563 563 53 73 564 564 55 73 565 565 54 73 566 566 55 74 567 567 57 74 568 568 56 74 569 569 57 27 570 570 59 27 571 571 58 27 572 572 59 65 573 573 61 65 574 574 60 65 575 575 61 9 576 576 86 9 577 577 87 9 578 578 61 2 579 579 63 2 580 580 62 2 581 581 63 13 582 582 51 13 583 583 48 13 584 584 62 6 585 585 48 6 586 586 49 6 587 587 49 6 588 588 52 6 589 589 54 6 590 590 54 70 591 591 56 70 592 592 62 70 593 593 56 6 594 594 58 6 595 595 62 6 596 596 58 6 597 597 60 6 598 598 62 6 599 599 59 75 600 600 75 75 601 601 73 75 602 602 52 76 603 603 68 76 604 604 70 76 605 605 62 13 606 606 78 13 607 607 64 13 608 608 48 15 609 609 64 15 610 610 65 15 611 611 59 9 612 612 58 9 613 613 74 9 614 614 55 77 615 615 71 77 616 616 69 77 617 617 63 13 618 618 79 13 619 619 67 13 620 620 50 18 621 621 66 18 622 622 67 18 623 623 58 78 624 624 74 78 625 625 76 78 626 626 55 9 627 627 54 9 628 628 70 9 629 629 51 9 630 630 67 9 631 631 64 9 632 632 61 79 633 633 77 79 634 634 75 79 635 635 54 80 636 636 70 80 637 637 72 80 638 638 50 9 639 639 49 9 640 640 65 9 641 641 61 9 642 642 60 9 643 643 76 9 644 644 57 3 645 645 73 3 646 646 71 3 647 647 49 81 648 648 65 81 649 649 68 81 650 650 60 82 651 651 76 82 652 652 78 82 653 653 57 16 654 654 56 16 655 655 72 16 656 656 53 49 657 657 69 49 658 658 66 49 659 659 61 44 660 660 77 44 661 661 79 44 662 662 56 83 663 663 72 83 664 664 74 83 665 665 53 9 666 666 52 9 667 667 68 9 668 668 63 16 669 669 62 16 670 670 78 16 671 671 81 9 672 672 89 9 673 673 88 9 674 674 50 9 675 675 80 9 676 676 82 9 677 677 57 9 678 678 84 9 679 679 85 9 680 680 63 9 681 681 87 9 682 682 81 9 683 683 51 9 684 684 81 9 685 685 80 9 686 686 53 9 687 687 82 9 688 688 83 9 689 689 59 9 690 690 85 9 691 691 86 9 692 692 55 9 693 693 83 9 694 694 84 9 695 695 90 84 696 696 88 84 697 697 89 84 698 698 89 85 699 699 95 85 700 700 90 85 701 701 95 86 702 702 94 86 703 703 90 86 704 704 94 87 705 705 93 87 706 706 92 87 707 707 92 88 708 708 91 88 709 709 94 88 710 710 87 9 711 711 95 9 712 712 89 9 713 713 85 9 714 714 93 9 715 715 94 9 716 716 83 9 717 717 91 9 718 718 92 9 719 719 80 9 720 720 88 9 721 721 90 9 722 722 86 9 723 723 94 9 724 724 95 9 725 725 84 9 726 726 92 9 727 727 93 9 728 728 82 9 729 729 90 9 730 730 91 9 731 731 114 89 732 732 130 89 733 733 131 89 734 734 117 90 735 735 114 90 736 736 115 90 737 737 115 91 738 738 127 91 739 739 117 91 740 740 127 92 741 741 125 92 742 742 117 92 743 743 125 9 744 744 123 9 745 745 121 9 746 746 121 93 747 747 119 93 748 748 117 93 749 749 100 29 750 750 101 29 751 751 99 29 752 752 127 16 753 753 126 16 754 754 142 16 755 755 123 25 756 756 125 25 757 757 124 25 758 758 102 25 759 759 103 25 760 760 101 25 761 761 123 16 762 762 122 16 763 763 138 16 764 764 121 27 765 765 123 27 766 766 122 27 767 767 104 26 768 768 105 26 769 769 103 26 770 770 125 94 771 771 141 94 772 772 143 94 773 773 119 34 774 774 121 34 775 775 120 34 776 776 106 35 777 777 107 35 778 778 105 35 779 779 126 6 780 780 97 6 781 781 96 6 782 782 96 6 783 783 116 6 784 784 118 6 785 785 118 6 786 786 120 6 787 787 122 6 788 788 122 6 789 789 124 6 790 790 126 6 791 791 126 95 792 792 96 95 793 793 118 95 794 794 117 96 795 795 119 96 796 796 118 96 797 797 108 38 798 798 109 38 799 799 107 38 800 800 127 39 801 801 115 39 802 802 97 39 803 803 114 21 804 804 117 21 805 805 116 21 806 806 110 21 807 807 111 21 808 808 109 21 809 809 99 97 810 810 101 97 811 811 103 97 812 812 103 98 813 813 105 98 814 814 107 98 815 815 107 6 816 816 109 6 817 817 111 6 818 818 111 6 819 819 113 6 820 820 107 6 821 821 113 6 822 822 99 6 823 823 107 6 824 824 115 41 825 825 114 41 826 826 96 41 827 827 112 7 828 828 113 7 829 829 111 7 830 830 96 99 831 831 128 99 832 832 132 99 833 833 125 2 834 834 127 2 835 835 126 2 836 836 98 45 837 837 99 45 838 838 113 45 839 839 100 9 840 840 98 9 841 841 112 9 842 842 112 9 843 843 110 9 844 844 108 9 845 845 108 9 846 846 106 9 847 847 104 9 848 848 104 9 849 849 102 9 850 850 108 9 851 851 102 9 852 852 100 9 853 853 108 9 854 854 120 46 855 855 136 46 856 856 138 46 857 857 118 47 858 858 134 47 859 859 136 47 860 860 123 75 861 861 139 75 862 862 137 75 863 863 126 48 864 864 142 48 865 865 129 48 866 866 127 39 867 867 143 39 868 868 131 39 869 869 117 100 870 870 133 100 871 871 130 100 872 872 115 9 873 873 131 9 874 874 129 9 875 875 122 1 876 876 138 1 877 877 140 1 878 878 116 101 879 879 132 101 880 880 134 101 881 881 121 102 882 882 137 102 883 883 135 102 884 884 119 33 885 885 135 33 886 886 133 33 887 887 125 99 888 888 141 99 889 889 139 99 890 890 117 9 891 891 116 9 892 892 132 9 893 893 125 9 894 894 124 9 895 895 140 9 896 896 114 20 897 897 96 20 898 898 128 20 899 899 97 55 900 900 129 55 901 901 128 55 902 902 121 9 903 903 120 9 904 904 136 9 905 905 119 20 906 906 118 20 907 907 134 20 908 908 124 94 909 909 140 94 910 910 142 94 911 911 122 103 912 912 58 103 913 913 123 103 914 914 58 57 915 915 74 57 916 916 123 57 917 917 74 104 918 918 139 104 919 919 138 104 920 920 56 105 921 921 121 105 922 922 57 105 923 923 121 106 924 924 137 106 925 925 72 106 926 926 57 105 927 927 121 105 928 928 72 105 929 929 134 107 930 930 118 107 931 931 55 107 932 932 55 108 933 933 71 108 934 934 134 108 935 935 52 109 936 936 117 109 937 937 53 109 938 938 117 110 939 939 133 110 940 940 68 110 941 941 53 111 942 942 117 111 943 943 68 111 944 944 65 112 945 945 50 112 946 946 128 112 947 947 50 103 948 948 49 103 949 949 114 103 950 950 128 103 951 951 50 103 952 952 114 103 953 953 49 113 954 954 96 113 955 955 114 113 956 956 128 104 957 957 130 104 958 958 66 104 959 959 64 62 960 960 51 62 961 961 129 62 962 962 51 62 963 963 48 62 964 964 115 62 965 965 129 62 966 966 51 62 967 967 115 62 968 968 48 62 969 969 97 62 970 970 115 62 971 971 129 62 972 972 131 62 973 973 67 62 974 974 142 114 975 975 127 114 976 976 78 114 977 977 127 115 978 978 126 115 979 979 63 115 980 980 78 116 981 981 127 116 982 982 63 116 983 983 126 117 984 984 62 117 985 985 63 117 986 986 78 118 987 987 79 118 988 988 143 118 989 989 141 119 990 990 77 119 991 991 140 119 992 992 77 120 993 993 61 120 994 994 140 120 995 995 61 120 996 996 124 120 997 997 125 120 998 998</p>
        </triangles>
      </mesh>
    </geometry>
  </library_geometries>
  <library_visual_scenes>
    <visual_scene id="Scene" name="Scene">
      <node id="Cylinder_010" name="Cylinder.010" type="NODE">
        <matrix sid="transform">-4.37118e-8 4.37114e-8 0.6 0 1.00001 1.91069e-15 2.62268e-8 0.45 0 1 -2.62268e-8 0.85 0 0 0 1</matrix>
        <instance_geometry url="#Cylinder_009-mesh" name="Cylinder.010"/>
      </node>
      <node id="Cylinder_009" name="Cylinder.009" type="NODE">
        <matrix sid="transform">-4.37118e-8 4.37114e-8 0.6 0 1.00001 1.91069e-15 2.62268e-8 -0.45 0 1 -2.62268e-8 0.85 0 0 0 1</matrix>
        <instance_geometry url="#Cylinder_008-mesh" name="Cylinder.009"/>
      </node>
      <node id="Cylinder_008" name="Cylinder.008" type="NODE">
        <matrix sid="transform">1.000014 0 0 -0.45 0 -4.37114e-8 -0.6 0 0 1 -2.62268e-8 0.85 0 0 0 1</matrix>
        <instance_geometry url="#Cylinder_007-mesh" name="Cylinder.008"/>
      </node>
      <node id="Cylinder_007" name="Cylinder.007" type="NODE">
        <matrix sid="transform">1.000014 0 0 0.45 0 -4.37114e-8 -0.6 0 0 1 -2.62268e-8 0.85 0 0 0 1</matrix>
        <instance_geometry url="#Cylinder_006-mesh" name="Cylinder.007"/>
      </node>
      <node id="Cylinder_006" name="Cylinder.006" type="NODE">
        <matrix sid="transform">1.000014 0 0 0.45 0 -4.37114e-8 -1 0 0 1 -4.37114e-8 0 0 0 0 1</matrix>
        <instance_geometry url="#Cylinder_005-mesh" name="Cylinder.006"/>
      </node>
      <node id="Cylinder_005" name="Cylinder.005" type="NODE">
        <matrix sid="transform">1.000014 0 0 -0.45 0 -4.37114e-8 -1 0 0 1 -4.37114e-8 0 0 0 0 1</matrix>
        <instance_geometry url="#Cylinder_004-mesh" name="Cylinder.005"/>
      </node>
      <node id="Cylinder_004" name="Cylinder.004" type="NODE">
        <matrix sid="transform">1 0 0 -0.45 0 1 0 -0.45 0 0 0.6666667 0.5 0 0 0 1</matrix>
        <instance_geometry url="#Cylinder_003-mesh" name="Cylinder.004"/>
      </node>
      <node id="Cylinder_003" name="Cylinder.003" type="NODE">
        <matrix sid="transform">1 0 0 0.45 0 1 0 -0.45 0 0 0.6666667 0.5 0 0 0 1</matrix>
        <instance_geometry url="#Cylinder_002-mesh" name="Cylinder.003"/>
      </node>
      <node id="Cylinder_002" name="Cylinder.002" type="NODE">
        <matrix sid="transform">1 0 0 -0.45 0 1 0 0.45 0 0 0.6666667 0.5 0 0 0 1</matrix>
        <instance_geometry url="#Cylinder_001-mesh" name="Cylinder.002"/>
      </node>
      <node id="Cylinder_001" name="Cylinder.001" type="NODE">
        <matrix sid="transform">1 0 0 0.45 0 1 0 0.45 0 0 0.6666667 0.5 0 0 0 1</matrix>
        <instance_geometry url="#Cylinder-mesh" name="Cylinder.001"/>
      </node>
      <node id="Cylinder" name="Cylinder" type="NODE">
        <matrix sid="transform">0.9238795 -0.3826835 0 0 0.3826835 0.9238795 0 0 0 0 1 0.9 0 0 0 1</matrix>
        <instance_geometry url="#Cylinder_020-mesh" name="Cylinder">
          <bind_material>
            <technique_common>
              <instance_material symbol="Material-material" target="#Material-material">
                <bind_vertex_input semantic="UVMap" input_semantic="TEXCOORD" input_set="0"/>
              </instance_material>
            </technique_common>
          </bind_material>
        </instance_geometry>
      </node>
      <node id="Light_001" name="Light.001" type="NODE">
        <matrix sid="transform">-0.2908646 -0.7711008 0.5663932 4.076245 0.9551712 -0.1998834 0.2183912 1.005454 -0.055189 0.6045247 0.7946723 5.921554 0 0 0 1</matrix>
        <instance_light url="#Light_001-light"/>
      </node>
      <node id="Light" name="Light" type="NODE">
        <matrix sid="transform">-0.2908646 -0.7711008 0.5663932 4.076245 0.9551712 -0.1998834 0.2183912 1.005454 -0.05518906 0.6045247 0.7946723 5.921554 0 0 0 1</matrix>
        <instance_light url="#Light-light"/>
      </node>
    </visual_scene>
  </library_visual_scenes>
  <scene>
    <instance_visual_scene url="#Scene"/>
  </scene>
</COLLADA>