<?xml version="1.0" encoding="utf-8"?>
<COLLADA xmlns="http://www.collada.org/2005/11/COLLADASchema" version="1.4.1" xmlns:xsi="http://www.w3.org/2001/XMLSchema-instance">
  <asset>
    <contributor>
      <author>Blender User</author>
      <authoring_tool>Blender 3.0.1</authoring_tool>
    </contributor>
    <created>2023-03-18T17:39:56</created>
    <modified>2023-03-18T17:39:56</modified>
    <unit name="meter" meter="1"/>
    <up_axis>Z_UP</up_axis>
  </asset>
  <library_lights>
    <light id="Light_001-light" name="Light.001">
      <technique_common>
        <point>
          <color sid="color">1000 1000 1000</color>
          <constant_attenuation>1</constant_attenuation>
          <linear_attenuation>0</linear_attenuation>
          <quadratic_attenuation>0.00111109</quadratic_attenuation>
        </point>
      </technique_common>
      <extra>
        <technique profile="blender">
          <type sid="type" type="int">0</type>
          <flag sid="flag" type="int">0</flag>
          <mode sid="mode" type="int">1</mode>
          <gamma sid="blender_gamma" type="float">1</gamma>
          <red sid="red" type="float">1</red>
          <green sid="green" type="float">1</green>
          <blue sid="blue" type="float">1</blue>
          <shadow_r sid="blender_shadow_r" type="float">0</shadow_r>
          <shadow_g sid="blender_shadow_g" type="float">0</shadow_g>
          <shadow_b sid="blender_shadow_b" type="float">0</shadow_b>
          <energy sid="blender_energy" type="float">1000</energy>
          <dist sid="blender_dist" type="float">29.99998</dist>
          <spotsize sid="spotsize" type="float">75</spotsize>
          <spotblend sid="spotblend" type="float">0.15</spotblend>
          <att1 sid="att1" type="float">0</att1>
          <att2 sid="att2" type="float">1</att2>
          <falloff_type sid="falloff_type" type="int">2</falloff_type>
          <clipsta sid="clipsta" type="float">0.04999995</clipsta>
          <clipend sid="clipend" type="float">30.002</clipend>
          <bias sid="bias" type="float">1</bias>
          <soft sid="soft" type="float">3</soft>
          <bufsize sid="bufsize" type="int">2880</bufsize>
          <samp sid="samp" type="int">3</samp>
          <buffers sid="buffers" type="int">1</buffers>
          <area_shape sid="area_shape" type="int">1</area_shape>
          <area_size sid="area_size" type="float">0.1</area_size>
          <area_sizey sid="area_sizey" type="float">0.1</area_sizey>
          <area_sizez sid="area_sizez" type="float">1</area_sizez>
        </technique>
      </extra>
    </light>
    <light id="Light-light" name="Light">
      <technique_common>
        <point>
          <color sid="color">1000 1000 1000</color>
          <constant_attenuation>1</constant_attenuation>
          <linear_attenuation>0</linear_attenuation>
          <quadratic_attenuation>0.00111109</quadratic_attenuation>
        </point>
      </technique_common>
      <extra>
        <technique profile="blender">
          <type sid="type" type="int">0</type>
          <flag sid="flag" type="int">0</flag>
          <mode sid="mode" type="int">1</mode>
          <gamma sid="blender_gamma" type="float">1</gamma>
          <red sid="red" type="float">1</red>
          <green sid="green" type="float">1</green>
          <blue sid="blue" type="float">1</blue>
          <shadow_r sid="blender_shadow_r" type="float">0</shadow_r>
          <shadow_g sid="blender_shadow_g" type="float">0</shadow_g>
          <shadow_b sid="blender_shadow_b" type="float">0</shadow_b>
          <energy sid="blender_energy" type="float">1000</energy>
          <dist sid="blender_dist" type="float">29.99998</dist>
          <spotsize sid="spotsize" type="float">75</spotsize>
          <spotblend sid="spotblend" type="float">0.15</spotblend>
          <att1 sid="att1" type="float">0</att1>
          <att2 sid="att2" type="float">1</att2>
          <falloff_type sid="falloff_type" type="int">2</falloff_type>
          <clipsta sid="clipsta" type="float">0.04999995</clipsta>
          <clipend sid="clipend" type="float">30.002</clipend>
          <bias sid="bias" type="float">1</bias>
          <soft sid="soft" type="float">3</soft>
          <bufsize sid="bufsize" type="int">2880</bufsize>
          <samp sid="samp" type="int">3</samp>
          <buffers sid="buffers" type="int">1</buffers>
          <area_shape sid="area_shape" type="int">1</area_shape>
          <area_size sid="area_size" type="float">0.1</area_size>
          <area_sizey sid="area_sizey" type="float">0.1</area_sizey>
          <area_sizez sid="area_sizez" type="float">1</area_sizez>
        </technique>
      </extra>
    </light>
  </library_lights>
  <library_effects>
    <effect id="white_005-effect">
      <profile_COMMON>
        <technique sid="common">
          <lambert>
            <emission>
              <color sid="emission">0 0 0 1</color>
            </emission>
            <diffuse>
              <color sid="diffuse">0.8 0.8 0.8 1</color>
            </diffuse>
            <index_of_refraction>
              <float sid="ior">1.45</float>
            </index_of_refraction>
          </lambert>
        </technique>
      </profile_COMMON>
    </effect>
    <effect id="white_004-effect">
      <profile_COMMON>
        <technique sid="common">
          <lambert>
            <emission>
              <color sid="emission">0 0 0 1</color>
            </emission>
            <diffuse>
              <color sid="diffuse">0.8 0.8 0.8 1</color>
            </diffuse>
            <index_of_refraction>
              <float sid="ior">1.45</float>
            </index_of_refraction>
          </lambert>
        </technique>
      </profile_COMMON>
    </effect>
    <effect id="white_002-effect">
      <profile_COMMON>
        <technique sid="common">
          <lambert>
            <emission>
              <color sid="emission">0 0 0 1</color>
            </emission>
            <diffuse>
              <color sid="diffuse">0.8 0.8 0.8 1</color>
            </diffuse>
            <index_of_refraction>
              <float sid="ior">1.45</float>
            </index_of_refraction>
          </lambert>
        </technique>
      </profile_COMMON>
    </effect>
  </library_effects>
  <library_images/>
  <library_materials>
    <material id="white_005-material" name="white.005">
      <instance_effect url="#white_005-effect"/>
    </material>
    <material id="white_004-material" name="white.004">
      <instance_effect url="#white_004-effect"/>
    </material>
    <material id="white_002-material" name="white.002">
      <instance_effect url="#white_002-effect"/>
    </material>
  </library_materials>
  <library_geometries>
    <geometry id="octagon_v1-mesh" name="octagon v1">
      <mesh>
        <source id="octagon_v1-mesh-positions">
          <float_array id="octagon_v1-mesh-positions-array" count="1353">52661.28 1086.194 1.256774 52661.06 1086.423 1.214181 52661.01 1086.356 1.214181 52660.84 1086.636 1.089306 52660.75 1086.507 1.089306 52660.66 1086.819 0.8906572 52660.52 1086.636 0.8906572 52660.52 1086.959 0.6317742 52660.35 1086.735 0.6317742 52660.43 1087.048 0.3302982 52660.24 1086.798 0.3302982 52660.4 1087.078 0.006774187 52660.2 1086.819 0.006774187 52660.43 1087.048 -0.3167498 52660.24 1086.798 -0.3167498 52660.52 1086.959 -0.6182258 52660.35 1086.735 -0.6182258 52660.66 1086.819 -0.8771088 52660.52 1086.636 -0.8771088 52660.84 1086.636 -1.075758 52660.75 1086.507 -1.075758 52661.06 1086.423 -1.200633 52661.01 1086.356 -1.200633 52661.28 1086.194 -1.243226 52660.96 1086.194 -1.200633 52660.97 1086.278 -1.200633 52660.66 1086.194 -1.075758 52660.68 1086.356 -1.075758 52660.4 1086.194 -0.8771088 52660.43 1086.423 -0.8771088 52660.2 1086.194 -0.6182258 52660.24 1086.474 -0.6182258 52660.08 1086.194 -0.3167498 52660.12 1086.507 -0.3167498 52660.03 1086.194 0.006774187 52660.08 1086.518 0.006774187 52660.08 1086.194 0.3302982 52660.12 1086.507 0.3302982 52660.2 1086.194 0.6317742 52660.24 1086.474 0.6317742 52660.4 1086.194 0.8906572 52660.43 1086.423 0.8906572 52660.66 1086.194 1.089306 52660.68 1086.356 1.089306 52660.96 1086.194 1.214181 52660.97 1086.278 1.214181 52740.37 1165.275 1.256774 52740.37 1165.599 1.214181 52740.28 1165.588 1.214181 52740.37 1165.9 1.089306 52740.21 1165.879 1.089306 52740.37 1166.159 0.8906572 52740.14 1166.129 0.8906572 52740.37 1166.358 0.6317742 52740.09 1166.321 0.6317742 52740.37 1166.483 0.3302982 52740.05 1166.442 0.3302982 52740.37 1166.525 0.006774187 52740.04 1166.483 0.006774187 52740.37 1166.483 -0.3167498 52740.05 1166.442 -0.3167498 52740.37 1166.358 -0.6182258 52740.09 1166.321 -0.6182258 52740.37 1166.159 -0.8771088 52740.14 1166.129 -0.8771088 52740.37 1165.9 -1.075758 52740.21 1165.879 -1.075758 52740.37 1165.599 -1.200633 52740.28 1165.588 -1.200633 52740.37 1165.275 -1.243226 52740.14 1165.504 -1.200633 52740.21 1165.555 -1.200633 52739.92 1165.717 -1.075758 52740.05 1165.817 -1.075758 52739.74 1165.9 -0.8771088 52739.92 1166.041 -0.8771088 52739.6 1166.041 -0.6182258 52739.83 1166.213 -0.6182258 52739.51 1166.129 -0.3167498 52739.76 1166.321 -0.3167498 52739.48 1166.159 0.006774187 52739.74 1166.358 0.006774187 52739.51 1166.129 0.3302982 52739.76 1166.321 0.3302982 52739.6 1166.041 0.6317742 52739.83 1166.213 0.6317742 52739.74 1165.9 0.8906572 52739.92 1166.041 0.8906572 52739.92 1165.717 1.089306 52740.05 1165.817 1.089306 52740.14 1165.504 1.214181 52740.21 1165.555 1.214181 52852.21 1165.275 -1.243226 52852.21 1165.599 -1.200633 52852.29 1165.588 -1.200634 52852.21 1165.9 -1.075758 52852.37 1165.879 -1.075758 52852.21 1166.159 -0.8771098 52852.43 1166.129 -0.8771098 52852.21 1166.358 -0.6182258 52852.48 1166.321 -0.6182258 52852.21 1166.483 -0.3167498 52852.52 1166.442 -0.3167498 52852.21 1166.525 0.006774187 52852.53 1166.483 0.006774187 52852.52 1166.442 0.3302982 52852.83 1166.358 0.006774187 52852.81 1166.321 0.3302982 52853.09 1166.159 0.006774187 52853.06 1166.129 0.3302982 52852.75 1166.213 0.6317742 52852.97 1166.041 0.6317742 52852.65 1166.041 0.8906582 52852.83 1165.9 0.8906582 52852.52 1165.817 1.089306 52852.65 1165.717 1.089306 52852.37 1165.555 1.214182 52852.43 1165.504 1.214181 52852.21 1165.275 1.256774 52852.21 1166.483 0.3302982 52852.48 1166.321 0.6317742 52852.21 1166.358 0.6317742 52852.43 1166.129 0.8906582 52852.21 1166.159 0.8906582 52852.37 1165.879 1.089306 52852.21 1165.9 1.089306 52852.29 1165.588 1.214182 52852.21 1165.599 1.214181 52852.81 1166.321 -0.3167498 52853.06 1166.129 -0.3167498 52852.75 1166.213 -0.6182258 52852.97 1166.041 -0.6182258 52852.65 1166.041 -0.8771098 52852.83 1165.9 -0.8771098 52852.52 1165.817 -1.075758 52852.65 1165.717 -1.075758 52852.37 1165.555 -1.200634 52852.43 1165.504 -1.200633 52852.07 1164.952 -1.200633 52740.5 1164.952 -1.200633 52740.63 1164.65 -1.075758 52851.94 1164.65 -1.075757 52740.73 1164.391 -0.8771088 52851.84 1164.391 -0.8771088 52740.82 1164.193 -0.6182258 52851.76 1164.193 -0.6182258 52740.87 1164.068 -0.3167498 52851.71 1164.068 -0.3167498 52740.89 1164.025 0.006774187 52851.69 1164.025 0.006774187 52851.71 1164.068 0.3302982 52740.87 1164.068 0.3302982 52851.76 1164.193 0.6317742 52740.82 1164.193 0.6317742 52851.84 1164.391 0.8906572 52740.73 1164.391 0.8906572 52851.94 1164.65 1.089305 52740.63 1164.65 1.089306 52852.07 1164.952 1.214181 52740.5 1164.952 1.214181 52931.16 1086.141 1.249945 52931.21 1086.165 1.25464 52931.24 1086.178 1.256031 52930.82 1086 1.164803 52931.04 1086.091 1.231528 52930.6 1085.911 1.052377 52930.41 1085.833 0.9024652 52930.26 1085.768 0.7174732 52930.14 1085.718 0.4964462 52930.06 1085.687 0.2602102 52930.03 1085.676 0.006774187 52930.06 1085.687 -0.2466618 52930.14 1085.718 -0.4828978 52930.26 1085.768 -0.7039248 52930.41 1085.833 -0.8889168 52930.6 1085.911 -1.038829 52930.82 1086 -1.151255 52931.04 1086.091 -1.21798 52931.16 1086.141 -1.236397 52931.21 1086.165 -1.241092 52931.24 1086.178 -1.242483 52931.26 1086.185 -1.242888 52931.26 1086.189 -1.243031 52931.27 1086.194 -1.243126 52931.48 1086.407 -1.209085 52931.68 1086.608 -1.103579 52931.86 1086.785 -0.9328098 52932 1086.928 -0.7068138 52932.1 1087.028 -0.4388768 52932.16 1087.079 -0.1447448 52932.16 1087.079 0.1582932 52932.1 1087.028 0.4524252 52932 1086.928 0.7203622 52931.86 1086.785 0.9463582 52931.68 1086.608 1.117127 52931.48 1086.407 1.222633 52931.27 1086.194 1.256674 52931.26 1086.189 1.256579 52931.26 1086.185 1.256436 52661.61 1086.06 -1.200633 52661.61 1086.06 1.214181 52661.91 1085.935 1.089306 52662.17 1085.828 0.8906572 52662.37 1085.746 0.6317742 52662.5 1085.694 0.3302982 52662.53 1085.676 0.006774187 52662.5 1085.694 -0.3167498 52662.37 1085.746 -0.6182258 52662.17 1085.828 -0.8771088 52661.91 1085.935 -1.075758 52931.28 1086.194 0.006774187 52931.57 1086.194 -1.210036 52931.86 1086.194 -1.105092 52932.11 1086.194 -0.9344898 52932.11 1086.194 0.9480382 52932.31 1086.194 -0.7083048 52932.31 1086.194 0.7218532 52932.45 1086.194 -0.4398928 52932.45 1086.194 0.4534412 52932.53 1086.194 -0.1451048 52932.53 1086.194 0.1586531 52931.57 1086.194 1.223584 52931.86 1086.194 1.11864 52661.61 974.4904 -1.200633 52661.28 974.3564 -1.243226 52660.96 974.3564 -1.200633 52660.66 974.3564 -1.075758 52660.4 974.3564 -0.8771088 52660.2 974.3564 -0.6182258 52660.08 974.3564 -0.3167498 52660.03 974.3564 0.006774187 52660.08 974.3564 0.3302982 52660.2 974.3564 0.6317742 52660.4 974.3564 0.8906572 52660.66 974.3564 1.089306 52660.96 974.3564 1.214181 52661.28 974.3564 1.256774 52661.61 974.4904 1.214181 52661.91 974.6153 1.089306 52662.17 974.7225 0.8906572 52662.37 974.8048 0.6317742 52662.5 974.8565 0.3302982 52662.53 974.8742 0.006774187 52662.5 974.8565 -0.3167498 52662.37 974.8048 -0.6182258 52662.17 974.7225 -0.8771088 52661.91 974.6153 -1.075758 52661.06 974.1276 -1.200633 52661.01 974.1947 -1.200633 52660.84 973.9144 -1.075758 52660.75 974.0439 -1.075758 52660.66 973.7314 -0.8771088 52660.52 973.9144 -0.8771088 52660.52 973.5911 -0.6182258 52660.35 973.8151 -0.6182258 52660.43 973.5026 -0.3167498 52660.24 973.7527 -0.3167498 52660.4 973.4725 0.006774187 52660.2 973.7314 0.006774187 52660.43 973.5026 0.3302982 52660.24 973.7527 0.3302982 52660.52 973.5911 0.6317742 52660.35 973.8151 0.6317742 52660.66 973.7314 0.8906572 52660.52 973.9144 0.8906572 52660.84 973.9144 1.089306 52660.75 974.0439 1.089306 52661.06 974.1276 1.214181 52661.01 974.1947 1.214181 52660.97 974.2727 1.214181 52660.68 974.1947 1.089306 52660.43 974.1276 0.8906572 52660.24 974.0762 0.6317742 52660.12 974.0439 0.3302982 52660.08 974.0328 0.006774187 52660.12 974.0439 -0.3167498 52660.24 974.0762 -0.6182258 52660.43 974.1276 -0.8771088 52660.68 974.1947 -1.075758 52660.97 974.2727 -1.200633 52740.37 895.2752 -1.243226 52740.37 894.9517 -1.200633 52740.28 894.9627 -1.200633 52740.37 894.6502 -1.075758 52740.21 894.6715 -1.075758 52740.37 894.3914 -0.8771088 52740.14 894.4215 -0.8771088 52740.37 894.1927 -0.6182258 52740.09 894.2296 -0.6182258 52740.37 894.0678 -0.3167498 52740.05 894.1091 -0.3167498 52740.37 894.0252 0.006774187 52740.04 894.0678 0.006774187 52740.37 894.0678 0.3302982 52740.05 894.1091 0.3302982 52740.09 894.2296 0.6317742 52739.76 894.2296 0.3302982 52739.83 894.3377 0.6317742 52739.51 894.4215 0.3302982 52739.6 894.5098 0.6317742 52739.92 894.5098 0.8906572 52739.74 894.6502 0.8906572 52740.05 894.7341 1.089306 52739.92 894.8333 1.089306 52740.21 894.9951 1.214181 52740.14 895.0465 1.214181 52740.37 895.2752 1.256774 52740.37 894.1927 0.6317742 52740.14 894.4215 0.8906572 52740.37 894.3914 0.8906572 52740.21 894.6715 1.089306 52740.37 894.6502 1.089306 52740.28 894.9627 1.214181 52740.37 894.9517 1.214181 52739.48 894.3914 0.006774187 52739.74 894.1927 0.006774187 52739.51 894.4215 -0.3167498 52739.76 894.2296 -0.3167498 52739.6 894.5098 -0.6182258 52739.83 894.3377 -0.6182258 52739.74 894.6502 -0.8771088 52739.92 894.5098 -0.8771088 52740.05 894.7341 -1.075758 52739.92 894.8333 -1.075758 52740.21 894.9951 -1.200633 52740.14 895.0465 -1.200633 52852.21 895.2752 1.256774 52852.07 895.5988 1.214181 52740.5 895.5988 1.214181 52851.94 895.9002 1.089306 52740.63 895.9002 1.089306 52851.84 896.1591 0.8906572 52740.73 896.1591 0.8906572 52851.76 896.3578 0.6317742 52740.82 896.3578 0.6317742 52851.71 896.4827 0.3302982 52740.87 896.4827 0.3302982 52740.89 896.5252 0.006774187 52851.69 896.5252 0.006774187 52740.87 896.4827 -0.3167498 52851.71 896.4827 -0.3167498 52740.82 896.3578 -0.6182258 52851.76 896.3578 -0.6182258 52740.73 896.1591 -0.8771088 52851.84 896.1591 -0.8771088 52740.63 895.9002 -1.075758 52851.94 895.9002 -1.075758 52740.5 895.5988 -1.200633 52852.07 895.5988 -1.200633 52852.21 895.2752 -1.243226 52852.21 894.9517 -1.200633 52852.21 894.6502 -1.075758 52852.21 894.3914 -0.8771088 52852.21 894.1927 -0.6182258 52852.21 894.0678 -0.3167498 52852.21 894.0252 0.006774187 52852.21 894.0678 0.3302982 52852.21 894.1927 0.6317742 52852.21 894.9517 1.214181 52852.21 894.6502 1.089306 52852.21 894.3914 0.8906572 52852.43 895.0465 -1.200633 52852.37 894.9951 -1.200633 52852.65 894.8333 -1.075758 52852.52 894.7341 -1.075758 52852.83 894.6502 -0.8771088 52852.65 894.5098 -0.8771088 52852.97 894.5098 -0.6182258 52852.75 894.3377 -0.6182258 52853.06 894.4215 -0.3167498 52852.81 894.2296 -0.3167498 52853.09 894.3914 0.006774187 52852.83 894.1927 0.006774187 52853.06 894.4215 0.3302982 52852.81 894.2296 0.3302982 52852.97 894.5098 0.6317742 52852.75 894.3377 0.6317742 52852.83 894.6502 0.8906572 52852.65 894.5098 0.8906572 52852.65 894.8333 1.089306 52852.52 894.7341 1.089306 52852.43 895.0465 1.214181 52852.37 894.9951 1.214181 52852.29 894.9627 1.214181 52852.37 894.6715 1.089306 52852.43 894.4215 0.8906572 52852.48 894.2296 0.6317742 52852.52 894.1091 0.3302982 52852.53 894.0678 0.006774187 52852.52 894.1091 -0.3167498 52852.48 894.2296 -0.6182258 52852.43 894.4215 -0.8771088 52852.37 894.6715 -1.075758 52852.29 894.9627 -1.200633 52931.28 974.3564 -1.243226 52931.61 974.3564 -1.200633 52931.6 974.2727 -1.200633 52931.91 974.3564 -1.075758 52931.89 974.1947 -1.075758 52932.17 974.3564 -0.8771088 52932.14 974.1276 -0.8771088 52932.37 974.3564 -0.6182258 52932.33 974.0762 -0.6182258 52932.5 974.3564 -0.3167498 52932.45 974.0439 -0.3167498 52932.53 974.3564 0.006774187 52932.5 974.0328 0.006774187 52932.5 974.3564 0.3302982 52932.45 974.0439 0.3302982 52932.37 974.3564 0.6317742 52932.33 974.0762 0.6317742 52932.17 974.3564 0.8906572 52932.14 974.1276 0.8906572 52931.91 974.3564 1.089306 52931.89 974.1947 1.089306 52931.61 974.3564 1.214181 52931.6 974.2727 1.214181 52931.28 974.3564 1.256774 52931.51 974.1276 1.214181 52931.57 974.1947 1.214181 52931.73 973.9144 1.089306 52931.83 974.0439 1.089306 52931.91 973.7314 0.8906572 52932.05 973.9144 0.8906572 52932.05 973.5911 0.6317742 52932.22 973.8151 0.6317742 52932.14 973.5026 0.3302982 52932.33 973.7527 0.3302982 52932.17 973.4725 0.006774187 52932.37 973.7314 0.006774187 52932.14 973.5026 -0.3167498 52932.33 973.7527 -0.3167498 52932.05 973.5911 -0.6182258 52932.22 973.8151 -0.6182258 52931.91 973.7314 -0.8771088 52932.05 973.9144 -0.8771088 52931.73 973.9144 -1.075758 52931.83 974.0439 -1.075758 52931.51 974.1276 -1.200633 52931.57 974.1947 -1.200633 52930.96 974.4904 1.214181 52930.66 974.6153 1.089306 52930.4 974.7225 0.8906572 52930.2 974.8048 0.6317742 52930.08 974.8565 0.3302982 52930.03 974.8742 0.006774187 52930.08 974.8565 -0.3167498 52930.2 974.8048 -0.6182258 52930.4 974.7225 -0.8771088 52930.66 974.6153 -1.075758 52930.96 974.4904 -1.200633</float_array>
          <technique_common>
            <accessor source="#octagon_v1-mesh-positions-array" count="451" stride="3">
              <param name="X" type="float"/>
              <param name="Y" type="float"/>
              <param name="Z" type="float"/>
            </accessor>
          </technique_common>
        </source>
        <source id="octagon_v1-mesh-normals">
          <float_array id="octagon_v1-mesh-normals-array" count="1380">-0.03070217 0.01333683 0.9994396 -0.1986801 0.1801245 0.9633699 -0.2279149 0.1440796 0.9629622 -0.3899805 0.323356 0.8621811 -0.4380391 0.2440909 0.8651828 -0.5340228 0.4714586 0.7018166 -0.6148743 0.3548795 0.7042657 -0.6521965 0.5707101 0.4989288 -0.7505345 0.4359399 0.4966431 -0.7263407 0.6380164 0.2556644 -0.8348022 0.4860243 0.258623 -0.7472925 0.6644939 0.001342833 -0.8650932 0.5016112 -3.05191e-5 -0.7240043 0.6402905 -0.2566045 -0.8370475 0.481805 -0.2592598 -0.6503055 0.5739768 -0.497648 -0.7509273 0.4350221 -0.4968542 -0.5338394 0.474785 -0.6997104 -0.6150878 0.3586028 -0.7021902 -0.3849365 0.3242341 -0.8641158 -0.4378286 0.2461679 -0.8647009 -0.2006323 0.1781398 -0.9633343 -0.2296526 0.1476491 -0.9620081 -0.03070217 0.01333683 -0.9994396 -0.2675924 0.01400828 -0.9634304 -0.2619192 0.07706195 -0.9620082 -0.5060931 0.03210574 -0.8618811 -0.4903812 0.1419139 -0.8598761 -0.7058104 0.03882002 -0.7073364 -0.686101 0.1861668 -0.7032833 -0.8671051 0.05389648 -0.4952009 -0.8381676 0.2310881 -0.4940379 -0.9623357 0.05881071 -0.2654266 -0.9325836 0.2525487 -0.2578896 -0.9975799 0.06943106 0.003692805 -0.9658127 0.2592306 0.002319455 -0.9638565 0.05679613 0.260298 -0.9357625 0.2444012 0.254198 -0.8651276 0.06024485 0.4979206 -0.8346738 0.23976 0.4958174 -0.706971 0.04638874 0.7057197 -0.6894891 0.183176 0.7007507 -0.5063821 0.03341901 0.8616614 -0.4903753 0.1316274 0.861514 -0.2667947 0.01550346 0.9636287 -0.2603882 0.0740391 0.9626611 -0.01208567 0.02881032 0.9995118 -0.0162971 0.2682615 0.9632083 -0.07632929 0.2632613 0.9617003 -0.03317403 0.5011515 0.8647235 -0.1262894 0.4898675 0.8626013 -0.04660212 0.7104466 0.7022066 -0.1784788 0.6915749 0.6999068 -0.0573768 0.865108 0.4982932 -0.2216289 0.8371359 0.5000842 -0.06271731 0.9639244 0.2586823 -0.2512622 0.9323222 0.2600821 -0.06277722 0.9980267 0.001403808 -0.2566633 0.9665007 7.01933e-4 -0.06128287 0.9644736 -0.2569732 -0.2500141 0.933494 -0.2570641 -0.05661386 0.8655971 -0.4975306 -0.223586 0.8372114 -0.4990857 -0.04721295 0.7071266 -0.7055091 -0.1819254 0.6848528 -0.7056059 -0.03311282 0.5051462 -0.8623985 -0.1261339 0.4929387 -0.8608727 -0.01663273 0.266826 -0.9636012 -0.07245182 0.2696955 -0.9602161 -0.01208567 0.02881032 -0.9995118 -0.1721611 0.1931585 -0.9659454 -0.1373067 0.2316116 -0.9630696 -0.3333298 0.3748359 -0.865095 -0.2516038 0.4386281 -0.8627288 -0.4739957 0.5322877 -0.7014257 -0.3558219 0.6202698 -0.6990395 -0.5704995 0.6535429 -0.4974055 -0.4299578 0.7543795 -0.4960324 -0.6396815 0.723487 -0.2595654 -0.4842823 0.8355305 -0.2595372 -0.6577134 0.7532681 -7.01935e-4 -0.4954486 0.8686373 3.05192e-5 -0.6369023 0.725957 0.2595036 -0.4831495 0.8364703 0.2586197 -0.5720889 0.6488456 0.5017108 -0.4316993 0.7519717 0.498171 -0.4728651 0.5357347 0.699562 -0.3564613 0.6238073 0.6955573 -0.3326001 0.3791726 0.8634845 -0.2488263 0.4446095 0.8604696 -0.1719762 0.1933703 0.965936 -0.1366047 0.2255992 0.9645954 0.01245176 0.02905416 -0.9995003 0.01788419 0.2696672 -0.9627875 0.07074427 0.2604537 -0.9628911 0.0328691 0.5076862 -0.8609149 0.1299818 0.49658 -0.8582035 0.04730486 0.709634 -0.7029808 0.1823217 0.6862244 -0.7041697 0.05850416 0.8645312 -0.4991624 0.2212328 0.8364363 -0.5014284 0.06280815 0.9646764 -0.2558411 0.2504699 0.9341577 -0.2541932 0.06469988 0.9979047 5.79858e-4 0.2581944 0.9660927 8.54544e-4 0.2501078 0.9335019 0.2569442 0.5030775 0.864241 -7.62978e-4 0.4816533 0.8387885 0.2538583 0.6605915 0.7507457 -3.05194e-5 0.6373965 0.7260553 0.2580105 0.4336537 0.7536828 0.493869 0.5745306 0.6491814 0.4984759 0.3579913 0.6119118 0.7052703 0.4717673 0.530639 0.7041717 0.2539504 0.4452143 0.858658 0.3330903 0.3844546 0.8609562 0.1378847 0.2295333 0.9634845 0.1753916 0.1938859 0.9652182 0.01245188 0.02868825 0.9995109 0.06308215 0.9643916 0.2568455 0.2216882 0.8379231 0.4987376 0.05850505 0.8645445 0.4991395 0.1821682 0.6856106 0.7048071 0.04730486 0.709634 0.7029808 0.1298274 0.4951082 0.8590767 0.03289955 0.5075324 0.8610044 0.07013249 0.2620357 0.9625065 0.01791471 0.2667068 0.9636113 0.4837356 0.8382512 -0.2516646 0.6362929 0.7272398 -0.2573981 0.4342918 0.752335 -0.4953612 0.5745279 0.6492089 -0.498443 0.3563693 0.6155968 -0.7028809 0.4713704 0.5320428 -0.703378 0.2543803 0.4412209 -0.8605898 0.3346144 0.376487 -0.8638813 0.1377617 0.2300199 -0.9633861 0.1753911 0.1970595 -0.9645753 -0.08075278 -0.1941608 -0.9776403 0.0810883 -0.1949538 -0.9774547 0.1695946 -0.4132896 -0.8946673 -0.1684367 -0.4138739 -0.8946158 0.2561157 -0.6099838 -0.7498831 -0.2573704 -0.613105 -0.7469022 0.3169788 -0.7761495 -0.5450839 -0.3211201 -0.7756994 -0.5432978 0.3697351 -0.883244 -0.2884025 -0.3672713 -0.8841796 -0.2886837 0.378924 -0.9254279 0 -0.3815816 -0.9243351 0 -0.3672713 -0.8841796 0.2886837 0.3697712 -0.8832575 0.2883153 -0.3211201 -0.7756994 0.5432978 0.3169713 -0.7761616 0.5450711 -0.2573704 -0.613105 0.7469022 0.2560554 -0.6098939 0.7499767 -0.1684342 -0.4138373 0.8946332 0.1696267 -0.413324 0.8946452 -0.08075278 -0.1941608 0.9776403 0.08112055 -0.1949885 0.9774452 -0.1005309 -0.03976672 0.994139 -0.0543549 -0.02298104 0.9982572 -0.02539181 -0.01074266 0.9996199 -0.3077828 -0.1272332 0.9429112 -0.1749324 -0.0725426 0.9819044 -0.455828 -0.1892162 0.8697231 -0.6046202 -0.2514494 0.7557828 -0.7401323 -0.3059596 0.5988264 -0.8333419 -0.3432431 0.4332731 -0.8950483 -0.3715329 0.2466815 -0.9231979 -0.384325 0 -0.8950424 -0.3715431 -0.2466883 -0.8333436 -0.3432564 -0.4332593 -0.7401323 -0.3059596 -0.5988264 -0.6046202 -0.2514494 -0.7557828 -0.455828 -0.1892162 -0.8697231 -0.3077828 -0.1272332 -0.9429112 -0.1749324 -0.0725426 -0.9819044 -0.1005611 -0.0397666 -0.9941359 -0.0543549 -0.02301156 -0.9982565 -0.02539181 -0.01077318 -0.9996196 -0.7092958 -0.01001024 -0.70484 -0.02282845 -0.01464927 -0.9996321 0.2337771 0.09921789 -0.9672146 0.6041665 -0.3552789 -0.7132741 0.715092 -0.245068 -0.6546642 0.8211829 -0.1422809 -0.5526435 0.9068154 -0.0513637 -0.4183869 0.9618648 0.002868771 -0.2735106 0.994585 0.0303359 -0.09940052 0.9945655 0.03116023 0.09934055 0.9617716 0.001953184 0.2738458 0.9064117 -0.05325549 0.4190247 0.8197133 -0.145973 0.5538612 0.7151699 -0.2447991 0.6546797 0.6041858 -0.3552724 0.7132609 0.2313069 0.09656351 0.9680768 -0.02285897 -0.01464927 0.9996314 -0.7092953 -0.01007127 0.7048395 0.1943129 -0.08078312 -0.9776076 0.194284 -0.08075332 0.9776158 0.4135936 -0.1712726 0.894207 0.6117964 -0.2532519 0.7493789 0.7703693 -0.3186219 0.5522781 0.886035 -0.3705648 0.2786102 0.9257282 -0.3781896 0 0.8860617 -0.3705937 -0.278487 0.7703515 -0.3185967 -0.5523177 0.6117588 -0.2531878 -0.7494312 0.413628 -0.1713048 -0.8941848 0.9230716 0.3846284 0 0.6989089 -0.7151626 -0.00830096 0.710212 -0.7039878 3.23524e-4 0.7154413 -0.6986483 -0.005865514 0.6887732 -0.7249289 0.008337914 0.7190746 -0.6949198 0.004277408 0.7079231 -0.7062757 0.004432439 0 1 0 0 1 -3.18878e-4 0 1 1.5586e-4 0.1942836 0.0807836 -0.9776135 -0.03070217 -0.01336735 -0.9994392 -0.2668589 -0.01556473 -0.9636099 -0.5064985 -0.03347963 -0.8615906 -0.7069242 -0.04642021 -0.7057644 -0.8652825 -0.05743724 -0.497983 -0.9638438 -0.05688697 -0.2603251 -0.9975736 -0.0695222 -0.003692746 -0.9622036 -0.06134319 0.2653324 -0.8670728 -0.05386584 0.4952609 -0.7057013 -0.04052978 0.7073493 -0.5064608 -0.02227878 0.8619753 -0.2674995 -0.01403874 0.9634558 -0.03070217 -0.01336735 0.9994392 0.1943129 0.08078312 0.9776076 0.4135683 0.1712748 0.8942183 0.6115981 0.253154 0.7495739 0.7704206 0.3184043 0.5523322 0.8861542 0.3706246 0.2781516 0.9256252 0.3784415 -9.15584e-5 0.8861035 0.370629 -0.2783074 0.7704027 0.318379 -0.5523717 0.6115697 0.2531244 -0.749607 0.4135339 0.1712427 -0.8942403 -0.1986175 -0.1799093 -0.963423 -0.2278295 -0.1438392 -0.9630182 -0.3884509 -0.3323256 -0.8594567 -0.4361534 -0.2557835 -0.8627543 -0.5342719 -0.4698455 -0.7027082 -0.6151717 -0.3518231 -0.7055384 -0.6499727 -0.5745896 -0.4973754 -0.7497051 -0.4381647 -0.4959376 -0.7253578 -0.6394758 -0.2548076 -0.8349938 -0.4858284 -0.258372 -0.7473074 -0.6644766 -0.001617491 -0.8651615 -0.5014934 3.05193e-5 -0.7241333 -0.640266 0.2563017 -0.8361333 -0.4836675 0.2587414 -0.651553 -0.5721117 0.4981638 -0.7530754 -0.430756 0.4973196 -0.5351524 -0.4696279 0.7021835 -0.6166049 -0.3513342 0.7045301 -0.3845159 -0.3272002 0.8631846 -0.4369749 -0.2522112 0.8633902 -0.2007527 -0.1780468 0.9633264 -0.2296279 -0.1475307 0.9620321 -0.2616415 -0.07700002 0.9620888 -0.4906028 -0.1386201 0.8602869 -0.6854687 -0.1878782 0.7034447 -0.8388541 -0.2284982 0.4940773 -0.9315099 -0.257125 0.2572471 -0.9658301 -0.2591661 -0.002319395 -0.9363976 -0.2419582 -0.2541964 -0.8359056 -0.2345138 -0.4962512 -0.6893667 -0.1830539 -0.700903 -0.4898611 -0.1375493 -0.8608811 -0.2602952 -0.07403868 -0.9626862 -0.01208561 -0.02890181 -0.9995092 -0.01638853 -0.2681683 -0.9632328 -0.07532143 -0.2631369 -0.9618138 -0.0335409 -0.5010997 -0.8647394 -0.127328 -0.4897488 -0.8625159 -0.04678571 -0.7107894 -0.7018473 -0.179026 -0.6915969 -0.6997455 -0.05725413 -0.8654351 -0.4977389 -0.2216637 -0.8379762 -0.4986594 -0.06155663 -0.9644897 -0.2568473 -0.2510792 -0.9327195 -0.258831 -0.06402927 -0.9979479 4.27269e-4 -0.2544376 -0.9670888 -9.46092e-4 -0.06290042 -0.9638633 0.2588654 -0.2503523 -0.9327098 0.2595693 -0.222819 -0.8372574 0.4993513 -0.483671 -0.8360171 0.2591094 -0.4298327 -0.754954 0.4952659 -0.6361441 -0.7265117 0.2598107 -0.5726085 -0.6508303 0.4985375 -0.3558553 -0.6202443 0.6990451 -0.4736905 -0.5330812 0.7010291 -0.2514796 -0.4385938 0.8627824 -0.3327801 -0.3755373 0.8650024 -0.1368784 -0.2325255 0.9629103 -0.1722499 -0.1925451 0.9660521 -0.01208561 -0.02890181 0.9995092 -0.05725413 -0.8654351 0.4977389 -0.1818352 -0.6896188 0.7009721 -0.04678571 -0.7107894 0.7018473 -0.1275997 -0.4874486 0.8637778 -0.03354036 -0.5011225 0.8647262 -0.07220727 -0.2677101 0.96079 -0.01638853 -0.2681683 0.9632328 -0.6552813 -0.7553849 4.8831e-4 -0.4975844 -0.8674155 -4.88306e-4 -0.6369647 -0.7261416 -0.2588327 -0.4878522 -0.8331179 -0.2606049 -0.5713093 -0.6501085 -0.5009638 -0.4323434 -0.7513362 -0.4985713 -0.4712506 -0.5396446 -0.6976437 -0.3553367 -0.6258295 -0.694315 -0.2505962 -0.4392072 -0.8627274 -0.3328122 -0.3755697 -0.8649761 -0.1365742 -0.2267894 -0.9643206 -0.1722499 -0.1925451 -0.9660521 0.0124824 -0.02877968 0.9995079 -0.08081442 0.1942538 0.9776168 0.0811817 0.1951108 0.9774157 -0.1684952 0.4141424 0.8944805 0.1696881 0.4136911 0.8944639 -0.2570627 0.6126106 0.7474136 0.2558755 0.6096575 0.7502303 -0.321066 0.7753499 0.5438284 0.3169731 0.7757082 0.545715 -0.3674202 0.8845064 0.2874905 0.3698887 0.8833687 0.2878234 0.3787719 0.9254902 1.22076e-4 -0.3813668 0.9244238 0 0.3699511 0.883372 -0.287733 -0.3673871 0.8845307 -0.287458 0.3169731 0.7757082 -0.545715 -0.321066 0.7753499 -0.5438284 0.2558411 0.6096483 -0.7502495 -0.2570627 0.6126106 -0.7474136 0.1696584 0.4136933 -0.8944686 -0.1684973 0.4141172 -0.8944919 0.0811817 0.1951108 -0.9774157 -0.08081442 0.1942538 -0.9776168 0.01248234 -0.0288102 -0.999507 0.01806712 -0.2608141 -0.9652199 0.03369325 -0.5051857 -0.8623529 0.04785412 -0.7090837 -0.7034987 0.05755966 -0.8656236 -0.4973757 0.06302249 -0.9643208 -0.2571257 0.0652185 -0.9978709 6.40893e-4 0.06341826 -0.9642145 0.257427 0.05838304 -0.8647285 0.4988349 0.01797574 -0.2678052 0.9633054 0.03372335 -0.5009065 0.8648443 0.04736518 -0.711058 0.7015362 0.1755467 -0.1919965 -0.9655676 0.1374872 -0.2294099 -0.9635707 0.3340595 -0.3771521 -0.8638059 0.2544082 -0.4425288 -0.8599097 0.4710366 -0.5327774 -0.7030453 0.3565222 -0.6162384 -0.7022408 0.5746189 -0.6492694 -0.4982594 0.432794 -0.75462 -0.4931917 0.6361933 -0.7272307 -0.2576696 0.4796197 -0.8401814 -0.2531012 0.657761 -0.7532268 6.10394e-5 0.4994677 -0.8663322 -7.93484e-4 0.6387075 -0.724314 0.259658 0.4858002 -0.8370121 0.2518116 0.5751709 -0.6493639 0.4974988 0.435147 -0.7533434 0.493073 0.4716791 -0.5318025 0.7033527 0.3554919 -0.6164343 0.7025911 0.3335139 -0.3757219 0.8646396 0.2536134 -0.4411529 0.860851 0.175608 -0.1928514 0.9653861 0.1389522 -0.2312106 0.9629299 0.06982827 -0.2624055 0.9624279 0.1311689 -0.4941874 0.8594032 0.1824751 -0.6900118 0.700419 0.2217544 -0.8361113 0.50174 0.250809 -0.9335907 0.2559363 0.2606968 -0.9654207 -3.35714e-4 0.2530674 -0.9325527 -0.2574927 0.2217257 -0.8400551 -0.4951213 0.1823217 -0.6875061 -0.7029184 0.1307731 -0.4938555 -0.8596541 0.06982725 -0.2559927 -0.9641535 0.02676522 -0.01263487 -0.9995619 0.2611814 -0.008301138 -0.9652541 0.2606928 -0.06350994 -0.9633306 0.5053067 -0.02090561 -0.8626867 0.4934031 -0.1250675 -0.8607622 0.7090786 -0.04074287 -0.7039514 0.6898517 -0.1949554 -0.6972067 0.8608214 -0.05594146 -0.5058234 0.8372234 -0.2312412 -0.4955649 0.9668236 -0.08072376 -0.2423544 0.9308184 -0.2548084 -0.2620111 0.9981213 -0.06054949 -0.009369254 0.9674326 -0.2530359 -0.006866812 0.9646932 -0.07062005 0.2537317 0.9264239 -0.2617976 0.2705567 0.8614689 -0.05389708 0.5049422 0.8403156 -0.2236752 0.4938006 0.7104207 -0.04409986 0.7023943 0.6909327 -0.1868714 0.6983489 0.5045428 -0.0290237 0.8628988 0.4931235 -0.1313226 0.8599905 0.2623437 -0.01803684 0.9648059 0.2622228 -0.06964528 0.9624909 0.02676522 -0.01263487 0.9995619 0.1843045 -0.1760949 0.9669656 0.2287401 -0.1416998 0.9631195 0.3807243 -0.3348848 0.8619172 0.4441471 -0.262771 0.856554 0.5388218 -0.473449 0.6967907 0.6170988 -0.3612866 0.699043 0.6515886 -0.5706817 0.4997547 0.7506484 -0.436271 0.4961799 0.7273318 -0.635866 0.2581918 0.8375442 -0.4813827 0.2584384 0.7545182 -0.656278 0.001342773 0.8642668 -0.5030137 0.00451678 0.7282429 -0.6337868 -0.2607233 0.8329114 -0.4867272 -0.263354 0.6515294 -0.5728502 -0.4973451 0.7508034 -0.4377677 -0.494625 0.5378993 -0.4717644 -0.6986435 0.6180488 -0.3626012 -0.6975214 0.3807537 -0.3328085 -0.862708 0.4415751 -0.2544649 -0.8603831 0.1888231 -0.1769511 -0.965937 0.2295972 -0.1465845 -0.9621841 0.1660858 0.681251 0.7129605 -0.197763 0.08191293 0.9768214 -0.4156157 0.1717032 0.8931862 -0.6093771 0.2518751 0.7518103 -0.7740347 0.3217056 0.5453218 -0.8840171 0.3643679 0.292831 -0.922993 0.3848169 0 -0.8840269 0.3643414 -0.2928343 -0.7740271 0.321733 -0.5453164 -0.6093771 0.2518751 -0.7518103 -0.4156157 0.1717032 -0.8931862 -0.197763 0.08191293 -0.9768214 0.1660856 0.6812198 -0.7129904 0.3343352 0.6799929 -0.6525564 0.4854731 0.6800957 -0.5493503 0.6032525 0.6811998 -0.4147933 0.6808513 0.6828961 -0.2647535 0.7278283 0.6791803 -0.09476292 0.7278283 0.6791803 0.09476292 0.6808819 0.6828657 0.2647535 0.6032719 0.6811872 0.4147856 0.4854731 0.6800957 0.5493503 0.3343349 0.6800228 0.6525253</float_array>
          <technique_common>
            <accessor source="#octagon_v1-mesh-normals-array" count="460" stride="3">
              <param name="X" type="float"/>
              <param name="Y" type="float"/>
              <param name="Z" type="float"/>
            </accessor>
          </technique_common>
        </source>
        <source id="octagon_v1-mesh-map-0">
          <float_array id="octagon_v1-mesh-map-0-array" count="5412">-0.19635 -0.458149 -0.163625 -0.490874 -0.163625 -0.458149 -0.163625 -0.458149 -0.163625 -0.490874 -0.1309 -0.490874 -0.163625 -0.458149 -0.1309 -0.490874 -0.1309 -0.458149 -0.1309 -0.458149 -0.1309 -0.490874 -0.09817498 -0.490874 -0.1309 -0.458149 -0.09817498 -0.490874 -0.09817498 -0.458149 -0.09817498 -0.458149 -0.09817498 -0.490874 -0.06544995 -0.490874 -0.09817498 -0.458149 -0.06544995 -0.490874 -0.06544995 -0.458149 -0.06544995 -0.458149 -0.06544995 -0.490874 -0.03272491 -0.490874 -0.06544995 -0.458149 -0.03272491 -0.490874 -0.03272491 -0.458149 -0.03272491 -0.458149 -0.03272491 -0.490874 0 -0.490874 -0.03272491 -0.458149 0 -0.490874 0 -0.458149 0 -0.458149 0 -0.490874 0.03272491 -0.490874 0 -0.458149 0.03272491 -0.490874 0.03272491 -0.458149 0.03272491 -0.458149 0.03272491 -0.490874 0.06544995 -0.490874 0.03272491 -0.458149 0.06544995 -0.490874 0.06544995 -0.458149 0.06544995 -0.458149 0.06544995 -0.490874 0.09817498 -0.490874 0.06544995 -0.458149 0.09817498 -0.490874 0.09817498 -0.458149 0.09817498 -0.458149 0.09817498 -0.490874 0.1309 -0.490874 0.09817498 -0.458149 0.1309 -0.490874 0.1309 -0.458149 0.1309 -0.458149 0.1309 -0.490874 0.163625 -0.490874 0.1309 -0.458149 0.163625 -0.490874 0.163625 -0.458149 0.163625 -0.458149 0.163625 -0.490874 0.19635 -0.490874 0.19635 -0.425424 0.163625 -0.392699 0.163625 -0.425424 0.163625 -0.425424 0.163625 -0.392699 0.1309 -0.392699 0.163625 -0.425424 0.1309 -0.392699 0.1309 -0.425424 0.1309 -0.425424 0.1309 -0.392699 0.09817498 -0.392699 0.1309 -0.425424 0.09817498 -0.392699 0.09817498 -0.425424 0.09817498 -0.425424 0.09817498 -0.392699 0.06544995 -0.392699 0.09817498 -0.425424 0.06544995 -0.392699 0.06544995 -0.425424 0.06544995 -0.425424 0.06544995 -0.392699 0.03272491 -0.392699 0.06544995 -0.425424 0.03272491 -0.392699 0.03272491 -0.425424 0.03272491 -0.425424 0.03272491 -0.392699 0 -0.392699 0.03272491 -0.425424 0 -0.392699 0 -0.425424 0 -0.425424 0 -0.392699 -0.03272491 -0.392699 0 -0.425424 -0.03272491 -0.392699 -0.03272491 -0.425424 -0.03272491 -0.425424 -0.03272491 -0.392699 -0.06544995 -0.392699 -0.03272491 -0.425424 -0.06544995 -0.392699 -0.06544995 -0.425424 -0.06544995 -0.425424 -0.06544995 -0.392699 -0.09817498 -0.392699 -0.06544995 -0.425424 -0.09817498 -0.392699 -0.09817498 -0.425424 -0.09817498 -0.425424 -0.09817498 -0.392699 -0.1309 -0.392699 -0.09817498 -0.425424 -0.1309 -0.392699 -0.1309 -0.425424 -0.1309 -0.425424 -0.1309 -0.392699 -0.163625 -0.392699 -0.1309 -0.425424 -0.163625 -0.392699 -0.163625 -0.425424 -0.163625 -0.425424 -0.163625 -0.392699 -0.19635 -0.392699 0.163625 -0.458149 0.19635 -0.458149 0.163625 -0.425424 -0.163625 -0.425424 -0.19635 -0.425424 -0.163625 -0.458149 0.163625 -0.425424 0.1309 -0.425424 0.163625 -0.458149 0.163625 -0.458149 0.1309 -0.425424 0.1309 -0.458149 0.1309 -0.425424 0.09817498 -0.425424 0.1309 -0.458149 0.1309 -0.458149 0.09817498 -0.425424 0.09817498 -0.458149 0.09817498 -0.425424 0.06544995 -0.425424 0.09817498 -0.458149 0.09817498 -0.458149 0.06544995 -0.425424 0.06544995 -0.458149 0.06544995 -0.425424 0.03272491 -0.425424 0.06544995 -0.458149 0.06544995 -0.458149 0.03272491 -0.425424 0.03272491 -0.458149 0.03272491 -0.425424 0 -0.425424 0.03272491 -0.458149 0.03272491 -0.458149 0 -0.425424 0 -0.458149 0 -0.425424 -0.03272491 -0.425424 0 -0.458149 0 -0.458149 -0.03272491 -0.425424 -0.03272491 -0.458149 -0.03272491 -0.425424 -0.06544995 -0.425424 -0.03272491 -0.458149 -0.03272491 -0.458149 -0.06544995 -0.425424 -0.06544995 -0.458149 -0.06544995 -0.425424 -0.09817498 -0.425424 -0.06544995 -0.458149 -0.06544995 -0.458149 -0.09817498 -0.425424 -0.09817498 -0.458149 -0.163625 -0.425424 -0.163625 -0.458149 -0.1309 -0.458149 -0.09817498 -0.425424 -0.1309 -0.425424 -0.09817498 -0.458149 -0.09817498 -0.458149 -0.1309 -0.425424 -0.1309 -0.458149 -0.1309 -0.425424 -0.163625 -0.425424 -0.1309 -0.458149 -0.19635 0.229074 -0.163625 0.19635 -0.163625 0.229074 -0.163625 0.229074 -0.163625 0.19635 -0.1309 0.19635 -0.163625 0.229074 -0.1309 0.19635 -0.1309 0.229074 -0.1309 0.229074 -0.1309 0.19635 -0.09817498 0.19635 -0.1309 0.229074 -0.09817498 0.19635 -0.09817498 0.229074 -0.09817498 0.229074 -0.09817498 0.19635 -0.06544995 0.19635 -0.09817498 0.229074 -0.06544995 0.19635 -0.06544995 0.229074 -0.06544995 0.229074 -0.06544995 0.19635 -0.03272491 0.19635 -0.06544995 0.229074 -0.03272491 0.19635 -0.03272491 0.229074 -0.03272491 0.229074 -0.03272491 0.19635 0 0.19635 -0.03272491 0.229074 0 0.19635 0 0.229074 0 0.229074 0 0.19635 0.03272491 0.19635 0 0.229074 0.03272491 0.19635 0.03272491 0.229074 0.03272491 0.229074 0.03272491 0.19635 0.06544995 0.19635 0.03272491 0.229074 0.06544995 0.19635 0.06544995 0.229074 0.06544995 0.229074 0.06544995 0.19635 0.09817498 0.19635 0.06544995 0.229074 0.09817498 0.19635 0.09817498 0.229074 0.09817498 0.229074 0.09817498 0.19635 0.1309 0.19635 0.09817498 0.229074 0.1309 0.19635 0.1309 0.229074 0.1309 0.229074 0.1309 0.19635 0.163625 0.19635 0.1309 0.229074 0.163625 0.19635 0.163625 0.229074 0.163625 0.229074 0.163625 0.19635 0.19635 0.19635 0.19635 0.261799 0.163625 0.294524 0.163625 0.261799 0.163625 0.261799 0.163625 0.294524 0.1309 0.294524 0.163625 0.261799 0.1309 0.294524 0.1309 0.261799 0.1309 0.261799 0.1309 0.294524 0.09817498 0.294524 0.1309 0.261799 0.09817498 0.294524 0.09817498 0.261799 0.09817498 0.261799 0.09817498 0.294524 0.06544995 0.294524 0.09817498 0.261799 0.06544995 0.294524 0.06544995 0.261799 0.06544995 0.261799 0.06544995 0.294524 0.03272491 0.294524 0.06544995 0.261799 0.03272491 0.294524 0.03272491 0.261799 0.03272491 0.261799 0.03272491 0.294524 0 0.294524 0.03272491 0.261799 0 0.294524 0 0.261799 0 0.261799 0 0.294524 -0.03272491 0.294524 0 0.261799 -0.03272491 0.294524 -0.03272491 0.261799 -0.03272491 0.261799 -0.03272491 0.294524 -0.06544995 0.294524 -0.03272491 0.261799 -0.06544995 0.294524 -0.06544995 0.261799 -0.06544995 0.261799 -0.06544995 0.294524 -0.09817498 0.294524 -0.06544995 0.261799 -0.09817498 0.294524 -0.09817498 0.261799 -0.09817498 0.261799 -0.09817498 0.294524 -0.1309 0.294524 -0.09817498 0.261799 -0.1309 0.294524 -0.1309 0.261799 -0.1309 0.261799 -0.1309 0.294524 -0.163625 0.294524 -0.1309 0.261799 -0.163625 0.294524 -0.163625 0.261799 -0.163625 0.261799 -0.163625 0.294524 -0.19635 0.294524 0.163625 0.229074 0.19635 0.229074 0.163625 0.261799 -0.163625 0.261799 -0.19635 0.261799 -0.163625 0.229074 0.163625 0.261799 0.1309 0.261799 0.163625 0.229074 0.163625 0.229074 0.1309 0.261799 0.1309 0.229074 0.1309 0.261799 0.09817498 0.261799 0.1309 0.229074 0.1309 0.229074 0.09817498 0.261799 0.09817498 0.229074 0.09817498 0.261799 0.06544995 0.261799 0.09817498 0.229074 0.09817498 0.229074 0.06544995 0.261799 0.06544995 0.229074 0.06544995 0.261799 0.03272491 0.261799 0.06544995 0.229074 0.06544995 0.229074 0.03272491 0.261799 0.03272491 0.229074 0.03272491 0.261799 0 0.261799 0.03272491 0.229074 0.03272491 0.229074 0 0.261799 0 0.229074 0 0.261799 -0.03272491 0.261799 0 0.229074 0 0.229074 -0.03272491 0.261799 -0.03272491 0.229074 -0.03272491 0.261799 -0.06544995 0.261799 -0.03272491 0.229074 -0.03272491 0.229074 -0.06544995 0.261799 -0.06544995 0.229074 -0.06544995 0.261799 -0.09817498 0.261799 -0.06544995 0.229074 -0.06544995 0.229074 -0.09817498 0.261799 -0.09817498 0.229074 -0.163625 0.261799 -0.163625 0.229074 -0.1309 0.229074 -0.09817498 0.261799 -0.1309 0.261799 -0.09817498 0.229074 -0.09817498 0.229074 -0.1309 0.261799 -0.1309 0.229074 -0.1309 0.261799 -0.163625 0.261799 -0.1309 0.229074 0.19635 -0.621774 0.163625 -0.589049 0.163625 -0.621774 0.163625 -0.621774 0.163625 -0.589049 0.1309 -0.589049 0.163625 -0.621774 0.1309 -0.589049 0.1309 -0.621774 0.1309 -0.621774 0.1309 -0.589049 0.09817498 -0.589049 0.1309 -0.621774 0.09817498 -0.589049 0.09817498 -0.621774 0.09817498 -0.621774 0.09817498 -0.589049 0.06544995 -0.589049 0.09817498 -0.621774 0.06544995 -0.589049 0.06544995 -0.621774 0.06544995 -0.621774 0.06544995 -0.589049 0.03272491 -0.589049 0.06544995 -0.621774 0.03272491 -0.589049 0.03272491 -0.621774 0.03272491 -0.621774 0.03272491 -0.589049 0 -0.589049 0.03272491 -0.621774 0 -0.589049 0 -0.621774 0 -0.621774 0 -0.589049 -0.03272491 -0.621774 0 -0.621774 -0.03272491 -0.621774 0 -0.654499 0 -0.654499 -0.03272491 -0.621774 -0.03272491 -0.654499 0 -0.654499 -0.03272491 -0.654499 0 -0.687224 0 -0.687224 -0.03272491 -0.654499 -0.03272491 -0.687224 -0.03272491 -0.687224 -0.03272491 -0.654499 -0.06544995 -0.654499 -0.03272491 -0.687224 -0.06544995 -0.654499 -0.06544995 -0.687224 -0.06544995 -0.687224 -0.06544995 -0.654499 -0.09817498 -0.654499 -0.06544995 -0.687224 -0.09817498 -0.654499 -0.09817498 -0.687224 -0.09817498 -0.687224 -0.09817498 -0.654499 -0.1309 -0.654499 -0.09817498 -0.687224 -0.1309 -0.654499 -0.1309 -0.687224 -0.1309 -0.687224 -0.1309 -0.654499 -0.163625 -0.654499 -0.1309 -0.687224 -0.163625 -0.654499 -0.163625 -0.687224 -0.163625 -0.687224 -0.163625 -0.654499 -0.19635 -0.654499 0 -0.589049 -0.03272491 -0.589049 -0.03272491 -0.621774 -0.03272491 -0.621774 -0.03272491 -0.589049 -0.06544995 -0.621774 -0.03272491 -0.621774 -0.06544995 -0.621774 -0.03272491 -0.654499 -0.03272491 -0.654499 -0.06544995 -0.621774 -0.06544995 -0.654499 -0.03272491 -0.589049 -0.06544995 -0.589049 -0.06544995 -0.621774 -0.06544995 -0.621774 -0.06544995 -0.589049 -0.09817498 -0.621774 -0.06544995 -0.621774 -0.09817498 -0.621774 -0.06544995 -0.654499 -0.06544995 -0.654499 -0.09817498 -0.621774 -0.09817498 -0.654499 -0.06544995 -0.589049 -0.09817498 -0.589049 -0.09817498 -0.621774 -0.09817498 -0.621774 -0.09817498 -0.589049 -0.1309 -0.621774 -0.09817498 -0.621774 -0.1309 -0.621774 -0.09817498 -0.654499 -0.09817498 -0.654499 -0.1309 -0.621774 -0.1309 -0.654499 -0.09817498 -0.589049 -0.1309 -0.589049 -0.1309 -0.621774 -0.1309 -0.621774 -0.1309 -0.589049 -0.163625 -0.621774 -0.1309 -0.621774 -0.163625 -0.621774 -0.1309 -0.654499 -0.1309 -0.654499 -0.163625 -0.621774 -0.163625 -0.654499 -0.1309 -0.589049 -0.163625 -0.589049 -0.163625 -0.621774 -0.163625 -0.621774 -0.163625 -0.589049 -0.19635 -0.589049 0 -0.654499 0 -0.687224 0.03272491 -0.654499 0.03272491 -0.654499 0 -0.687224 0.03272491 -0.687224 0.03272491 -0.654499 0.03272491 -0.687224 0.06544995 -0.654499 0.06544995 -0.654499 0.03272491 -0.687224 0.06544995 -0.687224 0.06544995 -0.654499 0.06544995 -0.687224 0.09817498 -0.654499 0.09817498 -0.654499 0.06544995 -0.687224 0.09817498 -0.687224 0.09817498 -0.654499 0.09817498 -0.687224 0.1309 -0.654499 0.1309 -0.654499 0.09817498 -0.687224 0.1309 -0.687224 0.1309 -0.654499 0.1309 -0.687224 0.163625 -0.654499 0.163625 -0.654499 0.1309 -0.687224 0.163625 -0.687224 0.163625 -0.654499 0.163625 -0.687224 0.19635 -0.687224 -0.163625 -0.621774 -0.19635 -0.621774 -0.163625 -0.654499 0.163625 -0.654499 0.19635 -0.654499 0.163625 -0.621774 0 -0.654499 0.03272491 -0.654499 0 -0.621774 0 -0.621774 0.03272491 -0.654499 0.03272491 -0.621774 0.03272491 -0.654499 0.06544995 -0.654499 0.03272491 -0.621774 0.03272491 -0.621774 0.06544995 -0.654499 0.06544995 -0.621774 0.06544995 -0.654499 0.09817498 -0.654499 0.06544995 -0.621774 0.06544995 -0.621774 0.09817498 -0.654499 0.09817498 -0.621774 0.163625 -0.654499 0.163625 -0.621774 0.1309 -0.621774 0.09817498 -0.654499 0.1309 -0.654499 0.09817498 -0.621774 0.09817498 -0.621774 0.1309 -0.654499 0.1309 -0.621774 0.1309 -0.654499 0.163625 -0.654499 0.1309 -0.621774 -5.578482 -0.229075 5.578482 -0.229074 -5.591883 -0.19635 -5.591883 -0.19635 5.578482 -0.229074 5.591883 -0.19635 -5.591883 -0.19635 5.591883 -0.19635 -5.591883 -0.163625 -5.591883 -0.163625 5.591883 -0.19635 5.591883 -0.163625 -5.591883 -0.163625 5.591883 -0.163625 -5.591883 -0.1309 -5.591883 -0.1309 5.591883 -0.163625 5.591883 -0.1309 -5.591883 -0.1309 5.591883 -0.1309 -5.591883 -0.09817498 -5.591883 -0.09817498 5.591883 -0.1309 5.591883 -0.09817498 -5.591883 -0.09817498 5.591883 -0.09817498 -5.591883 -0.06544995 -5.591883 -0.06544995 5.591883 -0.09817498 5.591883 -0.06544995 -5.591883 -0.06544995 5.591883 -0.06544995 -5.591883 -0.03272491 -5.591883 -0.03272491 5.591883 -0.06544995 5.591883 -0.03272491 -5.591883 -0.03272491 5.591883 -0.03272491 -5.591883 0 -5.591883 0 5.591883 -0.03272491 5.591883 0 -5.591883 0 5.591883 0 5.591883 0.03272491 5.578482 -0.229074 -5.578482 -0.229075 5.565995 -0.261799 5.565995 -0.261799 -5.578482 -0.229075 -5.565995 -0.261799 5.565995 -0.261799 -5.565995 -0.261799 5.555271 -0.294524 5.555271 -0.294524 -5.565995 -0.261799 -5.555271 -0.294524 5.555271 -0.294524 -5.555271 -0.294524 5.547043 -0.327249 5.547043 -0.327249 -5.555271 -0.294524 -5.547043 -0.327249 5.547043 -0.327249 -5.547043 -0.327249 5.541871 -0.359974 5.541871 -0.359974 -5.547043 -0.327249 -5.541871 -0.359974 5.541871 -0.359974 -5.541871 -0.359974 5.540106 -0.392699 5.540106 -0.392699 -5.541871 -0.359974 -5.540106 -0.392699 5.540106 0.392699 -5.540106 0.392699 -5.541871 0.359974 5.540106 0.392699 -5.541871 0.359974 5.541871 0.359974 5.541871 0.359974 -5.541871 0.359974 -5.547043 0.327249 5.541871 0.359974 -5.547043 0.327249 5.547043 0.327249 5.547043 0.327249 -5.547043 0.327249 -5.555271 0.294524 5.547043 0.327249 -5.555271 0.294524 5.555271 0.294524 5.555271 0.294524 -5.555271 0.294524 -5.565995 0.261799 5.555271 0.294524 -5.565995 0.261799 5.565995 0.261799 5.565995 0.261799 -5.565995 0.261799 -5.578482 0.229075 5.565995 0.261799 -5.578482 0.229075 5.578482 0.229074 5.578482 0.229074 -5.578482 0.229075 -5.591883 0.19635 5.578482 0.229074 -5.591883 0.19635 5.591883 0.19635 5.591883 0.19635 -5.591883 0.19635 -5.591883 0.163625 5.591883 0.19635 -5.591883 0.163625 5.591883 0.163625 5.591883 0.163625 -5.591883 0.163625 -5.591883 0.1309 5.591883 0.163625 -5.591883 0.1309 5.591883 0.1309 5.591883 0.1309 -5.591883 0.1309 -5.591883 0.09817498 5.591883 0.1309 -5.591883 0.09817498 5.591883 0.09817498 5.591883 0.09817498 -5.591883 0.09817498 -5.591883 0.06544995 5.591883 0.09817498 -5.591883 0.06544995 5.591883 0.06544995 5.591883 0.06544995 -5.591883 0.06544995 -5.591883 0.03272491 5.591883 0.06544995 -5.591883 0.03272491 5.591883 0.03272491 5.591883 0.03272491 -5.591883 0.03272491 -5.591883 0 5.577923 0.22907 -5.587023 0.209294 5.591324 0.196346 5.591324 0.196346 -5.587023 0.209294 -5.589358 0.203525 5.591324 0.196346 -5.589358 0.203525 -5.590523 0.200485 5.565436 0.261794 -5.572952 0.244547 5.577923 0.22907 5.577923 0.22907 -5.572952 0.244547 -5.582132 0.2213349 5.577923 0.22907 -5.582132 0.2213349 -5.587023 0.209294 -5.572952 0.244547 5.565436 0.261794 -5.564065 0.268822 -5.564065 0.268822 5.565436 0.261794 5.554712 0.294518 -5.564065 0.268822 5.554712 0.294518 -5.55632 0.292832 -5.55632 0.292832 5.554712 0.294518 -5.549845 0.317092 -5.549845 0.317092 5.554712 0.294518 5.546484 0.327243 -5.549845 0.317092 5.546484 0.327243 -5.544803 0.342371 -5.544803 0.342371 5.546484 0.327243 5.541311 0.359967 -5.544803 0.342371 5.541311 0.359967 -5.541775 0.367151 -5.541775 0.367151 5.541311 0.359967 5.539547 0.392691 -5.541775 0.367151 5.539547 0.392691 -5.540661 0.392691 -5.540661 -0.392691 5.539547 -0.392691 -5.541775 -0.367151 -5.541775 -0.367151 5.539547 -0.392691 5.541311 -0.359967 -5.541775 -0.367151 5.541311 -0.359967 -5.544803 -0.342371 -5.544803 -0.342371 5.541311 -0.359967 5.546484 -0.327243 -5.544803 -0.342371 5.546484 -0.327243 -5.549845 -0.317092 -5.549845 -0.317092 5.546484 -0.327243 5.554712 -0.294518 -5.549845 -0.317092 5.554712 -0.294518 -5.55632 -0.292832 -5.55632 -0.292832 5.554712 -0.294518 -5.564065 -0.268822 -5.564065 -0.268822 5.554712 -0.294518 5.565436 -0.261794 -5.564065 -0.268822 5.565436 -0.261794 -5.572952 -0.244547 -5.572952 -0.244547 5.565436 -0.261794 5.577923 -0.22907 -5.572952 -0.244547 5.577923 -0.22907 -5.582132 -0.2213349 -5.582132 -0.2213349 5.577923 -0.22907 -5.587023 -0.209294 -5.587023 -0.209294 5.577923 -0.22907 5.591324 -0.196346 -5.587023 -0.209294 5.591324 -0.196346 -5.589358 -0.203525 -5.589358 -0.203525 5.591324 -0.196346 -5.590523 -0.200485 -5.590523 -0.200485 5.591324 -0.196346 -5.591018 -0.199023 -5.591018 -0.199023 5.591324 -0.196346 -5.591229 -0.198237 -5.591229 -0.198237 5.591324 -0.196346 -5.591324 -0.197464 -5.591324 -0.197464 5.591324 -0.196346 -5.591324 -0.167085 -5.591324 -0.167085 5.591324 -0.196346 5.591324 -0.163621 -5.591324 -0.167085 5.591324 -0.163621 -5.591324 -0.1367059 -5.591324 -0.1367059 5.591324 -0.163621 5.591324 -0.130897 -5.591324 -0.1367059 5.591324 -0.130897 -5.591324 -0.1063269 -5.591324 -0.1063269 5.591324 -0.130897 5.591324 -0.09817296 -5.591324 -0.1063269 5.591324 -0.09817296 -5.591324 -0.07594799 -5.591324 -0.07594799 5.591324 -0.09817296 5.591324 -0.06544899 -5.591324 -0.07594799 5.591324 -0.06544899 -5.591324 -0.045569 -5.591324 -0.045569 5.591324 -0.06544899 5.591324 -0.03272396 -5.591324 -0.045569 5.591324 -0.03272396 -5.591324 -0.01518988 -5.591324 -0.01518988 5.591324 -0.03272396 5.591324 0 -5.591324 -0.01518988 5.591324 0 -5.591324 0.01518988 -5.591324 0.01518988 5.591324 0 5.591324 0.03272396 -5.591324 0.01518988 5.591324 0.03272396 -5.591324 0.045569 -5.591324 0.045569 5.591324 0.03272396 5.591324 0.06544899 -5.591324 0.045569 5.591324 0.06544899 -5.591324 0.07594799 -5.591324 0.07594799 5.591324 0.06544899 5.591324 0.09817296 -5.591324 0.07594799 5.591324 0.09817296 -5.591324 0.1063269 -5.591324 0.1063269 5.591324 0.09817296 5.591324 0.130897 -5.591324 0.1063269 5.591324 0.130897 -5.591324 0.1367059 -5.591324 0.1367059 5.591324 0.130897 5.591324 0.163621 -5.591324 0.1367059 5.591324 0.163621 -5.591324 0.167085 -5.591324 0.167085 5.591324 0.163621 5.591324 0.196346 -5.591324 0.167085 5.591324 0.196346 -5.591324 0.197464 -5.591324 0.197464 5.591324 0.196346 -5.591229 0.198237 -5.591229 0.198237 5.591324 0.196346 -5.591018 0.199023 -5.591018 0.199023 5.591324 0.196346 -5.590523 0.200485 -5.578482 -0.229074 5.578482 -0.229074 -5.591883 -0.19635 -5.591883 -0.19635 5.578482 -0.229074 5.591883 -0.19635 -5.591883 -0.19635 5.591883 -0.19635 -5.591883 -0.163625 -5.591883 -0.163625 5.591883 -0.19635 5.591883 -0.163625 -5.591883 -0.163625 5.591883 -0.163625 -5.591883 -0.1309 -5.591883 -0.1309 5.591883 -0.163625 5.591883 -0.1309 -5.591883 -0.1309 5.591883 -0.1309 -5.591883 -0.09817498 -5.591883 -0.09817498 5.591883 -0.1309 5.591883 -0.09817498 -5.591883 -0.09817498 5.591883 -0.09817498 -5.591883 -0.06544995 -5.591883 -0.06544995 5.591883 -0.09817498 5.591883 -0.06544995 -5.591883 -0.06544995 5.591883 -0.06544995 -5.591883 -0.03272491 -5.591883 -0.03272491 5.591883 -0.06544995 5.591883 -0.03272491 -5.591883 -0.03272491 5.591883 -0.03272491 -5.591883 0 -5.591883 0 5.591883 -0.03272491 5.591883 0 -5.591883 0 5.591883 0 -5.591883 0.03272491 -5.591883 0.03272491 5.591883 0 5.591883 0.03272491 -5.591883 0.03272491 5.591883 0.03272491 -5.591883 0.06544995 -5.591883 0.06544995 5.591883 0.03272491 5.591883 0.06544995 -5.591883 0.06544995 5.591883 0.06544995 -5.591883 0.09817498 -5.591883 0.09817498 5.591883 0.06544995 5.591883 0.09817498 -5.591883 0.09817498 5.591883 0.09817498 -5.591883 0.1309 -5.591883 0.1309 5.591883 0.09817498 5.591883 0.1309 -5.591883 0.1309 5.591883 0.1309 -5.591883 0.163625 -5.591883 0.163625 5.591883 0.1309 5.591883 0.163625 -5.591883 0.163625 5.591883 0.163625 -5.591883 0.19635 -5.591883 0.19635 5.591883 0.163625 5.591883 0.19635 -5.591883 0.19635 5.591883 0.19635 -5.578482 0.229074 -5.578482 0.229074 5.591883 0.19635 5.578482 0.229074 -5.578482 0.229074 5.578482 0.229074 -5.565995 0.261799 -5.565995 0.261799 5.578482 0.229074 5.565995 0.261799 -5.565995 0.261799 5.565995 0.261799 -5.555271 0.294524 -5.555271 0.294524 5.565995 0.261799 5.555271 0.294524 -5.555271 0.294524 5.555271 0.294524 -5.547043 0.327249 -5.547043 0.327249 5.555271 0.294524 5.547043 0.327249 -5.547043 0.327249 5.547043 0.327249 -5.541871 0.359974 -5.541871 0.359974 5.547043 0.327249 5.541871 0.359974 -5.541871 0.359974 5.541871 0.359974 -5.540106 0.392699 -5.540106 0.392699 5.541871 0.359974 5.540106 0.392699 -5.540106 -0.392699 5.540106 -0.392699 -5.541871 -0.359974 -5.541871 -0.359974 5.540106 -0.392699 5.541871 -0.359974 -5.541871 -0.359974 5.541871 -0.359974 -5.547043 -0.327249 -5.547043 -0.327249 5.541871 -0.359974 5.547043 -0.327249 -5.547043 -0.327249 5.547043 -0.327249 -5.555271 -0.294524 -5.555271 -0.294524 5.547043 -0.327249 5.555271 -0.294524 -5.555271 -0.294524 5.555271 -0.294524 -5.565995 -0.261799 -5.565995 -0.261799 5.555271 -0.294524 5.565995 -0.261799 -5.565995 -0.261799 5.565995 -0.261799 -5.578482 -0.229074 -5.578482 -0.229074 5.565995 -0.261799 5.578482 -0.229074 0 -0.09872996 0 -0.08354097 -0.125 -0.09872996 0 -0.08354097 0 -0.06835198 -0.125 -0.08227497 0 -0.06835198 0 -0.05316191 -0.125 -0.06581997 0 -0.05316191 0 -0.03797292 -0.125 -0.04936498 0 -0.03797292 0 -0.02278399 -0.125 -0.03290992 0 -0.02278399 0 -0.007594943 -0.125 -0.01645499 0 -0.007594943 0 0.007594943 -0.125 0 0 0.007594943 0 0.02278399 -0.125 0.01645499 0 0.02278399 0 0.03797292 -0.125 0.03290992 0 0.03797292 0 0.05316191 -0.125 0.04936498 0 0.05316191 0 0.06835198 -0.125 0.06581997 0 0.06835198 0 0.08354097 -0.125 0.08227497 0 0.08354097 0 0.09872996 -0.125 0.09872996 -0.12499 -0.126582 0 -0.125 -0.121681 -0.09638696 -0.121681 -0.09638696 0 -0.125 -0.111187 -0.06788098 -0.111187 -0.06788098 0 -0.125 -0.09412598 -0.04274892 -0.09412598 -0.04274892 0 -0.125 0.09412598 -0.04274892 -0.09412598 -0.04274892 0.09412598 -0.04274892 -0.07150799 -0.02247399 -0.07150799 -0.02247399 0.09412598 -0.04274892 0.07150799 -0.02247399 -0.07150799 -0.02247399 0.07150799 -0.02247399 -0.04466694 -0.008252978 -0.04466694 -0.008252978 0.07150799 -0.02247399 0.04466694 -0.008252978 -0.04466694 -0.008252978 0.04466694 -0.008252978 -0.01518791 -9.26e-4 -0.01518791 -9.26e-4 0.04466694 -0.008252978 0.01518791 -9.26e-4 0.12499 -0.126582 0.121681 -0.09638696 0 -0.125 0 -0.125 0.121681 -0.09638696 0.111187 -0.06788098 0 -0.125 0.111187 -0.06788098 0.09412598 -0.04274892 -5.578482 -0.229074 5.578482 -0.229074 -5.591883 -0.19635 -5.591883 -0.19635 5.578482 -0.229074 5.591883 -0.19635 -5.591883 -0.19635 5.591883 -0.19635 -5.591883 -0.163625 -5.591883 -0.163625 5.591883 -0.19635 5.591883 -0.163625 -5.591883 -0.163625 5.591883 -0.163625 -5.591883 -0.1309 -5.591883 -0.1309 5.591883 -0.163625 5.591883 -0.1309 -5.591883 -0.1309 5.591883 -0.1309 -5.591883 -0.09817498 -5.591883 -0.09817498 5.591883 -0.1309 5.591883 -0.09817498 -5.591883 -0.09817498 5.591883 -0.09817498 -5.591883 -0.06544995 -5.591883 -0.06544995 5.591883 -0.09817498 5.591883 -0.06544995 -5.591883 -0.06544995 5.591883 -0.06544995 -5.591883 -0.03272491 -5.591883 -0.03272491 5.591883 -0.06544995 5.591883 -0.03272491 -5.591883 -0.03272491 5.591883 -0.03272491 -5.591883 0 -5.591883 0 5.591883 -0.03272491 5.591883 0 -5.591883 0 5.591883 0 -5.591883 0.03272491 -5.591883 0.03272491 5.591883 0 5.591883 0.03272491 -5.591883 0.03272491 5.591883 0.03272491 -5.591883 0.06544995 -5.591883 0.06544995 5.591883 0.03272491 5.591883 0.06544995 -5.591883 0.06544995 5.591883 0.06544995 -5.591883 0.09817498 -5.591883 0.09817498 5.591883 0.06544995 5.591883 0.09817498 -5.591883 0.09817498 5.591883 0.09817498 -5.591883 0.1309 -5.591883 0.1309 5.591883 0.09817498 5.591883 0.1309 -5.591883 0.1309 5.591883 0.1309 -5.591883 0.163625 -5.591883 0.163625 5.591883 0.1309 5.591883 0.163625 -5.591883 0.163625 5.591883 0.163625 -5.591883 0.19635 -5.591883 0.19635 5.591883 0.163625 5.591883 0.19635 -5.591883 0.19635 5.591883 0.19635 -5.578482 0.229074 -5.578482 0.229074 5.591883 0.19635 5.578482 0.229074 -5.578482 0.229074 5.578482 0.229074 -5.565995 0.261799 -5.565995 0.261799 5.578482 0.229074 5.565995 0.261799 -5.565995 0.261799 5.565995 0.261799 -5.555271 0.294524 -5.555271 0.294524 5.565995 0.261799 5.555271 0.294524 -5.555271 0.294524 5.555271 0.294524 -5.547043 0.327249 -5.547043 0.327249 5.555271 0.294524 5.547043 0.327249 -5.547043 0.327249 5.547043 0.327249 -5.541871 0.359974 -5.541871 0.359974 5.547043 0.327249 5.541871 0.359974 -5.541871 0.359974 5.541871 0.359974 -5.540106 0.392699 -5.540106 0.392699 5.541871 0.359974 5.540106 0.392699 -5.540106 -0.392699 5.540106 -0.392699 -5.541871 -0.359974 -5.541871 -0.359974 5.540106 -0.392699 5.541871 -0.359974 -5.541871 -0.359974 5.541871 -0.359974 -5.547043 -0.327249 -5.547043 -0.327249 5.541871 -0.359974 5.547043 -0.327249 -5.547043 -0.327249 5.547043 -0.327249 -5.555271 -0.294524 -5.555271 -0.294524 5.547043 -0.327249 5.555271 -0.294524 -5.555271 -0.294524 5.555271 -0.294524 -5.565995 -0.261799 -5.565995 -0.261799 5.555271 -0.294524 5.565995 -0.261799 -5.565995 -0.261799 5.565995 -0.261799 -5.578482 -0.229074 -5.578482 -0.229074 5.565995 -0.261799 5.578482 -0.229074 0.19635 -0.327249 0.163625 -0.294524 0.163625 -0.327249 0.163625 -0.327249 0.163625 -0.294524 0.1309 -0.294524 0.163625 -0.327249 0.1309 -0.294524 0.1309 -0.327249 0.1309 -0.327249 0.1309 -0.294524 0.09817498 -0.294524 0.1309 -0.327249 0.09817498 -0.294524 0.09817498 -0.327249 0.09817498 -0.327249 0.09817498 -0.294524 0.06544995 -0.294524 0.09817498 -0.327249 0.06544995 -0.294524 0.06544995 -0.327249 0.06544995 -0.327249 0.06544995 -0.294524 0.03272491 -0.294524 0.06544995 -0.327249 0.03272491 -0.294524 0.03272491 -0.327249 0.03272491 -0.327249 0.03272491 -0.294524 0 -0.294524 0.03272491 -0.327249 0 -0.294524 0 -0.327249 0 -0.327249 0 -0.294524 -0.03272491 -0.294524 0 -0.327249 -0.03272491 -0.294524 -0.03272491 -0.327249 -0.03272491 -0.327249 -0.03272491 -0.294524 -0.06544995 -0.294524 -0.03272491 -0.327249 -0.06544995 -0.294524 -0.06544995 -0.327249 -0.06544995 -0.327249 -0.06544995 -0.294524 -0.09817498 -0.294524 -0.06544995 -0.327249 -0.09817498 -0.294524 -0.09817498 -0.327249 -0.09817498 -0.327249 -0.09817498 -0.294524 -0.1309 -0.294524 -0.09817498 -0.327249 -0.1309 -0.294524 -0.1309 -0.327249 -0.1309 -0.327249 -0.1309 -0.294524 -0.163625 -0.294524 -0.1309 -0.327249 -0.163625 -0.294524 -0.163625 -0.327249 -0.163625 -0.327249 -0.163625 -0.294524 -0.19635 -0.294524 -0.19635 -0.359974 -0.163625 -0.392699 -0.163625 -0.359974 -0.163625 -0.359974 -0.163625 -0.392699 -0.1309 -0.392699 -0.163625 -0.359974 -0.1309 -0.392699 -0.1309 -0.359974 -0.1309 -0.359974 -0.1309 -0.392699 -0.09817498 -0.392699 -0.1309 -0.359974 -0.09817498 -0.392699 -0.09817498 -0.359974 -0.09817498 -0.359974 -0.09817498 -0.392699 -0.06544995 -0.392699 -0.09817498 -0.359974 -0.06544995 -0.392699 -0.06544995 -0.359974 -0.06544995 -0.359974 -0.06544995 -0.392699 -0.03272491 -0.392699 -0.06544995 -0.359974 -0.03272491 -0.392699 -0.03272491 -0.359974 -0.03272491 -0.359974 -0.03272491 -0.392699 0 -0.392699 -0.03272491 -0.359974 0 -0.392699 0 -0.359974 0 -0.359974 0 -0.392699 0.03272491 -0.392699 0 -0.359974 0.03272491 -0.392699 0.03272491 -0.359974 0.03272491 -0.359974 0.03272491 -0.392699 0.06544995 -0.392699 0.03272491 -0.359974 0.06544995 -0.392699 0.06544995 -0.359974 0.06544995 -0.359974 0.06544995 -0.392699 0.09817498 -0.392699 0.06544995 -0.359974 0.09817498 -0.392699 0.09817498 -0.359974 0.09817498 -0.359974 0.09817498 -0.392699 0.1309 -0.392699 0.09817498 -0.359974 0.1309 -0.392699 0.1309 -0.359974 0.1309 -0.359974 0.1309 -0.392699 0.163625 -0.392699 0.1309 -0.359974 0.163625 -0.392699 0.163625 -0.359974 0.163625 -0.359974 0.163625 -0.392699 0.19635 -0.392699 -0.163625 -0.327249 -0.19635 -0.327249 -0.163625 -0.359974 0.163625 -0.359974 0.19635 -0.359974 0.163625 -0.327249 -0.163625 -0.359974 -0.1309 -0.359974 -0.163625 -0.327249 -0.163625 -0.327249 -0.1309 -0.359974 -0.1309 -0.327249 -0.1309 -0.359974 -0.09817498 -0.359974 -0.1309 -0.327249 -0.1309 -0.327249 -0.09817498 -0.359974 -0.09817498 -0.327249 -0.09817498 -0.359974 -0.06544995 -0.359974 -0.09817498 -0.327249 -0.09817498 -0.327249 -0.06544995 -0.359974 -0.06544995 -0.327249 -0.06544995 -0.359974 -0.03272491 -0.359974 -0.06544995 -0.327249 -0.06544995 -0.327249 -0.03272491 -0.359974 -0.03272491 -0.327249 -0.03272491 -0.359974 0 -0.359974 -0.03272491 -0.327249 -0.03272491 -0.327249 0 -0.359974 0 -0.327249 0 -0.359974 0.03272491 -0.359974 0 -0.327249 0 -0.327249 0.03272491 -0.359974 0.03272491 -0.327249 0.03272491 -0.359974 0.06544995 -0.359974 0.03272491 -0.327249 0.03272491 -0.327249 0.06544995 -0.359974 0.06544995 -0.327249 0.06544995 -0.359974 0.09817498 -0.359974 0.06544995 -0.327249 0.06544995 -0.327249 0.09817498 -0.359974 0.09817498 -0.327249 0.163625 -0.359974 0.163625 -0.327249 0.1309 -0.327249 0.09817498 -0.359974 0.1309 -0.359974 0.09817498 -0.327249 0.09817498 -0.327249 0.1309 -0.359974 0.1309 -0.327249 0.1309 -0.359974 0.163625 -0.359974 0.1309 -0.327249 0.19635 -0.229074 0.163625 -0.19635 0.163625 -0.229074 0.163625 -0.229074 0.163625 -0.19635 0.1309 -0.19635 0.163625 -0.229074 0.1309 -0.19635 0.1309 -0.229074 0.1309 -0.229074 0.1309 -0.19635 0.09817498 -0.19635 0.1309 -0.229074 0.09817498 -0.19635 0.09817498 -0.229074 0.09817498 -0.229074 0.09817498 -0.19635 0.06544995 -0.19635 0.09817498 -0.229074 0.06544995 -0.19635 0.06544995 -0.229074 0.06544995 -0.229074 0.06544995 -0.19635 0.03272491 -0.19635 0.06544995 -0.229074 0.03272491 -0.19635 0.03272491 -0.229074 0.03272491 -0.229074 0.03272491 -0.19635 0 -0.19635 0.03272491 -0.229074 0 -0.19635 0 -0.229074 0 -0.229074 0 -0.19635 -0.03272491 -0.19635 0 -0.229074 -0.03272491 -0.19635 -0.03272491 -0.229074 -0.03272491 -0.229074 -0.03272491 -0.19635 -0.06544995 -0.229074 -0.03272491 -0.229074 -0.06544995 -0.229074 -0.03272491 -0.261799 -0.03272491 -0.261799 -0.06544995 -0.229074 -0.06544995 -0.261799 -0.03272491 -0.261799 -0.06544995 -0.261799 -0.03272491 -0.294524 -0.03272491 -0.294524 -0.06544995 -0.261799 -0.06544995 -0.294524 -0.06544995 -0.294524 -0.06544995 -0.261799 -0.09817498 -0.261799 -0.06544995 -0.294524 -0.09817498 -0.261799 -0.09817498 -0.294524 -0.09817498 -0.294524 -0.09817498 -0.261799 -0.1309 -0.261799 -0.09817498 -0.294524 -0.1309 -0.261799 -0.1309 -0.294524 -0.1309 -0.294524 -0.1309 -0.261799 -0.163625 -0.261799 -0.1309 -0.294524 -0.163625 -0.261799 -0.163625 -0.294524 -0.163625 -0.294524 -0.163625 -0.261799 -0.19635 -0.261799 -0.03272491 -0.19635 -0.06544995 -0.19635 -0.06544995 -0.229074 -0.06544995 -0.229074 -0.06544995 -0.19635 -0.09817498 -0.229074 -0.06544995 -0.229074 -0.09817498 -0.229074 -0.06544995 -0.261799 -0.06544995 -0.261799 -0.09817498 -0.229074 -0.09817498 -0.261799 -0.06544995 -0.19635 -0.09817498 -0.19635 -0.09817498 -0.229074 -0.09817498 -0.229074 -0.09817498 -0.19635 -0.1309 -0.229074 -0.09817498 -0.229074 -0.1309 -0.229074 -0.09817498 -0.261799 -0.09817498 -0.261799 -0.1309 -0.229074 -0.1309 -0.261799 -0.09817498 -0.19635 -0.1309 -0.19635 -0.1309 -0.229074 -0.1309 -0.229074 -0.1309 -0.19635 -0.163625 -0.229074 -0.1309 -0.229074 -0.163625 -0.229074 -0.1309 -0.261799 -0.1309 -0.261799 -0.163625 -0.229074 -0.163625 -0.261799 -0.1309 -0.19635 -0.163625 -0.19635 -0.163625 -0.229074 -0.163625 -0.229074 -0.163625 -0.19635 -0.19635 -0.19635 -0.03272491 -0.294524 0 -0.294524 -0.03272491 -0.261799 -0.03272491 -0.261799 0 -0.294524 0 -0.261799 -0.03272491 -0.261799 0 -0.261799 -0.03272491 -0.229074 -0.03272491 -0.229074 0 -0.261799 0 -0.229074 0 -0.294524 0.03272491 -0.294524 0 -0.261799 0 -0.261799 0.03272491 -0.294524 0.03272491 -0.261799 0 -0.261799 0.03272491 -0.261799 0 -0.229074 0 -0.229074 0.03272491 -0.261799 0.03272491 -0.229074 0.03272491 -0.294524 0.06544995 -0.294524 0.03272491 -0.261799 0.03272491 -0.261799 0.06544995 -0.294524 0.06544995 -0.261799 0.03272491 -0.261799 0.06544995 -0.261799 0.03272491 -0.229074 0.03272491 -0.229074 0.06544995 -0.261799 0.06544995 -0.229074 0.06544995 -0.294524 0.09817498 -0.294524 0.06544995 -0.261799 0.06544995 -0.261799 0.09817498 -0.294524 0.09817498 -0.261799 0.06544995 -0.261799 0.09817498 -0.261799 0.06544995 -0.229074 0.06544995 -0.229074 0.09817498 -0.261799 0.09817498 -0.229074 0.09817498 -0.261799 0.09817498 -0.294524 0.1309 -0.261799 0.1309 -0.261799 0.09817498 -0.294524 0.1309 -0.294524 0.1309 -0.261799 0.1309 -0.294524 0.163625 -0.261799 0.163625 -0.261799 0.1309 -0.294524 0.163625 -0.294524 0.163625 -0.261799 0.163625 -0.294524 0.19635 -0.294524 -0.163625 -0.229074 -0.19635 -0.229074 -0.163625 -0.261799 0.163625 -0.261799 0.19635 -0.261799 0.163625 -0.229074 0.163625 -0.261799 0.163625 -0.229074 0.1309 -0.229074 0.09817498 -0.261799 0.1309 -0.261799 0.09817498 -0.229074 0.09817498 -0.229074 0.1309 -0.261799 0.1309 -0.229074 0.1309 -0.261799 0.163625 -0.261799 0.1309 -0.229074 -5.591883 0.163625 5.591883 0.19635 -5.591883 0.19635 -5.591883 0.19635 5.591883 0.19635 5.578482 0.229074 -5.591883 0.19635 5.578482 0.229074 -5.578482 0.229074 -5.578482 0.229074 5.578482 0.229074 5.565995 0.261799 -5.578482 0.229074 5.565995 0.261799 -5.565995 0.261799 -5.565995 0.261799 5.565995 0.261799 5.555271 0.294524 -5.565995 0.261799 5.555271 0.294524 -5.555271 0.294524 -5.555271 0.294524 5.555271 0.294524 5.547043 0.327249 -5.555271 0.294524 5.547043 0.327249 -5.547043 0.327249 -5.547043 0.327249 5.547043 0.327249 5.541871 0.359974 -5.547043 0.327249 5.541871 0.359974 -5.541871 0.359974 -5.541871 0.359974 5.541871 0.359974 -5.540106 0.392699 -5.540106 0.392699 5.541871 0.359974 5.540106 0.392699 -5.540106 -0.392699 5.540106 -0.392699 -5.541871 -0.359974 -5.541871 -0.359974 5.540106 -0.392699 5.541871 -0.359974 -5.541871 -0.359974 5.541871 -0.359974 -5.547043 -0.327249 -5.547043 -0.327249 5.541871 -0.359974 5.547043 -0.327249 -5.547043 -0.327249 5.547043 -0.327249 -5.555271 -0.294524 -5.555271 -0.294524 5.547043 -0.327249 5.555271 -0.294524 -5.555271 -0.294524 5.555271 -0.294524 -5.565995 -0.261799 -5.565995 -0.261799 5.555271 -0.294524 5.565995 -0.261799 -5.565995 -0.261799 5.565995 -0.261799 -5.578482 -0.229074 -5.578482 -0.229074 5.565995 -0.261799 5.578482 -0.229074 -5.578482 -0.229074 5.578482 -0.229074 -5.591883 -0.19635 -5.591883 -0.19635 5.578482 -0.229074 5.591883 -0.19635 -5.591883 -0.19635 5.591883 -0.19635 -5.591883 -0.163625 -5.591883 -0.163625 5.591883 -0.19635 5.591883 -0.163625 -5.591883 -0.163625 5.591883 -0.163625 -5.591883 -0.1309 -5.591883 -0.1309 5.591883 -0.163625 5.591883 -0.1309 -5.591883 -0.1309 5.591883 -0.1309 -5.591883 -0.09817498 -5.591883 -0.09817498 5.591883 -0.1309 5.591883 -0.09817498 -5.591883 -0.09817498 5.591883 -0.09817498 -5.591883 -0.06544995 -5.591883 -0.06544995 5.591883 -0.09817498 5.591883 -0.06544995 -5.591883 -0.06544995 5.591883 -0.06544995 -5.591883 -0.03272491 -5.591883 -0.03272491 5.591883 -0.06544995 5.591883 -0.03272491 -5.591883 -0.03272491 5.591883 -0.03272491 -5.591883 0 -5.591883 0 5.591883 -0.03272491 5.591883 0 -5.591883 0 5.591883 0 -5.591883 0.03272491 -5.591883 0.03272491 5.591883 0 5.591883 0.03272491 -5.591883 0.03272491 5.591883 0.03272491 5.591883 0.06544995 5.591883 0.19635 -5.591883 0.163625 5.591883 0.163625 5.591883 0.163625 -5.591883 0.163625 -5.591883 0.1309 5.591883 0.163625 -5.591883 0.1309 5.591883 0.1309 5.591883 0.1309 -5.591883 0.1309 -5.591883 0.09817498 5.591883 0.1309 -5.591883 0.09817498 5.591883 0.09817498 5.591883 0.09817498 -5.591883 0.09817498 -5.591883 0.06544995 5.591883 0.09817498 -5.591883 0.06544995 5.591883 0.06544995 5.591883 0.06544995 -5.591883 0.06544995 -5.591883 0.03272491 -5.578482 -0.229074 5.591883 -0.19635 -5.591883 -0.19635 -5.591883 -0.19635 5.591883 -0.19635 5.591883 -0.163625 -5.591883 -0.19635 5.591883 -0.163625 -5.591883 -0.163625 -5.591883 -0.163625 5.591883 -0.163625 5.591883 -0.1309 -5.591883 -0.163625 5.591883 -0.1309 -5.591883 -0.1309 -5.591883 -0.1309 5.591883 -0.1309 5.591883 -0.09817498 -5.591883 -0.1309 5.591883 -0.09817498 -5.591883 -0.09817498 -5.591883 -0.09817498 5.591883 -0.09817498 5.591883 -0.06544995 -5.591883 -0.09817498 5.591883 -0.06544995 -5.591883 -0.06544995 -5.591883 -0.06544995 5.591883 -0.06544995 5.591883 -0.03272491 -5.591883 -0.06544995 5.591883 -0.03272491 -5.591883 -0.03272491 -5.591883 -0.03272491 5.591883 -0.03272491 -5.591883 0 -5.591883 0 5.591883 -0.03272491 5.591883 0 -5.591883 0 5.591883 0 -5.591883 0.03272491 -5.591883 0.03272491 5.591883 0 5.591883 0.03272491 -5.591883 0.03272491 5.591883 0.03272491 -5.591883 0.06544995 -5.591883 0.06544995 5.591883 0.03272491 5.591883 0.06544995 -5.591883 0.06544995 5.591883 0.06544995 -5.591883 0.09817498 -5.591883 0.09817498 5.591883 0.06544995 5.591883 0.09817498 -5.591883 0.09817498 5.591883 0.09817498 -5.591883 0.1309 -5.591883 0.1309 5.591883 0.09817498 5.591883 0.1309 -5.591883 0.1309 5.591883 0.1309 -5.591883 0.163625 -5.591883 0.163625 5.591883 0.1309 5.591883 0.163625 -5.591883 0.163625 5.591883 0.163625 -5.591883 0.19635 -5.591883 0.19635 5.591883 0.163625 5.591883 0.19635 -5.591883 0.19635 5.591883 0.19635 -5.578482 0.229074 -5.578482 0.229074 5.591883 0.19635 5.578482 0.229074 -5.578482 0.229074 5.578482 0.229074 -5.565995 0.261799 -5.565995 0.261799 5.578482 0.229074 5.565995 0.261799 -5.565995 0.261799 5.565995 0.261799 -5.555271 0.294524 -5.555271 0.294524 5.565995 0.261799 5.555271 0.294524 -5.555271 0.294524 5.555271 0.294524 -5.547043 0.327249 -5.547043 0.327249 5.555271 0.294524 5.547043 0.327249 -5.547043 0.327249 5.547043 0.327249 -5.541871 0.359974 -5.541871 0.359974 5.547043 0.327249 5.541871 0.359974 -5.541871 0.359974 5.541871 0.359974 -5.540106 0.392699 -5.540106 0.392699 5.541871 0.359974 5.540106 0.392699 -5.540106 -0.392699 5.540106 -0.392699 -5.541871 -0.359974 -5.541871 -0.359974 5.540106 -0.392699 5.541871 -0.359974 -5.541871 -0.359974 5.541871 -0.359974 5.547043 -0.327249 5.591883 -0.19635 -5.578482 -0.229074 5.578482 -0.229074 5.578482 -0.229074 -5.578482 -0.229074 -5.565995 -0.261799 5.578482 -0.229074 -5.565995 -0.261799 5.565995 -0.261799 5.565995 -0.261799 -5.565995 -0.261799 -5.555271 -0.294524 5.565995 -0.261799 -5.555271 -0.294524 5.555271 -0.294524 5.555271 -0.294524 -5.555271 -0.294524 -5.547043 -0.327249 5.555271 -0.294524 -5.547043 -0.327249 5.547043 -0.327249 5.547043 -0.327249 -5.547043 -0.327249 -5.541871 -0.359974 0.19635 -0.1309 0.163625 -0.09817498 0.163625 -0.1309 0.163625 -0.1309 0.163625 -0.09817498 0.1309 -0.09817498 0.163625 -0.1309 0.1309 -0.09817498 0.1309 -0.1309 0.1309 -0.1309 0.1309 -0.09817498 0.09817498 -0.09817498 0.1309 -0.1309 0.09817498 -0.09817498 0.09817498 -0.1309 0.09817498 -0.1309 0.09817498 -0.09817498 0.06544995 -0.09817498 0.09817498 -0.1309 0.06544995 -0.09817498 0.06544995 -0.1309 0.06544995 -0.1309 0.06544995 -0.09817498 0.03272491 -0.09817498 0.06544995 -0.1309 0.03272491 -0.09817498 0.03272491 -0.1309 0.03272491 -0.1309 0.03272491 -0.09817498 0 -0.09817498 0.03272491 -0.1309 0 -0.09817498 0 -0.1309 0 -0.1309 0 -0.09817498 -0.03272491 -0.09817498 0 -0.1309 -0.03272491 -0.09817498 -0.03272491 -0.1309 -0.03272491 -0.1309 -0.03272491 -0.09817498 -0.06544995 -0.09817498 -0.03272491 -0.1309 -0.06544995 -0.09817498 -0.06544995 -0.1309 -0.06544995 -0.1309 -0.06544995 -0.09817498 -0.09817498 -0.09817498 -0.06544995 -0.1309 -0.09817498 -0.09817498 -0.09817498 -0.1309 -0.09817498 -0.1309 -0.09817498 -0.09817498 -0.1309 -0.09817498 -0.09817498 -0.1309 -0.1309 -0.09817498 -0.1309 -0.1309 -0.1309 -0.1309 -0.1309 -0.09817498 -0.163625 -0.09817498 -0.1309 -0.1309 -0.163625 -0.09817498 -0.163625 -0.1309 -0.163625 -0.1309 -0.163625 -0.09817498 -0.19635 -0.09817498 -0.19635 -0.163625 -0.163625 -0.19635 -0.163625 -0.163625 -0.163625 -0.163625 -0.163625 -0.19635 -0.1309 -0.19635 -0.163625 -0.163625 -0.1309 -0.19635 -0.1309 -0.163625 -0.1309 -0.163625 -0.1309 -0.19635 -0.09817498 -0.19635 -0.1309 -0.163625 -0.09817498 -0.19635 -0.09817498 -0.163625 -0.09817498 -0.163625 -0.09817498 -0.19635 -0.06544995 -0.19635 -0.09817498 -0.163625 -0.06544995 -0.19635 -0.06544995 -0.163625 -0.06544995 -0.163625 -0.06544995 -0.19635 -0.03272491 -0.19635 -0.06544995 -0.163625 -0.03272491 -0.19635 -0.03272491 -0.163625 -0.03272491 -0.163625 -0.03272491 -0.19635 0 -0.19635 -0.03272491 -0.163625 0 -0.19635 0 -0.163625 0 -0.163625 0 -0.19635 0.03272491 -0.19635 0 -0.163625 0.03272491 -0.19635 0.03272491 -0.163625 0.03272491 -0.163625 0.03272491 -0.19635 0.06544995 -0.19635 0.03272491 -0.163625 0.06544995 -0.19635 0.06544995 -0.163625 0.06544995 -0.163625 0.06544995 -0.19635 0.09817498 -0.19635 0.06544995 -0.163625 0.09817498 -0.19635 0.09817498 -0.163625 0.09817498 -0.163625 0.09817498 -0.19635 0.1309 -0.19635 0.09817498 -0.163625 0.1309 -0.19635 0.1309 -0.163625 0.1309 -0.163625 0.1309 -0.19635 0.163625 -0.19635 0.1309 -0.163625 0.163625 -0.19635 0.163625 -0.163625 0.163625 -0.163625 0.163625 -0.19635 0.19635 -0.19635 -0.163625 -0.1309 -0.19635 -0.1309 -0.163625 -0.163625 0.163625 -0.163625 0.19635 -0.163625 0.163625 -0.1309 -0.163625 -0.163625 -0.1309 -0.163625 -0.163625 -0.1309 -0.163625 -0.1309 -0.1309 -0.163625 -0.1309 -0.1309 -0.1309 -0.163625 -0.09817498 -0.163625 -0.1309 -0.1309 -0.1309 -0.1309 -0.09817498 -0.163625 -0.09817498 -0.1309 -0.09817498 -0.163625 -0.06544995 -0.163625 -0.09817498 -0.1309 -0.09817498 -0.1309 -0.06544995 -0.163625 -0.06544995 -0.1309 -0.06544995 -0.163625 -0.03272491 -0.163625 -0.06544995 -0.1309 -0.06544995 -0.1309 -0.03272491 -0.163625 -0.03272491 -0.1309 -0.03272491 -0.163625 0 -0.163625 -0.03272491 -0.1309 -0.03272491 -0.1309 0 -0.163625 0 -0.1309 0 -0.163625 0.03272491 -0.163625 0 -0.1309 0 -0.1309 0.03272491 -0.163625 0.03272491 -0.1309 0.03272491 -0.163625 0.06544995 -0.163625 0.03272491 -0.1309 0.03272491 -0.1309 0.06544995 -0.163625 0.06544995 -0.1309 0.06544995 -0.163625 0.09817498 -0.163625 0.06544995 -0.1309 0.06544995 -0.1309 0.09817498 -0.163625 0.09817498 -0.1309 0.163625 -0.163625 0.163625 -0.1309 0.1309 -0.1309 0.09817498 -0.163625 0.1309 -0.163625 0.09817498 -0.1309 0.09817498 -0.1309 0.1309 -0.163625 0.1309 -0.1309 0.1309 -0.163625 0.163625 -0.163625 0.1309 -0.1309 0.19635 -0.03272491 0.163625 0 0.163625 -0.03272491 0.163625 -0.03272491 0.163625 0 0.1309 0 0.163625 -0.03272491 0.1309 0 0.1309 -0.03272491 0.1309 -0.03272491 0.1309 0 0.09817498 0 0.1309 -0.03272491 0.09817498 0 0.09817498 -0.03272491 0.09817498 -0.03272491 0.09817498 0 0.06544995 0 0.09817498 -0.03272491 0.06544995 0 0.06544995 -0.03272491 0.06544995 -0.03272491 0.06544995 0 0.03272491 0 0.06544995 -0.03272491 0.03272491 0 0.03272491 -0.03272491 0.03272491 -0.03272491 0.03272491 0 0 0 0.03272491 -0.03272491 0 0 0 -0.03272491 0 -0.03272491 0 0 -0.03272491 0 0 -0.03272491 -0.03272491 0 -0.03272491 -0.03272491 -0.03272491 -0.03272491 -0.03272491 0 -0.06544995 0 -0.03272491 -0.03272491 -0.06544995 0 -0.06544995 -0.03272491 -0.06544995 -0.03272491 -0.06544995 0 -0.09817498 0 -0.06544995 -0.03272491 -0.09817498 0 -0.09817498 -0.03272491 -0.09817498 -0.03272491 -0.09817498 0 -0.1309 0 -0.09817498 -0.03272491 -0.1309 0 -0.1309 -0.03272491 -0.1309 -0.03272491 -0.1309 0 -0.163625 0 -0.1309 -0.03272491 -0.163625 0 -0.163625 -0.03272491 -0.163625 -0.03272491 -0.163625 0 -0.19635 0 -0.19635 -0.06544995 -0.163625 -0.09817498 -0.163625 -0.06544995 -0.163625 -0.06544995 -0.163625 -0.09817498 -0.1309 -0.09817498 -0.163625 -0.06544995 -0.1309 -0.09817498 -0.1309 -0.06544995 -0.1309 -0.06544995 -0.1309 -0.09817498 -0.09817498 -0.09817498 -0.1309 -0.06544995 -0.09817498 -0.09817498 -0.09817498 -0.06544995 -0.09817498 -0.06544995 -0.09817498 -0.09817498 -0.06544995 -0.09817498 -0.09817498 -0.06544995 -0.06544995 -0.09817498 -0.06544995 -0.06544995 -0.06544995 -0.06544995 -0.06544995 -0.09817498 -0.03272491 -0.09817498 -0.06544995 -0.06544995 -0.03272491 -0.09817498 -0.03272491 -0.06544995 -0.03272491 -0.06544995 -0.03272491 -0.09817498 0 -0.09817498 -0.03272491 -0.06544995 0 -0.09817498 0 -0.06544995 0 -0.06544995 0 -0.09817498 0.03272491 -0.09817498 0 -0.06544995 0.03272491 -0.09817498 0.03272491 -0.06544995 0.03272491 -0.06544995 0.03272491 -0.09817498 0.06544995 -0.09817498 0.03272491 -0.06544995 0.06544995 -0.09817498 0.06544995 -0.06544995 0.06544995 -0.06544995 0.06544995 -0.09817498 0.09817498 -0.09817498 0.06544995 -0.06544995 0.09817498 -0.09817498 0.09817498 -0.06544995 0.09817498 -0.06544995 0.09817498 -0.09817498 0.1309 -0.09817498 0.09817498 -0.06544995 0.1309 -0.09817498 0.1309 -0.06544995 0.1309 -0.06544995 0.1309 -0.09817498 0.163625 -0.09817498 0.1309 -0.06544995 0.163625 -0.09817498 0.163625 -0.06544995 0.163625 -0.06544995 0.163625 -0.09817498 0.19635 -0.09817498 -0.163625 -0.03272491 -0.19635 -0.03272491 -0.163625 -0.06544995 0.163625 -0.06544995 0.19635 -0.06544995 0.163625 -0.03272491 -0.163625 -0.06544995 -0.1309 -0.06544995 -0.163625 -0.03272491 -0.163625 -0.03272491 -0.1309 -0.06544995 -0.1309 -0.03272491 -0.1309 -0.06544995 -0.09817498 -0.06544995 -0.1309 -0.03272491 -0.1309 -0.03272491 -0.09817498 -0.06544995 -0.09817498 -0.03272491 -0.09817498 -0.06544995 -0.06544995 -0.06544995 -0.09817498 -0.03272491 -0.09817498 -0.03272491 -0.06544995 -0.06544995 -0.06544995 -0.03272491 -0.06544995 -0.06544995 -0.03272491 -0.06544995 -0.06544995 -0.03272491 -0.06544995 -0.03272491 -0.03272491 -0.06544995 -0.03272491 -0.03272491 -0.03272491 -0.06544995 0 -0.06544995 -0.03272491 -0.03272491 -0.03272491 -0.03272491 0 -0.06544995 0 -0.03272491 0 -0.06544995 0.03272491 -0.06544995 0 -0.03272491 0 -0.03272491 0.03272491 -0.06544995 0.03272491 -0.03272491 0.03272491 -0.06544995 0.06544995 -0.06544995 0.03272491 -0.03272491 0.03272491 -0.03272491 0.06544995 -0.06544995 0.06544995 -0.03272491 0.06544995 -0.06544995 0.09817498 -0.06544995 0.06544995 -0.03272491 0.06544995 -0.03272491 0.09817498 -0.06544995 0.09817498 -0.03272491 0.163625 -0.06544995 0.163625 -0.03272491 0.1309 -0.03272491 0.09817498 -0.06544995 0.1309 -0.06544995 0.09817498 -0.03272491 0.09817498 -0.03272491 0.1309 -0.06544995 0.1309 -0.03272491 0.1309 -0.06544995 0.163625 -0.06544995 0.1309 -0.03272491 5.591883 0.1674799 5.591883 0.197931 -5.591883 0.19635 -5.591883 0.19635 5.591883 0.197931 5.591404 0.198544 -5.591883 0.19635 5.591404 0.198544 5.590997 0.19925 5.590997 0.19925 5.590313 0.200634 -5.591883 0.19635 -5.591883 0.19635 5.590313 0.200634 5.58899 0.203609 -5.591883 0.19635 5.58899 0.203609 5.586576 0.209345 -5.591883 0.19635 5.586576 0.209345 -5.578482 0.229074 -5.578482 0.229074 5.586576 0.209345 5.581625 0.221361 -5.578482 0.229074 5.581625 0.221361 5.572424 0.2445639 -5.578482 0.229074 5.572424 0.2445639 -5.565995 0.261799 -5.565995 0.261799 5.572424 0.2445639 5.563528 0.268835 -5.565995 0.261799 5.563528 0.268835 -5.555271 0.294524 -5.555271 0.294524 5.563528 0.268835 5.555778 0.292842 -5.555271 0.294524 5.555778 0.292842 5.5493 0.317102 -5.555271 0.294524 5.5493 0.317102 -5.547043 0.327249 -5.547043 0.327249 5.5493 0.317102 5.544257 0.34238 -5.547043 0.327249 5.544257 0.34238 -5.541871 0.359974 -5.541871 0.359974 5.544257 0.34238 5.541228 0.367159 -5.541871 0.359974 5.541228 0.367159 -5.540106 0.392699 -5.540106 0.392699 5.541228 0.367159 5.540113 0.392699 -5.540106 -0.392699 5.540113 -0.392699 5.541228 -0.367159 -5.540106 -0.392699 5.541228 -0.367159 -5.541871 -0.359974 -5.541871 -0.359974 5.541228 -0.367159 5.544257 -0.34238 -5.541871 -0.359974 5.544257 -0.34238 -5.547043 -0.327249 -5.547043 -0.327249 5.544257 -0.34238 5.5493 -0.317102 -5.547043 -0.327249 5.5493 -0.317102 -5.555271 -0.294524 -5.555271 -0.294524 5.5493 -0.317102 5.555778 -0.292842 -5.555271 -0.294524 5.555778 -0.292842 5.563528 -0.268835 -5.555271 -0.294524 5.563528 -0.268835 -5.565995 -0.261799 -5.565995 -0.261799 5.563528 -0.268835 5.572424 -0.2445639 -5.565995 -0.261799 5.572424 -0.2445639 -5.578482 -0.229074 -5.578482 -0.229074 5.572424 -0.2445639 5.581625 -0.221361 -5.578482 -0.229074 5.581625 -0.221361 5.586576 -0.209345 -5.578482 -0.229074 5.586576 -0.209345 -5.591883 -0.19635 -5.591883 -0.19635 5.586576 -0.209345 5.58899 -0.203609 -5.591883 -0.19635 5.58899 -0.203609 5.590313 -0.200634 5.590313 -0.200634 5.590997 -0.19925 -5.591883 -0.19635 -5.591883 -0.19635 5.590997 -0.19925 5.591404 -0.198544 -5.591883 -0.19635 5.591404 -0.198544 5.591883 -0.197931 5.591883 -0.197931 5.591883 -0.1674799 -5.591883 -0.19635 -5.591883 -0.19635 5.591883 -0.1674799 -5.591883 -0.163625 -5.591883 -0.163625 5.591883 -0.1674799 5.591883 -0.137029 -5.591883 -0.163625 5.591883 -0.137029 -5.591883 -0.1309 -5.591883 -0.1309 5.591883 -0.137029 5.591883 -0.106578 -5.591883 -0.1309 5.591883 -0.106578 -5.591883 -0.09817498 -5.591883 -0.09817498 5.591883 -0.106578 5.591883 -0.07612699 -5.591883 -0.09817498 5.591883 -0.07612699 -5.591883 -0.06544995 -5.591883 -0.06544995 5.591883 -0.07612699 5.591883 -0.04567599 -5.591883 -0.06544995 5.591883 -0.04567599 -5.591883 -0.03272491 -5.591883 -0.03272491 5.591883 -0.04567599 5.591883 -0.01522499 -5.591883 -0.03272491 5.591883 -0.01522499 -5.591883 0 -5.591883 0 5.591883 -0.01522499 5.591883 0.01522499 -5.591883 0 5.591883 0.01522499 -5.591883 0.03272491 -5.591883 0.03272491 5.591883 0.01522499 5.591883 0.04567599 -5.591883 0.03272491 5.591883 0.04567599 -5.591883 0.06544995 -5.591883 0.06544995 5.591883 0.04567599 5.591883 0.07612699 -5.591883 0.06544995 5.591883 0.07612699 -5.591883 0.09817498 -5.591883 0.09817498 5.591883 0.07612699 5.591883 0.106578 -5.591883 0.09817498 5.591883 0.106578 -5.591883 0.1309 -5.591883 0.1309 5.591883 0.106578 5.591883 0.137029 -5.591883 0.1309 5.591883 0.137029 -5.591883 0.163625 -5.591883 0.163625 5.591883 0.137029 5.591883 0.1674799 -5.591883 0.163625 5.591883 0.1674799 -5.591883 0.19635 5.578482 0.229074 -5.578482 0.229074 5.591883 0.19635 5.591883 0.19635 -5.578482 0.229074 -5.591883 0.19635 5.591883 0.19635 -5.591883 0.19635 5.591883 0.163625 5.591883 0.163625 -5.591883 0.19635 -5.591883 0.163625 5.591883 0.163625 -5.591883 0.163625 5.591883 0.1309 5.591883 0.1309 -5.591883 0.163625 -5.591883 0.1309 5.591883 0.1309 -5.591883 0.1309 5.591883 0.09817498 5.591883 0.09817498 -5.591883 0.1309 -5.591883 0.09817498 5.591883 0.09817498 -5.591883 0.09817498 5.591883 0.06544995 5.591883 0.06544995 -5.591883 0.09817498 -5.591883 0.06544995 5.591883 0.06544995 -5.591883 0.06544995 5.591883 0.03272491 5.591883 0.03272491 -5.591883 0.06544995 -5.591883 0.03272491 5.591883 0.03272491 -5.591883 0.03272491 5.591883 0 5.591883 0 -5.591883 0.03272491 -5.591883 0 5.591883 0 -5.591883 0 5.591883 -0.03272491 5.591883 -0.03272491 -5.591883 0 -5.591883 -0.03272491 5.591883 -0.03272491 -5.591883 -0.03272491 5.591883 -0.06544995 5.591883 -0.06544995 -5.591883 -0.03272491 -5.591883 -0.06544995 5.591883 -0.06544995 -5.591883 -0.06544995 5.591883 -0.09817498 5.591883 -0.09817498 -5.591883 -0.06544995 -5.591883 -0.09817498 5.591883 -0.09817498 -5.591883 -0.09817498 5.591883 -0.1309 5.591883 -0.1309 -5.591883 -0.09817498 -5.591883 -0.1309 5.591883 -0.1309 -5.591883 -0.1309 5.591883 -0.163625 5.591883 -0.163625 -5.591883 -0.1309 -5.591883 -0.163625 5.591883 -0.163625 -5.591883 -0.163625 5.591883 -0.19635 5.591883 -0.19635 -5.591883 -0.163625 -5.591883 -0.19635 5.591883 -0.19635 -5.591883 -0.19635 -5.578482 -0.229074 -5.578482 0.229074 5.578482 0.229074 -5.565995 0.261799 -5.565995 0.261799 5.578482 0.229074 5.565995 0.261799 -5.565995 0.261799 5.565995 0.261799 -5.555271 0.294524 -5.555271 0.294524 5.565995 0.261799 5.555271 0.294524 -5.555271 0.294524 5.555271 0.294524 -5.547043 0.327249 -5.547043 0.327249 5.555271 0.294524 5.547043 0.327249 -5.547043 0.327249 5.547043 0.327249 -5.541871 0.359974 -5.541871 0.359974 5.547043 0.327249 5.541871 0.359974 -5.541871 0.359974 5.541871 0.359974 -5.540106 0.392699 -5.540106 0.392699 5.541871 0.359974 5.540106 0.392699 -5.540106 -0.392699 5.540106 -0.392699 5.541871 -0.359974 -5.540106 -0.392699 5.541871 -0.359974 -5.541871 -0.359974 -5.541871 -0.359974 5.541871 -0.359974 5.547043 -0.327249 -5.541871 -0.359974 5.547043 -0.327249 -5.547043 -0.327249 -5.547043 -0.327249 5.547043 -0.327249 5.555271 -0.294524 -5.547043 -0.327249 5.555271 -0.294524 -5.555271 -0.294524 -5.555271 -0.294524 5.555271 -0.294524 5.565995 -0.261799 -5.555271 -0.294524 5.565995 -0.261799 -5.565995 -0.261799 -5.565995 -0.261799 5.565995 -0.261799 5.578482 -0.229074 -5.565995 -0.261799 5.578482 -0.229074 -5.578482 -0.229074 -5.578482 -0.229074 5.578482 -0.229074 5.591883 -0.19635</float_array>
          <technique_common>
            <accessor source="#octagon_v1-mesh-map-0-array" count="2706" stride="2">
              <param name="S" type="float"/>
              <param name="T" type="float"/>
            </accessor>
          </technique_common>
        </source>
        <vertices id="octagon_v1-mesh-vertices">
          <input semantic="POSITION" source="#octagon_v1-mesh-positions"/>
        </vertices>
        <triangles material="white_005-material" count="902">
          <input semantic="VERTEX" source="#octagon_v1-mesh-vertices" offset="0"/>
          <input semantic="NORMAL" source="#octagon_v1-mesh-normals" offset="1"/>
          <input semantic="TEXCOORD" source="#octagon_v1-mesh-map-0" offset="2" set="0"/>
          <p>0 0 0 1 1 1 2 2 2 2 2 3 1 1 4 3 3 5 2 2 6 3 3 7 4 4 8 4 4 9 3 3 10 5 5 11 4 4 12 5 5 13 6 6 14 6 6 15 5 5 16 7 7 17 6 6 18 7 7 19 8 8 20 8 8 21 7 7 22 9 9 23 8 8 24 9 9 25 10 10 26 10 10 27 9 9 28 11 11 29 10 10 30 11 11 31 12 12 32 12 12 33 11 11 34 13 13 35 12 12 36 13 13 37 14 14 38 14 14 39 13 13 40 15 15 41 14 14 42 15 15 43 16 16 44 16 16 45 15 15 46 17 17 47 16 16 48 17 17 49 18 18 50 18 18 51 17 17 52 19 19 53 18 18 54 19 19 55 20 20 56 20 20 57 19 19 58 21 21 59 20 20 60 21 21 61 22 22 62 22 22 63 21 21 64 23 23 65 23 23 66 24 24 67 25 25 68 25 25 69 24 24 70 26 26 71 25 25 72 26 26 73 27 27 74 27 27 75 26 26 76 28 28 77 27 27 78 28 28 79 29 29 80 29 29 81 28 28 82 30 30 83 29 29 84 30 30 85 31 31 86 31 31 87 30 30 88 32 32 89 31 31 90 32 32 91 33 33 92 33 33 93 32 32 94 34 34 95 33 33 96 34 34 97 35 35 98 35 35 99 34 34 100 36 36 101 35 35 102 36 36 103 37 37 104 37 37 105 36 36 106 38 38 107 37 37 108 38 38 109 39 39 110 39 39 111 38 38 112 40 40 113 39 39 114 40 40 115 41 41 116 41 41 117 40 40 118 42 42 119 41 41 120 42 42 121 43 43 122 43 43 123 42 42 124 44 44 125 43 43 126 44 44 127 45 45 128 45 45 129 44 44 130 0 0 131 22 22 132 23 23 133 25 25 134 45 45 135 0 0 136 2 2 137 25 25 138 27 27 139 22 22 140 22 22 141 27 27 142 20 20 143 27 27 144 29 29 145 20 20 146 20 20 147 29 29 148 18 18 149 29 29 150 31 31 151 18 18 152 18 18 153 31 31 154 16 16 155 31 31 156 33 33 157 16 16 158 16 16 159 33 33 160 14 14 161 33 33 162 35 35 163 14 14 164 14 14 165 35 35 166 12 12 167 35 35 168 37 37 169 12 12 170 12 12 171 37 37 172 10 10 173 37 37 174 39 39 175 10 10 176 10 10 177 39 39 178 8 8 179 39 39 180 41 41 181 8 8 182 8 8 183 41 41 184 6 6 185 45 45 186 2 2 187 4 4 188 41 41 189 43 43 190 6 6 191 6 6 192 43 43 193 4 4 194 43 43 195 45 45 196 4 4 197 46 46 198 47 47 199 48 48 200 48 48 201 47 47 202 49 49 203 48 48 204 49 49 205 50 50 206 50 50 207 49 49 208 51 51 209 50 50 210 51 51 211 52 52 212 52 52 213 51 51 214 53 53 215 52 52 216 53 53 217 54 54 218 54 54 219 53 53 220 55 55 221 54 54 222 55 55 223 56 56 224 56 56 225 55 55 226 57 57 227 56 56 228 57 57 229 58 58 230 58 58 231 57 57 232 59 59 233 58 58 234 59 59 235 60 60 236 60 60 237 59 59 238 61 61 239 60 60 240 61 61 241 62 62 242 62 62 243 61 61 244 63 63 245 62 62 246 63 63 247 64 64 248 64 64 249 63 63 250 65 65 251 64 64 252 65 65 253 66 66 254 66 66 255 65 65 256 67 67 257 66 66 258 67 67 259 68 68 260 68 68 261 67 67 262 69 69 263 69 69 264 70 70 265 71 71 266 71 71 267 70 70 268 72 72 269 71 71 270 72 72 271 73 73 272 73 73 273 72 72 274 74 74 275 73 73 276 74 74 277 75 75 278 75 75 279 74 74 280 76 76 281 75 75 282 76 76 283 77 77 284 77 77 285 76 76 286 78 78 287 77 77 288 78 78 289 79 79 290 79 79 291 78 78 292 80 80 293 79 79 294 80 80 295 81 81 296 81 81 297 80 80 298 82 82 299 81 81 300 82 82 301 83 83 302 83 83 303 82 82 304 84 84 305 83 83 306 84 84 307 85 85 308 85 85 309 84 84 310 86 86 311 85 85 312 86 86 313 87 87 314 87 87 315 86 86 316 88 88 317 87 87 318 88 88 319 89 89 320 89 89 321 88 88 322 90 90 323 89 89 324 90 90 325 91 91 326 91 91 327 90 90 328 46 46 329 68 68 330 69 69 331 71 71 332 91 91 333 46 46 334 48 48 335 71 71 336 73 73 337 68 68 338 68 68 339 73 73 340 66 66 341 73 73 342 75 75 343 66 66 344 66 66 345 75 75 346 64 64 347 75 75 348 77 77 349 64 64 350 64 64 351 77 77 352 62 62 353 77 77 354 79 79 355 62 62 356 62 62 357 79 79 358 60 60 359 79 79 360 81 81 361 60 60 362 60 60 363 81 81 364 58 58 365 81 81 366 83 83 367 58 58 368 58 58 369 83 83 370 56 56 371 83 83 372 85 85 373 56 56 374 56 56 375 85 85 376 54 54 377 85 85 378 87 87 379 54 54 380 54 54 381 87 87 382 52 52 383 91 91 384 48 48 385 50 50 386 87 87 387 89 89 388 52 52 389 52 52 390 89 89 391 50 50 392 89 89 393 91 91 394 50 50 395 92 92 396 93 93 397 94 94 398 94 94 399 93 93 400 95 95 401 94 94 402 95 95 403 96 96 404 96 96 405 95 95 406 97 97 407 96 96 408 97 97 409 98 98 410 98 98 411 97 97 412 99 99 413 98 98 414 99 99 415 100 100 416 100 100 417 99 99 418 101 101 419 100 100 420 101 101 421 102 102 422 102 102 423 101 101 424 103 103 425 102 102 426 103 103 427 104 104 428 104 104 429 103 103 430 105 105 431 104 104 432 105 105 433 106 106 434 106 106 435 105 105 436 107 107 437 106 106 438 107 107 439 108 108 440 108 108 441 107 107 442 109 109 443 109 109 444 107 107 445 110 110 446 109 109 447 110 110 448 111 111 449 111 111 450 110 110 451 112 112 452 111 111 453 112 112 454 113 113 455 113 113 456 112 112 457 114 114 458 113 113 459 114 114 460 115 115 461 115 115 462 114 114 463 116 116 464 115 115 465 116 116 466 117 117 467 117 117 468 116 116 469 118 118 470 103 103 471 119 119 472 105 105 473 105 105 474 119 119 475 120 120 476 105 105 477 120 120 478 107 107 479 107 107 480 120 120 481 110 110 482 119 119 483 121 121 484 120 120 485 120 120 486 121 121 487 122 122 488 120 120 489 122 122 490 110 110 491 110 110 492 122 122 493 112 112 494 121 121 495 123 123 496 122 122 497 122 122 498 123 123 499 124 124 500 122 122 501 124 124 502 112 112 503 112 112 504 124 124 505 114 114 506 123 123 507 125 125 508 124 124 509 124 124 510 125 125 511 126 126 512 124 124 513 126 126 514 114 114 515 114 114 516 126 126 517 116 116 518 125 125 519 127 127 520 126 126 521 126 126 522 127 127 523 118 118 524 106 106 525 108 108 526 128 128 527 128 128 528 108 108 529 129 129 530 128 128 531 129 129 532 130 130 533 130 130 534 129 129 535 131 131 536 130 130 537 131 131 538 132 132 539 132 132 540 131 131 541 133 133 542 132 132 543 133 133 544 134 134 545 134 134 546 133 133 547 135 135 548 134 134 549 135 135 550 136 136 551 136 136 552 135 135 553 137 137 554 136 136 555 137 137 556 92 92 557 126 126 558 118 118 559 116 116 560 136 136 561 92 92 562 94 94 563 106 106 564 128 128 565 104 104 566 104 104 567 128 128 568 102 102 569 128 128 570 130 130 571 102 102 572 102 102 573 130 130 574 100 100 575 130 130 576 132 132 577 100 100 578 100 100 579 132 132 580 98 98 581 136 136 582 94 94 583 96 96 584 132 132 585 134 134 586 98 98 587 98 98 588 134 134 589 96 96 590 134 134 591 136 136 592 96 96 593 138 138 594 139 139 595 92 92 596 92 92 597 139 139 598 69 69 599 92 92 600 69 69 601 93 93 602 93 93 603 69 69 604 67 67 605 93 93 606 67 67 607 95 95 608 95 95 609 67 67 610 65 65 611 95 95 612 65 65 613 97 97 614 97 97 615 65 65 616 63 63 617 97 97 618 63 63 619 99 99 620 99 99 621 63 63 622 61 61 623 99 99 624 61 61 625 101 101 626 101 101 627 61 61 628 59 59 629 101 101 630 59 59 631 103 103 632 103 103 633 59 59 634 57 57 635 103 103 636 57 57 637 55 55 638 139 139 639 138 138 640 140 140 641 140 140 642 138 138 643 141 141 644 140 140 645 141 141 646 142 142 647 142 142 648 141 141 649 143 143 650 142 142 651 143 143 652 144 144 653 144 144 654 143 143 655 145 145 656 144 144 657 145 145 658 146 146 659 146 146 660 145 145 661 147 147 662 146 146 663 147 147 664 148 148 665 148 148 666 147 147 667 149 149 668 148 148 669 149 149 670 150 150 671 148 148 672 150 150 673 151 151 674 151 151 675 150 150 676 152 152 677 151 151 678 152 152 679 153 153 680 153 153 681 152 152 682 154 154 683 153 153 684 154 154 685 155 155 686 155 155 687 154 154 688 156 156 689 155 155 690 156 156 691 157 157 692 157 157 693 156 156 694 158 158 695 157 157 696 158 158 697 159 159 698 159 159 699 158 158 700 118 118 701 159 159 702 118 118 703 46 46 704 46 46 705 118 118 706 127 127 707 46 46 708 127 127 709 47 47 710 47 47 711 127 127 712 125 125 713 47 47 714 125 125 715 49 49 716 49 49 717 125 125 718 123 123 719 49 49 720 123 123 721 51 51 722 51 51 723 123 123 724 121 121 725 51 51 726 121 121 727 53 53 728 53 53 729 121 121 730 119 119 731 53 53 732 119 119 733 55 55 734 55 55 735 119 119 736 103 103 737 158 158 738 160 160 739 118 118 740 118 118 741 160 160 742 161 161 743 118 118 744 161 161 745 162 162 746 156 156 747 163 163 748 158 158 749 158 158 750 163 163 751 164 164 752 158 158 753 164 164 754 160 160 755 163 163 756 156 156 757 165 165 758 165 165 759 156 156 760 154 154 761 165 165 762 154 154 763 166 166 764 166 166 765 154 154 766 167 167 767 167 167 768 154 154 769 152 152 770 167 167 771 152 152 772 168 168 773 168 168 774 152 152 775 150 150 776 168 168 777 150 150 778 169 169 779 169 169 780 150 150 781 149 149 782 169 169 783 149 149 784 170 170 785 170 170 786 149 149 787 171 171 788 171 171 789 149 149 790 147 147 791 171 171 792 147 147 793 172 172 794 172 172 795 147 147 796 145 145 797 172 172 798 145 145 799 173 173 800 173 173 801 145 145 802 143 143 803 173 173 804 143 143 805 174 174 806 174 174 807 143 143 808 175 175 809 175 175 810 143 143 811 141 141 812 175 175 813 141 141 814 176 176 815 176 176 816 141 141 817 138 138 818 176 176 819 138 138 820 177 177 821 177 177 822 138 138 823 178 178 824 178 178 825 138 138 826 92 92 827 178 178 828 92 92 829 179 179 830 179 179 831 92 92 832 180 180 833 180 180 834 92 92 835 181 181 836 181 181 837 92 92 838 182 182 839 182 182 840 92 92 841 183 183 842 183 183 843 92 92 844 184 184 845 184 184 846 92 92 847 137 137 848 184 184 849 137 137 850 185 185 851 185 185 852 137 137 853 135 135 854 185 185 855 135 135 856 186 186 857 186 186 858 135 135 859 133 133 860 186 186 861 133 133 862 187 187 863 187 187 864 133 133 865 131 131 866 187 187 867 131 131 868 188 188 869 188 188 870 131 131 871 129 129 872 188 188 873 129 129 874 189 189 875 189 189 876 129 129 877 108 108 878 189 189 879 108 108 880 190 190 881 190 190 882 108 108 883 109 109 884 190 190 885 109 109 886 191 191 887 191 191 888 109 109 889 111 111 890 191 191 891 111 111 892 192 192 893 192 192 894 111 111 895 113 113 896 192 192 897 113 113 898 193 193 899 193 193 900 113 113 901 115 115 902 193 193 903 115 115 904 194 194 905 194 194 906 115 115 907 117 117 908 194 194 909 117 117 910 195 195 911 195 195 912 117 117 913 118 118 914 195 195 915 118 118 916 196 196 917 196 196 918 118 118 919 197 197 920 197 197 921 118 118 922 198 198 923 198 198 924 118 118 925 162 162 926 139 139 927 199 199 928 69 69 929 69 69 930 199 199 931 23 23 932 69 69 933 23 23 934 70 70 935 70 70 936 23 23 937 21 21 938 70 70 939 21 21 940 72 72 941 72 72 942 21 21 943 19 19 944 72 72 945 19 19 946 74 74 947 74 74 948 19 19 949 17 17 950 74 74 951 17 17 952 76 76 953 76 76 954 17 17 955 15 15 956 76 76 957 15 15 958 78 78 959 78 78 960 15 15 961 13 13 962 78 78 963 13 13 964 80 80 965 80 80 966 13 13 967 11 11 968 80 80 969 11 11 970 82 82 971 82 82 972 11 11 973 9 9 974 82 82 975 9 9 976 84 84 977 84 84 978 9 9 979 7 7 980 84 84 981 7 7 982 86 86 983 86 86 984 7 7 985 5 5 986 86 86 987 5 5 988 88 88 989 88 88 990 5 5 991 3 3 992 88 88 993 3 3 994 90 90 995 90 90 996 3 3 997 1 1 998 90 90 999 1 1 1000 46 46 1001 46 46 1002 1 1 1003 0 0 1004 46 46 1005 0 0 1006 159 159 1007 159 159 1008 0 0 1009 200 200 1010 159 159 1011 200 200 1012 157 157 1013 157 157 1014 200 200 1015 201 201 1016 157 157 1017 201 201 1018 155 155 1019 155 155 1020 201 201 1021 202 202 1022 155 155 1023 202 202 1024 153 153 1025 153 153 1026 202 202 1027 203 203 1028 153 153 1029 203 203 1030 151 151 1031 151 151 1032 203 203 1033 204 204 1034 151 151 1035 204 204 1036 148 148 1037 148 148 1038 204 204 1039 205 205 1040 148 148 1041 205 205 1042 146 146 1043 146 146 1044 205 205 1045 206 206 1046 146 146 1047 206 206 1048 144 144 1049 144 144 1050 206 206 1051 207 207 1052 144 144 1053 207 207 1054 142 142 1055 142 142 1056 207 207 1057 208 208 1058 142 142 1059 208 208 1060 140 140 1061 140 140 1062 208 208 1063 209 209 1064 140 140 1065 209 209 1066 139 139 1067 139 139 1068 209 209 1069 199 199 1070 183 183 1071 184 184 1072 210 210 1073 184 184 1074 185 185 1075 210 210 1076 185 211 1077 186 211 1078 210 211 1079 186 212 1080 187 212 1081 210 212 1082 187 213 1083 188 213 1084 210 213 1085 188 188 1086 189 189 1087 210 210 1088 189 189 1089 190 190 1090 210 210 1091 190 190 1092 191 191 1093 210 210 1094 191 191 1095 192 192 1096 210 210 1097 192 192 1098 193 193 1099 210 210 1100 193 214 1101 194 214 1102 210 214 1103 194 215 1104 195 215 1105 210 215 1106 195 216 1107 196 216 1108 210 216 1109 183 217 1110 210 217 1111 211 217 1112 211 218 1113 210 218 1114 212 218 1115 212 217 1116 210 217 1117 213 217 1118 213 217 1119 210 217 1120 214 217 1121 213 217 1122 214 217 1123 215 217 1124 215 217 1125 214 217 1126 216 217 1127 215 217 1128 216 217 1129 217 217 1130 217 217 1131 216 217 1132 218 217 1133 217 217 1134 218 217 1135 219 217 1136 219 217 1137 218 217 1138 220 217 1139 196 217 1140 221 217 1141 210 217 1142 210 219 1143 221 219 1144 222 219 1145 210 217 1146 222 217 1147 214 217 1148 199 199 1149 223 220 1150 23 23 1151 23 23 1152 223 220 1153 224 221 1154 23 23 1155 224 221 1156 24 24 1157 24 24 1158 224 221 1159 225 222 1160 24 24 1161 225 222 1162 26 26 1163 26 26 1164 225 222 1165 226 223 1166 26 26 1167 226 223 1168 28 28 1169 28 28 1170 226 223 1171 227 224 1172 28 28 1173 227 224 1174 30 30 1175 30 30 1176 227 224 1177 228 225 1178 30 30 1179 228 225 1180 32 32 1181 32 32 1182 228 225 1183 229 226 1184 32 32 1185 229 226 1186 34 34 1187 34 34 1188 229 226 1189 230 227 1190 34 34 1191 230 227 1192 36 36 1193 36 36 1194 230 227 1195 231 228 1196 36 36 1197 231 228 1198 38 38 1199 38 38 1200 231 228 1201 232 229 1202 38 38 1203 232 229 1204 40 40 1205 40 40 1206 232 229 1207 233 230 1208 40 40 1209 233 230 1210 42 42 1211 42 42 1212 233 230 1213 234 231 1214 42 42 1215 234 231 1216 44 44 1217 44 44 1218 234 231 1219 235 232 1220 44 44 1221 235 232 1222 0 0 1223 0 0 1224 235 232 1225 236 233 1226 0 0 1227 236 233 1228 200 200 1229 200 200 1230 236 233 1231 237 234 1232 200 200 1233 237 234 1234 201 201 1235 201 201 1236 237 234 1237 238 235 1238 201 201 1239 238 235 1240 202 202 1241 202 202 1242 238 235 1243 239 236 1244 202 202 1245 239 236 1246 203 203 1247 203 203 1248 239 236 1249 240 237 1250 203 203 1251 240 237 1252 204 204 1253 204 204 1254 240 237 1255 241 238 1256 204 204 1257 241 238 1258 205 205 1259 205 205 1260 241 238 1261 242 239 1262 205 205 1263 242 239 1264 206 206 1265 206 206 1266 242 239 1267 243 240 1268 206 206 1269 243 240 1270 207 207 1271 207 207 1272 243 240 1273 244 241 1274 207 207 1275 244 241 1276 208 208 1277 208 208 1278 244 241 1279 245 242 1280 208 208 1281 245 242 1282 209 209 1283 209 209 1284 245 242 1285 246 243 1286 209 209 1287 246 243 1288 199 199 1289 199 199 1290 246 243 1291 223 220 1292 224 221 1293 247 244 1294 248 245 1295 248 245 1296 247 244 1297 249 246 1298 248 245 1299 249 246 1300 250 247 1301 250 247 1302 249 246 1303 251 248 1304 250 247 1305 251 248 1306 252 249 1307 252 249 1308 251 248 1309 253 250 1310 252 249 1311 253 250 1312 254 251 1313 254 251 1314 253 250 1315 255 252 1316 254 251 1317 255 252 1318 256 253 1319 256 253 1320 255 252 1321 257 254 1322 256 253 1323 257 254 1324 258 255 1325 258 255 1326 257 254 1327 259 256 1328 258 255 1329 259 256 1330 260 257 1331 260 257 1332 259 256 1333 261 258 1334 260 257 1335 261 258 1336 262 259 1337 262 259 1338 261 258 1339 263 260 1340 262 259 1341 263 260 1342 264 261 1343 264 261 1344 263 260 1345 265 262 1346 264 261 1347 265 262 1348 266 263 1349 266 263 1350 265 262 1351 267 264 1352 266 263 1353 267 264 1354 268 265 1355 268 265 1356 267 264 1357 236 233 1358 236 233 1359 235 232 1360 269 266 1361 269 266 1362 235 232 1363 234 231 1364 269 266 1365 234 231 1366 270 267 1367 270 267 1368 234 231 1369 233 230 1370 270 267 1371 233 230 1372 271 268 1373 271 268 1374 233 230 1375 232 229 1376 271 268 1377 232 229 1378 272 269 1379 272 269 1380 232 229 1381 231 228 1382 272 269 1383 231 228 1384 273 270 1385 273 270 1386 231 228 1387 230 227 1388 273 270 1389 230 227 1390 274 271 1391 274 271 1392 230 227 1393 229 226 1394 274 271 1395 229 226 1396 275 272 1397 275 272 1398 229 226 1399 228 225 1400 275 272 1401 228 225 1402 276 273 1403 276 273 1404 228 225 1405 227 224 1406 276 273 1407 227 224 1408 277 274 1409 277 274 1410 227 224 1411 226 223 1412 277 274 1413 226 223 1414 278 275 1415 278 275 1416 226 223 1417 225 222 1418 278 275 1419 225 222 1420 279 276 1421 279 276 1422 225 222 1423 224 221 1424 268 265 1425 236 233 1426 269 266 1427 279 276 1428 224 221 1429 248 245 1430 269 266 1431 270 267 1432 268 265 1433 268 265 1434 270 267 1435 266 263 1436 270 267 1437 271 268 1438 266 263 1439 266 263 1440 271 268 1441 264 261 1442 271 268 1443 272 269 1444 264 261 1445 264 261 1446 272 269 1447 262 259 1448 272 269 1449 273 270 1450 262 259 1451 262 259 1452 273 270 1453 260 257 1454 273 270 1455 274 271 1456 260 257 1457 260 257 1458 274 271 1459 258 255 1460 274 271 1461 275 272 1462 258 255 1463 258 255 1464 275 272 1465 256 253 1466 275 272 1467 276 273 1468 256 253 1469 256 253 1470 276 273 1471 254 251 1472 276 273 1473 277 274 1474 254 251 1475 254 251 1476 277 274 1477 252 249 1478 279 276 1479 248 245 1480 250 247 1481 277 274 1482 278 275 1483 252 249 1484 252 249 1485 278 275 1486 250 247 1487 278 275 1488 279 276 1489 250 247 1490 280 277 1491 281 278 1492 282 279 1493 282 279 1494 281 278 1495 283 280 1496 282 279 1497 283 280 1498 284 281 1499 284 281 1500 283 280 1501 285 282 1502 284 281 1503 285 282 1504 286 283 1505 286 283 1506 285 282 1507 287 284 1508 286 283 1509 287 284 1510 288 285 1511 288 285 1512 287 284 1513 289 286 1514 288 285 1515 289 286 1516 290 287 1517 290 287 1518 289 286 1519 291 288 1520 290 287 1521 291 288 1522 292 289 1523 292 289 1524 291 288 1525 293 290 1526 292 289 1527 293 290 1528 294 291 1529 294 291 1530 293 290 1531 295 292 1532 294 291 1533 295 292 1534 296 293 1535 296 293 1536 295 292 1537 297 294 1538 296 293 1539 297 294 1540 298 295 1541 298 295 1542 297 294 1543 299 296 1544 299 296 1545 297 294 1546 300 297 1547 299 296 1548 300 297 1549 301 298 1550 301 298 1551 300 297 1552 302 299 1553 301 298 1554 302 299 1555 303 300 1556 303 300 1557 302 299 1558 304 301 1559 303 300 1560 304 301 1561 305 302 1562 305 302 1563 304 301 1564 306 303 1565 293 290 1566 307 304 1567 295 292 1568 295 292 1569 307 304 1570 308 305 1571 295 292 1572 308 305 1573 297 294 1574 297 294 1575 308 305 1576 300 297 1577 307 304 1578 309 306 1579 308 305 1580 308 305 1581 309 306 1582 310 307 1583 308 305 1584 310 307 1585 300 297 1586 300 297 1587 310 307 1588 302 299 1589 309 306 1590 311 308 1591 310 307 1592 310 307 1593 311 308 1594 312 309 1595 310 307 1596 312 309 1597 302 299 1598 302 299 1599 312 309 1600 304 301 1601 311 308 1602 313 310 1603 312 309 1604 312 309 1605 313 310 1606 306 303 1607 298 295 1608 314 311 1609 296 293 1610 296 293 1611 314 311 1612 315 312 1613 296 293 1614 315 312 1615 294 291 1616 294 291 1617 315 312 1618 292 289 1619 314 311 1620 316 313 1621 315 312 1622 315 312 1623 316 313 1624 317 314 1625 315 312 1626 317 314 1627 292 289 1628 292 289 1629 317 314 1630 290 287 1631 316 313 1632 318 315 1633 317 314 1634 317 314 1635 318 315 1636 319 316 1637 317 314 1638 319 316 1639 290 287 1640 290 287 1641 319 316 1642 288 285 1643 318 315 1644 320 317 1645 319 316 1646 319 316 1647 320 317 1648 321 318 1649 319 316 1650 321 318 1651 288 285 1652 288 285 1653 321 318 1654 286 283 1655 321 318 1656 320 317 1657 322 319 1658 322 319 1659 320 317 1660 323 320 1661 322 319 1662 323 320 1663 324 321 1664 324 321 1665 323 320 1666 325 322 1667 324 321 1668 325 322 1669 280 277 1670 312 309 1671 306 303 1672 304 301 1673 324 321 1674 280 277 1675 282 279 1676 324 321 1677 282 279 1678 284 281 1679 321 318 1680 322 319 1681 286 283 1682 286 283 1683 322 319 1684 284 281 1685 322 319 1686 324 321 1687 284 281 1688 313 310 1689 326 323 1690 306 303 1691 306 303 1692 326 323 1693 327 324 1694 306 303 1695 327 324 1696 328 325 1697 328 325 1698 327 324 1699 329 326 1700 328 325 1701 329 326 1702 330 327 1703 330 327 1704 329 326 1705 331 328 1706 330 327 1707 331 328 1708 332 329 1709 332 329 1710 331 328 1711 333 330 1712 332 329 1713 333 330 1714 334 331 1715 334 331 1716 333 330 1717 335 332 1718 334 331 1719 335 332 1720 336 333 1721 336 333 1722 335 332 1723 337 334 1724 337 334 1725 335 332 1726 338 335 1727 337 334 1728 338 335 1729 339 336 1730 339 336 1731 338 335 1732 340 337 1733 339 336 1734 340 337 1735 341 338 1736 341 338 1737 340 337 1738 342 339 1739 341 338 1740 342 339 1741 343 340 1742 343 340 1743 342 339 1744 344 341 1745 343 340 1746 344 341 1747 345 342 1748 345 342 1749 344 341 1750 346 343 1751 345 342 1752 346 343 1753 347 344 1754 347 344 1755 346 343 1756 348 345 1757 347 344 1758 348 345 1759 280 277 1760 280 277 1761 348 345 1762 349 346 1763 280 277 1764 349 346 1765 281 278 1766 281 278 1767 349 346 1768 350 347 1769 281 278 1770 350 347 1771 283 280 1772 283 280 1773 350 347 1774 351 348 1775 283 280 1776 351 348 1777 285 282 1778 285 282 1779 351 348 1780 352 349 1781 285 282 1782 352 349 1783 287 284 1784 287 284 1785 352 349 1786 353 350 1787 287 284 1788 353 350 1789 289 286 1790 289 286 1791 353 350 1792 354 351 1793 289 286 1794 354 351 1795 291 288 1796 291 288 1797 354 351 1798 355 352 1799 291 288 1800 355 352 1801 293 290 1802 293 290 1803 355 352 1804 356 353 1805 293 290 1806 356 353 1807 357 354 1808 326 323 1809 313 310 1810 358 355 1811 358 355 1812 313 310 1813 311 308 1814 358 355 1815 311 308 1816 359 356 1817 359 356 1818 311 308 1819 309 306 1820 359 356 1821 309 306 1822 360 357 1823 360 357 1824 309 306 1825 307 304 1826 360 357 1827 307 304 1828 357 354 1829 357 354 1830 307 304 1831 293 290 1832 223 220 1833 280 277 1834 224 221 1835 224 221 1836 280 277 1837 325 322 1838 224 221 1839 325 322 1840 247 244 1841 247 244 1842 325 322 1843 323 320 1844 247 244 1845 323 320 1846 249 246 1847 249 246 1848 323 320 1849 320 317 1850 249 246 1851 320 317 1852 251 248 1853 251 248 1854 320 317 1855 318 315 1856 251 248 1857 318 315 1858 253 250 1859 253 250 1860 318 315 1861 316 313 1862 253 250 1863 316 313 1864 255 252 1865 255 252 1866 316 313 1867 257 254 1868 257 254 1869 316 313 1870 314 311 1871 257 254 1872 314 311 1873 259 256 1874 259 256 1875 314 311 1876 298 295 1877 259 256 1878 298 295 1879 261 258 1880 261 258 1881 298 295 1882 299 296 1883 261 258 1884 299 296 1885 263 260 1886 263 260 1887 299 296 1888 301 298 1889 263 260 1890 301 298 1891 265 262 1892 265 262 1893 301 298 1894 303 300 1895 265 262 1896 303 300 1897 267 264 1898 267 264 1899 303 300 1900 305 302 1901 267 264 1902 305 302 1903 236 233 1904 236 233 1905 305 302 1906 306 303 1907 236 233 1908 306 303 1909 237 234 1910 237 234 1911 306 303 1912 328 325 1913 237 234 1914 328 325 1915 238 235 1916 238 235 1917 328 325 1918 330 327 1919 238 235 1920 330 327 1921 239 236 1922 239 236 1923 330 327 1924 332 329 1925 239 236 1926 332 329 1927 240 237 1928 240 237 1929 332 329 1930 334 331 1931 240 237 1932 334 331 1933 241 238 1934 241 238 1935 334 331 1936 336 333 1937 241 238 1938 336 333 1939 242 239 1940 242 239 1941 336 333 1942 337 334 1943 242 239 1944 337 334 1945 243 240 1946 243 240 1947 337 334 1948 339 336 1949 243 240 1950 339 336 1951 341 338 1952 280 277 1953 223 220 1954 347 344 1955 347 344 1956 223 220 1957 246 243 1958 347 344 1959 246 243 1960 345 342 1961 345 342 1962 246 243 1963 245 242 1964 345 342 1965 245 242 1966 343 340 1967 343 340 1968 245 242 1969 244 241 1970 343 340 1971 244 241 1972 341 338 1973 341 338 1974 244 241 1975 243 240 1976 349 346 1977 361 358 1978 362 359 1979 362 359 1980 361 358 1981 363 360 1982 362 359 1983 363 360 1984 364 361 1985 364 361 1986 363 360 1987 365 362 1988 364 361 1989 365 362 1990 366 363 1991 366 363 1992 365 362 1993 367 364 1994 366 363 1995 367 364 1996 368 365 1997 368 365 1998 367 364 1999 369 366 2000 368 365 2001 369 366 2002 370 367 2003 370 367 2004 369 366 2005 371 368 2006 370 367 2007 371 368 2008 372 369 2009 372 369 2010 371 368 2011 373 370 2012 372 369 2013 373 370 2014 374 371 2015 374 371 2016 373 370 2017 375 372 2018 374 371 2019 375 372 2020 376 373 2021 376 373 2022 375 372 2023 377 374 2024 376 373 2025 377 374 2026 378 375 2027 378 375 2028 377 374 2029 379 376 2030 378 375 2031 379 376 2032 380 377 2033 380 377 2034 379 376 2035 381 378 2036 380 377 2037 381 378 2038 382 379 2039 382 379 2040 381 378 2041 326 323 2042 326 323 2043 358 355 2044 383 380 2045 383 380 2046 358 355 2047 359 356 2048 383 380 2049 359 356 2050 384 381 2051 384 381 2052 359 356 2053 360 357 2054 384 381 2055 360 357 2056 385 382 2057 385 382 2058 360 357 2059 357 354 2060 385 382 2061 357 354 2062 386 383 2063 386 383 2064 357 354 2065 356 353 2066 386 383 2067 356 353 2068 387 384 2069 387 384 2070 356 353 2071 355 352 2072 387 384 2073 355 352 2074 388 385 2075 388 385 2076 355 352 2077 354 351 2078 388 385 2079 354 351 2080 389 386 2081 389 386 2082 354 351 2083 353 350 2084 389 386 2085 353 350 2086 390 387 2087 390 387 2088 353 350 2089 352 349 2090 390 387 2091 352 349 2092 391 388 2093 391 388 2094 352 349 2095 351 348 2096 391 388 2097 351 348 2098 392 389 2099 392 389 2100 351 348 2101 350 347 2102 392 389 2103 350 347 2104 393 390 2105 393 390 2106 350 347 2107 349 346 2108 382 379 2109 326 323 2110 383 380 2111 393 390 2112 349 346 2113 362 359 2114 383 380 2115 384 381 2116 382 379 2117 382 379 2118 384 381 2119 380 377 2120 384 381 2121 385 382 2122 380 377 2123 380 377 2124 385 382 2125 378 375 2126 385 382 2127 386 383 2128 378 375 2129 378 375 2130 386 383 2131 376 373 2132 386 383 2133 387 384 2134 376 373 2135 376 373 2136 387 384 2137 374 371 2138 387 384 2139 388 385 2140 374 371 2141 374 371 2142 388 385 2143 372 369 2144 388 385 2145 389 386 2146 372 369 2147 372 369 2148 389 386 2149 370 367 2150 389 386 2151 390 387 2152 370 367 2153 370 367 2154 390 387 2155 368 365 2156 390 387 2157 391 388 2158 368 365 2159 368 365 2160 391 388 2161 366 363 2162 393 390 2163 362 359 2164 364 361 2165 391 388 2166 392 389 2167 366 363 2168 366 363 2169 392 389 2170 364 361 2171 392 389 2172 393 390 2173 364 361 2174 394 391 2175 395 392 2176 396 393 2177 396 393 2178 395 392 2179 397 394 2180 396 393 2181 397 394 2182 398 395 2183 398 395 2184 397 394 2185 399 396 2186 398 395 2187 399 396 2188 400 397 2189 400 397 2190 399 396 2191 401 398 2192 400 397 2193 401 398 2194 402 399 2195 402 399 2196 401 398 2197 403 400 2198 402 399 2199 403 400 2200 404 401 2201 404 401 2202 403 400 2203 405 402 2204 404 401 2205 405 402 2206 406 403 2207 406 403 2208 405 402 2209 407 404 2210 406 403 2211 407 404 2212 408 405 2213 408 405 2214 407 404 2215 409 406 2216 408 405 2217 409 406 2218 410 407 2219 410 407 2220 409 406 2221 411 408 2222 410 407 2223 411 408 2224 412 409 2225 412 409 2226 411 408 2227 413 410 2228 412 409 2229 413 410 2230 414 411 2231 414 411 2232 413 410 2233 415 412 2234 414 411 2235 415 412 2236 416 413 2237 416 413 2238 415 412 2239 417 414 2240 417 414 2241 418 415 2242 419 416 2243 419 416 2244 418 415 2245 420 417 2246 419 416 2247 420 417 2248 421 418 2249 421 418 2250 420 417 2251 422 419 2252 421 418 2253 422 419 2254 423 420 2255 423 420 2256 422 419 2257 424 421 2258 423 420 2259 424 421 2260 425 422 2261 425 422 2262 424 421 2263 426 423 2264 425 422 2265 426 423 2266 427 424 2267 427 424 2268 426 423 2269 428 425 2270 427 424 2271 428 425 2272 429 426 2273 429 426 2274 428 425 2275 430 427 2276 429 426 2277 430 427 2278 431 428 2279 431 428 2280 430 427 2281 432 429 2282 431 428 2283 432 429 2284 433 430 2285 433 430 2286 432 429 2287 434 431 2288 433 430 2289 434 431 2290 435 432 2291 435 432 2292 434 431 2293 436 433 2294 435 432 2295 436 433 2296 437 434 2297 437 434 2298 436 433 2299 438 435 2300 437 434 2301 438 435 2302 439 436 2303 439 436 2304 438 435 2305 394 391 2306 416 413 2307 417 414 2308 419 416 2309 439 436 2310 394 391 2311 396 393 2312 419 416 2313 421 418 2314 416 413 2315 416 413 2316 421 418 2317 414 411 2318 421 418 2319 423 420 2320 414 411 2321 414 411 2322 423 420 2323 412 409 2324 423 420 2325 425 422 2326 412 409 2327 412 409 2328 425 422 2329 410 407 2330 425 422 2331 427 424 2332 410 407 2333 410 407 2334 427 424 2335 408 405 2336 427 424 2337 429 426 2338 408 405 2339 408 405 2340 429 426 2341 406 403 2342 429 426 2343 431 428 2344 406 403 2345 406 403 2346 431 428 2347 404 401 2348 431 428 2349 433 430 2350 404 401 2351 404 401 2352 433 430 2353 402 399 2354 433 430 2355 435 432 2356 402 399 2357 402 399 2358 435 432 2359 400 397 2360 439 436 2361 396 393 2362 398 395 2363 435 432 2364 437 434 2365 400 397 2366 400 397 2367 437 434 2368 398 395 2369 437 434 2370 439 436 2371 398 395 2372 221 437 2373 196 196 2374 417 414 2375 417 414 2376 196 196 2377 197 197 2378 417 414 2379 197 197 2380 198 198 2381 198 198 2382 162 162 2383 417 414 2384 417 414 2385 162 162 2386 161 161 2387 417 414 2388 161 161 2389 160 160 2390 417 414 2391 160 160 2392 440 438 2393 440 438 2394 160 160 2395 164 164 2396 440 438 2397 164 164 2398 163 163 2399 440 438 2400 163 163 2401 441 439 2402 441 439 2403 163 163 2404 165 165 2405 441 439 2406 165 165 2407 442 440 2408 442 440 2409 165 165 2410 166 166 2411 442 440 2412 166 166 2413 167 167 2414 442 440 2415 167 167 2416 443 441 2417 443 441 2418 167 167 2419 168 168 2420 443 441 2421 168 168 2422 444 442 2423 444 442 2424 168 168 2425 169 169 2426 444 442 2427 169 169 2428 445 443 2429 445 443 2430 169 169 2431 170 170 2432 445 443 2433 170 170 2434 171 171 2435 445 443 2436 171 171 2437 446 444 2438 446 444 2439 171 171 2440 172 172 2441 446 444 2442 172 172 2443 447 445 2444 447 445 2445 172 172 2446 173 173 2447 447 445 2448 173 173 2449 448 446 2450 448 446 2451 173 173 2452 174 174 2453 448 446 2454 174 174 2455 175 175 2456 448 446 2457 175 175 2458 449 447 2459 449 447 2460 175 175 2461 176 176 2462 449 447 2463 176 176 2464 450 448 2465 450 448 2466 176 176 2467 177 177 2468 450 448 2469 177 177 2470 178 178 2471 450 448 2472 178 178 2473 394 391 2474 394 391 2475 178 178 2476 179 179 2477 394 391 2478 179 179 2479 180 180 2480 180 180 2481 181 181 2482 394 391 2483 394 391 2484 181 181 2485 182 182 2486 394 391 2487 182 182 2488 183 183 2489 183 183 2490 211 449 2491 394 391 2492 394 391 2493 211 449 2494 395 392 2495 395 392 2496 211 449 2497 212 450 2498 395 392 2499 212 450 2500 397 394 2501 397 394 2502 212 450 2503 213 451 2504 397 394 2505 213 451 2506 399 396 2507 399 396 2508 213 451 2509 215 452 2510 399 396 2511 215 452 2512 401 398 2513 401 398 2514 215 452 2515 217 453 2516 401 398 2517 217 453 2518 403 400 2519 403 400 2520 217 453 2521 219 454 2522 403 400 2523 219 454 2524 405 402 2525 405 402 2526 219 454 2527 220 455 2528 405 402 2529 220 455 2530 407 404 2531 407 404 2532 220 455 2533 218 456 2534 407 404 2535 218 456 2536 409 406 2537 409 406 2538 218 456 2539 216 457 2540 409 406 2541 216 457 2542 411 408 2543 411 408 2544 216 457 2545 214 458 2546 411 408 2547 214 458 2548 413 410 2549 413 410 2550 214 458 2551 222 459 2552 413 410 2553 222 459 2554 415 412 2555 415 412 2556 222 459 2557 221 437 2558 415 412 2559 221 437 2560 417 414 2561 440 438 2562 327 324 2563 417 414 2564 417 414 2565 327 324 2566 326 323 2567 417 414 2568 326 323 2569 418 415 2570 418 415 2571 326 323 2572 381 378 2573 418 415 2574 381 378 2575 420 417 2576 420 417 2577 381 378 2578 379 376 2579 420 417 2580 379 376 2581 422 419 2582 422 419 2583 379 376 2584 377 374 2585 422 419 2586 377 374 2587 424 421 2588 424 421 2589 377 374 2590 375 372 2591 424 421 2592 375 372 2593 426 423 2594 426 423 2595 375 372 2596 373 370 2597 426 423 2598 373 370 2599 428 425 2600 428 425 2601 373 370 2602 371 368 2603 428 425 2604 371 368 2605 430 427 2606 430 427 2607 371 368 2608 369 366 2609 430 427 2610 369 366 2611 432 429 2612 432 429 2613 369 366 2614 367 364 2615 432 429 2616 367 364 2617 434 431 2618 434 431 2619 367 364 2620 365 362 2621 434 431 2622 365 362 2623 436 433 2624 436 433 2625 365 362 2626 363 360 2627 436 433 2628 363 360 2629 438 435 2630 438 435 2631 363 360 2632 361 358 2633 438 435 2634 361 358 2635 394 391 2636 394 391 2637 361 358 2638 349 346 2639 394 391 2640 349 346 2641 348 345 2642 327 324 2643 440 438 2644 329 326 2645 329 326 2646 440 438 2647 441 439 2648 329 326 2649 441 439 2650 331 328 2651 331 328 2652 441 439 2653 442 440 2654 331 328 2655 442 440 2656 333 330 2657 333 330 2658 442 440 2659 443 441 2660 333 330 2661 443 441 2662 335 332 2663 335 332 2664 443 441 2665 444 442 2666 335 332 2667 444 442 2668 338 335 2669 338 335 2670 444 442 2671 445 443 2672 338 335 2673 445 443 2674 446 444 2675 338 335 2676 446 444 2677 340 337 2678 340 337 2679 446 444 2680 447 445 2681 340 337 2682 447 445 2683 342 339 2684 342 339 2685 447 445 2686 448 446 2687 342 339 2688 448 446 2689 344 341 2690 344 341 2691 448 446 2692 449 447 2693 344 341 2694 449 447 2695 346 343 2696 346 343 2697 449 447 2698 450 448 2699 346 343 2700 450 448 2701 348 345 2702 348 345 2703 450 448 2704 394 391 2705</p>
        </triangles>
      </mesh>
    </geometry>
    <geometry id="octagon_v1_003-mesh" name="octagon v1.003">
      <mesh>
        <source id="octagon_v1_003-mesh-positions">
          <float_array id="octagon_v1_003-mesh-positions-array" count="1353">26263.31 571.3754 1.256774 26263.08 571.6041 1.214181 26263.02 571.5372 1.214181 26262.86 571.8173 1.089306 26262.76 571.6879 1.089306 26262.68 572.0004 0.8906572 26262.54 571.8173 0.8906572 26262.54 572.1409 0.6317742 26262.37 571.9166 0.6317742 26262.45 572.2291 0.3302982 26262.26 571.9791 0.3302982 26262.42 572.2593 0.006774187 26262.22 572.0004 0.006774187 26262.45 572.2291 -0.3167498 26262.26 571.9791 -0.3167498 26262.54 572.1409 -0.6182258 26262.37 571.9166 -0.6182258 26262.68 572.0004 -0.8771088 26262.54 571.8173 -0.8771088 26262.86 571.8173 -1.075758 26262.76 571.6879 -1.075758 26263.08 571.6041 -1.200633 26263.02 571.5372 -1.200633 26263.31 571.3754 -1.243226 26262.98 571.3754 -1.200633 26262.99 571.4591 -1.200633 26262.68 571.3754 -1.075758 26262.7 571.5372 -1.075758 26262.42 571.3754 -0.8771088 26262.45 571.6041 -0.8771088 26262.22 571.3754 -0.6182258 26262.26 571.6556 -0.6182258 26262.1 571.3754 -0.3167498 26262.14 571.6879 -0.3167498 26262.06 571.3754 0.006774187 26262.1 571.6989 0.006774187 26262.1 571.3754 0.3302982 26262.14 571.6879 0.3302982 26262.22 571.3754 0.6317742 26262.26 571.6556 0.6317742 26262.42 571.3754 0.8906572 26262.45 571.6041 0.8906572 26262.68 571.3754 1.089306 26262.7 571.5372 1.089306 26262.98 571.3754 1.214181 26262.99 571.4591 1.214181 26342.39 650.4566 1.256774 26342.39 650.7801 1.214181 26342.3 650.7691 1.214181 26342.39 651.0816 1.089306 26342.23 651.0603 1.089306 26342.39 651.3405 0.8906572 26342.16 651.3103 0.8906572 26342.39 651.5391 0.6317742 26342.11 651.5022 0.6317742 26342.39 651.664 0.3302982 26342.07 651.6228 0.3302982 26342.39 651.7066 0.006774187 26342.06 651.664 0.006774187 26342.39 651.664 -0.3167498 26342.07 651.6228 -0.3167498 26342.39 651.5391 -0.6182258 26342.11 651.5022 -0.6182258 26342.39 651.3405 -0.8771088 26342.16 651.3103 -0.8771088 26342.39 651.0816 -1.075758 26342.23 651.0603 -1.075758 26342.39 650.7801 -1.200633 26342.3 650.7691 -1.200633 26342.39 650.4566 -1.243226 26342.16 650.6853 -1.200633 26342.23 650.7368 -1.200633 26341.94 650.8985 -1.075758 26342.07 650.9978 -1.075758 26341.76 651.0816 -0.8771088 26341.94 651.2221 -0.8771088 26341.62 651.2221 -0.6182258 26341.84 651.3941 -0.6182258 26341.53 651.3103 -0.3167498 26341.78 651.5022 -0.3167498 26341.5 651.3405 0.006774187 26341.76 651.5391 0.006774187 26341.53 651.3103 0.3302982 26341.78 651.5022 0.3302982 26341.62 651.2221 0.6317742 26341.84 651.3941 0.6317742 26341.76 651.0816 0.8906572 26341.94 651.2221 0.8906572 26341.94 650.8985 1.089306 26342.07 650.9978 1.089306 26342.16 650.6853 1.214181 26342.23 650.7368 1.214181 26454.22 650.4566 -1.243226 26454.22 650.7801 -1.200633 26454.31 650.7691 -1.200634 26454.22 651.0816 -1.075758 26454.39 651.0603 -1.075758 26454.22 651.3405 -0.8771098 26454.45 651.3103 -0.8771098 26454.22 651.5391 -0.6182258 26454.5 651.5022 -0.6182258 26454.22 651.664 -0.3167498 26454.54 651.6228 -0.3167498 26454.22 651.7066 0.006774187 26454.55 651.664 0.006774187 26454.54 651.6228 0.3302982 26454.85 651.5391 0.006774187 26454.83 651.5022 0.3302982 26455.11 651.3405 0.006774187 26455.08 651.3103 0.3302982 26454.76 651.3941 0.6317742 26454.99 651.2221 0.6317742 26454.67 651.2221 0.8906582 26454.85 651.0816 0.8906582 26454.54 650.9978 1.089306 26454.67 650.8985 1.089306 26454.39 650.7368 1.214182 26454.45 650.6853 1.214181 26454.22 650.4566 1.256774 26454.22 651.664 0.3302982 26454.5 651.5022 0.6317742 26454.22 651.5391 0.6317742 26454.45 651.3103 0.8906582 26454.22 651.3405 0.8906582 26454.39 651.0603 1.089306 26454.22 651.0816 1.089306 26454.31 650.7691 1.214182 26454.22 650.7801 1.214181 26454.83 651.5022 -0.3167498 26455.08 651.3103 -0.3167498 26454.76 651.3941 -0.6182258 26454.99 651.2221 -0.6182258 26454.67 651.2221 -0.8771098 26454.85 651.0816 -0.8771098 26454.54 650.9978 -1.075758 26454.67 650.8985 -1.075758 26454.39 650.7368 -1.200634 26454.45 650.6853 -1.200633 26454.09 650.1331 -1.200633 26342.52 650.1331 -1.200633 26342.65 649.8316 -1.075758 26453.97 649.8316 -1.075757 26342.75 649.5727 -0.8771088 26453.86 649.5727 -0.8771088 26342.83 649.374 -0.6182258 26453.78 649.374 -0.6182258 26342.89 649.2492 -0.3167498 26453.72 649.2492 -0.3167498 26342.91 649.2066 0.006774187 26453.71 649.2066 0.006774187 26453.72 649.2492 0.3302982 26342.89 649.2492 0.3302982 26453.78 649.374 0.6317742 26342.83 649.374 0.6317742 26453.86 649.5727 0.8906572 26342.75 649.5727 0.8906572 26453.97 649.8316 1.089305 26342.65 649.8316 1.089306 26454.09 650.1331 1.214181 26342.52 650.1331 1.214181 26533.18 571.3223 1.249945 26533.23 571.3464 1.25464 26533.26 571.3597 1.256031 26532.83 571.1808 1.164803 26533.06 571.2728 1.231528 26532.62 571.0919 1.052377 26532.43 571.0144 0.9024652 26532.28 570.9496 0.7174732 26532.16 570.8991 0.4964462 26532.08 570.8688 0.2602102 26532.06 570.8577 0.006774187 26532.08 570.8688 -0.2466618 26532.16 570.8991 -0.4828978 26532.28 570.9496 -0.7039248 26532.43 571.0144 -0.8889168 26532.62 571.0919 -1.038829 26532.83 571.1808 -1.151255 26533.06 571.2728 -1.21798 26533.18 571.3223 -1.236397 26533.23 571.3464 -1.241092 26533.26 571.3597 -1.242483 26533.28 571.3665 -1.242888 26533.28 571.3706 -1.243031 26533.29 571.3754 -1.243126 26533.5 571.5883 -1.209085 26533.7 571.7892 -1.103579 26533.88 571.9662 -0.9328098 26534.02 572.109 -0.7068138 26534.12 572.2091 -0.4388768 26534.17 572.2606 -0.1447448 26534.17 572.2606 0.1582932 26534.12 572.2091 0.4524252 26534.02 572.109 0.7203622 26533.88 571.9662 0.9463582 26533.7 571.7892 1.117127 26533.5 571.5883 1.222633 26533.29 571.3754 1.256674 26533.28 571.3706 1.256579 26533.28 571.3665 1.256436 26263.63 571.2414 -1.200633 26263.63 571.2414 1.214181 26263.93 571.1165 1.089306 26264.19 571.0093 0.8906572 26264.39 570.927 0.6317742 26264.51 570.8753 0.3302982 26264.56 570.8576 0.006774187 26264.51 570.8753 -0.3167498 26264.39 570.927 -0.6182258 26264.19 571.0093 -0.8771088 26263.93 571.1165 -1.075758 26533.31 571.3754 0.006774187 26533.59 571.3754 -1.210036 26533.88 571.3754 -1.105092 26534.13 571.3754 -0.9344898 26534.13 571.3754 0.9480382 26534.33 571.3754 -0.7083048 26534.33 571.3754 0.7218532 26534.47 571.3754 -0.4398928 26534.47 571.3754 0.4534412 26534.55 571.3754 -0.1451048 26534.55 571.3754 0.1586531 26533.59 571.3754 1.223584 26533.88 571.3754 1.11864 26263.63 459.6718 -1.200633 26263.31 459.5377 -1.243226 26262.98 459.5377 -1.200633 26262.68 459.5377 -1.075758 26262.42 459.5377 -0.8771088 26262.22 459.5377 -0.6182258 26262.1 459.5377 -0.3167498 26262.06 459.5377 0.006774187 26262.1 459.5377 0.3302982 26262.22 459.5377 0.6317742 26262.42 459.5377 0.8906572 26262.68 459.5377 1.089306 26262.98 459.5377 1.214181 26263.31 459.5377 1.256774 26263.63 459.6718 1.214181 26263.93 459.7966 1.089306 26264.19 459.9039 0.8906572 26264.39 459.9862 0.6317742 26264.51 460.0379 0.3302982 26264.56 460.0555 0.006774187 26264.51 460.0379 -0.3167498 26264.39 459.9862 -0.6182258 26264.19 459.9039 -0.8771088 26263.93 459.7966 -1.075758 26263.08 459.309 -1.200633 26263.02 459.376 -1.200633 26262.86 459.0958 -1.075758 26262.76 459.2252 -1.075758 26262.68 458.9127 -0.8771088 26262.54 459.0958 -0.8771088 26262.54 458.7723 -0.6182258 26262.37 458.9965 -0.6182258 26262.45 458.684 -0.3167498 26262.26 458.934 -0.3167498 26262.42 458.6539 0.006774187 26262.22 458.9127 0.006774187 26262.45 458.684 0.3302982 26262.26 458.934 0.3302982 26262.54 458.7723 0.6317742 26262.37 458.9965 0.6317742 26262.68 458.9127 0.8906572 26262.54 459.0958 0.8906572 26262.86 459.0958 1.089306 26262.76 459.2252 1.089306 26263.08 459.309 1.214181 26263.02 459.376 1.214181 26262.99 459.454 1.214181 26262.7 459.376 1.089306 26262.45 459.309 0.8906572 26262.26 459.2576 0.6317742 26262.14 459.2252 0.3302982 26262.1 459.2142 0.006774187 26262.14 459.2252 -0.3167498 26262.26 459.2576 -0.6182258 26262.45 459.309 -0.8771088 26262.7 459.376 -1.075758 26262.99 459.454 -1.200633 26342.39 380.4566 -1.243226 26342.39 380.133 -1.200633 26342.3 380.1441 -1.200633 26342.39 379.8316 -1.075758 26342.23 379.8529 -1.075758 26342.39 379.5727 -0.8771088 26342.16 379.6028 -0.8771088 26342.39 379.374 -0.6182258 26342.11 379.4109 -0.6182258 26342.39 379.2492 -0.3167498 26342.07 379.2903 -0.3167498 26342.39 379.2066 0.006774187 26342.06 379.2492 0.006774187 26342.39 379.2492 0.3302982 26342.07 379.2903 0.3302982 26342.11 379.4109 0.6317742 26341.78 379.4109 0.3302982 26341.84 379.5191 0.6317742 26341.53 379.6028 0.3302982 26341.62 379.6911 0.6317742 26341.94 379.6911 0.8906572 26341.76 379.8316 0.8906572 26342.07 379.9153 1.089306 26341.94 380.0146 1.089306 26342.23 380.1764 1.214181 26342.16 380.2278 1.214181 26342.39 380.4566 1.256774 26342.39 379.374 0.6317742 26342.16 379.6028 0.8906572 26342.39 379.5727 0.8906572 26342.23 379.8529 1.089306 26342.39 379.8316 1.089306 26342.3 380.1441 1.214181 26342.39 380.133 1.214181 26341.5 379.5727 0.006774187 26341.76 379.374 0.006774187 26341.53 379.6028 -0.3167498 26341.78 379.4109 -0.3167498 26341.62 379.6911 -0.6182258 26341.84 379.5191 -0.6182258 26341.76 379.8316 -0.8771088 26341.94 379.6911 -0.8771088 26342.07 379.9153 -1.075758 26341.94 380.0146 -1.075758 26342.23 380.1764 -1.200633 26342.16 380.2278 -1.200633 26454.22 380.4566 1.256774 26454.09 380.7801 1.214181 26342.52 380.7801 1.214181 26453.97 381.0816 1.089306 26342.65 381.0816 1.089306 26453.86 381.3405 0.8906572 26342.75 381.3405 0.8906572 26453.78 381.5391 0.6317742 26342.83 381.5391 0.6317742 26453.72 381.664 0.3302982 26342.89 381.664 0.3302982 26342.91 381.7066 0.006774187 26453.71 381.7066 0.006774187 26342.89 381.664 -0.3167498 26453.72 381.664 -0.3167498 26342.83 381.5391 -0.6182258 26453.78 381.5391 -0.6182258 26342.75 381.3405 -0.8771088 26453.86 381.3405 -0.8771088 26342.65 381.0816 -1.075758 26453.97 381.0816 -1.075758 26342.52 380.7801 -1.200633 26454.09 380.7801 -1.200633 26454.22 380.4566 -1.243226 26454.22 380.133 -1.200633 26454.22 379.8316 -1.075758 26454.22 379.5727 -0.8771088 26454.22 379.374 -0.6182258 26454.22 379.2492 -0.3167498 26454.22 379.2066 0.006774187 26454.22 379.2492 0.3302982 26454.22 379.374 0.6317742 26454.22 380.133 1.214181 26454.22 379.8316 1.089306 26454.22 379.5727 0.8906572 26454.45 380.2278 -1.200633 26454.39 380.1764 -1.200633 26454.67 380.0146 -1.075758 26454.54 379.9153 -1.075758 26454.85 379.8316 -0.8771088 26454.67 379.6911 -0.8771088 26454.99 379.6911 -0.6182258 26454.76 379.5191 -0.6182258 26455.08 379.6028 -0.3167498 26454.83 379.4109 -0.3167498 26455.11 379.5727 0.006774187 26454.85 379.374 0.006774187 26455.08 379.6028 0.3302982 26454.83 379.4109 0.3302982 26454.99 379.6911 0.6317742 26454.76 379.5191 0.6317742 26454.85 379.8316 0.8906572 26454.67 379.6911 0.8906572 26454.67 380.0146 1.089306 26454.54 379.9153 1.089306 26454.45 380.2278 1.214181 26454.39 380.1764 1.214181 26454.31 380.1441 1.214181 26454.39 379.8529 1.089306 26454.45 379.6028 0.8906572 26454.5 379.4109 0.6317742 26454.54 379.2903 0.3302982 26454.55 379.2492 0.006774187 26454.54 379.2903 -0.3167498 26454.5 379.4109 -0.6182258 26454.45 379.6028 -0.8771088 26454.39 379.8529 -1.075758 26454.31 380.1441 -1.200633 26533.31 459.5377 -1.243226 26533.63 459.5377 -1.200633 26533.62 459.454 -1.200633 26533.93 459.5377 -1.075758 26533.91 459.376 -1.075758 26534.19 459.5377 -0.8771088 26534.16 459.309 -0.8771088 26534.39 459.5377 -0.6182258 26534.35 459.2576 -0.6182258 26534.51 459.5377 -0.3167498 26534.47 459.2252 -0.3167498 26534.56 459.5377 0.006774187 26534.51 459.2142 0.006774187 26534.51 459.5377 0.3302982 26534.47 459.2252 0.3302982 26534.39 459.5377 0.6317742 26534.35 459.2576 0.6317742 26534.19 459.5377 0.8906572 26534.16 459.309 0.8906572 26533.93 459.5377 1.089306 26533.91 459.376 1.089306 26533.63 459.5377 1.214181 26533.62 459.454 1.214181 26533.31 459.5377 1.256774 26533.53 459.309 1.214181 26533.58 459.376 1.214181 26533.75 459.0958 1.089306 26533.85 459.2252 1.089306 26533.93 458.9127 0.8906572 26534.07 459.0958 0.8906572 26534.07 458.7723 0.6317742 26534.24 458.9965 0.6317742 26534.16 458.684 0.3302982 26534.35 458.934 0.3302982 26534.19 458.6539 0.006774187 26534.39 458.9127 0.006774187 26534.16 458.684 -0.3167498 26534.35 458.934 -0.3167498 26534.07 458.7723 -0.6182258 26534.24 458.9965 -0.6182258 26533.93 458.9127 -0.8771088 26534.07 459.0958 -0.8771088 26533.75 459.0958 -1.075758 26533.85 459.2252 -1.075758 26533.53 459.309 -1.200633 26533.58 459.376 -1.200633 26532.98 459.6718 1.214181 26532.68 459.7966 1.089306 26532.42 459.9039 0.8906572 26532.22 459.9862 0.6317742 26532.1 460.0379 0.3302982 26532.06 460.0555 0.006774187 26532.1 460.0379 -0.3167498 26532.22 459.9862 -0.6182258 26532.42 459.9039 -0.8771088 26532.68 459.7966 -1.075758 26532.98 459.6718 -1.200633</float_array>
          <technique_common>
            <accessor source="#octagon_v1_003-mesh-positions-array" count="451" stride="3">
              <param name="X" type="float"/>
              <param name="Y" type="float"/>
              <param name="Z" type="float"/>
            </accessor>
          </technique_common>
        </source>
        <source id="octagon_v1_003-mesh-normals">
          <float_array id="octagon_v1_003-mesh-normals-array" count="1368">-0.02728396 0.0117498 0.9995587 -0.1868374 0.1766135 0.9663848 -0.2315784 0.1393499 0.9627841 -0.3788924 0.3362575 0.86219 -0.4465905 0.2470851 0.8599454 -0.5355839 0.4686245 0.7025248 -0.6195411 0.3533521 0.700936 -0.6553202 0.5673012 0.4987233 -0.7540476 0.4310282 0.4956077 -0.7291331 0.6340354 0.2576122 -0.8368799 0.4812036 0.2609127 -0.7509592 0.6603472 0.00137335 -0.8694553 0.4940108 -9.76607e-4 -0.7260025 0.6372206 -0.2585933 -0.8381908 0.4788833 -0.2609732 -0.6535406 0.5697041 -0.4983193 -0.7532755 0.4324879 -0.4955101 -0.5365926 0.4673745 -0.7025877 -0.620487 0.3538097 -0.6998676 -0.3791065 0.3326262 -0.8635035 -0.440967 0.258159 -0.8595942 -0.1903805 0.1769214 -0.9656366 -0.2323122 0.1397779 -0.9625452 -0.02728396 0.0117498 -0.9995587 -0.2643263 0.02160751 -0.9641913 -0.2596566 0.06396806 -0.9635801 -0.5041987 0.03167831 -0.8630065 -0.4910547 0.1301951 -0.8613446 -0.7061238 0.04226911 -0.7068257 -0.6891044 0.1823552 -0.7013428 -0.8692485 0.06076377 -0.490627 -0.8392779 0.2323121 -0.4915727 -0.9663711 0.06372481 -0.249131 -0.9344534 0.2494602 -0.2540991 -0.9978789 0.06509697 2.13633e-4 -0.9675506 0.2526686 -0.002105772 -0.9671007 0.06177139 0.2467803 -0.934779 0.2488552 0.2534942 -0.8673851 0.05969548 0.4940442 -0.8377588 0.2295367 0.4954527 -0.7073529 0.04773265 0.7052471 -0.6890581 0.1865321 0.7002891 -0.5040584 0.03329664 0.8630275 -0.4923974 0.1258613 0.8612223 -0.2642986 0.01687723 0.9642933 -0.2596239 0.06558501 0.9634802 -0.01193302 0.02902382 0.9995076 -0.01669383 0.2669187 0.9635745 -0.07364165 0.2638953 0.9617361 -0.03344881 0.5043271 0.8628647 -0.1277232 0.4902009 0.8622006 -0.04660248 0.7094143 0.7032494 -0.1794531 0.6905587 0.7006606 -0.05710142 0.8654635 0.4977071 -0.2186086 0.8393986 0.4976147 -0.06262516 0.9641599 0.2578254 -0.2467751 0.9346081 0.2561444 -0.06375378 0.9979656 3.35707e-4 -0.2578583 0.9661828 -3.96752e-4 -0.06201487 0.9643134 -0.2573984 -0.2511142 0.932675 -0.2589577 -0.05636906 0.8659843 -0.4968842 -0.2206191 0.8397808 -0.4960802 -0.04651081 0.7102979 -0.702363 -0.1805819 0.6893975 -0.7015136 -0.03360116 0.5030723 -0.863591 -0.1276017 0.4901725 -0.8622348 -0.01702988 0.2637196 -0.9644491 -0.07144558 0.259841 -0.9630048 -0.01193302 0.02902382 -0.9995076 -0.1714268 0.1980702 -0.9650809 -0.1348334 0.2301751 -0.9637632 -0.3320461 0.3767564 -0.8647544 -0.2506517 0.4400519 -0.8622807 -0.4703304 0.5339322 -0.702642 -0.3542938 0.6182518 -0.7015988 -0.5750692 0.6487115 -0.4984665 -0.4319664 0.754278 -0.4944389 -0.6370278 0.7268764 -0.2566056 -0.4824131 0.8381115 -0.2546501 -0.6596339 0.7515872 3.05188e-5 -0.5038331 0.863801 -1.52593e-4 -0.6379912 0.7257627 0.2573633 -0.4855324 0.8362608 0.2548061 -0.5734306 0.6510416 0.497315 -0.4347447 0.7515941 0.4960881 -0.4707312 0.5349746 0.70158 -0.3542088 0.6204606 0.6996891 -0.3319245 0.3770011 0.8646945 -0.2488219 0.4389252 0.8633843 -0.171393 0.1981885 0.9650626 -0.1341004 0.231639 0.9635147 0.1454859 -0.06921797 -0.986936 0.01635801 0.263529 -0.9645128 0.06692785 0.2617604 -0.9628095 0.03155678 0.5043903 -0.862899 0.1311724 0.493987 -0.8595178 0.04614496 0.7083802 -0.7043212 0.1794497 0.6908205 -0.7004033 0.05624759 0.8661465 -0.4966151 0.2240715 0.8383914 -0.4968822 0.06171047 0.9643564 -0.2573102 0.2500432 0.9331834 -0.2581613 0.06351065 0.9979812 0 0.2570282 0.966404 0 0.2495834 0.9334504 0.2576404 0.4991499 0.8665158 1.83118e-4 0.4847435 0.8349869 0.2604241 0.9141327 0.4054131 0.001342773 0.8927436 0.3789552 0.2437252 0.4290069 0.7551646 0.4956607 0.8288684 0.3112033 0.4648975 0.3557001 0.6216435 0.6978802 0.7381066 0.2013961 0.6439244 0.2537318 0.4408109 0.8609913 0.5950464 0.3639803 0.7165461 0.1377956 0.2306665 0.9632266 0.1755457 0.1883026 0.966295 0.01165831 0.02823019 0.9995335 0.061863 0.9642328 0.2577371 0.2235524 0.8385123 0.496912 0.05655151 0.8656077 0.4975192 0.1816499 0.6893969 0.7012383 0.04614496 0.7083802 0.7043212 0.1301022 0.492484 0.8605424 0.03155672 0.5042366 0.8629888 0.06735587 0.2616108 0.9628203 0.01635837 0.263108 0.9646278 0.4835736 0.835885 -0.2597167 0.8912842 0.3846647 -0.2400949 0.431091 0.7540506 -0.4955486 0.8245984 0.3266165 -0.4619082 0.3558853 0.6200907 -0.6991661 0.7244313 0.220836 -0.6530167 0.2531566 0.4438403 -0.8596031 0.5838428 0.0964424 -0.8061182 0.1380066 0.2289531 -0.9636051 0.3892158 -0.02392733 -0.9208359 0.2134794 -0.1332758 -0.9678141 0.08139491 -0.1952013 -0.9773798 0.1696856 -0.4136545 -0.8944813 -0.1720969 -0.4125871 -0.8945136 0.2553901 -0.6126555 -0.74795 -0.2521787 -0.6115097 -0.7499746 0.3228367 -0.7730014 -0.5461184 -0.3231331 -0.77237 -0.546836 0.3644341 -0.883877 -0.2931709 -0.3610456 -0.886988 -0.2879209 0.3801142 -0.9249396 0 -0.3879847 -0.9216659 0 -0.3610456 -0.886988 0.2879209 0.364454 -0.8838819 0.2931318 -0.3231331 -0.77237 0.546836 0.3228641 -0.7729938 0.5461131 -0.2521834 -0.6114907 0.7499886 0.2553557 -0.6126464 0.7479693 -0.1720969 -0.4125871 0.8945136 0.1696856 -0.4136545 0.8944813 -0.08160805 -0.1965124 0.9770994 0.08136504 -0.1951724 0.9773881 -0.09863811 -0.03930872 0.9943467 -0.05331611 -0.02237015 0.9983272 -0.02542227 -0.01086473 0.9996178 -0.3059885 -0.1275715 0.9434494 -0.1716397 -0.07104855 0.9825946 -0.4636484 -0.1912641 0.8651291 -0.6081889 -0.2530052 0.7523927 -0.7405433 -0.3056477 0.5984774 -0.8331581 -0.3434385 0.4334717 -0.8989956 -0.3749248 0.2263588 -0.9246485 -0.380822 0 -0.8989956 -0.3749248 -0.2263588 -0.8331581 -0.3434385 -0.4334717 -0.7405433 -0.3056477 -0.5984774 -0.6081889 -0.2530052 -0.7523927 -0.4636484 -0.1912641 -0.8651291 -0.3102538 -0.1503049 -0.9386964 -0.1019954 0.2052422 -0.9733821 -0.2084169 0.2273084 -0.9512588 -0.2518133 0.4000753 -0.8812093 -0.1056865 0.3425428 -0.9335389 -0.5468395 0.003997981 -0.8372279 -0.03796541 1.52594e-4 -0.9992792 0.2143691 0.1221391 -0.9690862 0.2830379 0.09424424 -0.9544672 0.3619924 0.3073319 -0.8800618 0.4871186 0.4581557 -0.7435112 0.5935 0.5775997 -0.5604786 0.6652631 0.6613566 -0.3464568 0.7032558 0.701211 -0.117194 0.7026138 0.7010268 0.1220464 0.8918925 0.4276652 0.1470719 0.8246839 0.2322494 0.5157098 0.7867224 0.04544299 0.6156321 0.7161985 -0.2411336 0.6549155 0.6000434 -0.3561318 0.7163227 0.2296569 0.09537243 0.9685875 -0.02346897 -0.01486265 0.9996141 -0.7084432 -0.01004081 0.7056965 0.1964826 -0.0812726 -0.9771332 0.1964821 -0.08130294 0.9771308 0.412592 -0.1707561 0.8947683 0.610239 -0.2528547 0.7507816 0.7766265 -0.3221625 0.5413526 0.8846319 -0.3649495 0.2902383 0.9231717 -0.3843878 0 0.8846464 -0.364943 -0.2902026 0.7766566 -0.3221929 -0.5412913 0.610225 -0.2528489 -0.750795 0.4125576 -0.170724 -0.8947903 0.9207882 0.3900631 0 0.7202984 -0.6936513 -0.004269599 0.7128285 -0.7013204 -0.005032598 0 1 -8.13802e-5 0 1 0 0 1 8.05412e-5 0.1965119 0.08127212 -0.9771274 -0.02731448 -0.0117498 -0.9995579 -0.2642624 -0.01687687 -0.9643031 -0.5041167 -0.03332698 -0.8629924 -0.7073834 -0.04773265 -0.7052165 -0.8673629 -0.05972653 -0.4940795 -0.9671064 -0.06170874 -0.246774 -0.997572 -0.06964415 -1.22076e-4 -0.9663691 -0.06375521 0.2491306 -0.8692469 -0.06079417 0.490626 -0.7061229 -0.04229956 0.7068248 -0.5043291 -0.03170937 0.8629292 -0.2644757 -0.02166831 0.9641489 -0.02731448 -0.0117498 0.9995579 0.1964826 0.0812726 0.9771332 0.4125532 0.1707832 0.8947809 0.6101681 0.2527896 0.7508611 0.7766265 0.3221625 0.5413526 0.8846582 0.3648868 0.290237 0.9231348 0.3844767 3.05189e-5 0.8846661 0.36489 -0.2902091 0.7766137 0.3221572 -0.5413742 0.6101681 0.2527896 -0.7508611 0.4125645 0.1707879 -0.8947749 -0.1868699 -0.1765238 -0.9663949 -0.2316738 -0.1392912 -0.9627696 -0.3796891 -0.3318656 -0.8635402 -0.4467676 -0.2455253 -0.8603 -0.5354033 -0.4693287 -0.7021923 -0.6189964 -0.3560404 -0.7000561 -0.6540418 -0.5692269 -0.498207 -0.7529413 -0.4335569 -0.4950838 -0.72913 -0.6340023 -0.2577027 -0.837728 -0.4794604 -0.261399 -0.7509024 -0.660412 -0.001312315 -0.8694142 -0.4940831 9.7663e-4 -0.7259624 -0.6372428 0.258651 -0.8381841 -0.4788795 0.2610017 -0.6535103 -0.5697653 0.498289 -0.7532264 -0.4324948 0.495579 -0.536622 -0.4674346 0.7025253 -0.6198447 -0.3566167 0.6990115 -0.3790804 -0.33263 0.8635135 -0.4412515 -0.2564862 0.8599489 -0.1904074 -0.1768265 0.9656487 -0.2323093 -0.1396541 0.9625639 -0.2597202 -0.06402969 0.9635589 -0.491509 -0.1254027 0.8617964 -0.6890276 -0.183175 0.7012047 -0.8392899 -0.2322543 0.4915797 -0.9344424 -0.2494654 0.2541348 -0.9675582 -0.25264 0.002105832 -0.9364242 -0.2420487 -0.2540123 -0.8377203 -0.2296871 -0.4954479 -0.6891196 -0.1865323 -0.7002285 -0.4924224 -0.1258294 -0.8612127 -0.2596585 -0.06567758 -0.9634647 -0.01193302 -0.02899336 -0.9995084 -0.01684659 -0.2669825 -0.9635542 -0.07361245 -0.2638391 -0.9617537 -0.03369349 -0.5008252 -0.8648925 -0.1275706 -0.4889497 -0.8629333 -0.04648059 -0.7097524 -0.7029162 -0.1796647 -0.6911615 -0.7000119 -0.05676537 -0.865978 -0.4968501 -0.2194026 -0.8389734 -0.4979821 -0.06238102 -0.9642817 -0.2574287 -0.2470827 -0.9344339 -0.2564826 -0.06369304 -0.9979696 -2.74671e-4 -0.2577006 -0.9662248 4.57782e-4 -0.06216758 -0.9642545 0.2575821 -0.2498036 -0.9333223 0.2578912 -0.2204122 -0.8395014 0.4966447 -0.4831754 -0.837561 0.255016 -0.4320077 -0.7542663 0.4944207 -0.6391885 -0.7247941 0.257122 -0.5739223 -0.6500688 0.4980198 -0.3549421 -0.6168912 0.702468 -0.4705229 -0.533302 0.7029918 -0.2497993 -0.4450914 0.8599384 -0.3313438 -0.3807845 0.8632581 -0.1346827 -0.2302088 0.9637762 -0.1714277 -0.1981933 0.9650555 -0.01193302 -0.02899336 0.9995084 -0.05707073 -0.8654311 0.4977671 -0.1807373 -0.6878517 0.7029894 -0.04651117 -0.7092653 0.7034056 -0.1272048 -0.4933767 0.8604641 -0.03347945 -0.5042677 0.8628982 -0.07156616 -0.2622465 0.9623436 -0.01681607 -0.2669826 0.9635547 -0.659649 -0.7515738 -1.22078e-4 -0.5013394 -0.8652507 -3.05192e-4 -0.6379763 -0.7257194 -0.2575222 -0.4854696 -0.8362883 -0.2548357 -0.573422 -0.6510318 -0.4973379 -0.4352032 -0.751046 -0.4965162 -0.4702796 -0.5341575 -0.7025047 -0.3547797 -0.6187052 -0.7009531 -0.2499197 -0.4396867 -0.8626795 -0.332051 -0.3767925 -0.8647367 -0.1341628 -0.2320687 -0.9634026 -0.1714277 -0.1981933 -0.9650555 0.01165831 -0.02819973 0.9995344 -0.08151757 0.1964846 0.9771125 0.08139538 0.1951719 0.9773856 -0.1720373 0.4125295 0.8945516 0.1696878 0.4136292 0.8944926 -0.2521808 0.611576 0.7499198 0.2553885 0.6127737 0.7478538 -0.3230731 0.7723724 0.5468682 0.3228619 0.773019 0.5460788 -0.3610427 0.8869503 0.2880406 0.3644605 0.8838672 0.2931677 0.3800881 0.9249503 -9.15581e-5 -0.3879219 0.9216923 6.10372e-5 0.3644607 0.8838369 -0.2932593 -0.3610393 0.8869724 -0.2879769 0.3228619 0.773019 -0.5460788 -0.3230731 0.7723724 -0.5468682 0.2553885 0.6127737 -0.7478538 -0.2521808 0.611576 -0.7499198 0.1696878 0.4136292 -0.8944926 -0.1720373 0.4125295 -0.8945516 0.08139538 0.1951719 -0.9773856 -0.08151757 0.1964846 -0.9771125 0.01168882 -0.02819973 -0.999534 0.01663279 -0.2599911 -0.9654678 0.03207617 -0.5037578 -0.8632492 0.04617518 -0.7093523 -0.7033401 0.0559104 -0.8662458 -0.4964799 0.0613135 -0.9645366 -0.2567296 0.06338715 -0.9979891 0 0.06174063 -0.9642897 0.2575529 0.05655133 -0.8656964 0.4973649 0.0165106 -0.2623997 0.964818 0.0315873 -0.5043898 0.8628982 0.04605358 -0.7082918 0.7044159 0.1755139 -0.1871111 -0.9665322 0.1376101 -0.2316086 -0.963027 0.3332076 -0.3769109 -0.86424 0.2538264 -0.4399006 -0.8614289 0.4707998 -0.5323278 -0.7035444 0.3562542 -0.6207668 -0.6983779 0.5693066 -0.6553711 -0.4963656 0.4289873 -0.7554278 -0.4952765 0.6372419 -0.7257783 -0.2591694 0.4847995 -0.8349171 -0.2605435 0.659649 -0.7515738 1.22078e-4 0.4997894 -0.866147 1.22079e-4 0.6370252 -0.7267819 0.2568793 0.4833579 -0.8363696 0.2585558 0.5679817 -0.6543493 0.4992232 0.4300191 -0.752915 0.4981996 0.4704177 -0.5371015 0.7001637 0.3585759 -0.6208317 0.6971309 0.3319886 -0.3770656 0.8646416 0.252635 -0.4387389 0.862371 0.1756092 -0.1900449 0.9659423 0.1405389 -0.2311491 0.9627144 0.06689751 -0.2624325 0.9626287 0.130928 -0.4938946 0.859608 0.1798171 -0.6895736 0.701537 0.2234925 -0.8388521 0.4963651 0.2499828 -0.9332162 0.2581009 0.2569426 -0.9664267 -1.22078e-4 0.2504988 -0.9330533 -0.2581896 0.2237644 -0.8384759 -0.496878 0.1808558 -0.6919277 -0.6989471 0.1295533 -0.4929434 -0.8603621 0.06735563 -0.2588019 -0.9635792 0.03027445 -0.01321452 -0.9994543 0.264326 -0.01873868 -0.9642514 0.2610616 -0.08078444 -0.9619359 0.5032297 -0.02423214 -0.863813 0.4904143 -0.1229011 -0.86278 0.7081167 -0.04675608 -0.7045459 0.6903352 -0.1837537 -0.6997656 0.8686667 -0.06045842 -0.491694 0.8407414 -0.228802 -0.4907173 0.9630088 -0.06360238 -0.2618563 0.9329825 -0.2516337 -0.2573408 0.9974092 -0.07190179 0.002288877 0.9652631 -0.2612754 0.001556456 0.9638262 -0.06396818 0.2587416 0.9340505 -0.2512978 0.2537699 0.8678957 -0.05731439 0.4934291 0.8390634 -0.2307554 0.4926708 0.7086645 -0.04535204 0.7040866 0.6902254 -0.1834212 0.6999611 0.5035631 -0.0298475 0.8634427 0.4931218 -0.12708 0.8606286 0.2643851 -0.01471006 0.9643051 0.2590786 -0.0737347 0.9630376 0.03027445 -0.01321452 0.9994543 0.1982529 -0.1680999 0.9656284 0.2234621 -0.1375504 0.9649584 0.3784422 -0.3356233 0.8626347 0.4414365 -0.2558464 0.8600444 0.535089 -0.4703887 0.7017225 0.620002 -0.3533233 0.7005428 0.6534755 -0.5703414 0.4976753 0.7526363 -0.4345032 0.4947178 0.7291441 -0.633984 0.2577076 0.8366778 -0.4830849 0.2580685 0.7521149 -0.6590313 9.76614e-4 0.8687592 -0.4952348 0 0.7273344 -0.6358378 -0.2582538 0.8393967 -0.4775015 -0.2596258 0.6535103 -0.5697653 -0.498289 0.7532727 -0.433646 -0.4945011 0.5360698 -0.468897 -0.7019721 0.6195137 -0.3577181 -0.6987421 0.3790804 -0.33263 -0.8635135 0.4393554 -0.2542255 -0.8615894 0.1976119 -0.1723114 -0.9650174 0.2268199 -0.1397176 -0.9638629 0.1660858 0.681251 0.7129605 -0.1952937 0.08112061 0.9773843 -0.4136524 0.170997 0.8942326 -0.6091063 0.2521513 0.7519371 -0.7763713 0.3225852 0.541467 -0.887891 0.3669307 0.2775098 -0.9240581 0.382252 0 -0.8878985 0.3669338 -0.2774816 -0.7763713 0.3225852 -0.541467 -0.6091063 0.2521513 -0.7519371 -0.4136524 0.170997 -0.8942326 -0.1952937 0.08112061 -0.9773843 0.1660858 0.681251 -0.7129605 0.3343346 0.6800528 -0.6524942 0.4838215 0.6806096 -0.5501704 0.604255 0.6801264 -0.4150953 0.6797321 0.6841269 -0.2644522 0.7281101 0.678546 -0.0971139 0.7281101 0.678546 0.0971139 0.6797321 0.6841269 0.2644522 0.604255 0.6801264 0.4150953 0.4838296 0.680621 0.5501491 0.3343346 0.6800528 0.6524942</float_array>
          <technique_common>
            <accessor source="#octagon_v1_003-mesh-normals-array" count="456" stride="3">
              <param name="X" type="float"/>
              <param name="Y" type="float"/>
              <param name="Z" type="float"/>
            </accessor>
          </technique_common>
        </source>
        <source id="octagon_v1_003-mesh-map-0">
          <float_array id="octagon_v1_003-mesh-map-0-array" count="5580">-0.19635 -0.458149 -0.163625 -0.490874 -0.163625 -0.458149 -0.163625 -0.458149 -0.163625 -0.490874 -0.1309 -0.490874 -0.163625 -0.458149 -0.1309 -0.490874 -0.1309 -0.458149 -0.1309 -0.458149 -0.1309 -0.490874 -0.09817498 -0.490874 -0.1309 -0.458149 -0.09817498 -0.490874 -0.09817498 -0.458149 -0.09817498 -0.458149 -0.09817498 -0.490874 -0.06544995 -0.490874 -0.09817498 -0.458149 -0.06544995 -0.490874 -0.06544995 -0.458149 -0.06544995 -0.458149 -0.06544995 -0.490874 -0.03272491 -0.490874 -0.06544995 -0.458149 -0.03272491 -0.490874 -0.03272491 -0.458149 -0.03272491 -0.458149 -0.03272491 -0.490874 0 -0.490874 -0.03272491 -0.458149 0 -0.490874 0 -0.458149 0 -0.458149 0 -0.490874 0.03272491 -0.490874 0 -0.458149 0.03272491 -0.490874 0.03272491 -0.458149 0.03272491 -0.458149 0.03272491 -0.490874 0.06544995 -0.490874 0.03272491 -0.458149 0.06544995 -0.490874 0.06544995 -0.458149 0.06544995 -0.458149 0.06544995 -0.490874 0.09817498 -0.490874 0.06544995 -0.458149 0.09817498 -0.490874 0.09817498 -0.458149 0.09817498 -0.458149 0.09817498 -0.490874 0.1309 -0.490874 0.09817498 -0.458149 0.1309 -0.490874 0.1309 -0.458149 0.1309 -0.458149 0.1309 -0.490874 0.163625 -0.490874 0.1309 -0.458149 0.163625 -0.490874 0.163625 -0.458149 0.163625 -0.458149 0.163625 -0.490874 0.19635 -0.490874 0.19635 -0.425424 0.163625 -0.392699 0.163625 -0.425424 0.163625 -0.425424 0.163625 -0.392699 0.1309 -0.392699 0.163625 -0.425424 0.1309 -0.392699 0.1309 -0.425424 0.1309 -0.425424 0.1309 -0.392699 0.09817498 -0.392699 0.1309 -0.425424 0.09817498 -0.392699 0.09817498 -0.425424 0.09817498 -0.425424 0.09817498 -0.392699 0.06544995 -0.392699 0.09817498 -0.425424 0.06544995 -0.392699 0.06544995 -0.425424 0.06544995 -0.425424 0.06544995 -0.392699 0.03272491 -0.392699 0.06544995 -0.425424 0.03272491 -0.392699 0.03272491 -0.425424 0.03272491 -0.425424 0.03272491 -0.392699 0 -0.392699 0.03272491 -0.425424 0 -0.392699 0 -0.425424 0 -0.425424 0 -0.392699 -0.03272491 -0.392699 0 -0.425424 -0.03272491 -0.392699 -0.03272491 -0.425424 -0.03272491 -0.425424 -0.03272491 -0.392699 -0.06544995 -0.392699 -0.03272491 -0.425424 -0.06544995 -0.392699 -0.06544995 -0.425424 -0.06544995 -0.425424 -0.06544995 -0.392699 -0.09817498 -0.392699 -0.06544995 -0.425424 -0.09817498 -0.392699 -0.09817498 -0.425424 -0.09817498 -0.425424 -0.09817498 -0.392699 -0.1309 -0.392699 -0.09817498 -0.425424 -0.1309 -0.392699 -0.1309 -0.425424 -0.1309 -0.425424 -0.1309 -0.392699 -0.163625 -0.392699 -0.1309 -0.425424 -0.163625 -0.392699 -0.163625 -0.425424 -0.163625 -0.425424 -0.163625 -0.392699 -0.19635 -0.392699 0.163625 -0.458149 0.19635 -0.458149 0.163625 -0.425424 -0.163625 -0.425424 -0.19635 -0.425424 -0.163625 -0.458149 0.163625 -0.425424 0.1309 -0.425424 0.163625 -0.458149 0.163625 -0.458149 0.1309 -0.425424 0.1309 -0.458149 0.1309 -0.425424 0.09817498 -0.425424 0.1309 -0.458149 0.1309 -0.458149 0.09817498 -0.425424 0.09817498 -0.458149 0.09817498 -0.425424 0.06544995 -0.425424 0.09817498 -0.458149 0.09817498 -0.458149 0.06544995 -0.425424 0.06544995 -0.458149 0.06544995 -0.425424 0.03272491 -0.425424 0.06544995 -0.458149 0.06544995 -0.458149 0.03272491 -0.425424 0.03272491 -0.458149 0.03272491 -0.425424 0 -0.425424 0.03272491 -0.458149 0.03272491 -0.458149 0 -0.425424 0 -0.458149 0 -0.425424 -0.03272491 -0.425424 0 -0.458149 0 -0.458149 -0.03272491 -0.425424 -0.03272491 -0.458149 -0.03272491 -0.425424 -0.06544995 -0.425424 -0.03272491 -0.458149 -0.03272491 -0.458149 -0.06544995 -0.425424 -0.06544995 -0.458149 -0.06544995 -0.425424 -0.09817498 -0.425424 -0.06544995 -0.458149 -0.06544995 -0.458149 -0.09817498 -0.425424 -0.09817498 -0.458149 -0.163625 -0.425424 -0.163625 -0.458149 -0.1309 -0.458149 -0.09817498 -0.425424 -0.1309 -0.425424 -0.09817498 -0.458149 -0.09817498 -0.458149 -0.1309 -0.425424 -0.1309 -0.458149 -0.1309 -0.425424 -0.163625 -0.425424 -0.1309 -0.458149 -0.19635 0.229074 -0.163625 0.19635 -0.163625 0.229074 -0.163625 0.229074 -0.163625 0.19635 -0.1309 0.19635 -0.163625 0.229074 -0.1309 0.19635 -0.1309 0.229074 -0.1309 0.229074 -0.1309 0.19635 -0.09817498 0.19635 -0.1309 0.229074 -0.09817498 0.19635 -0.09817498 0.229074 -0.09817498 0.229074 -0.09817498 0.19635 -0.06544995 0.19635 -0.09817498 0.229074 -0.06544995 0.19635 -0.06544995 0.229074 -0.06544995 0.229074 -0.06544995 0.19635 -0.03272491 0.19635 -0.06544995 0.229074 -0.03272491 0.19635 -0.03272491 0.229074 -0.03272491 0.229074 -0.03272491 0.19635 0 0.19635 -0.03272491 0.229074 0 0.19635 0 0.229074 0 0.229074 0 0.19635 0.03272491 0.19635 0 0.229074 0.03272491 0.19635 0.03272491 0.229074 0.03272491 0.229074 0.03272491 0.19635 0.06544995 0.19635 0.03272491 0.229074 0.06544995 0.19635 0.06544995 0.229074 0.06544995 0.229074 0.06544995 0.19635 0.09817498 0.19635 0.06544995 0.229074 0.09817498 0.19635 0.09817498 0.229074 0.09817498 0.229074 0.09817498 0.19635 0.1309 0.19635 0.09817498 0.229074 0.1309 0.19635 0.1309 0.229074 0.1309 0.229074 0.1309 0.19635 0.163625 0.19635 0.1309 0.229074 0.163625 0.19635 0.163625 0.229074 0.163625 0.229074 0.163625 0.19635 0.19635 0.19635 0.19635 0.261799 0.163625 0.294524 0.163625 0.261799 0.163625 0.261799 0.163625 0.294524 0.1309 0.294524 0.163625 0.261799 0.1309 0.294524 0.1309 0.261799 0.1309 0.261799 0.1309 0.294524 0.09817498 0.294524 0.1309 0.261799 0.09817498 0.294524 0.09817498 0.261799 0.09817498 0.261799 0.09817498 0.294524 0.06544995 0.294524 0.09817498 0.261799 0.06544995 0.294524 0.06544995 0.261799 0.06544995 0.261799 0.06544995 0.294524 0.03272491 0.294524 0.06544995 0.261799 0.03272491 0.294524 0.03272491 0.261799 0.03272491 0.261799 0.03272491 0.294524 0 0.294524 0.03272491 0.261799 0 0.294524 0 0.261799 0 0.261799 0 0.294524 -0.03272491 0.294524 0 0.261799 -0.03272491 0.294524 -0.03272491 0.261799 -0.03272491 0.261799 -0.03272491 0.294524 -0.06544995 0.294524 -0.03272491 0.261799 -0.06544995 0.294524 -0.06544995 0.261799 -0.06544995 0.261799 -0.06544995 0.294524 -0.09817498 0.294524 -0.06544995 0.261799 -0.09817498 0.294524 -0.09817498 0.261799 -0.09817498 0.261799 -0.09817498 0.294524 -0.1309 0.294524 -0.09817498 0.261799 -0.1309 0.294524 -0.1309 0.261799 -0.1309 0.261799 -0.1309 0.294524 -0.163625 0.294524 -0.1309 0.261799 -0.163625 0.294524 -0.163625 0.261799 -0.163625 0.261799 -0.163625 0.294524 -0.19635 0.294524 0.163625 0.229074 0.19635 0.229074 0.163625 0.261799 -0.163625 0.261799 -0.19635 0.261799 -0.163625 0.229074 0.163625 0.261799 0.1309 0.261799 0.163625 0.229074 0.163625 0.229074 0.1309 0.261799 0.1309 0.229074 0.1309 0.261799 0.09817498 0.261799 0.1309 0.229074 0.1309 0.229074 0.09817498 0.261799 0.09817498 0.229074 0.09817498 0.261799 0.06544995 0.261799 0.09817498 0.229074 0.09817498 0.229074 0.06544995 0.261799 0.06544995 0.229074 0.06544995 0.261799 0.03272491 0.261799 0.06544995 0.229074 0.06544995 0.229074 0.03272491 0.261799 0.03272491 0.229074 0.03272491 0.261799 0 0.261799 0.03272491 0.229074 0.03272491 0.229074 0 0.261799 0 0.229074 0 0.261799 -0.03272491 0.261799 0 0.229074 0 0.229074 -0.03272491 0.261799 -0.03272491 0.229074 -0.03272491 0.261799 -0.06544995 0.261799 -0.03272491 0.229074 -0.03272491 0.229074 -0.06544995 0.261799 -0.06544995 0.229074 -0.06544995 0.261799 -0.09817498 0.261799 -0.06544995 0.229074 -0.06544995 0.229074 -0.09817498 0.261799 -0.09817498 0.229074 -0.163625 0.261799 -0.163625 0.229074 -0.1309 0.229074 -0.09817498 0.261799 -0.1309 0.261799 -0.09817498 0.229074 -0.09817498 0.229074 -0.1309 0.261799 -0.1309 0.229074 -0.1309 0.261799 -0.163625 0.261799 -0.1309 0.229074 0.19635 -0.621774 0.163625 -0.589049 0.163625 -0.621774 0.163625 -0.621774 0.163625 -0.589049 0.1309 -0.589049 0.163625 -0.621774 0.1309 -0.589049 0.1309 -0.621774 0.1309 -0.621774 0.1309 -0.589049 0.09817498 -0.589049 0.1309 -0.621774 0.09817498 -0.589049 0.09817498 -0.621774 0.09817498 -0.621774 0.09817498 -0.589049 0.06544995 -0.589049 0.09817498 -0.621774 0.06544995 -0.589049 0.06544995 -0.621774 0.06544995 -0.621774 0.06544995 -0.589049 0.03272491 -0.589049 0.06544995 -0.621774 0.03272491 -0.589049 0.03272491 -0.621774 0.03272491 -0.621774 0.03272491 -0.589049 0 -0.589049 0.03272491 -0.621774 0 -0.589049 0 -0.621774 0 -0.621774 0 -0.589049 -0.03272491 -0.621774 0 -0.621774 -0.03272491 -0.621774 0 -0.654499 0 -0.654499 -0.03272491 -0.621774 -0.03272491 -0.654499 0 -0.654499 -0.03272491 -0.654499 0 -0.687224 0 -0.687224 -0.03272491 -0.654499 -0.03272491 -0.687224 -0.03272491 -0.687224 -0.03272491 -0.654499 -0.06544995 -0.654499 -0.03272491 -0.687224 -0.06544995 -0.654499 -0.06544995 -0.687224 -0.06544995 -0.687224 -0.06544995 -0.654499 -0.09817498 -0.654499 -0.06544995 -0.687224 -0.09817498 -0.654499 -0.09817498 -0.687224 -0.09817498 -0.687224 -0.09817498 -0.654499 -0.1309 -0.654499 -0.09817498 -0.687224 -0.1309 -0.654499 -0.1309 -0.687224 -0.1309 -0.687224 -0.1309 -0.654499 -0.163625 -0.654499 -0.1309 -0.687224 -0.163625 -0.654499 -0.163625 -0.687224 -0.163625 -0.687224 -0.163625 -0.654499 -0.19635 -0.654499 0 -0.589049 -0.03272491 -0.589049 -0.03272491 -0.621774 -0.03272491 -0.621774 -0.03272491 -0.589049 -0.06544995 -0.621774 -0.03272491 -0.621774 -0.06544995 -0.621774 -0.03272491 -0.654499 -0.03272491 -0.654499 -0.06544995 -0.621774 -0.06544995 -0.654499 -0.03272491 -0.589049 -0.06544995 -0.589049 -0.06544995 -0.621774 -0.06544995 -0.621774 -0.06544995 -0.589049 -0.09817498 -0.621774 -0.06544995 -0.621774 -0.09817498 -0.621774 -0.06544995 -0.654499 -0.06544995 -0.654499 -0.09817498 -0.621774 -0.09817498 -0.654499 -0.06544995 -0.589049 -0.09817498 -0.589049 -0.09817498 -0.621774 -0.09817498 -0.621774 -0.09817498 -0.589049 -0.1309 -0.621774 -0.09817498 -0.621774 -0.1309 -0.621774 -0.09817498 -0.654499 -0.09817498 -0.654499 -0.1309 -0.621774 -0.1309 -0.654499 -0.09817498 -0.589049 -0.1309 -0.589049 -0.1309 -0.621774 -0.1309 -0.621774 -0.1309 -0.589049 -0.163625 -0.621774 -0.1309 -0.621774 -0.163625 -0.621774 -0.1309 -0.654499 -0.1309 -0.654499 -0.163625 -0.621774 -0.163625 -0.654499 -0.1309 -0.589049 -0.163625 -0.589049 -0.163625 -0.621774 -0.163625 -0.621774 -0.163625 -0.589049 -0.19635 -0.589049 0 -0.654499 0 -0.687224 0.03272491 -0.654499 0.03272491 -0.654499 0 -0.687224 0.03272491 -0.687224 0.03272491 -0.654499 0.03272491 -0.687224 0.06544995 -0.654499 0.06544995 -0.654499 0.03272491 -0.687224 0.06544995 -0.687224 0.06544995 -0.654499 0.06544995 -0.687224 0.09817498 -0.654499 0.09817498 -0.654499 0.06544995 -0.687224 0.09817498 -0.687224 0.09817498 -0.654499 0.09817498 -0.687224 0.1309 -0.654499 0.1309 -0.654499 0.09817498 -0.687224 0.1309 -0.687224 0.1309 -0.654499 0.1309 -0.687224 0.163625 -0.654499 0.163625 -0.654499 0.1309 -0.687224 0.163625 -0.687224 0.163625 -0.654499 0.163625 -0.687224 0.19635 -0.687224 -0.163625 -0.621774 -0.19635 -0.621774 -0.163625 -0.654499 0.163625 -0.654499 0.19635 -0.654499 0.163625 -0.621774 0 -0.654499 0.03272491 -0.654499 0 -0.621774 0 -0.621774 0.03272491 -0.654499 0.03272491 -0.621774 0.03272491 -0.654499 0.06544995 -0.654499 0.03272491 -0.621774 0.03272491 -0.621774 0.06544995 -0.654499 0.06544995 -0.621774 0.06544995 -0.654499 0.09817498 -0.654499 0.06544995 -0.621774 0.06544995 -0.621774 0.09817498 -0.654499 0.09817498 -0.621774 0.163625 -0.654499 0.163625 -0.621774 0.1309 -0.621774 0.09817498 -0.654499 0.1309 -0.654499 0.09817498 -0.621774 0.09817498 -0.621774 0.1309 -0.654499 0.1309 -0.621774 0.1309 -0.654499 0.163625 -0.654499 0.1309 -0.621774 -5.578482 -0.229075 5.578482 -0.229074 -5.591883 -0.19635 -5.591883 -0.19635 5.578482 -0.229074 5.591883 -0.19635 -5.591883 -0.19635 5.591883 -0.19635 -5.591883 -0.163625 -5.591883 -0.163625 5.591883 -0.19635 5.591883 -0.163625 -5.591883 -0.163625 5.591883 -0.163625 -5.591883 -0.1309 -5.591883 -0.1309 5.591883 -0.163625 5.591883 -0.1309 -5.591883 -0.1309 5.591883 -0.1309 -5.591883 -0.09817498 -5.591883 -0.09817498 5.591883 -0.1309 5.591883 -0.09817498 -5.591883 -0.09817498 5.591883 -0.09817498 -5.591883 -0.06544995 -5.591883 -0.06544995 5.591883 -0.09817498 5.591883 -0.06544995 -5.591883 -0.06544995 5.591883 -0.06544995 -5.591883 -0.03272491 -5.591883 -0.03272491 5.591883 -0.06544995 5.591883 -0.03272491 -5.591883 -0.03272491 5.591883 -0.03272491 -5.591883 0 -5.591883 0 5.591883 -0.03272491 5.591883 0 -5.591883 0 5.591883 0 5.591883 0.03272491 5.578482 -0.229074 -5.578482 -0.229075 5.565995 -0.261799 5.565995 -0.261799 -5.578482 -0.229075 -5.565995 -0.261799 5.565995 -0.261799 -5.565995 -0.261799 5.555271 -0.294524 5.555271 -0.294524 -5.565995 -0.261799 -5.555271 -0.294524 5.555271 -0.294524 -5.555271 -0.294524 5.547043 -0.327249 5.547043 -0.327249 -5.555271 -0.294524 -5.547043 -0.327249 5.547043 -0.327249 -5.547043 -0.327249 5.541871 -0.359974 5.541871 -0.359974 -5.547043 -0.327249 -5.541871 -0.359974 5.541871 -0.359974 -5.541871 -0.359974 5.540106 -0.392699 5.540106 -0.392699 -5.541871 -0.359974 -5.540106 -0.392699 5.540106 0.392699 -5.540106 0.392699 -5.541871 0.359974 5.540106 0.392699 -5.541871 0.359974 5.541871 0.359974 5.541871 0.359974 -5.541871 0.359974 -5.547043 0.327249 5.541871 0.359974 -5.547043 0.327249 5.547043 0.327249 5.547043 0.327249 -5.547043 0.327249 -5.555271 0.294524 5.547043 0.327249 -5.555271 0.294524 5.555271 0.294524 5.555271 0.294524 -5.555271 0.294524 -5.565995 0.261799 5.555271 0.294524 -5.565995 0.261799 5.565995 0.261799 5.565995 0.261799 -5.565995 0.261799 -5.578482 0.229075 5.565995 0.261799 -5.578482 0.229075 5.578482 0.229074 5.578482 0.229074 -5.578482 0.229075 -5.591883 0.19635 5.578482 0.229074 -5.591883 0.19635 5.591883 0.19635 5.591883 0.19635 -5.591883 0.19635 -5.591883 0.163625 5.591883 0.19635 -5.591883 0.163625 5.591883 0.163625 5.591883 0.163625 -5.591883 0.163625 -5.591883 0.1309 5.591883 0.163625 -5.591883 0.1309 5.591883 0.1309 5.591883 0.1309 -5.591883 0.1309 -5.591883 0.09817498 5.591883 0.1309 -5.591883 0.09817498 5.591883 0.09817498 5.591883 0.09817498 -5.591883 0.09817498 -5.591883 0.06544995 5.591883 0.09817498 -5.591883 0.06544995 5.591883 0.06544995 5.591883 0.06544995 -5.591883 0.06544995 -5.591883 0.03272491 5.591883 0.06544995 -5.591883 0.03272491 5.591883 0.03272491 5.591883 0.03272491 -5.591883 0.03272491 -5.591883 0 5.577923 0.22907 -5.587023 0.209294 5.591324 0.196346 5.591324 0.196346 -5.587023 0.209294 -5.589358 0.203525 5.591324 0.196346 -5.589358 0.203525 -5.590523 0.200485 5.565436 0.261794 -5.572952 0.244547 5.577923 0.22907 5.577923 0.22907 -5.572952 0.244547 -5.582132 0.2213349 5.577923 0.22907 -5.582132 0.2213349 -5.587023 0.209294 -5.572952 0.244547 5.565436 0.261794 -5.564065 0.268822 -5.564065 0.268822 5.565436 0.261794 5.554712 0.294518 -5.564065 0.268822 5.554712 0.294518 -5.55632 0.292832 -5.55632 0.292832 5.554712 0.294518 -5.549845 0.317092 -5.549845 0.317092 5.554712 0.294518 5.546484 0.327243 -5.549845 0.317092 5.546484 0.327243 -5.544803 0.342371 -5.544803 0.342371 5.546484 0.327243 5.541311 0.359967 -5.544803 0.342371 5.541311 0.359967 -5.541775 0.367151 -5.541775 0.367151 5.541311 0.359967 5.539547 0.392691 -5.541775 0.367151 5.539547 0.392691 -5.540661 0.392691 -5.540661 -0.392691 5.539547 -0.392691 -5.541775 -0.367151 -5.541775 -0.367151 5.539547 -0.392691 5.541311 -0.359967 -5.541775 -0.367151 5.541311 -0.359967 -5.544803 -0.342371 -5.544803 -0.342371 5.541311 -0.359967 5.546484 -0.327243 -5.544803 -0.342371 5.546484 -0.327243 -5.549845 -0.317092 -5.549845 -0.317092 5.546484 -0.327243 5.554712 -0.294518 -5.549845 -0.317092 5.554712 -0.294518 -5.55632 -0.292832 -5.55632 -0.292832 5.554712 -0.294518 -5.564065 -0.268822 -5.564065 -0.268822 5.554712 -0.294518 5.565436 -0.261794 -5.564065 -0.268822 5.565436 -0.261794 -5.572952 -0.244547 -5.572952 -0.244547 5.565436 -0.261794 5.577923 -0.22907 -5.572952 -0.244547 5.577923 -0.22907 -5.582132 -0.2213349 -5.582132 -0.2213349 5.577923 -0.22907 -5.587023 -0.209294 -5.587023 -0.209294 5.577923 -0.22907 5.591324 -0.196346 -5.587023 -0.209294 5.591324 -0.196346 -5.589358 -0.203525 -5.589358 -0.203525 5.591324 -0.196346 -5.590523 -0.200485 -5.590523 -0.200485 5.591324 -0.196346 -5.591018 -0.199023 -5.591018 -0.199023 5.591324 -0.196346 -5.591229 -0.198237 -5.591229 -0.198237 5.591324 -0.196346 -5.591324 -0.197464 -5.591324 -0.197464 5.591324 -0.196346 -5.591324 -0.167085 -5.591324 -0.167085 5.591324 -0.196346 5.591324 -0.163621 -5.591324 -0.167085 5.591324 -0.163621 -5.591324 -0.1367059 -5.591324 -0.1367059 5.591324 -0.163621 5.591324 -0.130897 -5.591324 -0.1367059 5.591324 -0.130897 -5.591324 -0.1063269 -5.591324 -0.1063269 5.591324 -0.130897 5.591324 -0.09817296 -5.591324 -0.1063269 5.591324 -0.09817296 -5.591324 -0.07594799 -5.591324 -0.07594799 5.591324 -0.09817296 5.591324 -0.06544899 -5.591324 -0.07594799 5.591324 -0.06544899 -5.591324 -0.045569 -5.591324 -0.045569 5.591324 -0.06544899 5.591324 -0.03272396 -5.591324 -0.045569 5.591324 -0.03272396 -5.591324 -0.01518988 -5.591324 -0.01518988 5.591324 -0.03272396 5.591324 0 -5.591324 -0.01518988 5.591324 0 -5.591324 0.01518988 -5.591324 0.01518988 5.591324 0 5.591324 0.03272396 -5.591324 0.01518988 5.591324 0.03272396 -5.591324 0.045569 -5.591324 0.045569 5.591324 0.03272396 5.591324 0.06544899 -5.591324 0.045569 5.591324 0.06544899 -5.591324 0.07594799 -5.591324 0.07594799 5.591324 0.06544899 5.591324 0.09817296 -5.591324 0.07594799 5.591324 0.09817296 -5.591324 0.1063269 -5.591324 0.1063269 5.591324 0.09817296 5.591324 0.130897 -5.591324 0.1063269 5.591324 0.130897 -5.591324 0.1367059 -5.591324 0.1367059 5.591324 0.130897 5.591324 0.163621 -5.591324 0.1367059 5.591324 0.163621 -5.591324 0.167085 -5.591324 0.167085 5.591324 0.163621 5.591324 0.196346 -5.591324 0.167085 5.591324 0.196346 -5.591324 0.197464 -5.591324 0.197464 5.591324 0.196346 -5.591229 0.198237 -5.591229 0.198237 5.591324 0.196346 -5.591018 0.199023 -5.591018 0.199023 5.591324 0.196346 -5.590523 0.200485 -5.578482 -0.229074 5.578482 -0.229074 -5.591883 -0.19635 -5.591883 -0.19635 5.578482 -0.229074 5.591883 -0.19635 -5.591883 -0.19635 5.591883 -0.19635 -5.591883 -0.163625 -5.591883 -0.163625 5.591883 -0.19635 5.591883 -0.163625 -5.591883 -0.163625 5.591883 -0.163625 -5.591883 -0.1309 -5.591883 -0.1309 5.591883 -0.163625 5.591883 -0.1309 -5.591883 -0.1309 5.591883 -0.1309 -5.591883 -0.09817498 -5.591883 -0.09817498 5.591883 -0.1309 5.591883 -0.09817498 -5.591883 -0.09817498 5.591883 -0.09817498 -5.591883 -0.06544995 -5.591883 -0.06544995 5.591883 -0.09817498 5.591883 -0.06544995 -5.591883 -0.06544995 5.591883 -0.06544995 -5.591883 -0.03272491 -5.591883 -0.03272491 5.591883 -0.06544995 5.591883 -0.03272491 -5.591883 -0.03272491 5.591883 -0.03272491 -5.591883 0 -5.591883 0 5.591883 -0.03272491 5.591883 0 -5.591883 0 5.591883 0 -5.591883 0.03272491 -5.591883 0.03272491 5.591883 0 5.591883 0.03272491 -5.591883 0.03272491 5.591883 0.03272491 -5.591883 0.06544995 -5.591883 0.06544995 5.591883 0.03272491 5.591883 0.06544995 -5.591883 0.06544995 5.591883 0.06544995 -5.591883 0.09817498 -5.591883 0.09817498 5.591883 0.06544995 5.591883 0.09817498 -5.591883 0.09817498 5.591883 0.09817498 -5.591883 0.1309 -5.591883 0.1309 5.591883 0.09817498 5.591883 0.1309 -5.591883 0.1309 5.591883 0.1309 -5.591883 0.163625 -5.591883 0.163625 5.591883 0.1309 5.591883 0.163625 -5.591883 0.163625 5.591883 0.163625 -5.591883 0.19635 -5.591883 0.19635 5.591883 0.163625 5.591883 0.19635 -5.591883 0.19635 5.591883 0.19635 -5.578482 0.229074 -5.578482 0.229074 5.591883 0.19635 5.578482 0.229074 -5.578482 0.229074 5.578482 0.229074 -5.565995 0.261799 -5.565995 0.261799 5.578482 0.229074 5.565995 0.261799 -5.565995 0.261799 5.565995 0.261799 -5.555271 0.294524 -5.555271 0.294524 5.565995 0.261799 5.555271 0.294524 -5.555271 0.294524 5.555271 0.294524 -5.547043 0.327249 -5.547043 0.327249 5.555271 0.294524 5.547043 0.327249 -5.547043 0.327249 5.547043 0.327249 -5.541871 0.359974 -5.541871 0.359974 5.547043 0.327249 5.541871 0.359974 -5.541871 0.359974 5.541871 0.359974 -5.540106 0.392699 -5.540106 0.392699 5.541871 0.359974 5.540106 0.392699 -5.540106 -0.392699 5.540106 -0.392699 -5.541871 -0.359974 -5.541871 -0.359974 5.540106 -0.392699 5.541871 -0.359974 -5.541871 -0.359974 5.541871 -0.359974 -5.547043 -0.327249 -5.547043 -0.327249 5.541871 -0.359974 5.547043 -0.327249 -5.547043 -0.327249 5.547043 -0.327249 -5.555271 -0.294524 -5.555271 -0.294524 5.547043 -0.327249 5.555271 -0.294524 -5.555271 -0.294524 5.555271 -0.294524 -5.565995 -0.261799 -5.565995 -0.261799 5.555271 -0.294524 5.565995 -0.261799 -5.565995 -0.261799 5.565995 -0.261799 -5.578482 -0.229074 -5.578482 -0.229074 5.565995 -0.261799 5.578482 -0.229074 0 -0.09872996 0 -0.08354097 -0.125 -0.09872996 0 -0.08354097 0 -0.06835198 -0.125 -0.08227497 0 -0.06835198 0 -0.05316191 -0.125 -0.06581997 0 -0.05316191 0 -0.03797292 -0.125 -0.04936498 0 -0.03797292 0 -0.02278399 -0.125 -0.03290992 0 -0.02278399 0 -0.007594943 -0.125 -0.01645499 0 -0.007594943 0 0.007594943 -0.125 0 0 0.007594943 0 0.02278399 -0.125 0.01645499 0 0.02278399 0 0.03797292 -0.125 0.03290992 0 0.03797292 0 0.05316191 -0.125 0.04936498 0 0.05316191 0 0.06835198 -0.125 0.06581997 0 0.06835198 0 0.08354097 -0.125 0.08227497 0 0.08354097 0 0.09872996 -0.125 0.09872996 -0.12499 -0.126582 0 -0.125 -0.121681 -0.09638696 -0.121681 -0.09638696 0 -0.125 -0.111187 -0.06788098 -0.111187 -0.06788098 0 -0.125 -0.09412598 -0.04274892 -0.09412598 -0.04274892 0 -0.125 0.09412598 -0.04274892 -0.09412598 -0.04274892 0.09412598 -0.04274892 -0.07150799 -0.02247399 -0.07150799 -0.02247399 0.09412598 -0.04274892 0.07150799 -0.02247399 -0.07150799 -0.02247399 0.07150799 -0.02247399 -0.04466694 -0.008252978 -0.04466694 -0.008252978 0.07150799 -0.02247399 0.04466694 -0.008252978 -0.04466694 -0.008252978 0.04466694 -0.008252978 -0.01518791 -9.26e-4 -0.01518791 -9.26e-4 0.04466694 -0.008252978 0.01518791 -9.26e-4 0.12499 -0.126582 0.121681 -0.09638696 0 -0.125 0 -0.125 0.121681 -0.09638696 0.111187 -0.06788098 0 -0.125 0.111187 -0.06788098 0.09412598 -0.04274892 -5.578482 -0.229074 5.578482 -0.229074 -5.591883 -0.19635 -5.591883 -0.19635 5.578482 -0.229074 5.591883 -0.19635 -5.591883 -0.19635 5.591883 -0.19635 -5.591883 -0.163625 -5.591883 -0.163625 5.591883 -0.19635 5.591883 -0.163625 -5.591883 -0.163625 5.591883 -0.163625 -5.591883 -0.1309 -5.591883 -0.1309 5.591883 -0.163625 5.591883 -0.1309 -5.591883 -0.1309 5.591883 -0.1309 -5.591883 -0.09817498 -5.591883 -0.09817498 5.591883 -0.1309 5.591883 -0.09817498 -5.591883 -0.09817498 5.591883 -0.09817498 -5.591883 -0.06544995 -5.591883 -0.06544995 5.591883 -0.09817498 5.591883 -0.06544995 -5.591883 -0.06544995 5.591883 -0.06544995 -5.591883 -0.03272491 -5.591883 -0.03272491 5.591883 -0.06544995 5.591883 -0.03272491 -5.591883 -0.03272491 5.591883 -0.03272491 -5.591883 0 -5.591883 0 5.591883 -0.03272491 5.591883 0 -5.591883 0 5.591883 0 -5.591883 0.03272491 -5.591883 0.03272491 5.591883 0 5.591883 0.03272491 -5.591883 0.03272491 5.591883 0.03272491 -5.591883 0.06544995 -5.591883 0.06544995 5.591883 0.03272491 5.591883 0.06544995 -5.591883 0.06544995 5.591883 0.06544995 -5.591883 0.09817498 -5.591883 0.09817498 5.591883 0.06544995 5.591883 0.09817498 -5.591883 0.09817498 5.591883 0.09817498 -5.591883 0.1309 -5.591883 0.1309 5.591883 0.09817498 5.591883 0.1309 -5.591883 0.1309 5.591883 0.1309 -5.591883 0.163625 -5.591883 0.163625 5.591883 0.1309 5.591883 0.163625 -5.591883 0.163625 5.591883 0.163625 -5.591883 0.19635 -5.591883 0.19635 5.591883 0.163625 5.591883 0.19635 -5.591883 0.19635 5.591883 0.19635 -5.578482 0.229074 -5.578482 0.229074 5.591883 0.19635 5.578482 0.229074 -5.578482 0.229074 5.578482 0.229074 -5.565995 0.261799 -5.565995 0.261799 5.578482 0.229074 5.565995 0.261799 -5.565995 0.261799 5.565995 0.261799 -5.555271 0.294524 -5.555271 0.294524 5.565995 0.261799 5.555271 0.294524 -5.555271 0.294524 5.555271 0.294524 -5.547043 0.327249 -5.547043 0.327249 5.555271 0.294524 5.547043 0.327249 -5.547043 0.327249 5.547043 0.327249 -5.541871 0.359974 -5.541871 0.359974 5.547043 0.327249 5.541871 0.359974 -5.541871 0.359974 5.541871 0.359974 -5.540106 0.392699 -5.540106 0.392699 5.541871 0.359974 5.540106 0.392699 -5.540106 -0.392699 5.540106 -0.392699 -5.541871 -0.359974 -5.541871 -0.359974 5.540106 -0.392699 5.541871 -0.359974 -5.541871 -0.359974 5.541871 -0.359974 -5.547043 -0.327249 -5.547043 -0.327249 5.541871 -0.359974 5.547043 -0.327249 -5.547043 -0.327249 5.547043 -0.327249 -5.555271 -0.294524 -5.555271 -0.294524 5.547043 -0.327249 5.555271 -0.294524 -5.555271 -0.294524 5.555271 -0.294524 -5.565995 -0.261799 -5.565995 -0.261799 5.555271 -0.294524 5.565995 -0.261799 -5.565995 -0.261799 5.565995 -0.261799 -5.578482 -0.229074 -5.578482 -0.229074 5.565995 -0.261799 5.578482 -0.229074 0.19635 -0.327249 0.163625 -0.294524 0.163625 -0.327249 0.163625 -0.327249 0.163625 -0.294524 0.1309 -0.294524 0.163625 -0.327249 0.1309 -0.294524 0.1309 -0.327249 0.1309 -0.327249 0.1309 -0.294524 0.09817498 -0.294524 0.1309 -0.327249 0.09817498 -0.294524 0.09817498 -0.327249 0.09817498 -0.327249 0.09817498 -0.294524 0.06544995 -0.294524 0.09817498 -0.327249 0.06544995 -0.294524 0.06544995 -0.327249 0.06544995 -0.327249 0.06544995 -0.294524 0.03272491 -0.294524 0.06544995 -0.327249 0.03272491 -0.294524 0.03272491 -0.327249 0.03272491 -0.327249 0.03272491 -0.294524 0 -0.294524 0.03272491 -0.327249 0 -0.294524 0 -0.327249 0 -0.327249 0 -0.294524 -0.03272491 -0.294524 0 -0.327249 -0.03272491 -0.294524 -0.03272491 -0.327249 -0.03272491 -0.327249 -0.03272491 -0.294524 -0.06544995 -0.294524 -0.03272491 -0.327249 -0.06544995 -0.294524 -0.06544995 -0.327249 -0.06544995 -0.327249 -0.06544995 -0.294524 -0.09817498 -0.294524 -0.06544995 -0.327249 -0.09817498 -0.294524 -0.09817498 -0.327249 -0.09817498 -0.327249 -0.09817498 -0.294524 -0.1309 -0.294524 -0.09817498 -0.327249 -0.1309 -0.294524 -0.1309 -0.327249 -0.1309 -0.327249 -0.1309 -0.294524 -0.163625 -0.294524 -0.1309 -0.327249 -0.163625 -0.294524 -0.163625 -0.327249 -0.163625 -0.327249 -0.163625 -0.294524 -0.19635 -0.294524 -0.19635 -0.359974 -0.163625 -0.392699 -0.163625 -0.359974 -0.163625 -0.359974 -0.163625 -0.392699 -0.1309 -0.392699 -0.163625 -0.359974 -0.1309 -0.392699 -0.1309 -0.359974 -0.1309 -0.359974 -0.1309 -0.392699 -0.09817498 -0.392699 -0.1309 -0.359974 -0.09817498 -0.392699 -0.09817498 -0.359974 -0.09817498 -0.359974 -0.09817498 -0.392699 -0.06544995 -0.392699 -0.09817498 -0.359974 -0.06544995 -0.392699 -0.06544995 -0.359974 -0.06544995 -0.359974 -0.06544995 -0.392699 -0.03272491 -0.392699 -0.06544995 -0.359974 -0.03272491 -0.392699 -0.03272491 -0.359974 -0.03272491 -0.359974 -0.03272491 -0.392699 0 -0.392699 -0.03272491 -0.359974 0 -0.392699 0 -0.359974 0 -0.359974 0 -0.392699 0.03272491 -0.392699 0 -0.359974 0.03272491 -0.392699 0.03272491 -0.359974 0.03272491 -0.359974 0.03272491 -0.392699 0.06544995 -0.392699 0.03272491 -0.359974 0.06544995 -0.392699 0.06544995 -0.359974 0.06544995 -0.359974 0.06544995 -0.392699 0.09817498 -0.392699 0.06544995 -0.359974 0.09817498 -0.392699 0.09817498 -0.359974 0.09817498 -0.359974 0.09817498 -0.392699 0.1309 -0.392699 0.09817498 -0.359974 0.1309 -0.392699 0.1309 -0.359974 0.1309 -0.359974 0.1309 -0.392699 0.163625 -0.392699 0.1309 -0.359974 0.163625 -0.392699 0.163625 -0.359974 0.163625 -0.359974 0.163625 -0.392699 0.19635 -0.392699 -0.163625 -0.327249 -0.19635 -0.327249 -0.163625 -0.359974 0.163625 -0.359974 0.19635 -0.359974 0.163625 -0.327249 -0.163625 -0.359974 -0.1309 -0.359974 -0.163625 -0.327249 -0.163625 -0.327249 -0.1309 -0.359974 -0.1309 -0.327249 -0.1309 -0.359974 -0.09817498 -0.359974 -0.1309 -0.327249 -0.1309 -0.327249 -0.09817498 -0.359974 -0.09817498 -0.327249 -0.09817498 -0.359974 -0.06544995 -0.359974 -0.09817498 -0.327249 -0.09817498 -0.327249 -0.06544995 -0.359974 -0.06544995 -0.327249 -0.06544995 -0.359974 -0.03272491 -0.359974 -0.06544995 -0.327249 -0.06544995 -0.327249 -0.03272491 -0.359974 -0.03272491 -0.327249 -0.03272491 -0.359974 0 -0.359974 -0.03272491 -0.327249 -0.03272491 -0.327249 0 -0.359974 0 -0.327249 0 -0.359974 0.03272491 -0.359974 0 -0.327249 0 -0.327249 0.03272491 -0.359974 0.03272491 -0.327249 0.03272491 -0.359974 0.06544995 -0.359974 0.03272491 -0.327249 0.03272491 -0.327249 0.06544995 -0.359974 0.06544995 -0.327249 0.06544995 -0.359974 0.09817498 -0.359974 0.06544995 -0.327249 0.06544995 -0.327249 0.09817498 -0.359974 0.09817498 -0.327249 0.163625 -0.359974 0.163625 -0.327249 0.1309 -0.327249 0.09817498 -0.359974 0.1309 -0.359974 0.09817498 -0.327249 0.09817498 -0.327249 0.1309 -0.359974 0.1309 -0.327249 0.1309 -0.359974 0.163625 -0.359974 0.1309 -0.327249 0.19635 -0.229074 0.163625 -0.19635 0.163625 -0.229074 0.163625 -0.229074 0.163625 -0.19635 0.1309 -0.19635 0.163625 -0.229074 0.1309 -0.19635 0.1309 -0.229074 0.1309 -0.229074 0.1309 -0.19635 0.09817498 -0.19635 0.1309 -0.229074 0.09817498 -0.19635 0.09817498 -0.229074 0.09817498 -0.229074 0.09817498 -0.19635 0.06544995 -0.19635 0.09817498 -0.229074 0.06544995 -0.19635 0.06544995 -0.229074 0.06544995 -0.229074 0.06544995 -0.19635 0.03272491 -0.19635 0.06544995 -0.229074 0.03272491 -0.19635 0.03272491 -0.229074 0.03272491 -0.229074 0.03272491 -0.19635 0 -0.19635 0.03272491 -0.229074 0 -0.19635 0 -0.229074 0 -0.229074 0 -0.19635 -0.03272491 -0.19635 0 -0.229074 -0.03272491 -0.19635 -0.03272491 -0.229074 -0.03272491 -0.229074 -0.03272491 -0.19635 -0.06544995 -0.229074 -0.03272491 -0.229074 -0.06544995 -0.229074 -0.03272491 -0.261799 -0.03272491 -0.261799 -0.06544995 -0.229074 -0.06544995 -0.261799 -0.03272491 -0.261799 -0.06544995 -0.261799 -0.03272491 -0.294524 -0.03272491 -0.294524 -0.06544995 -0.261799 -0.06544995 -0.294524 -0.06544995 -0.294524 -0.06544995 -0.261799 -0.09817498 -0.261799 -0.06544995 -0.294524 -0.09817498 -0.261799 -0.09817498 -0.294524 -0.09817498 -0.294524 -0.09817498 -0.261799 -0.1309 -0.261799 -0.09817498 -0.294524 -0.1309 -0.261799 -0.1309 -0.294524 -0.1309 -0.294524 -0.1309 -0.261799 -0.163625 -0.261799 -0.1309 -0.294524 -0.163625 -0.261799 -0.163625 -0.294524 -0.163625 -0.294524 -0.163625 -0.261799 -0.19635 -0.261799 -0.03272491 -0.19635 -0.06544995 -0.19635 -0.06544995 -0.229074 -0.06544995 -0.229074 -0.06544995 -0.19635 -0.09817498 -0.229074 -0.06544995 -0.229074 -0.09817498 -0.229074 -0.06544995 -0.261799 -0.06544995 -0.261799 -0.09817498 -0.229074 -0.09817498 -0.261799 -0.06544995 -0.19635 -0.09817498 -0.19635 -0.09817498 -0.229074 -0.09817498 -0.229074 -0.09817498 -0.19635 -0.1309 -0.229074 -0.09817498 -0.229074 -0.1309 -0.229074 -0.09817498 -0.261799 -0.09817498 -0.261799 -0.1309 -0.229074 -0.1309 -0.261799 -0.09817498 -0.19635 -0.1309 -0.19635 -0.1309 -0.229074 -0.1309 -0.229074 -0.1309 -0.19635 -0.163625 -0.229074 -0.1309 -0.229074 -0.163625 -0.229074 -0.1309 -0.261799 -0.1309 -0.261799 -0.163625 -0.229074 -0.163625 -0.261799 -0.1309 -0.19635 -0.163625 -0.19635 -0.163625 -0.229074 -0.163625 -0.229074 -0.163625 -0.19635 -0.19635 -0.19635 -0.03272491 -0.294524 0 -0.294524 -0.03272491 -0.261799 -0.03272491 -0.261799 0 -0.294524 0 -0.261799 -0.03272491 -0.261799 0 -0.261799 -0.03272491 -0.229074 -0.03272491 -0.229074 0 -0.261799 0 -0.229074 0 -0.294524 0.03272491 -0.294524 0 -0.261799 0 -0.261799 0.03272491 -0.294524 0.03272491 -0.261799 0 -0.261799 0.03272491 -0.261799 0 -0.229074 0 -0.229074 0.03272491 -0.261799 0.03272491 -0.229074 0.03272491 -0.294524 0.06544995 -0.294524 0.03272491 -0.261799 0.03272491 -0.261799 0.06544995 -0.294524 0.06544995 -0.261799 0.03272491 -0.261799 0.06544995 -0.261799 0.03272491 -0.229074 0.03272491 -0.229074 0.06544995 -0.261799 0.06544995 -0.229074 0.06544995 -0.294524 0.09817498 -0.294524 0.06544995 -0.261799 0.06544995 -0.261799 0.09817498 -0.294524 0.09817498 -0.261799 0.06544995 -0.261799 0.09817498 -0.261799 0.06544995 -0.229074 0.06544995 -0.229074 0.09817498 -0.261799 0.09817498 -0.229074 0.09817498 -0.261799 0.09817498 -0.294524 0.1309 -0.261799 0.1309 -0.261799 0.09817498 -0.294524 0.1309 -0.294524 0.1309 -0.261799 0.1309 -0.294524 0.163625 -0.261799 0.163625 -0.261799 0.1309 -0.294524 0.163625 -0.294524 0.163625 -0.261799 0.163625 -0.294524 0.19635 -0.294524 -0.163625 -0.229074 -0.19635 -0.229074 -0.163625 -0.261799 0.163625 -0.261799 0.19635 -0.261799 0.163625 -0.229074 0.163625 -0.261799 0.163625 -0.229074 0.1309 -0.229074 0.09817498 -0.261799 0.1309 -0.261799 0.09817498 -0.229074 0.09817498 -0.229074 0.1309 -0.261799 0.1309 -0.229074 0.1309 -0.261799 0.163625 -0.261799 0.1309 -0.229074 -5.591883 0.163625 5.591883 0.19635 -5.591883 0.19635 -5.591883 0.19635 5.591883 0.19635 5.578482 0.229074 -5.591883 0.19635 5.578482 0.229074 -5.578482 0.229074 -5.578482 0.229074 5.578482 0.229074 5.565995 0.261799 -5.578482 0.229074 5.565995 0.261799 -5.565995 0.261799 -5.565995 0.261799 5.565995 0.261799 5.555271 0.294524 -5.565995 0.261799 5.555271 0.294524 -5.555271 0.294524 -5.555271 0.294524 5.555271 0.294524 5.547043 0.327249 -5.555271 0.294524 5.547043 0.327249 -5.547043 0.327249 -5.547043 0.327249 5.547043 0.327249 5.541871 0.359974 -5.547043 0.327249 5.541871 0.359974 -5.541871 0.359974 -5.541871 0.359974 5.541871 0.359974 -5.540106 0.392699 -5.540106 0.392699 5.541871 0.359974 5.540106 0.392699 -5.540106 -0.392699 5.540106 -0.392699 -5.541871 -0.359974 -5.541871 -0.359974 5.540106 -0.392699 5.541871 -0.359974 -5.541871 -0.359974 5.541871 -0.359974 -5.547043 -0.327249 -5.547043 -0.327249 5.541871 -0.359974 5.547043 -0.327249 -5.547043 -0.327249 5.547043 -0.327249 -5.555271 -0.294524 -5.555271 -0.294524 5.547043 -0.327249 5.555271 -0.294524 -5.555271 -0.294524 5.555271 -0.294524 -5.565995 -0.261799 -5.565995 -0.261799 5.555271 -0.294524 5.565995 -0.261799 -5.565995 -0.261799 5.565995 -0.261799 -5.578482 -0.229074 -5.578482 -0.229074 5.565995 -0.261799 5.578482 -0.229074 -5.578482 -0.229074 5.578482 -0.229074 -5.591883 -0.19635 -5.591883 -0.19635 5.578482 -0.229074 5.591883 -0.19635 -5.591883 -0.19635 5.591883 -0.19635 -5.591883 -0.163625 -5.591883 -0.163625 5.591883 -0.19635 5.591883 -0.163625 -5.591883 -0.163625 5.591883 -0.163625 -5.591883 -0.1309 -5.591883 -0.1309 5.591883 -0.163625 5.591883 -0.1309 -5.591883 -0.1309 5.591883 -0.1309 -5.591883 -0.09817498 -5.591883 -0.09817498 5.591883 -0.1309 5.591883 -0.09817498 -5.591883 -0.09817498 5.591883 -0.09817498 -5.591883 -0.06544995 -5.591883 -0.06544995 5.591883 -0.09817498 5.591883 -0.06544995 -5.591883 -0.06544995 5.591883 -0.06544995 -5.591883 -0.03272491 -5.591883 -0.03272491 5.591883 -0.06544995 5.591883 -0.03272491 -5.591883 -0.03272491 5.591883 -0.03272491 -5.591883 0 -5.591883 0 5.591883 -0.03272491 5.591883 0 -5.591883 0 5.591883 0 -5.591883 0.03272491 -5.591883 0.03272491 5.591883 0 5.591883 0.03272491 -5.591883 0.03272491 5.591883 0.03272491 5.591883 0.06544995 5.591883 0.19635 -5.591883 0.163625 5.591883 0.163625 5.591883 0.163625 -5.591883 0.163625 -5.591883 0.1309 5.591883 0.163625 -5.591883 0.1309 5.591883 0.1309 5.591883 0.1309 -5.591883 0.1309 -5.591883 0.09817498 5.591883 0.1309 -5.591883 0.09817498 5.591883 0.09817498 5.591883 0.09817498 -5.591883 0.09817498 -5.591883 0.06544995 5.591883 0.09817498 -5.591883 0.06544995 5.591883 0.06544995 5.591883 0.06544995 -5.591883 0.06544995 -5.591883 0.03272491 -5.578482 -0.229074 5.591883 -0.19635 -5.591883 -0.19635 -5.591883 -0.19635 5.591883 -0.19635 5.591883 -0.163625 -5.591883 -0.19635 5.591883 -0.163625 -5.591883 -0.163625 -5.591883 -0.163625 5.591883 -0.163625 5.591883 -0.1309 -5.591883 -0.163625 5.591883 -0.1309 -5.591883 -0.1309 -5.591883 -0.1309 5.591883 -0.1309 5.591883 -0.09817498 -5.591883 -0.1309 5.591883 -0.09817498 -5.591883 -0.09817498 -5.591883 -0.09817498 5.591883 -0.09817498 5.591883 -0.06544995 -5.591883 -0.09817498 5.591883 -0.06544995 -5.591883 -0.06544995 -5.591883 -0.06544995 5.591883 -0.06544995 5.591883 -0.03272491 -5.591883 -0.06544995 5.591883 -0.03272491 -5.591883 -0.03272491 -5.591883 -0.03272491 5.591883 -0.03272491 -5.591883 0 -5.591883 0 5.591883 -0.03272491 5.591883 0 -5.591883 0 5.591883 0 -5.591883 0.03272491 -5.591883 0.03272491 5.591883 0 5.591883 0.03272491 -5.591883 0.03272491 5.591883 0.03272491 -5.591883 0.06544995 -5.591883 0.06544995 5.591883 0.03272491 5.591883 0.06544995 -5.591883 0.06544995 5.591883 0.06544995 -5.591883 0.09817498 -5.591883 0.09817498 5.591883 0.06544995 5.591883 0.09817498 -5.591883 0.09817498 5.591883 0.09817498 -5.591883 0.1309 -5.591883 0.1309 5.591883 0.09817498 5.591883 0.1309 -5.591883 0.1309 5.591883 0.1309 -5.591883 0.163625 -5.591883 0.163625 5.591883 0.1309 5.591883 0.163625 -5.591883 0.163625 5.591883 0.163625 -5.591883 0.19635 -5.591883 0.19635 5.591883 0.163625 5.591883 0.19635 -5.591883 0.19635 5.591883 0.19635 -5.578482 0.229074 -5.578482 0.229074 5.591883 0.19635 5.578482 0.229074 -5.578482 0.229074 5.578482 0.229074 -5.565995 0.261799 -5.565995 0.261799 5.578482 0.229074 5.565995 0.261799 -5.565995 0.261799 5.565995 0.261799 -5.555271 0.294524 -5.555271 0.294524 5.565995 0.261799 5.555271 0.294524 -5.555271 0.294524 5.555271 0.294524 -5.547043 0.327249 -5.547043 0.327249 5.555271 0.294524 5.547043 0.327249 -5.547043 0.327249 5.547043 0.327249 -5.541871 0.359974 -5.541871 0.359974 5.547043 0.327249 5.541871 0.359974 -5.541871 0.359974 5.541871 0.359974 -5.540106 0.392699 -5.540106 0.392699 5.541871 0.359974 5.540106 0.392699 -5.540106 -0.392699 5.540106 -0.392699 -5.541871 -0.359974 -5.541871 -0.359974 5.540106 -0.392699 5.541871 -0.359974 -5.541871 -0.359974 5.541871 -0.359974 5.547043 -0.327249 5.591883 -0.19635 -5.578482 -0.229074 5.578482 -0.229074 5.578482 -0.229074 -5.578482 -0.229074 -5.565995 -0.261799 5.578482 -0.229074 -5.565995 -0.261799 5.565995 -0.261799 5.565995 -0.261799 -5.565995 -0.261799 -5.555271 -0.294524 5.565995 -0.261799 -5.555271 -0.294524 5.555271 -0.294524 5.555271 -0.294524 -5.555271 -0.294524 -5.547043 -0.327249 5.555271 -0.294524 -5.547043 -0.327249 5.547043 -0.327249 5.547043 -0.327249 -5.547043 -0.327249 -5.541871 -0.359974 0.19635 -0.1309 0.163625 -0.09817498 0.163625 -0.1309 0.163625 -0.1309 0.163625 -0.09817498 0.1309 -0.09817498 0.163625 -0.1309 0.1309 -0.09817498 0.1309 -0.1309 0.1309 -0.1309 0.1309 -0.09817498 0.09817498 -0.09817498 0.1309 -0.1309 0.09817498 -0.09817498 0.09817498 -0.1309 0.09817498 -0.1309 0.09817498 -0.09817498 0.06544995 -0.09817498 0.09817498 -0.1309 0.06544995 -0.09817498 0.06544995 -0.1309 0.06544995 -0.1309 0.06544995 -0.09817498 0.03272491 -0.09817498 0.06544995 -0.1309 0.03272491 -0.09817498 0.03272491 -0.1309 0.03272491 -0.1309 0.03272491 -0.09817498 0 -0.09817498 0.03272491 -0.1309 0 -0.09817498 0 -0.1309 0 -0.1309 0 -0.09817498 -0.03272491 -0.09817498 0 -0.1309 -0.03272491 -0.09817498 -0.03272491 -0.1309 -0.03272491 -0.1309 -0.03272491 -0.09817498 -0.06544995 -0.09817498 -0.03272491 -0.1309 -0.06544995 -0.09817498 -0.06544995 -0.1309 -0.06544995 -0.1309 -0.06544995 -0.09817498 -0.09817498 -0.09817498 -0.06544995 -0.1309 -0.09817498 -0.09817498 -0.09817498 -0.1309 -0.09817498 -0.1309 -0.09817498 -0.09817498 -0.1309 -0.09817498 -0.09817498 -0.1309 -0.1309 -0.09817498 -0.1309 -0.1309 -0.1309 -0.1309 -0.1309 -0.09817498 -0.163625 -0.09817498 -0.1309 -0.1309 -0.163625 -0.09817498 -0.163625 -0.1309 -0.163625 -0.1309 -0.163625 -0.09817498 -0.19635 -0.09817498 -0.19635 -0.163625 -0.163625 -0.19635 -0.163625 -0.163625 -0.163625 -0.163625 -0.163625 -0.19635 -0.1309 -0.19635 -0.163625 -0.163625 -0.1309 -0.19635 -0.1309 -0.163625 -0.1309 -0.163625 -0.1309 -0.19635 -0.09817498 -0.19635 -0.1309 -0.163625 -0.09817498 -0.19635 -0.09817498 -0.163625 -0.09817498 -0.163625 -0.09817498 -0.19635 -0.06544995 -0.19635 -0.09817498 -0.163625 -0.06544995 -0.19635 -0.06544995 -0.163625 -0.06544995 -0.163625 -0.06544995 -0.19635 -0.03272491 -0.19635 -0.06544995 -0.163625 -0.03272491 -0.19635 -0.03272491 -0.163625 -0.03272491 -0.163625 -0.03272491 -0.19635 0 -0.19635 -0.03272491 -0.163625 0 -0.19635 0 -0.163625 0 -0.163625 0 -0.19635 0.03272491 -0.19635 0 -0.163625 0.03272491 -0.19635 0.03272491 -0.163625 0.03272491 -0.163625 0.03272491 -0.19635 0.06544995 -0.19635 0.03272491 -0.163625 0.06544995 -0.19635 0.06544995 -0.163625 0.06544995 -0.163625 0.06544995 -0.19635 0.09817498 -0.19635 0.06544995 -0.163625 0.09817498 -0.19635 0.09817498 -0.163625 0.09817498 -0.163625 0.09817498 -0.19635 0.1309 -0.19635 0.09817498 -0.163625 0.1309 -0.19635 0.1309 -0.163625 0.1309 -0.163625 0.1309 -0.19635 0.163625 -0.19635 0.1309 -0.163625 0.163625 -0.19635 0.163625 -0.163625 0.163625 -0.163625 0.163625 -0.19635 0.19635 -0.19635 -0.163625 -0.1309 -0.19635 -0.1309 -0.163625 -0.163625 0.163625 -0.163625 0.19635 -0.163625 0.163625 -0.1309 -0.163625 -0.163625 -0.1309 -0.163625 -0.163625 -0.1309 -0.163625 -0.1309 -0.1309 -0.163625 -0.1309 -0.1309 -0.1309 -0.163625 -0.09817498 -0.163625 -0.1309 -0.1309 -0.1309 -0.1309 -0.09817498 -0.163625 -0.09817498 -0.1309 -0.09817498 -0.163625 -0.06544995 -0.163625 -0.09817498 -0.1309 -0.09817498 -0.1309 -0.06544995 -0.163625 -0.06544995 -0.1309 -0.06544995 -0.163625 -0.03272491 -0.163625 -0.06544995 -0.1309 -0.06544995 -0.1309 -0.03272491 -0.163625 -0.03272491 -0.1309 -0.03272491 -0.163625 0 -0.163625 -0.03272491 -0.1309 -0.03272491 -0.1309 0 -0.163625 0 -0.1309 0 -0.163625 0.03272491 -0.163625 0 -0.1309 0 -0.1309 0.03272491 -0.163625 0.03272491 -0.1309 0.03272491 -0.163625 0.06544995 -0.163625 0.03272491 -0.1309 0.03272491 -0.1309 0.06544995 -0.163625 0.06544995 -0.1309 0.06544995 -0.163625 0.09817498 -0.163625 0.06544995 -0.1309 0.06544995 -0.1309 0.09817498 -0.163625 0.09817498 -0.1309 0.163625 -0.163625 0.163625 -0.1309 0.1309 -0.1309 0.09817498 -0.163625 0.1309 -0.163625 0.09817498 -0.1309 0.09817498 -0.1309 0.1309 -0.163625 0.1309 -0.1309 0.1309 -0.163625 0.163625 -0.163625 0.1309 -0.1309 0.19635 -0.03272491 0.163625 0 0.163625 -0.03272491 0.163625 -0.03272491 0.163625 0 0.1309 0 0.163625 -0.03272491 0.1309 0 0.1309 -0.03272491 0.1309 -0.03272491 0.1309 0 0.09817498 0 0.1309 -0.03272491 0.09817498 0 0.09817498 -0.03272491 0.09817498 -0.03272491 0.09817498 0 0.06544995 0 0.09817498 -0.03272491 0.06544995 0 0.06544995 -0.03272491 0.06544995 -0.03272491 0.06544995 0 0.03272491 0 0.06544995 -0.03272491 0.03272491 0 0.03272491 -0.03272491 0.03272491 -0.03272491 0.03272491 0 0 0 0.03272491 -0.03272491 0 0 0 -0.03272491 0 -0.03272491 0 0 -0.03272491 0 0 -0.03272491 -0.03272491 0 -0.03272491 -0.03272491 -0.03272491 -0.03272491 -0.03272491 0 -0.06544995 0 -0.03272491 -0.03272491 -0.06544995 0 -0.06544995 -0.03272491 -0.06544995 -0.03272491 -0.06544995 0 -0.09817498 0 -0.06544995 -0.03272491 -0.09817498 0 -0.09817498 -0.03272491 -0.09817498 -0.03272491 -0.09817498 0 -0.1309 0 -0.09817498 -0.03272491 -0.1309 0 -0.1309 -0.03272491 -0.1309 -0.03272491 -0.1309 0 -0.163625 0 -0.1309 -0.03272491 -0.163625 0 -0.163625 -0.03272491 -0.163625 -0.03272491 -0.163625 0 -0.19635 0 -0.19635 -0.06544995 -0.163625 -0.09817498 -0.163625 -0.06544995 -0.163625 -0.06544995 -0.163625 -0.09817498 -0.1309 -0.09817498 -0.163625 -0.06544995 -0.1309 -0.09817498 -0.1309 -0.06544995 -0.1309 -0.06544995 -0.1309 -0.09817498 -0.09817498 -0.09817498 -0.1309 -0.06544995 -0.09817498 -0.09817498 -0.09817498 -0.06544995 -0.09817498 -0.06544995 -0.09817498 -0.09817498 -0.06544995 -0.09817498 -0.09817498 -0.06544995 -0.06544995 -0.09817498 -0.06544995 -0.06544995 -0.06544995 -0.06544995 -0.06544995 -0.09817498 -0.03272491 -0.09817498 -0.06544995 -0.06544995 -0.03272491 -0.09817498 -0.03272491 -0.06544995 -0.03272491 -0.06544995 -0.03272491 -0.09817498 0 -0.09817498 -0.03272491 -0.06544995 0 -0.09817498 0 -0.06544995 0 -0.06544995 0 -0.09817498 0.03272491 -0.09817498 0 -0.06544995 0.03272491 -0.09817498 0.03272491 -0.06544995 0.03272491 -0.06544995 0.03272491 -0.09817498 0.06544995 -0.09817498 0.03272491 -0.06544995 0.06544995 -0.09817498 0.06544995 -0.06544995 0.06544995 -0.06544995 0.06544995 -0.09817498 0.09817498 -0.09817498 0.06544995 -0.06544995 0.09817498 -0.09817498 0.09817498 -0.06544995 0.09817498 -0.06544995 0.09817498 -0.09817498 0.1309 -0.09817498 0.09817498 -0.06544995 0.1309 -0.09817498 0.1309 -0.06544995 0.1309 -0.06544995 0.1309 -0.09817498 0.163625 -0.09817498 0.1309 -0.06544995 0.163625 -0.09817498 0.163625 -0.06544995 0.163625 -0.06544995 0.163625 -0.09817498 0.19635 -0.09817498 -0.163625 -0.03272491 -0.19635 -0.03272491 -0.163625 -0.06544995 0.163625 -0.06544995 0.19635 -0.06544995 0.163625 -0.03272491 -0.163625 -0.06544995 -0.1309 -0.06544995 -0.163625 -0.03272491 -0.163625 -0.03272491 -0.1309 -0.06544995 -0.1309 -0.03272491 -0.1309 -0.06544995 -0.09817498 -0.06544995 -0.1309 -0.03272491 -0.1309 -0.03272491 -0.09817498 -0.06544995 -0.09817498 -0.03272491 -0.09817498 -0.06544995 -0.06544995 -0.06544995 -0.09817498 -0.03272491 -0.09817498 -0.03272491 -0.06544995 -0.06544995 -0.06544995 -0.03272491 -0.06544995 -0.06544995 -0.03272491 -0.06544995 -0.06544995 -0.03272491 -0.06544995 -0.03272491 -0.03272491 -0.06544995 -0.03272491 -0.03272491 -0.03272491 -0.06544995 0 -0.06544995 -0.03272491 -0.03272491 -0.03272491 -0.03272491 0 -0.06544995 0 -0.03272491 0 -0.06544995 0.03272491 -0.06544995 0 -0.03272491 0 -0.03272491 0.03272491 -0.06544995 0.03272491 -0.03272491 0.03272491 -0.06544995 0.06544995 -0.06544995 0.03272491 -0.03272491 0.03272491 -0.03272491 0.06544995 -0.06544995 0.06544995 -0.03272491 0.06544995 -0.06544995 0.09817498 -0.06544995 0.06544995 -0.03272491 0.06544995 -0.03272491 0.09817498 -0.06544995 0.09817498 -0.03272491 0.163625 -0.06544995 0.163625 -0.03272491 0.1309 -0.03272491 0.09817498 -0.06544995 0.1309 -0.06544995 0.09817498 -0.03272491 0.09817498 -0.03272491 0.1309 -0.06544995 0.1309 -0.03272491 0.1309 -0.06544995 0.163625 -0.06544995 0.1309 -0.03272491 5.591883 0.1674799 5.591883 0.197931 -5.591883 0.19635 -5.591883 0.19635 5.591883 0.197931 5.591404 0.198544 -5.591883 0.19635 5.591404 0.198544 5.590997 0.19925 5.590997 0.19925 5.590313 0.200634 -5.591883 0.19635 -5.591883 0.19635 5.590313 0.200634 5.58899 0.203609 -5.591883 0.19635 5.58899 0.203609 5.586576 0.209345 -5.591883 0.19635 5.586576 0.209345 -5.578482 0.229074 -5.578482 0.229074 5.586576 0.209345 5.581625 0.221361 -5.578482 0.229074 5.581625 0.221361 5.572424 0.2445639 -5.578482 0.229074 5.572424 0.2445639 -5.565995 0.261799 -5.565995 0.261799 5.572424 0.2445639 5.563528 0.268835 -5.565995 0.261799 5.563528 0.268835 -5.555271 0.294524 -5.555271 0.294524 5.563528 0.268835 5.555778 0.292842 -5.555271 0.294524 5.555778 0.292842 5.5493 0.317102 -5.555271 0.294524 5.5493 0.317102 -5.547043 0.327249 -5.547043 0.327249 5.5493 0.317102 5.544257 0.34238 -5.547043 0.327249 5.544257 0.34238 -5.541871 0.359974 -5.541871 0.359974 5.544257 0.34238 5.541228 0.367159 -5.541871 0.359974 5.541228 0.367159 -5.540106 0.392699 -5.540106 0.392699 5.541228 0.367159 5.540113 0.392699 -5.540106 -0.392699 5.540113 -0.392699 5.541228 -0.367159 -5.540106 -0.392699 5.541228 -0.367159 -5.541871 -0.359974 -5.541871 -0.359974 5.541228 -0.367159 5.544257 -0.34238 -5.541871 -0.359974 5.544257 -0.34238 -5.547043 -0.327249 -5.547043 -0.327249 5.544257 -0.34238 5.5493 -0.317102 -5.547043 -0.327249 5.5493 -0.317102 -5.555271 -0.294524 -5.555271 -0.294524 5.5493 -0.317102 5.555778 -0.292842 -5.555271 -0.294524 5.555778 -0.292842 5.563528 -0.268835 -5.555271 -0.294524 5.563528 -0.268835 -5.565995 -0.261799 -5.565995 -0.261799 5.563528 -0.268835 5.572424 -0.2445639 -5.565995 -0.261799 5.572424 -0.2445639 -5.578482 -0.229074 -5.578482 -0.229074 5.572424 -0.2445639 5.581625 -0.221361 -5.578482 -0.229074 5.581625 -0.221361 5.586576 -0.209345 -5.578482 -0.229074 5.586576 -0.209345 -5.591883 -0.19635 -5.591883 -0.19635 5.586576 -0.209345 5.58899 -0.203609 -5.591883 -0.19635 5.58899 -0.203609 5.590313 -0.200634 5.590313 -0.200634 5.590997 -0.19925 -5.591883 -0.19635 -5.591883 -0.19635 5.590997 -0.19925 5.591404 -0.198544 -5.591883 -0.19635 5.591404 -0.198544 5.591883 -0.197931 5.591883 -0.197931 5.591883 -0.1674799 -5.591883 -0.19635 -5.591883 -0.19635 5.591883 -0.1674799 -5.591883 -0.163625 -5.591883 -0.163625 5.591883 -0.1674799 5.591883 -0.137029 -5.591883 -0.163625 5.591883 -0.137029 -5.591883 -0.1309 -5.591883 -0.1309 5.591883 -0.137029 5.591883 -0.106578 -5.591883 -0.1309 5.591883 -0.106578 -5.591883 -0.09817498 -5.591883 -0.09817498 5.591883 -0.106578 5.591883 -0.07612699 -5.591883 -0.09817498 5.591883 -0.07612699 -5.591883 -0.06544995 -5.591883 -0.06544995 5.591883 -0.07612699 5.591883 -0.04567599 -5.591883 -0.06544995 5.591883 -0.04567599 -5.591883 -0.03272491 -5.591883 -0.03272491 5.591883 -0.04567599 5.591883 -0.01522499 -5.591883 -0.03272491 5.591883 -0.01522499 -5.591883 0 -5.591883 0 5.591883 -0.01522499 5.591883 0.01522499 -5.591883 0 5.591883 0.01522499 -5.591883 0.03272491 -5.591883 0.03272491 5.591883 0.01522499 5.591883 0.04567599 -5.591883 0.03272491 5.591883 0.04567599 -5.591883 0.06544995 -5.591883 0.06544995 5.591883 0.04567599 5.591883 0.07612699 -5.591883 0.06544995 5.591883 0.07612699 -5.591883 0.09817498 -5.591883 0.09817498 5.591883 0.07612699 5.591883 0.106578 -5.591883 0.09817498 5.591883 0.106578 -5.591883 0.1309 -5.591883 0.1309 5.591883 0.106578 5.591883 0.137029 -5.591883 0.1309 5.591883 0.137029 -5.591883 0.163625 -5.591883 0.163625 5.591883 0.137029 5.591883 0.1674799 -5.591883 0.163625 5.591883 0.1674799 -5.591883 0.19635 5.578482 0.229074 -5.578482 0.229074 5.591883 0.19635 5.591883 0.19635 -5.578482 0.229074 -5.591883 0.19635 5.591883 0.19635 -5.591883 0.19635 5.591883 0.163625 5.591883 0.163625 -5.591883 0.19635 -5.591883 0.163625 5.591883 0.163625 -5.591883 0.163625 5.591883 0.1309 5.591883 0.1309 -5.591883 0.163625 -5.591883 0.1309 5.591883 0.1309 -5.591883 0.1309 5.591883 0.09817498 5.591883 0.09817498 -5.591883 0.1309 -5.591883 0.09817498 5.591883 0.09817498 -5.591883 0.09817498 5.591883 0.06544995 5.591883 0.06544995 -5.591883 0.09817498 -5.591883 0.06544995 5.591883 0.06544995 -5.591883 0.06544995 5.591883 0.03272491 5.591883 0.03272491 -5.591883 0.06544995 -5.591883 0.03272491 5.591883 0.03272491 -5.591883 0.03272491 5.591883 0 5.591883 0 -5.591883 0.03272491 -5.591883 0 5.591883 0 -5.591883 0 5.591883 -0.03272491 5.591883 -0.03272491 -5.591883 0 -5.591883 -0.03272491 5.591883 -0.03272491 -5.591883 -0.03272491 5.591883 -0.06544995 5.591883 -0.06544995 -5.591883 -0.03272491 -5.591883 -0.06544995 5.591883 -0.06544995 -5.591883 -0.06544995 5.591883 -0.09817498 5.591883 -0.09817498 -5.591883 -0.06544995 -5.591883 -0.09817498 5.591883 -0.09817498 -5.591883 -0.09817498 5.591883 -0.1309 5.591883 -0.1309 -5.591883 -0.09817498 -5.591883 -0.1309 5.591883 -0.1309 -5.591883 -0.1309 5.591883 -0.163625 5.591883 -0.163625 -5.591883 -0.1309 -5.591883 -0.163625 5.591883 -0.163625 -5.591883 -0.163625 5.591883 -0.19635 5.591883 -0.19635 -5.591883 -0.163625 -5.591883 -0.19635 5.591883 -0.19635 -5.591883 -0.19635 -5.578482 -0.229074 -5.578482 0.229074 5.578482 0.229074 -5.565995 0.261799 -5.565995 0.261799 5.578482 0.229074 5.565995 0.261799 -5.565995 0.261799 5.565995 0.261799 -5.555271 0.294524 -5.555271 0.294524 5.565995 0.261799 5.555271 0.294524 -5.555271 0.294524 5.555271 0.294524 -5.547043 0.327249 -5.547043 0.327249 5.555271 0.294524 5.547043 0.327249 -5.547043 0.327249 5.547043 0.327249 -5.541871 0.359974 -5.541871 0.359974 5.547043 0.327249 5.541871 0.359974 -5.541871 0.359974 5.541871 0.359974 -5.540106 0.392699 -5.540106 0.392699 5.541871 0.359974 5.540106 0.392699 -5.540106 -0.392699 5.540106 -0.392699 5.541871 -0.359974 -5.540106 -0.392699 5.541871 -0.359974 -5.541871 -0.359974 -5.541871 -0.359974 5.541871 -0.359974 5.547043 -0.327249 -5.541871 -0.359974 5.547043 -0.327249 -5.547043 -0.327249 -5.547043 -0.327249 5.547043 -0.327249 5.555271 -0.294524 -5.547043 -0.327249 5.555271 -0.294524 -5.555271 -0.294524 -5.555271 -0.294524 5.555271 -0.294524 5.565995 -0.261799 -5.555271 -0.294524 5.565995 -0.261799 -5.565995 -0.261799 -5.565995 -0.261799 5.565995 -0.261799 5.578482 -0.229074 -5.565995 -0.261799 5.578482 -0.229074 -5.578482 -0.229074 -5.578482 -0.229074 5.578482 -0.229074 5.591883 -0.19635 -5.591324 -0.045569 0 0 -5.582132 -0.2213349 -5.591324 0.1063269 -5.591324 0.07594799 -0.1309 -0.687224 -5.591324 0.07594799 -5.591324 0.045569 -0.1309 -0.687224 -0.06544995 -0.687224 -0.09817498 -0.687224 -0.1309 -0.687224 0.03272491 -0.687224 0 -0.687224 5.577923 -0.22907 0 -0.687224 -0.03272491 -0.687224 5.577923 -0.22907 5.577923 -0.22907 -0.03272491 -0.687224 -0.06544995 -0.687224 -0.06544995 -0.687224 -0.1309 -0.687224 5.577923 -0.22907 -5.591324 0.045569 -5.591324 0.01518988 -5.582132 -0.2213349 -5.591324 0.01518988 -5.591324 -0.01518988 -5.582132 -0.2213349 -5.591324 -0.045569 -5.591324 -0.07594799 0 0 -5.591324 -0.07594799 -5.591324 -0.1063269 0 0 -5.591324 -0.01518988 -5.591324 -0.045569 -5.582132 -0.2213349 -0.1309 -0.687224 -5.591324 0.045569 5.577923 -0.22907 0.09817498 -0.687224 0.06544995 -0.687224 5.577923 -0.22907 0.06544995 -0.687224 0.03272491 -0.687224 5.577923 -0.22907 0.09817498 -0.687224 5.577923 -0.22907 0.1309 -0.687224 -5.591324 -0.1063269 -5.591324 -0.1367059 0 0 5.577923 -0.22907 -5.591324 0.045569 -5.582132 -0.2213349 -5.591883 -0.19635 0.163625 -0.687224 5.577923 -0.22907 0.163625 -0.687224 0.1309 -0.687224 5.577923 -0.22907 -5.589358 -0.203525 -5.587023 -0.209294 -5.591324 -0.197464 -5.587023 -0.209294 -5.582132 -0.2213349 -5.591324 -0.197464 -5.589358 -0.203525 -5.591324 -0.197464 -5.591018 -0.199023 -5.591018 -0.199023 -5.590523 -0.200485 -5.589358 -0.203525 -5.591324 -0.197464 -5.591229 -0.198237 -5.591018 -0.199023 -5.591324 -0.1367059 -5.591324 -0.167085 0 0 0 0 -5.591324 -0.197464 -5.582132 -0.2213349</float_array>
          <technique_common>
            <accessor source="#octagon_v1_003-mesh-map-0-array" count="2790" stride="2">
              <param name="S" type="float"/>
              <param name="T" type="float"/>
            </accessor>
          </technique_common>
        </source>
        <vertices id="octagon_v1_003-mesh-vertices">
          <input semantic="POSITION" source="#octagon_v1_003-mesh-positions"/>
        </vertices>
        <triangles material="white_004-material" count="930">
          <input semantic="VERTEX" source="#octagon_v1_003-mesh-vertices" offset="0"/>
          <input semantic="NORMAL" source="#octagon_v1_003-mesh-normals" offset="1"/>
          <input semantic="TEXCOORD" source="#octagon_v1_003-mesh-map-0" offset="2" set="0"/>
          <p>0 0 0 1 1 1 2 2 2 2 2 3 1 1 4 3 3 5 2 2 6 3 3 7 4 4 8 4 4 9 3 3 10 5 5 11 4 4 12 5 5 13 6 6 14 6 6 15 5 5 16 7 7 17 6 6 18 7 7 19 8 8 20 8 8 21 7 7 22 9 9 23 8 8 24 9 9 25 10 10 26 10 10 27 9 9 28 11 11 29 10 10 30 11 11 31 12 12 32 12 12 33 11 11 34 13 13 35 12 12 36 13 13 37 14 14 38 14 14 39 13 13 40 15 15 41 14 14 42 15 15 43 16 16 44 16 16 45 15 15 46 17 17 47 16 16 48 17 17 49 18 18 50 18 18 51 17 17 52 19 19 53 18 18 54 19 19 55 20 20 56 20 20 57 19 19 58 21 21 59 20 20 60 21 21 61 22 22 62 22 22 63 21 21 64 23 23 65 23 23 66 24 24 67 25 25 68 25 25 69 24 24 70 26 26 71 25 25 72 26 26 73 27 27 74 27 27 75 26 26 76 28 28 77 27 27 78 28 28 79 29 29 80 29 29 81 28 28 82 30 30 83 29 29 84 30 30 85 31 31 86 31 31 87 30 30 88 32 32 89 31 31 90 32 32 91 33 33 92 33 33 93 32 32 94 34 34 95 33 33 96 34 34 97 35 35 98 35 35 99 34 34 100 36 36 101 35 35 102 36 36 103 37 37 104 37 37 105 36 36 106 38 38 107 37 37 108 38 38 109 39 39 110 39 39 111 38 38 112 40 40 113 39 39 114 40 40 115 41 41 116 41 41 117 40 40 118 42 42 119 41 41 120 42 42 121 43 43 122 43 43 123 42 42 124 44 44 125 43 43 126 44 44 127 45 45 128 45 45 129 44 44 130 0 0 131 22 22 132 23 23 133 25 25 134 45 45 135 0 0 136 2 2 137 25 25 138 27 27 139 22 22 140 22 22 141 27 27 142 20 20 143 27 27 144 29 29 145 20 20 146 20 20 147 29 29 148 18 18 149 29 29 150 31 31 151 18 18 152 18 18 153 31 31 154 16 16 155 31 31 156 33 33 157 16 16 158 16 16 159 33 33 160 14 14 161 33 33 162 35 35 163 14 14 164 14 14 165 35 35 166 12 12 167 35 35 168 37 37 169 12 12 170 12 12 171 37 37 172 10 10 173 37 37 174 39 39 175 10 10 176 10 10 177 39 39 178 8 8 179 39 39 180 41 41 181 8 8 182 8 8 183 41 41 184 6 6 185 45 45 186 2 2 187 4 4 188 41 41 189 43 43 190 6 6 191 6 6 192 43 43 193 4 4 194 43 43 195 45 45 196 4 4 197 46 46 198 47 47 199 48 48 200 48 48 201 47 47 202 49 49 203 48 48 204 49 49 205 50 50 206 50 50 207 49 49 208 51 51 209 50 50 210 51 51 211 52 52 212 52 52 213 51 51 214 53 53 215 52 52 216 53 53 217 54 54 218 54 54 219 53 53 220 55 55 221 54 54 222 55 55 223 56 56 224 56 56 225 55 55 226 57 57 227 56 56 228 57 57 229 58 58 230 58 58 231 57 57 232 59 59 233 58 58 234 59 59 235 60 60 236 60 60 237 59 59 238 61 61 239 60 60 240 61 61 241 62 62 242 62 62 243 61 61 244 63 63 245 62 62 246 63 63 247 64 64 248 64 64 249 63 63 250 65 65 251 64 64 252 65 65 253 66 66 254 66 66 255 65 65 256 67 67 257 66 66 258 67 67 259 68 68 260 68 68 261 67 67 262 69 69 263 69 69 264 70 70 265 71 71 266 71 71 267 70 70 268 72 72 269 71 71 270 72 72 271 73 73 272 73 73 273 72 72 274 74 74 275 73 73 276 74 74 277 75 75 278 75 75 279 74 74 280 76 76 281 75 75 282 76 76 283 77 77 284 77 77 285 76 76 286 78 78 287 77 77 288 78 78 289 79 79 290 79 79 291 78 78 292 80 80 293 79 79 294 80 80 295 81 81 296 81 81 297 80 80 298 82 82 299 81 81 300 82 82 301 83 83 302 83 83 303 82 82 304 84 84 305 83 83 306 84 84 307 85 85 308 85 85 309 84 84 310 86 86 311 85 85 312 86 86 313 87 87 314 87 87 315 86 86 316 88 88 317 87 87 318 88 88 319 89 89 320 89 89 321 88 88 322 90 90 323 89 89 324 90 90 325 91 91 326 91 91 327 90 90 328 46 46 329 68 68 330 69 69 331 71 71 332 91 91 333 46 46 334 48 48 335 71 71 336 73 73 337 68 68 338 68 68 339 73 73 340 66 66 341 73 73 342 75 75 343 66 66 344 66 66 345 75 75 346 64 64 347 75 75 348 77 77 349 64 64 350 64 64 351 77 77 352 62 62 353 77 77 354 79 79 355 62 62 356 62 62 357 79 79 358 60 60 359 79 79 360 81 81 361 60 60 362 60 60 363 81 81 364 58 58 365 81 81 366 83 83 367 58 58 368 58 58 369 83 83 370 56 56 371 83 83 372 85 85 373 56 56 374 56 56 375 85 85 376 54 54 377 85 85 378 87 87 379 54 54 380 54 54 381 87 87 382 52 52 383 91 91 384 48 48 385 50 50 386 87 87 387 89 89 388 52 52 389 52 52 390 89 89 391 50 50 392 89 89 393 91 91 394 50 50 395 92 92 396 93 93 397 94 94 398 94 94 399 93 93 400 95 95 401 94 94 402 95 95 403 96 96 404 96 96 405 95 95 406 97 97 407 96 96 408 97 97 409 98 98 410 98 98 411 97 97 412 99 99 413 98 98 414 99 99 415 100 100 416 100 100 417 99 99 418 101 101 419 100 100 420 101 101 421 102 102 422 102 102 423 101 101 424 103 103 425 102 102 426 103 103 427 104 104 428 104 104 429 103 103 430 105 105 431 104 104 432 105 105 433 106 106 434 106 106 435 105 105 436 107 107 437 106 106 438 107 107 439 108 108 440 108 108 441 107 107 442 109 109 443 109 109 444 107 107 445 110 110 446 109 109 447 110 110 448 111 111 449 111 111 450 110 110 451 112 112 452 111 111 453 112 112 454 113 113 455 113 113 456 112 112 457 114 114 458 113 113 459 114 114 460 115 115 461 115 115 462 114 114 463 116 116 464 115 115 465 116 116 466 117 117 467 117 117 468 116 116 469 118 118 470 103 103 471 119 119 472 105 105 473 105 105 474 119 119 475 120 120 476 105 105 477 120 120 478 107 107 479 107 107 480 120 120 481 110 110 482 119 119 483 121 121 484 120 120 485 120 120 486 121 121 487 122 122 488 120 120 489 122 122 490 110 110 491 110 110 492 122 122 493 112 112 494 121 121 495 123 123 496 122 122 497 122 122 498 123 123 499 124 124 500 122 122 501 124 124 502 112 112 503 112 112 504 124 124 505 114 114 506 123 123 507 125 125 508 124 124 509 124 124 510 125 125 511 126 126 512 124 124 513 126 126 514 114 114 515 114 114 516 126 126 517 116 116 518 125 125 519 127 127 520 126 126 521 126 126 522 127 127 523 118 118 524 106 106 525 108 108 526 128 128 527 128 128 528 108 108 529 129 129 530 128 128 531 129 129 532 130 130 533 130 130 534 129 129 535 131 131 536 130 130 537 131 131 538 132 132 539 132 132 540 131 131 541 133 133 542 132 132 543 133 133 544 134 134 545 134 134 546 133 133 547 135 135 548 134 134 549 135 135 550 136 136 551 136 136 552 135 135 553 137 137 554 136 136 555 137 137 556 92 92 557 126 126 558 118 118 559 116 116 560 136 136 561 92 92 562 94 94 563 106 106 564 128 128 565 104 104 566 104 104 567 128 128 568 102 102 569 128 128 570 130 130 571 102 102 572 102 102 573 130 130 574 100 100 575 130 130 576 132 132 577 100 100 578 100 100 579 132 132 580 98 98 581 136 136 582 94 94 583 96 96 584 132 132 585 134 134 586 98 98 587 98 98 588 134 134 589 96 96 590 134 134 591 136 136 592 96 96 593 138 138 594 139 139 595 92 92 596 92 92 597 139 139 598 69 69 599 92 92 600 69 69 601 93 93 602 93 93 603 69 69 604 67 67 605 93 93 606 67 67 607 95 95 608 95 95 609 67 67 610 65 65 611 95 95 612 65 65 613 97 97 614 97 97 615 65 65 616 63 63 617 97 97 618 63 63 619 99 99 620 99 99 621 63 63 622 61 61 623 99 99 624 61 61 625 101 101 626 101 101 627 61 61 628 59 59 629 101 101 630 59 59 631 103 103 632 103 103 633 59 59 634 57 57 635 103 103 636 57 57 637 55 55 638 139 139 639 138 138 640 140 140 641 140 140 642 138 138 643 141 141 644 140 140 645 141 141 646 142 142 647 142 142 648 141 141 649 143 143 650 142 142 651 143 143 652 144 144 653 144 144 654 143 143 655 145 145 656 144 144 657 145 145 658 146 146 659 146 146 660 145 145 661 147 147 662 146 146 663 147 147 664 148 148 665 148 148 666 147 147 667 149 149 668 148 148 669 149 149 670 150 150 671 148 148 672 150 150 673 151 151 674 151 151 675 150 150 676 152 152 677 151 151 678 152 152 679 153 153 680 153 153 681 152 152 682 154 154 683 153 153 684 154 154 685 155 155 686 155 155 687 154 154 688 156 156 689 155 155 690 156 156 691 157 157 692 157 157 693 156 156 694 158 158 695 157 157 696 158 158 697 159 159 698 159 159 699 158 158 700 118 118 701 159 159 702 118 118 703 46 46 704 46 46 705 118 118 706 127 127 707 46 46 708 127 127 709 47 47 710 47 47 711 127 127 712 125 125 713 47 47 714 125 125 715 49 49 716 49 49 717 125 125 718 123 123 719 49 49 720 123 123 721 51 51 722 51 51 723 123 123 724 121 121 725 51 51 726 121 121 727 53 53 728 53 53 729 121 121 730 119 119 731 53 53 732 119 119 733 55 55 734 55 55 735 119 119 736 103 103 737 158 158 738 160 160 739 118 118 740 118 118 741 160 160 742 161 161 743 118 118 744 161 161 745 162 162 746 156 156 747 163 163 748 158 158 749 158 158 750 163 163 751 164 164 752 158 158 753 164 164 754 160 160 755 163 163 756 156 156 757 165 165 758 165 165 759 156 156 760 154 154 761 165 165 762 154 154 763 166 166 764 166 166 765 154 154 766 167 167 767 167 167 768 154 154 769 152 152 770 167 167 771 152 152 772 168 168 773 168 168 774 152 152 775 150 150 776 168 168 777 150 150 778 169 169 779 169 169 780 150 150 781 149 149 782 169 169 783 149 149 784 170 170 785 170 170 786 149 149 787 171 171 788 171 171 789 149 149 790 147 147 791 171 171 792 147 147 793 172 172 794 172 172 795 147 147 796 145 145 797 172 172 798 145 145 799 173 173 800 173 173 801 145 145 802 143 143 803 173 173 804 143 143 805 174 174 806 174 174 807 143 143 808 175 175 809 175 175 810 143 143 811 141 141 812 175 175 813 141 141 814 176 176 815 176 176 816 141 141 817 138 138 818 176 176 819 138 138 820 177 177 821 177 177 822 138 138 823 178 178 824 178 178 825 138 138 826 92 92 827 178 178 828 92 92 829 179 179 830 179 179 831 92 92 832 180 180 833 180 180 834 92 92 835 181 181 836 181 181 837 92 92 838 182 182 839 182 182 840 92 92 841 183 183 842 183 183 843 92 92 844 184 184 845 184 184 846 92 92 847 137 137 848 184 184 849 137 137 850 185 185 851 185 185 852 137 137 853 135 135 854 185 185 855 135 135 856 186 186 857 186 186 858 135 135 859 133 133 860 186 186 861 133 133 862 187 187 863 187 187 864 133 133 865 131 131 866 187 187 867 131 131 868 188 188 869 188 188 870 131 131 871 129 129 872 188 188 873 129 129 874 189 189 875 189 189 876 129 129 877 108 108 878 189 189 879 108 108 880 190 190 881 190 190 882 108 108 883 109 109 884 190 190 885 109 109 886 191 191 887 191 191 888 109 109 889 111 111 890 191 191 891 111 111 892 192 192 893 192 192 894 111 111 895 113 113 896 192 192 897 113 113 898 193 193 899 193 193 900 113 113 901 115 115 902 193 193 903 115 115 904 194 194 905 194 194 906 115 115 907 117 117 908 194 194 909 117 117 910 195 195 911 195 195 912 117 117 913 118 118 914 195 195 915 118 118 916 196 196 917 196 196 918 118 118 919 197 197 920 197 197 921 118 118 922 198 198 923 198 198 924 118 118 925 162 162 926 139 139 927 199 199 928 69 69 929 69 69 930 199 199 931 23 23 932 69 69 933 23 23 934 70 70 935 70 70 936 23 23 937 21 21 938 70 70 939 21 21 940 72 72 941 72 72 942 21 21 943 19 19 944 72 72 945 19 19 946 74 74 947 74 74 948 19 19 949 17 17 950 74 74 951 17 17 952 76 76 953 76 76 954 17 17 955 15 15 956 76 76 957 15 15 958 78 78 959 78 78 960 15 15 961 13 13 962 78 78 963 13 13 964 80 80 965 80 80 966 13 13 967 11 11 968 80 80 969 11 11 970 82 82 971 82 82 972 11 11 973 9 9 974 82 82 975 9 9 976 84 84 977 84 84 978 9 9 979 7 7 980 84 84 981 7 7 982 86 86 983 86 86 984 7 7 985 5 5 986 86 86 987 5 5 988 88 88 989 88 88 990 5 5 991 3 3 992 88 88 993 3 3 994 90 90 995 90 90 996 3 3 997 1 1 998 90 90 999 1 1 1000 46 46 1001 46 46 1002 1 1 1003 0 0 1004 46 46 1005 0 0 1006 159 159 1007 159 159 1008 0 0 1009 200 200 1010 159 159 1011 200 200 1012 157 157 1013 157 157 1014 200 200 1015 201 201 1016 157 157 1017 201 201 1018 155 155 1019 155 155 1020 201 201 1021 202 202 1022 155 155 1023 202 202 1024 153 153 1025 153 153 1026 202 202 1027 203 203 1028 153 153 1029 203 203 1030 151 151 1031 151 151 1032 203 203 1033 204 204 1034 151 151 1035 204 204 1036 148 148 1037 148 148 1038 204 204 1039 205 205 1040 148 148 1041 205 205 1042 146 146 1043 146 146 1044 205 205 1045 206 206 1046 146 146 1047 206 206 1048 144 144 1049 144 144 1050 206 206 1051 207 207 1052 144 144 1053 207 207 1054 142 142 1055 142 142 1056 207 207 1057 208 208 1058 142 142 1059 208 208 1060 140 140 1061 140 140 1062 208 208 1063 209 209 1064 140 140 1065 209 209 1066 139 139 1067 139 139 1068 209 209 1069 199 199 1070 183 183 1071 184 184 1072 210 210 1073 184 184 1074 185 185 1075 210 210 1076 185 185 1077 186 186 1078 210 210 1079 186 211 1080 187 211 1081 210 211 1082 187 212 1083 188 212 1084 210 212 1085 188 188 1086 189 189 1087 210 210 1088 189 189 1089 190 190 1090 210 210 1091 190 190 1092 191 191 1093 210 210 1094 191 191 1095 192 192 1096 210 210 1097 192 192 1098 193 193 1099 210 210 1100 193 193 1101 194 194 1102 210 210 1103 194 194 1104 195 195 1105 210 210 1106 195 195 1107 196 196 1108 210 210 1109 183 213 1110 210 213 1111 211 213 1112 211 214 1113 210 214 1114 212 214 1115 212 214 1116 210 214 1117 213 214 1118 213 214 1119 210 214 1120 214 214 1121 213 214 1122 214 214 1123 215 214 1124 215 214 1125 214 214 1126 216 214 1127 215 214 1128 216 214 1129 217 214 1130 217 214 1131 216 214 1132 218 214 1133 217 214 1134 218 214 1135 219 214 1136 219 214 1137 218 214 1138 220 214 1139 196 215 1140 221 215 1141 210 215 1142 210 214 1143 221 214 1144 222 214 1145 210 214 1146 222 214 1147 214 214 1148 199 199 1149 223 216 1150 23 23 1151 23 23 1152 223 216 1153 224 217 1154 23 23 1155 224 217 1156 24 24 1157 24 24 1158 224 217 1159 225 218 1160 24 24 1161 225 218 1162 26 26 1163 26 26 1164 225 218 1165 226 219 1166 26 26 1167 226 219 1168 28 28 1169 28 28 1170 226 219 1171 227 220 1172 28 28 1173 227 220 1174 30 30 1175 30 30 1176 227 220 1177 228 221 1178 30 30 1179 228 221 1180 32 32 1181 32 32 1182 228 221 1183 229 222 1184 32 32 1185 229 222 1186 34 34 1187 34 34 1188 229 222 1189 230 223 1190 34 34 1191 230 223 1192 36 36 1193 36 36 1194 230 223 1195 231 224 1196 36 36 1197 231 224 1198 38 38 1199 38 38 1200 231 224 1201 232 225 1202 38 38 1203 232 225 1204 40 40 1205 40 40 1206 232 225 1207 233 226 1208 40 40 1209 233 226 1210 42 42 1211 42 42 1212 233 226 1213 234 227 1214 42 42 1215 234 227 1216 44 44 1217 44 44 1218 234 227 1219 235 228 1220 44 44 1221 235 228 1222 0 0 1223 0 0 1224 235 228 1225 236 229 1226 0 0 1227 236 229 1228 200 200 1229 200 200 1230 236 229 1231 237 230 1232 200 200 1233 237 230 1234 201 201 1235 201 201 1236 237 230 1237 238 231 1238 201 201 1239 238 231 1240 202 202 1241 202 202 1242 238 231 1243 239 232 1244 202 202 1245 239 232 1246 203 203 1247 203 203 1248 239 232 1249 240 233 1250 203 203 1251 240 233 1252 204 204 1253 204 204 1254 240 233 1255 241 234 1256 204 204 1257 241 234 1258 205 205 1259 205 205 1260 241 234 1261 242 235 1262 205 205 1263 242 235 1264 206 206 1265 206 206 1266 242 235 1267 243 236 1268 206 206 1269 243 236 1270 207 207 1271 207 207 1272 243 236 1273 244 237 1274 207 207 1275 244 237 1276 208 208 1277 208 208 1278 244 237 1279 245 238 1280 208 208 1281 245 238 1282 209 209 1283 209 209 1284 245 238 1285 246 239 1286 209 209 1287 246 239 1288 199 199 1289 199 199 1290 246 239 1291 223 216 1292 224 217 1293 247 240 1294 248 241 1295 248 241 1296 247 240 1297 249 242 1298 248 241 1299 249 242 1300 250 243 1301 250 243 1302 249 242 1303 251 244 1304 250 243 1305 251 244 1306 252 245 1307 252 245 1308 251 244 1309 253 246 1310 252 245 1311 253 246 1312 254 247 1313 254 247 1314 253 246 1315 255 248 1316 254 247 1317 255 248 1318 256 249 1319 256 249 1320 255 248 1321 257 250 1322 256 249 1323 257 250 1324 258 251 1325 258 251 1326 257 250 1327 259 252 1328 258 251 1329 259 252 1330 260 253 1331 260 253 1332 259 252 1333 261 254 1334 260 253 1335 261 254 1336 262 255 1337 262 255 1338 261 254 1339 263 256 1340 262 255 1341 263 256 1342 264 257 1343 264 257 1344 263 256 1345 265 258 1346 264 257 1347 265 258 1348 266 259 1349 266 259 1350 265 258 1351 267 260 1352 266 259 1353 267 260 1354 268 261 1355 268 261 1356 267 260 1357 236 229 1358 236 229 1359 235 228 1360 269 262 1361 269 262 1362 235 228 1363 234 227 1364 269 262 1365 234 227 1366 270 263 1367 270 263 1368 234 227 1369 233 226 1370 270 263 1371 233 226 1372 271 264 1373 271 264 1374 233 226 1375 232 225 1376 271 264 1377 232 225 1378 272 265 1379 272 265 1380 232 225 1381 231 224 1382 272 265 1383 231 224 1384 273 266 1385 273 266 1386 231 224 1387 230 223 1388 273 266 1389 230 223 1390 274 267 1391 274 267 1392 230 223 1393 229 222 1394 274 267 1395 229 222 1396 275 268 1397 275 268 1398 229 222 1399 228 221 1400 275 268 1401 228 221 1402 276 269 1403 276 269 1404 228 221 1405 227 220 1406 276 269 1407 227 220 1408 277 270 1409 277 270 1410 227 220 1411 226 219 1412 277 270 1413 226 219 1414 278 271 1415 278 271 1416 226 219 1417 225 218 1418 278 271 1419 225 218 1420 279 272 1421 279 272 1422 225 218 1423 224 217 1424 268 261 1425 236 229 1426 269 262 1427 279 272 1428 224 217 1429 248 241 1430 269 262 1431 270 263 1432 268 261 1433 268 261 1434 270 263 1435 266 259 1436 270 263 1437 271 264 1438 266 259 1439 266 259 1440 271 264 1441 264 257 1442 271 264 1443 272 265 1444 264 257 1445 264 257 1446 272 265 1447 262 255 1448 272 265 1449 273 266 1450 262 255 1451 262 255 1452 273 266 1453 260 253 1454 273 266 1455 274 267 1456 260 253 1457 260 253 1458 274 267 1459 258 251 1460 274 267 1461 275 268 1462 258 251 1463 258 251 1464 275 268 1465 256 249 1466 275 268 1467 276 269 1468 256 249 1469 256 249 1470 276 269 1471 254 247 1472 276 269 1473 277 270 1474 254 247 1475 254 247 1476 277 270 1477 252 245 1478 279 272 1479 248 241 1480 250 243 1481 277 270 1482 278 271 1483 252 245 1484 252 245 1485 278 271 1486 250 243 1487 278 271 1488 279 272 1489 250 243 1490 280 273 1491 281 274 1492 282 275 1493 282 275 1494 281 274 1495 283 276 1496 282 275 1497 283 276 1498 284 277 1499 284 277 1500 283 276 1501 285 278 1502 284 277 1503 285 278 1504 286 279 1505 286 279 1506 285 278 1507 287 280 1508 286 279 1509 287 280 1510 288 281 1511 288 281 1512 287 280 1513 289 282 1514 288 281 1515 289 282 1516 290 283 1517 290 283 1518 289 282 1519 291 284 1520 290 283 1521 291 284 1522 292 285 1523 292 285 1524 291 284 1525 293 286 1526 292 285 1527 293 286 1528 294 287 1529 294 287 1530 293 286 1531 295 288 1532 294 287 1533 295 288 1534 296 289 1535 296 289 1536 295 288 1537 297 290 1538 296 289 1539 297 290 1540 298 291 1541 298 291 1542 297 290 1543 299 292 1544 299 292 1545 297 290 1546 300 293 1547 299 292 1548 300 293 1549 301 294 1550 301 294 1551 300 293 1552 302 295 1553 301 294 1554 302 295 1555 303 296 1556 303 296 1557 302 295 1558 304 297 1559 303 296 1560 304 297 1561 305 298 1562 305 298 1563 304 297 1564 306 299 1565 293 286 1566 307 300 1567 295 288 1568 295 288 1569 307 300 1570 308 301 1571 295 288 1572 308 301 1573 297 290 1574 297 290 1575 308 301 1576 300 293 1577 307 300 1578 309 302 1579 308 301 1580 308 301 1581 309 302 1582 310 303 1583 308 301 1584 310 303 1585 300 293 1586 300 293 1587 310 303 1588 302 295 1589 309 302 1590 311 304 1591 310 303 1592 310 303 1593 311 304 1594 312 305 1595 310 303 1596 312 305 1597 302 295 1598 302 295 1599 312 305 1600 304 297 1601 311 304 1602 313 306 1603 312 305 1604 312 305 1605 313 306 1606 306 299 1607 298 291 1608 314 307 1609 296 289 1610 296 289 1611 314 307 1612 315 308 1613 296 289 1614 315 308 1615 294 287 1616 294 287 1617 315 308 1618 292 285 1619 314 307 1620 316 309 1621 315 308 1622 315 308 1623 316 309 1624 317 310 1625 315 308 1626 317 310 1627 292 285 1628 292 285 1629 317 310 1630 290 283 1631 316 309 1632 318 311 1633 317 310 1634 317 310 1635 318 311 1636 319 312 1637 317 310 1638 319 312 1639 290 283 1640 290 283 1641 319 312 1642 288 281 1643 318 311 1644 320 313 1645 319 312 1646 319 312 1647 320 313 1648 321 314 1649 319 312 1650 321 314 1651 288 281 1652 288 281 1653 321 314 1654 286 279 1655 321 314 1656 320 313 1657 322 315 1658 322 315 1659 320 313 1660 323 316 1661 322 315 1662 323 316 1663 324 317 1664 324 317 1665 323 316 1666 325 318 1667 324 317 1668 325 318 1669 280 273 1670 312 305 1671 306 299 1672 304 297 1673 324 317 1674 280 273 1675 282 275 1676 324 317 1677 282 275 1678 284 277 1679 321 314 1680 322 315 1681 286 279 1682 286 279 1683 322 315 1684 284 277 1685 322 315 1686 324 317 1687 284 277 1688 313 306 1689 326 319 1690 306 299 1691 306 299 1692 326 319 1693 327 320 1694 306 299 1695 327 320 1696 328 321 1697 328 321 1698 327 320 1699 329 322 1700 328 321 1701 329 322 1702 330 323 1703 330 323 1704 329 322 1705 331 324 1706 330 323 1707 331 324 1708 332 325 1709 332 325 1710 331 324 1711 333 326 1712 332 325 1713 333 326 1714 334 327 1715 334 327 1716 333 326 1717 335 328 1718 334 327 1719 335 328 1720 336 329 1721 336 329 1722 335 328 1723 337 330 1724 337 330 1725 335 328 1726 338 331 1727 337 330 1728 338 331 1729 339 332 1730 339 332 1731 338 331 1732 340 333 1733 339 332 1734 340 333 1735 341 334 1736 341 334 1737 340 333 1738 342 335 1739 341 334 1740 342 335 1741 343 336 1742 343 336 1743 342 335 1744 344 337 1745 343 336 1746 344 337 1747 345 338 1748 345 338 1749 344 337 1750 346 339 1751 345 338 1752 346 339 1753 347 340 1754 347 340 1755 346 339 1756 348 341 1757 347 340 1758 348 341 1759 280 273 1760 280 273 1761 348 341 1762 349 342 1763 280 273 1764 349 342 1765 281 274 1766 281 274 1767 349 342 1768 350 343 1769 281 274 1770 350 343 1771 283 276 1772 283 276 1773 350 343 1774 351 344 1775 283 276 1776 351 344 1777 285 278 1778 285 278 1779 351 344 1780 352 345 1781 285 278 1782 352 345 1783 287 280 1784 287 280 1785 352 345 1786 353 346 1787 287 280 1788 353 346 1789 289 282 1790 289 282 1791 353 346 1792 354 347 1793 289 282 1794 354 347 1795 291 284 1796 291 284 1797 354 347 1798 355 348 1799 291 284 1800 355 348 1801 293 286 1802 293 286 1803 355 348 1804 356 349 1805 293 286 1806 356 349 1807 357 350 1808 326 319 1809 313 306 1810 358 351 1811 358 351 1812 313 306 1813 311 304 1814 358 351 1815 311 304 1816 359 352 1817 359 352 1818 311 304 1819 309 302 1820 359 352 1821 309 302 1822 360 353 1823 360 353 1824 309 302 1825 307 300 1826 360 353 1827 307 300 1828 357 350 1829 357 350 1830 307 300 1831 293 286 1832 223 216 1833 280 273 1834 224 217 1835 224 217 1836 280 273 1837 325 318 1838 224 217 1839 325 318 1840 247 240 1841 247 240 1842 325 318 1843 323 316 1844 247 240 1845 323 316 1846 249 242 1847 249 242 1848 323 316 1849 320 313 1850 249 242 1851 320 313 1852 251 244 1853 251 244 1854 320 313 1855 318 311 1856 251 244 1857 318 311 1858 253 246 1859 253 246 1860 318 311 1861 316 309 1862 253 246 1863 316 309 1864 255 248 1865 255 248 1866 316 309 1867 257 250 1868 257 250 1869 316 309 1870 314 307 1871 257 250 1872 314 307 1873 259 252 1874 259 252 1875 314 307 1876 298 291 1877 259 252 1878 298 291 1879 261 254 1880 261 254 1881 298 291 1882 299 292 1883 261 254 1884 299 292 1885 263 256 1886 263 256 1887 299 292 1888 301 294 1889 263 256 1890 301 294 1891 265 258 1892 265 258 1893 301 294 1894 303 296 1895 265 258 1896 303 296 1897 267 260 1898 267 260 1899 303 296 1900 305 298 1901 267 260 1902 305 298 1903 236 229 1904 236 229 1905 305 298 1906 306 299 1907 236 229 1908 306 299 1909 237 230 1910 237 230 1911 306 299 1912 328 321 1913 237 230 1914 328 321 1915 238 231 1916 238 231 1917 328 321 1918 330 323 1919 238 231 1920 330 323 1921 239 232 1922 239 232 1923 330 323 1924 332 325 1925 239 232 1926 332 325 1927 240 233 1928 240 233 1929 332 325 1930 334 327 1931 240 233 1932 334 327 1933 241 234 1934 241 234 1935 334 327 1936 336 329 1937 241 234 1938 336 329 1939 242 235 1940 242 235 1941 336 329 1942 337 330 1943 242 235 1944 337 330 1945 243 236 1946 243 236 1947 337 330 1948 339 332 1949 243 236 1950 339 332 1951 341 334 1952 280 273 1953 223 216 1954 347 340 1955 347 340 1956 223 216 1957 246 239 1958 347 340 1959 246 239 1960 345 338 1961 345 338 1962 246 239 1963 245 238 1964 345 338 1965 245 238 1966 343 336 1967 343 336 1968 245 238 1969 244 237 1970 343 336 1971 244 237 1972 341 334 1973 341 334 1974 244 237 1975 243 236 1976 349 342 1977 361 354 1978 362 355 1979 362 355 1980 361 354 1981 363 356 1982 362 355 1983 363 356 1984 364 357 1985 364 357 1986 363 356 1987 365 358 1988 364 357 1989 365 358 1990 366 359 1991 366 359 1992 365 358 1993 367 360 1994 366 359 1995 367 360 1996 368 361 1997 368 361 1998 367 360 1999 369 362 2000 368 361 2001 369 362 2002 370 363 2003 370 363 2004 369 362 2005 371 364 2006 370 363 2007 371 364 2008 372 365 2009 372 365 2010 371 364 2011 373 366 2012 372 365 2013 373 366 2014 374 367 2015 374 367 2016 373 366 2017 375 368 2018 374 367 2019 375 368 2020 376 369 2021 376 369 2022 375 368 2023 377 370 2024 376 369 2025 377 370 2026 378 371 2027 378 371 2028 377 370 2029 379 372 2030 378 371 2031 379 372 2032 380 373 2033 380 373 2034 379 372 2035 381 374 2036 380 373 2037 381 374 2038 382 375 2039 382 375 2040 381 374 2041 326 319 2042 326 319 2043 358 351 2044 383 376 2045 383 376 2046 358 351 2047 359 352 2048 383 376 2049 359 352 2050 384 377 2051 384 377 2052 359 352 2053 360 353 2054 384 377 2055 360 353 2056 385 378 2057 385 378 2058 360 353 2059 357 350 2060 385 378 2061 357 350 2062 386 379 2063 386 379 2064 357 350 2065 356 349 2066 386 379 2067 356 349 2068 387 380 2069 387 380 2070 356 349 2071 355 348 2072 387 380 2073 355 348 2074 388 381 2075 388 381 2076 355 348 2077 354 347 2078 388 381 2079 354 347 2080 389 382 2081 389 382 2082 354 347 2083 353 346 2084 389 382 2085 353 346 2086 390 383 2087 390 383 2088 353 346 2089 352 345 2090 390 383 2091 352 345 2092 391 384 2093 391 384 2094 352 345 2095 351 344 2096 391 384 2097 351 344 2098 392 385 2099 392 385 2100 351 344 2101 350 343 2102 392 385 2103 350 343 2104 393 386 2105 393 386 2106 350 343 2107 349 342 2108 382 375 2109 326 319 2110 383 376 2111 393 386 2112 349 342 2113 362 355 2114 383 376 2115 384 377 2116 382 375 2117 382 375 2118 384 377 2119 380 373 2120 384 377 2121 385 378 2122 380 373 2123 380 373 2124 385 378 2125 378 371 2126 385 378 2127 386 379 2128 378 371 2129 378 371 2130 386 379 2131 376 369 2132 386 379 2133 387 380 2134 376 369 2135 376 369 2136 387 380 2137 374 367 2138 387 380 2139 388 381 2140 374 367 2141 374 367 2142 388 381 2143 372 365 2144 388 381 2145 389 382 2146 372 365 2147 372 365 2148 389 382 2149 370 363 2150 389 382 2151 390 383 2152 370 363 2153 370 363 2154 390 383 2155 368 361 2156 390 383 2157 391 384 2158 368 361 2159 368 361 2160 391 384 2161 366 359 2162 393 386 2163 362 355 2164 364 357 2165 391 384 2166 392 385 2167 366 359 2168 366 359 2169 392 385 2170 364 357 2171 392 385 2172 393 386 2173 364 357 2174 394 387 2175 395 388 2176 396 389 2177 396 389 2178 395 388 2179 397 390 2180 396 389 2181 397 390 2182 398 391 2183 398 391 2184 397 390 2185 399 392 2186 398 391 2187 399 392 2188 400 393 2189 400 393 2190 399 392 2191 401 394 2192 400 393 2193 401 394 2194 402 395 2195 402 395 2196 401 394 2197 403 396 2198 402 395 2199 403 396 2200 404 397 2201 404 397 2202 403 396 2203 405 398 2204 404 397 2205 405 398 2206 406 399 2207 406 399 2208 405 398 2209 407 400 2210 406 399 2211 407 400 2212 408 401 2213 408 401 2214 407 400 2215 409 402 2216 408 401 2217 409 402 2218 410 403 2219 410 403 2220 409 402 2221 411 404 2222 410 403 2223 411 404 2224 412 405 2225 412 405 2226 411 404 2227 413 406 2228 412 405 2229 413 406 2230 414 407 2231 414 407 2232 413 406 2233 415 408 2234 414 407 2235 415 408 2236 416 409 2237 416 409 2238 415 408 2239 417 410 2240 417 410 2241 418 411 2242 419 412 2243 419 412 2244 418 411 2245 420 413 2246 419 412 2247 420 413 2248 421 414 2249 421 414 2250 420 413 2251 422 415 2252 421 414 2253 422 415 2254 423 416 2255 423 416 2256 422 415 2257 424 417 2258 423 416 2259 424 417 2260 425 418 2261 425 418 2262 424 417 2263 426 419 2264 425 418 2265 426 419 2266 427 420 2267 427 420 2268 426 419 2269 428 421 2270 427 420 2271 428 421 2272 429 422 2273 429 422 2274 428 421 2275 430 423 2276 429 422 2277 430 423 2278 431 424 2279 431 424 2280 430 423 2281 432 425 2282 431 424 2283 432 425 2284 433 426 2285 433 426 2286 432 425 2287 434 427 2288 433 426 2289 434 427 2290 435 428 2291 435 428 2292 434 427 2293 436 429 2294 435 428 2295 436 429 2296 437 430 2297 437 430 2298 436 429 2299 438 431 2300 437 430 2301 438 431 2302 439 432 2303 439 432 2304 438 431 2305 394 387 2306 416 409 2307 417 410 2308 419 412 2309 439 432 2310 394 387 2311 396 389 2312 419 412 2313 421 414 2314 416 409 2315 416 409 2316 421 414 2317 414 407 2318 421 414 2319 423 416 2320 414 407 2321 414 407 2322 423 416 2323 412 405 2324 423 416 2325 425 418 2326 412 405 2327 412 405 2328 425 418 2329 410 403 2330 425 418 2331 427 420 2332 410 403 2333 410 403 2334 427 420 2335 408 401 2336 427 420 2337 429 422 2338 408 401 2339 408 401 2340 429 422 2341 406 399 2342 429 422 2343 431 424 2344 406 399 2345 406 399 2346 431 424 2347 404 397 2348 431 424 2349 433 426 2350 404 397 2351 404 397 2352 433 426 2353 402 395 2354 433 426 2355 435 428 2356 402 395 2357 402 395 2358 435 428 2359 400 393 2360 439 432 2361 396 389 2362 398 391 2363 435 428 2364 437 430 2365 400 393 2366 400 393 2367 437 430 2368 398 391 2369 437 430 2370 439 432 2371 398 391 2372 221 433 2373 196 196 2374 417 410 2375 417 410 2376 196 196 2377 197 197 2378 417 410 2379 197 197 2380 198 198 2381 198 198 2382 162 162 2383 417 410 2384 417 410 2385 162 162 2386 161 161 2387 417 410 2388 161 161 2389 160 160 2390 417 410 2391 160 160 2392 440 434 2393 440 434 2394 160 160 2395 164 164 2396 440 434 2397 164 164 2398 163 163 2399 440 434 2400 163 163 2401 441 435 2402 441 435 2403 163 163 2404 165 165 2405 441 435 2406 165 165 2407 442 436 2408 442 436 2409 165 165 2410 166 166 2411 442 436 2412 166 166 2413 167 167 2414 442 436 2415 167 167 2416 443 437 2417 443 437 2418 167 167 2419 168 168 2420 443 437 2421 168 168 2422 444 438 2423 444 438 2424 168 168 2425 169 169 2426 444 438 2427 169 169 2428 445 439 2429 445 439 2430 169 169 2431 170 170 2432 445 439 2433 170 170 2434 171 171 2435 445 439 2436 171 171 2437 446 440 2438 446 440 2439 171 171 2440 172 172 2441 446 440 2442 172 172 2443 447 441 2444 447 441 2445 172 172 2446 173 173 2447 447 441 2448 173 173 2449 448 442 2450 448 442 2451 173 173 2452 174 174 2453 448 442 2454 174 174 2455 175 175 2456 448 442 2457 175 175 2458 449 443 2459 449 443 2460 175 175 2461 176 176 2462 449 443 2463 176 176 2464 450 444 2465 450 444 2466 176 176 2467 177 177 2468 450 444 2469 177 177 2470 178 178 2471 450 444 2472 178 178 2473 394 387 2474 394 387 2475 178 178 2476 179 179 2477 394 387 2478 179 179 2479 180 180 2480 180 180 2481 181 181 2482 394 387 2483 394 387 2484 181 181 2485 182 182 2486 394 387 2487 182 182 2488 183 183 2489 183 183 2490 211 445 2491 394 387 2492 394 387 2493 211 445 2494 395 388 2495 395 388 2496 211 445 2497 212 446 2498 395 388 2499 212 446 2500 397 390 2501 397 390 2502 212 446 2503 213 447 2504 397 390 2505 213 447 2506 399 392 2507 399 392 2508 213 447 2509 215 448 2510 399 392 2511 215 448 2512 401 394 2513 401 394 2514 215 448 2515 217 449 2516 401 394 2517 217 449 2518 403 396 2519 403 396 2520 217 449 2521 219 450 2522 403 396 2523 219 450 2524 405 398 2525 405 398 2526 219 450 2527 220 451 2528 405 398 2529 220 451 2530 407 400 2531 407 400 2532 220 451 2533 218 452 2534 407 400 2535 218 452 2536 409 402 2537 409 402 2538 218 452 2539 216 453 2540 409 402 2541 216 453 2542 411 404 2543 411 404 2544 216 453 2545 214 454 2546 411 404 2547 214 454 2548 413 406 2549 413 406 2550 214 454 2551 222 455 2552 413 406 2553 222 455 2554 415 408 2555 415 408 2556 222 455 2557 221 433 2558 415 408 2559 221 433 2560 417 410 2561 440 434 2562 327 320 2563 417 410 2564 417 410 2565 327 320 2566 326 319 2567 417 410 2568 326 319 2569 418 411 2570 418 411 2571 326 319 2572 381 374 2573 418 411 2574 381 374 2575 420 413 2576 420 413 2577 381 374 2578 379 372 2579 420 413 2580 379 372 2581 422 415 2582 422 415 2583 379 372 2584 377 370 2585 422 415 2586 377 370 2587 424 417 2588 424 417 2589 377 370 2590 375 368 2591 424 417 2592 375 368 2593 426 419 2594 426 419 2595 375 368 2596 373 366 2597 426 419 2598 373 366 2599 428 421 2600 428 421 2601 373 366 2602 371 364 2603 428 421 2604 371 364 2605 430 423 2606 430 423 2607 371 364 2608 369 362 2609 430 423 2610 369 362 2611 432 425 2612 432 425 2613 369 362 2614 367 360 2615 432 425 2616 367 360 2617 434 427 2618 434 427 2619 367 360 2620 365 358 2621 434 427 2622 365 358 2623 436 429 2624 436 429 2625 365 358 2626 363 356 2627 436 429 2628 363 356 2629 438 431 2630 438 431 2631 363 356 2632 361 354 2633 438 431 2634 361 354 2635 394 387 2636 394 387 2637 361 354 2638 349 342 2639 394 387 2640 349 342 2641 348 341 2642 327 320 2643 440 434 2644 329 322 2645 329 322 2646 440 434 2647 441 435 2648 329 322 2649 441 435 2650 331 324 2651 331 324 2652 441 435 2653 442 436 2654 331 324 2655 442 436 2656 333 326 2657 333 326 2658 442 436 2659 443 437 2660 333 326 2661 443 437 2662 335 328 2663 335 328 2664 443 437 2665 444 438 2666 335 328 2667 444 438 2668 338 331 2669 338 331 2670 444 438 2671 445 439 2672 338 331 2673 445 439 2674 446 440 2675 338 331 2676 446 440 2677 340 333 2678 340 333 2679 446 440 2680 447 441 2681 340 333 2682 447 441 2683 342 335 2684 342 335 2685 447 441 2686 448 442 2687 342 335 2688 448 442 2689 344 337 2690 344 337 2691 448 442 2692 449 443 2693 344 337 2694 449 443 2695 346 339 2696 346 339 2697 449 443 2698 450 444 2699 346 339 2700 450 444 2701 348 341 2702 348 341 2703 450 444 2704 394 387 2705 188 188 2706 176 176 2707 177 177 2708 193 193 2709 192 192 2710 115 115 2711 192 192 2712 191 191 2713 115 115 2714 111 111 2715 113 113 2716 115 115 2717 129 129 2718 108 108 2719 138 138 2720 108 108 2721 109 109 2722 138 138 2723 138 138 2724 109 109 2725 111 111 2726 111 111 2727 115 115 2728 138 138 2729 191 191 2730 190 190 2731 177 177 2732 190 190 2733 189 189 2734 177 177 2735 188 188 2736 187 187 2737 176 176 2738 187 187 2739 186 186 2740 176 176 2741 189 189 2742 188 188 2743 177 177 2744 115 115 2745 191 191 2746 138 138 2747 133 133 2748 131 131 2749 138 138 2750 131 131 2751 129 129 2752 138 138 2753 133 133 2754 138 138 2755 135 135 2756 186 186 2757 185 185 2758 176 176 2759 138 138 2760 191 191 2761 177 177 2762 92 92 2763 137 137 2764 138 138 2765 137 137 2766 135 135 2767 138 138 2768 179 179 2769 178 178 2770 183 183 2771 178 178 2772 177 177 2773 183 183 2774 179 179 2775 183 183 2776 181 181 2777 181 181 2778 180 180 2779 179 179 2780 183 183 2781 182 182 2782 181 181 2783 185 185 2784 184 184 2785 176 176 2786 176 176 2787 183 183 2788 177 177 2789</p>
        </triangles>
      </mesh>
    </geometry>
    <geometry id="Cylinder-mesh" name="Cylinder">
      <mesh>
        <source id="Cylinder-mesh-positions">
          <float_array id="Cylinder-mesh-positions-array" count="192">0 0.3048 -0.3048 0 0.3048 0.3048 0.0594635 0.2989434 -0.3048 0.0594635 0.2989434 0.3048 0.1166419 0.2815985 -0.3048 0.1166419 0.2815985 0.3048 0.1693378 0.2534319 -0.3048 0.1693378 0.2534319 0.3048 0.2155261 0.2155261 -0.3048 0.2155261 0.2155261 0.3048 0.2534319 0.1693378 -0.3048 0.2534319 0.1693378 0.3048 0.2815985 0.1166419 -0.3048 0.2815985 0.1166419 0.3048 0.2989434 0.0594635 -0.3048 0.2989434 0.0594635 0.3048 0.3048 0 -0.3048 0.3048 0 0.3048 0.2989434 -0.0594635 -0.3048 0.2989434 -0.0594635 0.3048 0.2815985 -0.1166419 -0.3048 0.2815985 -0.1166419 0.3048 0.2534319 -0.1693378 -0.3048 0.2534319 -0.1693378 0.3048 0.2155261 -0.2155261 -0.3048 0.2155261 -0.2155261 0.3048 0.1693378 -0.2534319 -0.3048 0.1693378 -0.2534319 0.3048 0.1166419 -0.2815985 -0.3048 0.1166419 -0.2815985 0.3048 0.0594635 -0.2989434 -0.3048 0.0594635 -0.2989434 0.3048 0 -0.3048 -0.3048 0 -0.3048 0.3048 -0.0594635 -0.2989434 -0.3048 -0.0594635 -0.2989434 0.3048 -0.1166419 -0.2815985 -0.3048 -0.1166419 -0.2815985 0.3048 -0.1693378 -0.2534319 -0.3048 -0.1693378 -0.2534319 0.3048 -0.2155261 -0.2155261 -0.3048 -0.2155261 -0.2155261 0.3048 -0.2534319 -0.1693378 -0.3048 -0.2534319 -0.1693378 0.3048 -0.2815985 -0.1166419 -0.3048 -0.2815985 -0.1166419 0.3048 -0.2989434 -0.0594635 -0.3048 -0.2989434 -0.0594635 0.3048 -0.3048 0 -0.3048 -0.3048 0 0.3048 -0.2989434 0.05946356 -0.3048 -0.2989434 0.05946356 0.3048 -0.2815985 0.1166419 -0.3048 -0.2815985 0.1166419 0.3048 -0.253432 0.1693378 -0.3048 -0.253432 0.1693378 0.3048 -0.2155262 0.2155261 -0.3048 -0.2155262 0.2155261 0.3048 -0.1693378 0.2534319 -0.3048 -0.1693378 0.2534319 0.3048 -0.1166419 0.2815985 -0.3048 -0.1166419 0.2815985 0.3048 -0.0594635 0.2989434 -0.3048 -0.0594635 0.2989434 0.3048</float_array>
          <technique_common>
            <accessor source="#Cylinder-mesh-positions-array" count="64" stride="3">
              <param name="X" type="float"/>
              <param name="Y" type="float"/>
              <param name="Z" type="float"/>
            </accessor>
          </technique_common>
        </source>
        <source id="Cylinder-mesh-normals">
          <float_array id="Cylinder-mesh-normals-array" count="198">0.09801644 0.9951848 0 0.2902849 0.9569404 0 0.4713972 0.881921 0 0.6343939 0.77301 0 0.77301 0.6343938 0 0.8819208 0.4713976 0 0.9569404 0.2902849 0 0.9951848 0.09801679 0 0.9951849 -0.09801602 0 0.9569404 -0.2902849 0 0.8819212 -0.471397 0 0.77301 -0.6343938 0 0.6343939 -0.77301 0 0.4713974 -0.8819209 0 0.2902849 -0.9569404 0 0.09801644 -0.9951848 0 -0.09801644 -0.9951848 0 -0.2902849 -0.9569404 0 -0.4713972 -0.881921 0 -0.6343939 -0.77301 0 -0.77301 -0.6343938 0 -0.8819208 -0.4713976 0 -0.9569404 -0.2902849 0 -0.9951848 -0.09801679 0 -0.9951849 0.0980159 0 -0.9569402 0.2902852 0 -0.8819215 0.4713964 0 -0.77301 0.6343938 0 -0.6343933 0.7730106 0 -0.4713974 0.8819209 0 0 0 1 -0.2902849 0.9569404 0 -0.09801644 0.9951848 0 0 0 -1 0.4713974 0.8819209 0 0.8819212 0.471397 0 0.9951849 0.09801602 0 0.9951848 -0.09801679 0 0.8819208 -0.4713976 0 0.4713972 -0.881921 0 -0.4713974 -0.8819209 0 -0.8819212 -0.471397 0 -0.9951849 -0.09801602 0 -0.9951848 0.09801673 0 -0.8819219 0.4713957 0 -0.6343929 0.7730107 0 -0.4713972 0.881921 0 -4.51493e-7 0 1 -5.34845e-6 0 1 1.84134e-6 0 1 -1.80597e-6 0 1 6.68553e-7 0 1 3.61194e-6 0 1 -1.84135e-6 0 1 2.61602e-7 0 1 -6.88272e-7 0 1 1.93614e-7 0 1 -3.61193e-6 0 -1 1.84134e-6 0 -1 3.61193e-6 0 -1 -1.84134e-6 0 -1 5.34852e-6 0 -1 9.20673e-7 0 -1 -4.83377e-7 0 -1 -4.83376e-7 0 -1 2.26832e-7 0 -1</float_array>
          <technique_common>
            <accessor source="#Cylinder-mesh-normals-array" count="66" stride="3">
              <param name="X" type="float"/>
              <param name="Y" type="float"/>
              <param name="Z" type="float"/>
            </accessor>
          </technique_common>
        </source>
        <source id="Cylinder-mesh-map-0">
          <float_array id="Cylinder-mesh-map-0-array" count="744">1 1 0.96875 0.5 1 0.5 0.96875 1 0.9375 0.5 0.96875 0.5 0.9375 1 0.90625 0.5 0.9375 0.5 0.90625 1 0.8750001 0.5 0.90625 0.5 0.8750001 1 0.84375 0.5 0.8750001 0.5 0.84375 1 0.8125 0.5 0.84375 0.5 0.8125 1 0.78125 0.5 0.8125 0.5 0.78125 1 0.75 0.5 0.78125 0.5 0.75 1 0.71875 0.5 0.75 0.5 0.71875 1 0.6875 0.5 0.71875 0.5 0.6875 1 0.65625 0.5 0.6875 0.5 0.65625 1 0.625 0.5 0.65625 0.5 0.625 1 0.59375 0.5 0.625 0.5 0.59375 1 0.5625 0.5 0.59375 0.5 0.5625 1 0.53125 0.5 0.5625 0.5 0.53125 1 0.5 0.5 0.53125 0.5 0.5 1 0.46875 0.5 0.5 0.5 0.46875 1 0.4375 0.5 0.46875 0.5 0.4375 1 0.40625 0.5 0.4375 0.5 0.40625 1 0.375 0.5 0.40625 0.5 0.375 1 0.34375 0.5 0.375 0.5 0.34375 1 0.3125 0.5 0.34375 0.5 0.3125 1 0.28125 0.5 0.3125 0.5 0.28125 1 0.25 0.5 0.28125 0.5 0.25 1 0.21875 0.5 0.25 0.5 0.21875 1 0.1875 0.5 0.21875 0.5 0.1875 1 0.15625 0.5 0.1875 0.5 0.15625 1 0.125 0.5 0.15625 0.5 0.125 1 0.09375 0.5 0.125 0.5 0.09375 1 0.0625 0.5 0.09375 0.5 0.1581559 0.02826887 0.4717311 0.1581559 0.341844 0.4717311 0.0625 1 0.03125 0.5 0.0625 0.5 0.03125 1 0 0.5 0.03125 0.5 0.6166631 0.05044728 0.5146116 0.2031783 0.7031784 0.4853885 1 1 0.96875 1 0.96875 0.5 0.96875 1 0.9375 1 0.9375 0.5 0.9375 1 0.90625 1 0.90625 0.5 0.90625 1 0.8750001 1 0.8750001 0.5 0.8750001 1 0.84375 1 0.84375 0.5 0.84375 1 0.8125 1 0.8125 0.5 0.8125 1 0.78125 1 0.78125 0.5 0.78125 1 0.75 1 0.75 0.5 0.75 1 0.71875 1 0.71875 0.5 0.71875 1 0.6875 1 0.6875 0.5 0.6875 1 0.65625 1 0.65625 0.5 0.65625 1 0.625 1 0.625 0.5 0.625 1 0.59375 1 0.59375 0.5 0.59375 1 0.5625 1 0.5625 0.5 0.5625 1 0.53125 1 0.53125 0.5 0.53125 1 0.5 1 0.5 0.5 0.5 1 0.46875 1 0.46875 0.5 0.46875 1 0.4375 1 0.4375 0.5 0.4375 1 0.40625 1 0.40625 0.5 0.40625 1 0.375 1 0.375 0.5 0.375 1 0.34375 1 0.34375 0.5 0.34375 1 0.3125 1 0.3125 0.5 0.3125 1 0.28125 1 0.28125 0.5 0.28125 1 0.25 1 0.25 0.5 0.25 1 0.21875 1 0.21875 0.5 0.21875 1 0.1875 1 0.1875 0.5 0.1875 1 0.15625 1 0.15625 0.5 0.15625 1 0.125 1 0.125 0.5 0.125 1 0.09375 1 0.09375 0.5 0.09375 1 0.0625 1 0.0625 0.5 0.341844 0.4717311 0.2968217 0.4853885 0.1581559 0.4717311 0.2968217 0.4853885 0.25 0.49 0.1581559 0.4717311 0.25 0.49 0.2031783 0.4853885 0.1581559 0.4717311 0.1581559 0.4717311 0.116663 0.4495527 0.08029431 0.4197056 0.08029431 0.4197056 0.05044716 0.3833368 0.02826893 0.341844 0.02826893 0.341844 0.01461154 0.2968217 0.00999999 0.25 0.00999999 0.25 0.01461154 0.2031783 0.02826887 0.1581559 0.02826887 0.1581559 0.05044734 0.116663 0.1581559 0.02826887 0.05044734 0.116663 0.08029437 0.08029437 0.1581559 0.02826887 0.08029437 0.08029437 0.116663 0.05044728 0.1581559 0.02826887 0.1581559 0.02826887 0.2031783 0.01461148 0.25 0.00999999 0.25 0.00999999 0.2968217 0.01461148 0.341844 0.02826887 0.341844 0.02826887 0.3833369 0.05044728 0.4197056 0.08029437 0.4197056 0.08029437 0.4495527 0.116663 0.341844 0.02826887 0.4495527 0.116663 0.4717311 0.1581559 0.341844 0.02826887 0.4717311 0.1581559 0.4853885 0.2031783 0.4717311 0.341844 0.4853885 0.2031783 0.49 0.25 0.4717311 0.341844 0.49 0.25 0.4853885 0.2968217 0.4717311 0.341844 0.4717311 0.341844 0.4495527 0.3833369 0.4197056 0.4197056 0.4197056 0.4197056 0.3833369 0.4495527 0.341844 0.4717311 0.1581559 0.4717311 0.08029431 0.4197056 0.341844 0.4717311 0.08029431 0.4197056 0.02826893 0.341844 0.341844 0.4717311 0.02826893 0.341844 0.00999999 0.25 0.1581559 0.02826887 0.00999999 0.25 0.02826887 0.1581559 0.1581559 0.02826887 0.1581559 0.02826887 0.25 0.00999999 0.341844 0.02826887 0.4717311 0.341844 0.4197056 0.4197056 0.341844 0.4717311 0.1581559 0.02826887 0.341844 0.02826887 0.4717311 0.1581559 0.4717311 0.1581559 0.4717311 0.341844 0.341844 0.4717311 0.341844 0.4717311 0.02826893 0.341844 0.1581559 0.02826887 0.0625 1 0.03125 1 0.03125 0.5 0.03125 1 0 1 0 0.5 0.7031784 0.4853885 0.75 0.49 0.7968217 0.4853885 0.7968217 0.4853885 0.841844 0.4717311 0.8833369 0.4495527 0.8833369 0.4495527 0.9197056 0.4197056 0.9495527 0.3833369 0.9495527 0.3833369 0.9717311 0.341844 0.8833369 0.4495527 0.9717311 0.341844 0.9853885 0.2968217 0.8833369 0.4495527 0.9853885 0.2968217 0.99 0.25 0.9853885 0.2031783 0.9853885 0.2031783 0.9717311 0.1581559 0.9495527 0.116663 0.9495527 0.116663 0.9197056 0.08029437 0.8833369 0.05044728 0.8833369 0.05044728 0.841844 0.02826887 0.9495527 0.116663 0.841844 0.02826887 0.7968217 0.01461148 0.9495527 0.116663 0.7968217 0.01461148 0.75 0.00999999 0.7031784 0.01461148 0.7031784 0.01461148 0.658156 0.02826887 0.7968217 0.01461148 0.658156 0.02826887 0.6166631 0.05044728 0.7968217 0.01461148 0.6166631 0.05044728 0.5802944 0.08029437 0.5504474 0.116663 0.5504474 0.116663 0.5282689 0.1581559 0.5146116 0.2031783 0.5146116 0.2031783 0.51 0.25 0.5146116 0.2968217 0.5146116 0.2968217 0.5282689 0.341844 0.5504473 0.3833368 0.5504473 0.3833368 0.5802944 0.4197056 0.7031784 0.4853885 0.5802944 0.4197056 0.6166631 0.4495527 0.7031784 0.4853885 0.6166631 0.4495527 0.658156 0.4717311 0.7031784 0.4853885 0.7031784 0.4853885 0.7968217 0.4853885 0.9853885 0.2968217 0.7968217 0.4853885 0.8833369 0.4495527 0.9853885 0.2968217 0.9853885 0.2968217 0.9853885 0.2031783 0.9495527 0.116663 0.6166631 0.05044728 0.5504474 0.116663 0.5146116 0.2031783 0.5146116 0.2031783 0.5146116 0.2968217 0.7031784 0.4853885 0.5146116 0.2968217 0.5504473 0.3833368 0.7031784 0.4853885 0.9853885 0.2968217 0.9495527 0.116663 0.7031784 0.4853885 0.9495527 0.116663 0.7968217 0.01461148 0.7031784 0.4853885 0.7968217 0.01461148 0.6166631 0.05044728 0.7031784 0.4853885</float_array>
          <technique_common>
            <accessor source="#Cylinder-mesh-map-0-array" count="372" stride="2">
              <param name="S" type="float"/>
              <param name="T" type="float"/>
            </accessor>
          </technique_common>
        </source>
        <vertices id="Cylinder-mesh-vertices">
          <input semantic="POSITION" source="#Cylinder-mesh-positions"/>
        </vertices>
        <triangles count="124">
          <input semantic="VERTEX" source="#Cylinder-mesh-vertices" offset="0"/>
          <input semantic="NORMAL" source="#Cylinder-mesh-normals" offset="1"/>
          <input semantic="TEXCOORD" source="#Cylinder-mesh-map-0" offset="2" set="0"/>
          <p>1 0 0 2 0 1 0 0 2 3 1 3 4 1 4 2 1 5 5 2 6 6 2 7 4 2 8 7 3 9 8 3 10 6 3 11 9 4 12 10 4 13 8 4 14 11 5 15 12 5 16 10 5 17 13 6 18 14 6 19 12 6 20 15 7 21 16 7 22 14 7 23 17 8 24 18 8 25 16 8 26 19 9 27 20 9 28 18 9 29 21 10 30 22 10 31 20 10 32 23 11 33 24 11 34 22 11 35 25 12 36 26 12 37 24 12 38 27 13 39 28 13 40 26 13 41 29 14 42 30 14 43 28 14 44 31 15 45 32 15 46 30 15 47 33 16 48 34 16 49 32 16 50 35 17 51 36 17 52 34 17 53 37 18 54 38 18 55 36 18 56 39 19 57 40 19 58 38 19 59 41 20 60 42 20 61 40 20 62 43 21 63 44 21 64 42 21 65 45 22 66 46 22 67 44 22 68 47 23 69 48 23 70 46 23 71 49 24 72 50 24 73 48 24 74 51 25 75 52 25 76 50 25 77 53 26 78 54 26 79 52 26 80 55 27 81 56 27 82 54 27 83 57 28 84 58 28 85 56 28 86 59 29 87 60 29 88 58 29 89 37 30 90 21 30 91 5 30 92 61 31 93 62 31 94 60 31 95 63 32 96 0 32 97 62 32 98 38 33 99 46 33 100 62 33 101 1 0 102 3 0 103 2 0 104 3 1 105 5 1 106 4 1 107 5 34 108 7 34 109 6 34 110 7 3 111 9 3 112 8 3 113 9 4 114 11 4 115 10 4 116 11 35 117 13 35 118 12 35 119 13 6 120 15 6 121 14 6 122 15 36 123 17 36 124 16 36 125 17 37 126 19 37 127 18 37 128 19 9 129 21 9 130 20 9 131 21 38 132 23 38 133 22 38 134 23 11 135 25 11 136 24 11 137 25 12 138 27 12 139 26 12 140 27 39 141 29 39 142 28 39 143 29 14 144 31 14 145 30 14 146 31 15 147 33 15 148 32 15 149 33 16 150 35 16 151 34 16 152 35 17 153 37 17 154 36 17 155 37 40 156 39 40 157 38 40 158 39 19 159 41 19 160 40 19 161 41 20 162 43 20 163 42 20 164 43 41 165 45 41 166 44 41 167 45 22 168 47 22 169 46 22 170 47 42 171 49 42 172 48 42 173 49 43 174 51 43 175 50 43 176 51 25 177 53 25 178 52 25 179 53 44 180 55 44 181 54 44 182 55 27 183 57 27 184 56 27 185 57 45 186 59 45 187 58 45 188 59 46 189 61 46 190 60 46 191 5 30 192 3 30 193 61 30 194 3 47 195 1 47 196 61 47 197 1 30 198 63 30 199 61 30 200 61 30 201 59 30 202 57 30 203 57 30 204 55 30 205 53 30 206 53 48 207 51 48 208 49 48 209 49 30 210 47 30 211 45 30 212 45 49 213 43 49 214 37 49 215 43 50 216 41 50 217 37 50 218 41 30 219 39 30 220 37 30 221 37 51 222 35 51 223 33 51 224 33 30 225 31 30 226 29 30 227 29 30 228 27 30 229 25 30 230 25 52 231 23 52 232 29 52 233 23 53 234 21 53 235 29 53 236 21 30 237 19 30 238 13 30 239 19 30 240 17 30 241 13 30 242 17 30 243 15 30 244 13 30 245 13 30 246 11 30 247 9 30 248 9 30 249 7 30 250 5 30 251 61 30 252 57 30 253 5 30 254 57 54 255 53 54 256 5 54 257 53 30 258 49 30 259 37 30 260 49 30 261 45 30 262 37 30 263 37 30 264 33 30 265 29 30 266 13 55 267 9 55 268 5 55 269 37 30 270 29 30 271 21 30 272 21 56 273 13 56 274 5 56 275 5 30 276 53 30 277 37 30 278 61 31 279 63 31 280 62 31 281 63 32 282 1 32 283 0 32 284 62 33 285 0 33 286 2 33 287 2 33 288 4 33 289 6 33 290 6 33 291 8 33 292 10 33 293 10 57 294 12 57 295 6 57 296 12 58 297 14 58 298 6 58 299 14 33 300 16 33 301 18 33 302 18 33 303 20 33 304 22 33 305 22 33 306 24 33 307 26 33 308 26 59 309 28 59 310 22 59 311 28 60 312 30 60 313 22 60 314 30 33 315 32 33 316 34 33 317 34 33 318 36 33 319 30 33 320 36 33 321 38 33 322 30 33 323 38 33 324 40 33 325 42 33 326 42 33 327 44 33 328 46 33 329 46 61 330 48 61 331 50 61 332 50 33 333 52 33 334 54 33 335 54 62 336 56 62 337 62 62 338 56 33 339 58 33 340 62 33 341 58 33 342 60 33 343 62 33 344 62 33 345 2 33 346 14 33 347 2 63 348 6 63 349 14 63 350 14 33 351 18 33 352 22 33 353 38 33 354 42 33 355 46 33 356 46 33 357 50 33 358 62 33 359 50 64 360 54 64 361 62 64 362 14 33 363 22 33 364 62 33 365 22 33 366 30 33 367 62 33 368 30 65 369 38 65 370 62 65 371</p>
        </triangles>
      </mesh>
    </geometry>
    <geometry id="Cylinder_001-mesh" name="Cylinder.001">
      <mesh>
        <source id="Cylinder_001-mesh-positions">
          <float_array id="Cylinder_001-mesh-positions-array" count="192">0 0.3048 -0.3048 0 0.3048 0.3048 0.0594635 0.2989434 -0.3048 0.0594635 0.2989434 0.3048 0.1166419 0.2815985 -0.3048 0.1166419 0.2815985 0.3048 0.1693378 0.2534319 -0.3048 0.1693378 0.2534319 0.3048 0.2155261 0.2155261 -0.3048 0.2155261 0.2155261 0.3048 0.2534319 0.1693378 -0.3048 0.2534319 0.1693378 0.3048 0.2815985 0.1166419 -0.3048 0.2815985 0.1166419 0.3048 0.2989434 0.0594635 -0.3048 0.2989434 0.0594635 0.3048 0.3048 0 -0.3048 0.3048 0 0.3048 0.2989434 -0.0594635 -0.3048 0.2989434 -0.0594635 0.3048 0.2815985 -0.1166419 -0.3048 0.2815985 -0.1166419 0.3048 0.2534319 -0.1693378 -0.3048 0.2534319 -0.1693378 0.3048 0.2155261 -0.2155261 -0.3048 0.2155261 -0.2155261 0.3048 0.1693378 -0.2534319 -0.3048 0.1693378 -0.2534319 0.3048 0.1166419 -0.2815985 -0.3048 0.1166419 -0.2815985 0.3048 0.0594635 -0.2989434 -0.3048 0.0594635 -0.2989434 0.3048 0 -0.3048 -0.3048 0 -0.3048 0.3048 -0.0594635 -0.2989434 -0.3048 -0.0594635 -0.2989434 0.3048 -0.1166419 -0.2815985 -0.3048 -0.1166419 -0.2815985 0.3048 -0.1693378 -0.2534319 -0.3048 -0.1693378 -0.2534319 0.3048 -0.2155261 -0.2155261 -0.3048 -0.2155261 -0.2155261 0.3048 -0.2534319 -0.1693378 -0.3048 -0.2534319 -0.1693378 0.3048 -0.2815985 -0.1166419 -0.3048 -0.2815985 -0.1166419 0.3048 -0.2989434 -0.0594635 -0.3048 -0.2989434 -0.0594635 0.3048 -0.3048 0 -0.3048 -0.3048 0 0.3048 -0.2989434 0.05946356 -0.3048 -0.2989434 0.05946356 0.3048 -0.2815985 0.1166419 -0.3048 -0.2815985 0.1166419 0.3048 -0.253432 0.1693378 -0.3048 -0.253432 0.1693378 0.3048 -0.2155262 0.2155261 -0.3048 -0.2155262 0.2155261 0.3048 -0.1693378 0.2534319 -0.3048 -0.1693378 0.2534319 0.3048 -0.1166419 0.2815985 -0.3048 -0.1166419 0.2815985 0.3048 -0.0594635 0.2989434 -0.3048 -0.0594635 0.2989434 0.3048</float_array>
          <technique_common>
            <accessor source="#Cylinder_001-mesh-positions-array" count="64" stride="3">
              <param name="X" type="float"/>
              <param name="Y" type="float"/>
              <param name="Z" type="float"/>
            </accessor>
          </technique_common>
        </source>
        <source id="Cylinder_001-mesh-normals">
          <float_array id="Cylinder_001-mesh-normals-array" count="198">0.09801644 0.9951848 0 0.2902849 0.9569404 0 0.4713972 0.881921 0 0.6343939 0.77301 0 0.77301 0.6343938 0 0.8819208 0.4713976 0 0.9569404 0.2902849 0 0.9951848 0.09801679 0 0.9951849 -0.09801602 0 0.9569404 -0.2902849 0 0.8819212 -0.471397 0 0.77301 -0.6343938 0 0.6343939 -0.77301 0 0.4713974 -0.8819209 0 0.2902849 -0.9569404 0 0.09801644 -0.9951848 0 -0.09801644 -0.9951848 0 -0.2902849 -0.9569404 0 -0.4713972 -0.881921 0 -0.6343939 -0.77301 0 -0.77301 -0.6343938 0 -0.8819208 -0.4713976 0 -0.9569404 -0.2902849 0 -0.9951848 -0.09801679 0 -0.9951849 0.0980159 0 -0.9569402 0.2902852 0 -0.8819215 0.4713964 0 -0.77301 0.6343938 0 -0.6343933 0.7730106 0 -0.4713974 0.8819209 0 0 0 1 -0.2902849 0.9569404 0 -0.09801644 0.9951848 0 0 0 -1 0.4713974 0.8819209 0 0.8819212 0.471397 0 0.9951849 0.09801602 0 0.9951848 -0.09801679 0 0.8819208 -0.4713976 0 0.4713972 -0.881921 0 -0.4713974 -0.8819209 0 -0.8819212 -0.471397 0 -0.9951849 -0.09801602 0 -0.9951848 0.09801673 0 -0.8819219 0.4713957 0 -0.6343929 0.7730107 0 -0.4713972 0.881921 0 -4.51493e-7 0 1 -5.34845e-6 0 1 1.84134e-6 0 1 -1.80597e-6 0 1 6.68553e-7 0 1 3.61194e-6 0 1 -1.84135e-6 0 1 2.61602e-7 0 1 -6.88272e-7 0 1 1.93614e-7 0 1 -3.61193e-6 0 -1 1.84134e-6 0 -1 3.61193e-6 0 -1 -1.84134e-6 0 -1 5.34852e-6 0 -1 9.20673e-7 0 -1 -4.83377e-7 0 -1 -4.83376e-7 0 -1 2.26832e-7 0 -1</float_array>
          <technique_common>
            <accessor source="#Cylinder_001-mesh-normals-array" count="66" stride="3">
              <param name="X" type="float"/>
              <param name="Y" type="float"/>
              <param name="Z" type="float"/>
            </accessor>
          </technique_common>
        </source>
        <source id="Cylinder_001-mesh-map-0">
          <float_array id="Cylinder_001-mesh-map-0-array" count="744">1 1 0.96875 0.5 1 0.5 0.96875 1 0.9375 0.5 0.96875 0.5 0.9375 1 0.90625 0.5 0.9375 0.5 0.90625 1 0.8750001 0.5 0.90625 0.5 0.8750001 1 0.84375 0.5 0.8750001 0.5 0.84375 1 0.8125 0.5 0.84375 0.5 0.8125 1 0.78125 0.5 0.8125 0.5 0.78125 1 0.75 0.5 0.78125 0.5 0.75 1 0.71875 0.5 0.75 0.5 0.71875 1 0.6875 0.5 0.71875 0.5 0.6875 1 0.65625 0.5 0.6875 0.5 0.65625 1 0.625 0.5 0.65625 0.5 0.625 1 0.59375 0.5 0.625 0.5 0.59375 1 0.5625 0.5 0.59375 0.5 0.5625 1 0.53125 0.5 0.5625 0.5 0.53125 1 0.5 0.5 0.53125 0.5 0.5 1 0.46875 0.5 0.5 0.5 0.46875 1 0.4375 0.5 0.46875 0.5 0.4375 1 0.40625 0.5 0.4375 0.5 0.40625 1 0.375 0.5 0.40625 0.5 0.375 1 0.34375 0.5 0.375 0.5 0.34375 1 0.3125 0.5 0.34375 0.5 0.3125 1 0.28125 0.5 0.3125 0.5 0.28125 1 0.25 0.5 0.28125 0.5 0.25 1 0.21875 0.5 0.25 0.5 0.21875 1 0.1875 0.5 0.21875 0.5 0.1875 1 0.15625 0.5 0.1875 0.5 0.15625 1 0.125 0.5 0.15625 0.5 0.125 1 0.09375 0.5 0.125 0.5 0.09375 1 0.0625 0.5 0.09375 0.5 0.1581559 0.02826887 0.4717311 0.1581559 0.341844 0.4717311 0.0625 1 0.03125 0.5 0.0625 0.5 0.03125 1 0 0.5 0.03125 0.5 0.6166631 0.05044728 0.5146116 0.2031783 0.7031784 0.4853885 1 1 0.96875 1 0.96875 0.5 0.96875 1 0.9375 1 0.9375 0.5 0.9375 1 0.90625 1 0.90625 0.5 0.90625 1 0.8750001 1 0.8750001 0.5 0.8750001 1 0.84375 1 0.84375 0.5 0.84375 1 0.8125 1 0.8125 0.5 0.8125 1 0.78125 1 0.78125 0.5 0.78125 1 0.75 1 0.75 0.5 0.75 1 0.71875 1 0.71875 0.5 0.71875 1 0.6875 1 0.6875 0.5 0.6875 1 0.65625 1 0.65625 0.5 0.65625 1 0.625 1 0.625 0.5 0.625 1 0.59375 1 0.59375 0.5 0.59375 1 0.5625 1 0.5625 0.5 0.5625 1 0.53125 1 0.53125 0.5 0.53125 1 0.5 1 0.5 0.5 0.5 1 0.46875 1 0.46875 0.5 0.46875 1 0.4375 1 0.4375 0.5 0.4375 1 0.40625 1 0.40625 0.5 0.40625 1 0.375 1 0.375 0.5 0.375 1 0.34375 1 0.34375 0.5 0.34375 1 0.3125 1 0.3125 0.5 0.3125 1 0.28125 1 0.28125 0.5 0.28125 1 0.25 1 0.25 0.5 0.25 1 0.21875 1 0.21875 0.5 0.21875 1 0.1875 1 0.1875 0.5 0.1875 1 0.15625 1 0.15625 0.5 0.15625 1 0.125 1 0.125 0.5 0.125 1 0.09375 1 0.09375 0.5 0.09375 1 0.0625 1 0.0625 0.5 0.341844 0.4717311 0.2968217 0.4853885 0.1581559 0.4717311 0.2968217 0.4853885 0.25 0.49 0.1581559 0.4717311 0.25 0.49 0.2031783 0.4853885 0.1581559 0.4717311 0.1581559 0.4717311 0.116663 0.4495527 0.08029431 0.4197056 0.08029431 0.4197056 0.05044716 0.3833368 0.02826893 0.341844 0.02826893 0.341844 0.01461154 0.2968217 0.00999999 0.25 0.00999999 0.25 0.01461154 0.2031783 0.02826887 0.1581559 0.02826887 0.1581559 0.05044734 0.116663 0.1581559 0.02826887 0.05044734 0.116663 0.08029437 0.08029437 0.1581559 0.02826887 0.08029437 0.08029437 0.116663 0.05044728 0.1581559 0.02826887 0.1581559 0.02826887 0.2031783 0.01461148 0.25 0.00999999 0.25 0.00999999 0.2968217 0.01461148 0.341844 0.02826887 0.341844 0.02826887 0.3833369 0.05044728 0.4197056 0.08029437 0.4197056 0.08029437 0.4495527 0.116663 0.341844 0.02826887 0.4495527 0.116663 0.4717311 0.1581559 0.341844 0.02826887 0.4717311 0.1581559 0.4853885 0.2031783 0.4717311 0.341844 0.4853885 0.2031783 0.49 0.25 0.4717311 0.341844 0.49 0.25 0.4853885 0.2968217 0.4717311 0.341844 0.4717311 0.341844 0.4495527 0.3833369 0.4197056 0.4197056 0.4197056 0.4197056 0.3833369 0.4495527 0.341844 0.4717311 0.1581559 0.4717311 0.08029431 0.4197056 0.341844 0.4717311 0.08029431 0.4197056 0.02826893 0.341844 0.341844 0.4717311 0.02826893 0.341844 0.00999999 0.25 0.1581559 0.02826887 0.00999999 0.25 0.02826887 0.1581559 0.1581559 0.02826887 0.1581559 0.02826887 0.25 0.00999999 0.341844 0.02826887 0.4717311 0.341844 0.4197056 0.4197056 0.341844 0.4717311 0.1581559 0.02826887 0.341844 0.02826887 0.4717311 0.1581559 0.4717311 0.1581559 0.4717311 0.341844 0.341844 0.4717311 0.341844 0.4717311 0.02826893 0.341844 0.1581559 0.02826887 0.0625 1 0.03125 1 0.03125 0.5 0.03125 1 0 1 0 0.5 0.7031784 0.4853885 0.75 0.49 0.7968217 0.4853885 0.7968217 0.4853885 0.841844 0.4717311 0.8833369 0.4495527 0.8833369 0.4495527 0.9197056 0.4197056 0.9495527 0.3833369 0.9495527 0.3833369 0.9717311 0.341844 0.8833369 0.4495527 0.9717311 0.341844 0.9853885 0.2968217 0.8833369 0.4495527 0.9853885 0.2968217 0.99 0.25 0.9853885 0.2031783 0.9853885 0.2031783 0.9717311 0.1581559 0.9495527 0.116663 0.9495527 0.116663 0.9197056 0.08029437 0.8833369 0.05044728 0.8833369 0.05044728 0.841844 0.02826887 0.9495527 0.116663 0.841844 0.02826887 0.7968217 0.01461148 0.9495527 0.116663 0.7968217 0.01461148 0.75 0.00999999 0.7031784 0.01461148 0.7031784 0.01461148 0.658156 0.02826887 0.7968217 0.01461148 0.658156 0.02826887 0.6166631 0.05044728 0.7968217 0.01461148 0.6166631 0.05044728 0.5802944 0.08029437 0.5504474 0.116663 0.5504474 0.116663 0.5282689 0.1581559 0.5146116 0.2031783 0.5146116 0.2031783 0.51 0.25 0.5146116 0.2968217 0.5146116 0.2968217 0.5282689 0.341844 0.5504473 0.3833368 0.5504473 0.3833368 0.5802944 0.4197056 0.7031784 0.4853885 0.5802944 0.4197056 0.6166631 0.4495527 0.7031784 0.4853885 0.6166631 0.4495527 0.658156 0.4717311 0.7031784 0.4853885 0.7031784 0.4853885 0.7968217 0.4853885 0.9853885 0.2968217 0.7968217 0.4853885 0.8833369 0.4495527 0.9853885 0.2968217 0.9853885 0.2968217 0.9853885 0.2031783 0.9495527 0.116663 0.6166631 0.05044728 0.5504474 0.116663 0.5146116 0.2031783 0.5146116 0.2031783 0.5146116 0.2968217 0.7031784 0.4853885 0.5146116 0.2968217 0.5504473 0.3833368 0.7031784 0.4853885 0.9853885 0.2968217 0.9495527 0.116663 0.7031784 0.4853885 0.9495527 0.116663 0.7968217 0.01461148 0.7031784 0.4853885 0.7968217 0.01461148 0.6166631 0.05044728 0.7031784 0.4853885</float_array>
          <technique_common>
            <accessor source="#Cylinder_001-mesh-map-0-array" count="372" stride="2">
              <param name="S" type="float"/>
              <param name="T" type="float"/>
            </accessor>
          </technique_common>
        </source>
        <vertices id="Cylinder_001-mesh-vertices">
          <input semantic="POSITION" source="#Cylinder_001-mesh-positions"/>
        </vertices>
        <triangles count="124">
          <input semantic="VERTEX" source="#Cylinder_001-mesh-vertices" offset="0"/>
          <input semantic="NORMAL" source="#Cylinder_001-mesh-normals" offset="1"/>
          <input semantic="TEXCOORD" source="#Cylinder_001-mesh-map-0" offset="2" set="0"/>
          <p>1 0 0 2 0 1 0 0 2 3 1 3 4 1 4 2 1 5 5 2 6 6 2 7 4 2 8 7 3 9 8 3 10 6 3 11 9 4 12 10 4 13 8 4 14 11 5 15 12 5 16 10 5 17 13 6 18 14 6 19 12 6 20 15 7 21 16 7 22 14 7 23 17 8 24 18 8 25 16 8 26 19 9 27 20 9 28 18 9 29 21 10 30 22 10 31 20 10 32 23 11 33 24 11 34 22 11 35 25 12 36 26 12 37 24 12 38 27 13 39 28 13 40 26 13 41 29 14 42 30 14 43 28 14 44 31 15 45 32 15 46 30 15 47 33 16 48 34 16 49 32 16 50 35 17 51 36 17 52 34 17 53 37 18 54 38 18 55 36 18 56 39 19 57 40 19 58 38 19 59 41 20 60 42 20 61 40 20 62 43 21 63 44 21 64 42 21 65 45 22 66 46 22 67 44 22 68 47 23 69 48 23 70 46 23 71 49 24 72 50 24 73 48 24 74 51 25 75 52 25 76 50 25 77 53 26 78 54 26 79 52 26 80 55 27 81 56 27 82 54 27 83 57 28 84 58 28 85 56 28 86 59 29 87 60 29 88 58 29 89 37 30 90 21 30 91 5 30 92 61 31 93 62 31 94 60 31 95 63 32 96 0 32 97 62 32 98 38 33 99 46 33 100 62 33 101 1 0 102 3 0 103 2 0 104 3 1 105 5 1 106 4 1 107 5 34 108 7 34 109 6 34 110 7 3 111 9 3 112 8 3 113 9 4 114 11 4 115 10 4 116 11 35 117 13 35 118 12 35 119 13 6 120 15 6 121 14 6 122 15 36 123 17 36 124 16 36 125 17 37 126 19 37 127 18 37 128 19 9 129 21 9 130 20 9 131 21 38 132 23 38 133 22 38 134 23 11 135 25 11 136 24 11 137 25 12 138 27 12 139 26 12 140 27 39 141 29 39 142 28 39 143 29 14 144 31 14 145 30 14 146 31 15 147 33 15 148 32 15 149 33 16 150 35 16 151 34 16 152 35 17 153 37 17 154 36 17 155 37 40 156 39 40 157 38 40 158 39 19 159 41 19 160 40 19 161 41 20 162 43 20 163 42 20 164 43 41 165 45 41 166 44 41 167 45 22 168 47 22 169 46 22 170 47 42 171 49 42 172 48 42 173 49 43 174 51 43 175 50 43 176 51 25 177 53 25 178 52 25 179 53 44 180 55 44 181 54 44 182 55 27 183 57 27 184 56 27 185 57 45 186 59 45 187 58 45 188 59 46 189 61 46 190 60 46 191 5 30 192 3 30 193 61 30 194 3 47 195 1 47 196 61 47 197 1 30 198 63 30 199 61 30 200 61 30 201 59 30 202 57 30 203 57 30 204 55 30 205 53 30 206 53 48 207 51 48 208 49 48 209 49 30 210 47 30 211 45 30 212 45 49 213 43 49 214 37 49 215 43 50 216 41 50 217 37 50 218 41 30 219 39 30 220 37 30 221 37 51 222 35 51 223 33 51 224 33 30 225 31 30 226 29 30 227 29 30 228 27 30 229 25 30 230 25 52 231 23 52 232 29 52 233 23 53 234 21 53 235 29 53 236 21 30 237 19 30 238 13 30 239 19 30 240 17 30 241 13 30 242 17 30 243 15 30 244 13 30 245 13 30 246 11 30 247 9 30 248 9 30 249 7 30 250 5 30 251 61 30 252 57 30 253 5 30 254 57 54 255 53 54 256 5 54 257 53 30 258 49 30 259 37 30 260 49 30 261 45 30 262 37 30 263 37 30 264 33 30 265 29 30 266 13 55 267 9 55 268 5 55 269 37 30 270 29 30 271 21 30 272 21 56 273 13 56 274 5 56 275 5 30 276 53 30 277 37 30 278 61 31 279 63 31 280 62 31 281 63 32 282 1 32 283 0 32 284 62 33 285 0 33 286 2 33 287 2 33 288 4 33 289 6 33 290 6 33 291 8 33 292 10 33 293 10 57 294 12 57 295 6 57 296 12 58 297 14 58 298 6 58 299 14 33 300 16 33 301 18 33 302 18 33 303 20 33 304 22 33 305 22 33 306 24 33 307 26 33 308 26 59 309 28 59 310 22 59 311 28 60 312 30 60 313 22 60 314 30 33 315 32 33 316 34 33 317 34 33 318 36 33 319 30 33 320 36 33 321 38 33 322 30 33 323 38 33 324 40 33 325 42 33 326 42 33 327 44 33 328 46 33 329 46 61 330 48 61 331 50 61 332 50 33 333 52 33 334 54 33 335 54 62 336 56 62 337 62 62 338 56 33 339 58 33 340 62 33 341 58 33 342 60 33 343 62 33 344 62 33 345 2 33 346 14 33 347 2 63 348 6 63 349 14 63 350 14 33 351 18 33 352 22 33 353 38 33 354 42 33 355 46 33 356 46 33 357 50 33 358 62 33 359 50 64 360 54 64 361 62 64 362 14 33 363 22 33 364 62 33 365 22 33 366 30 33 367 62 33 368 30 65 369 38 65 370 62 65 371</p>
        </triangles>
      </mesh>
    </geometry>
    <geometry id="Cylinder_002-mesh" name="Cylinder.002">
      <mesh>
        <source id="Cylinder_002-mesh-positions">
          <float_array id="Cylinder_002-mesh-positions-array" count="192">0 0.3048 -0.3048 0 0.3048 0.3048 0.0594635 0.2989434 -0.3048 0.0594635 0.2989434 0.3048 0.1166419 0.2815985 -0.3048 0.1166419 0.2815985 0.3048 0.1693378 0.2534319 -0.3048 0.1693378 0.2534319 0.3048 0.2155261 0.2155261 -0.3048 0.2155261 0.2155261 0.3048 0.2534319 0.1693378 -0.3048 0.2534319 0.1693378 0.3048 0.2815985 0.1166419 -0.3048 0.2815985 0.1166419 0.3048 0.2989434 0.0594635 -0.3048 0.2989434 0.0594635 0.3048 0.3048 0 -0.3048 0.3048 0 0.3048 0.2989434 -0.0594635 -0.3048 0.2989434 -0.0594635 0.3048 0.2815985 -0.1166419 -0.3048 0.2815985 -0.1166419 0.3048 0.2534319 -0.1693378 -0.3048 0.2534319 -0.1693378 0.3048 0.2155261 -0.2155261 -0.3048 0.2155261 -0.2155261 0.3048 0.1693378 -0.2534319 -0.3048 0.1693378 -0.2534319 0.3048 0.1166419 -0.2815985 -0.3048 0.1166419 -0.2815985 0.3048 0.0594635 -0.2989434 -0.3048 0.0594635 -0.2989434 0.3048 0 -0.3048 -0.3048 0 -0.3048 0.3048 -0.0594635 -0.2989434 -0.3048 -0.0594635 -0.2989434 0.3048 -0.1166419 -0.2815985 -0.3048 -0.1166419 -0.2815985 0.3048 -0.1693378 -0.2534319 -0.3048 -0.1693378 -0.2534319 0.3048 -0.2155261 -0.2155261 -0.3048 -0.2155261 -0.2155261 0.3048 -0.2534319 -0.1693378 -0.3048 -0.2534319 -0.1693378 0.3048 -0.2815985 -0.1166419 -0.3048 -0.2815985 -0.1166419 0.3048 -0.2989434 -0.0594635 -0.3048 -0.2989434 -0.0594635 0.3048 -0.3048 0 -0.3048 -0.3048 0 0.3048 -0.2989434 0.05946356 -0.3048 -0.2989434 0.05946356 0.3048 -0.2815985 0.1166419 -0.3048 -0.2815985 0.1166419 0.3048 -0.253432 0.1693378 -0.3048 -0.253432 0.1693378 0.3048 -0.2155262 0.2155261 -0.3048 -0.2155262 0.2155261 0.3048 -0.1693378 0.2534319 -0.3048 -0.1693378 0.2534319 0.3048 -0.1166419 0.2815985 -0.3048 -0.1166419 0.2815985 0.3048 -0.0594635 0.2989434 -0.3048 -0.0594635 0.2989434 0.3048</float_array>
          <technique_common>
            <accessor source="#Cylinder_002-mesh-positions-array" count="64" stride="3">
              <param name="X" type="float"/>
              <param name="Y" type="float"/>
              <param name="Z" type="float"/>
            </accessor>
          </technique_common>
        </source>
        <source id="Cylinder_002-mesh-normals">
          <float_array id="Cylinder_002-mesh-normals-array" count="198">0.09801644 0.9951848 0 0.2902849 0.9569404 0 0.4713972 0.881921 0 0.6343939 0.77301 0 0.77301 0.6343938 0 0.8819208 0.4713976 0 0.9569404 0.2902849 0 0.9951848 0.09801679 0 0.9951849 -0.09801602 0 0.9569404 -0.2902849 0 0.8819212 -0.471397 0 0.77301 -0.6343938 0 0.6343939 -0.77301 0 0.4713974 -0.8819209 0 0.2902849 -0.9569404 0 0.09801644 -0.9951848 0 -0.09801644 -0.9951848 0 -0.2902849 -0.9569404 0 -0.4713972 -0.881921 0 -0.6343939 -0.77301 0 -0.77301 -0.6343938 0 -0.8819208 -0.4713976 0 -0.9569404 -0.2902849 0 -0.9951848 -0.09801679 0 -0.9951849 0.0980159 0 -0.9569402 0.2902852 0 -0.8819215 0.4713964 0 -0.77301 0.6343938 0 -0.6343933 0.7730106 0 -0.4713974 0.8819209 0 0 0 1 -0.2902849 0.9569404 0 -0.09801644 0.9951848 0 0 0 -1 0.4713974 0.8819209 0 0.8819212 0.471397 0 0.9951849 0.09801602 0 0.9951848 -0.09801679 0 0.8819208 -0.4713976 0 0.4713972 -0.881921 0 -0.4713974 -0.8819209 0 -0.8819212 -0.471397 0 -0.9951849 -0.09801602 0 -0.9951848 0.09801673 0 -0.8819219 0.4713957 0 -0.6343929 0.7730107 0 -0.4713972 0.881921 0 -4.51493e-7 0 1 -5.34845e-6 0 1 1.84134e-6 0 1 -1.80597e-6 0 1 6.68553e-7 0 1 3.61194e-6 0 1 -1.84135e-6 0 1 2.61602e-7 0 1 -6.88272e-7 0 1 1.93614e-7 0 1 -3.61193e-6 0 -1 1.84134e-6 0 -1 3.61193e-6 0 -1 -1.84134e-6 0 -1 5.34852e-6 0 -1 9.20673e-7 0 -1 -4.83377e-7 0 -1 -4.83376e-7 0 -1 2.26832e-7 0 -1</float_array>
          <technique_common>
            <accessor source="#Cylinder_002-mesh-normals-array" count="66" stride="3">
              <param name="X" type="float"/>
              <param name="Y" type="float"/>
              <param name="Z" type="float"/>
            </accessor>
          </technique_common>
        </source>
        <source id="Cylinder_002-mesh-map-0">
          <float_array id="Cylinder_002-mesh-map-0-array" count="744">1 1 0.96875 0.5 1 0.5 0.96875 1 0.9375 0.5 0.96875 0.5 0.9375 1 0.90625 0.5 0.9375 0.5 0.90625 1 0.8750001 0.5 0.90625 0.5 0.8750001 1 0.84375 0.5 0.8750001 0.5 0.84375 1 0.8125 0.5 0.84375 0.5 0.8125 1 0.78125 0.5 0.8125 0.5 0.78125 1 0.75 0.5 0.78125 0.5 0.75 1 0.71875 0.5 0.75 0.5 0.71875 1 0.6875 0.5 0.71875 0.5 0.6875 1 0.65625 0.5 0.6875 0.5 0.65625 1 0.625 0.5 0.65625 0.5 0.625 1 0.59375 0.5 0.625 0.5 0.59375 1 0.5625 0.5 0.59375 0.5 0.5625 1 0.53125 0.5 0.5625 0.5 0.53125 1 0.5 0.5 0.53125 0.5 0.5 1 0.46875 0.5 0.5 0.5 0.46875 1 0.4375 0.5 0.46875 0.5 0.4375 1 0.40625 0.5 0.4375 0.5 0.40625 1 0.375 0.5 0.40625 0.5 0.375 1 0.34375 0.5 0.375 0.5 0.34375 1 0.3125 0.5 0.34375 0.5 0.3125 1 0.28125 0.5 0.3125 0.5 0.28125 1 0.25 0.5 0.28125 0.5 0.25 1 0.21875 0.5 0.25 0.5 0.21875 1 0.1875 0.5 0.21875 0.5 0.1875 1 0.15625 0.5 0.1875 0.5 0.15625 1 0.125 0.5 0.15625 0.5 0.125 1 0.09375 0.5 0.125 0.5 0.09375 1 0.0625 0.5 0.09375 0.5 0.1581559 0.02826887 0.4717311 0.1581559 0.341844 0.4717311 0.0625 1 0.03125 0.5 0.0625 0.5 0.03125 1 0 0.5 0.03125 0.5 0.6166631 0.05044728 0.5146116 0.2031783 0.7031784 0.4853885 1 1 0.96875 1 0.96875 0.5 0.96875 1 0.9375 1 0.9375 0.5 0.9375 1 0.90625 1 0.90625 0.5 0.90625 1 0.8750001 1 0.8750001 0.5 0.8750001 1 0.84375 1 0.84375 0.5 0.84375 1 0.8125 1 0.8125 0.5 0.8125 1 0.78125 1 0.78125 0.5 0.78125 1 0.75 1 0.75 0.5 0.75 1 0.71875 1 0.71875 0.5 0.71875 1 0.6875 1 0.6875 0.5 0.6875 1 0.65625 1 0.65625 0.5 0.65625 1 0.625 1 0.625 0.5 0.625 1 0.59375 1 0.59375 0.5 0.59375 1 0.5625 1 0.5625 0.5 0.5625 1 0.53125 1 0.53125 0.5 0.53125 1 0.5 1 0.5 0.5 0.5 1 0.46875 1 0.46875 0.5 0.46875 1 0.4375 1 0.4375 0.5 0.4375 1 0.40625 1 0.40625 0.5 0.40625 1 0.375 1 0.375 0.5 0.375 1 0.34375 1 0.34375 0.5 0.34375 1 0.3125 1 0.3125 0.5 0.3125 1 0.28125 1 0.28125 0.5 0.28125 1 0.25 1 0.25 0.5 0.25 1 0.21875 1 0.21875 0.5 0.21875 1 0.1875 1 0.1875 0.5 0.1875 1 0.15625 1 0.15625 0.5 0.15625 1 0.125 1 0.125 0.5 0.125 1 0.09375 1 0.09375 0.5 0.09375 1 0.0625 1 0.0625 0.5 0.341844 0.4717311 0.2968217 0.4853885 0.1581559 0.4717311 0.2968217 0.4853885 0.25 0.49 0.1581559 0.4717311 0.25 0.49 0.2031783 0.4853885 0.1581559 0.4717311 0.1581559 0.4717311 0.116663 0.4495527 0.08029431 0.4197056 0.08029431 0.4197056 0.05044716 0.3833368 0.02826893 0.341844 0.02826893 0.341844 0.01461154 0.2968217 0.00999999 0.25 0.00999999 0.25 0.01461154 0.2031783 0.02826887 0.1581559 0.02826887 0.1581559 0.05044734 0.116663 0.1581559 0.02826887 0.05044734 0.116663 0.08029437 0.08029437 0.1581559 0.02826887 0.08029437 0.08029437 0.116663 0.05044728 0.1581559 0.02826887 0.1581559 0.02826887 0.2031783 0.01461148 0.25 0.00999999 0.25 0.00999999 0.2968217 0.01461148 0.341844 0.02826887 0.341844 0.02826887 0.3833369 0.05044728 0.4197056 0.08029437 0.4197056 0.08029437 0.4495527 0.116663 0.341844 0.02826887 0.4495527 0.116663 0.4717311 0.1581559 0.341844 0.02826887 0.4717311 0.1581559 0.4853885 0.2031783 0.4717311 0.341844 0.4853885 0.2031783 0.49 0.25 0.4717311 0.341844 0.49 0.25 0.4853885 0.2968217 0.4717311 0.341844 0.4717311 0.341844 0.4495527 0.3833369 0.4197056 0.4197056 0.4197056 0.4197056 0.3833369 0.4495527 0.341844 0.4717311 0.1581559 0.4717311 0.08029431 0.4197056 0.341844 0.4717311 0.08029431 0.4197056 0.02826893 0.341844 0.341844 0.4717311 0.02826893 0.341844 0.00999999 0.25 0.1581559 0.02826887 0.00999999 0.25 0.02826887 0.1581559 0.1581559 0.02826887 0.1581559 0.02826887 0.25 0.00999999 0.341844 0.02826887 0.4717311 0.341844 0.4197056 0.4197056 0.341844 0.4717311 0.1581559 0.02826887 0.341844 0.02826887 0.4717311 0.1581559 0.4717311 0.1581559 0.4717311 0.341844 0.341844 0.4717311 0.341844 0.4717311 0.02826893 0.341844 0.1581559 0.02826887 0.0625 1 0.03125 1 0.03125 0.5 0.03125 1 0 1 0 0.5 0.7031784 0.4853885 0.75 0.49 0.7968217 0.4853885 0.7968217 0.4853885 0.841844 0.4717311 0.8833369 0.4495527 0.8833369 0.4495527 0.9197056 0.4197056 0.9495527 0.3833369 0.9495527 0.3833369 0.9717311 0.341844 0.8833369 0.4495527 0.9717311 0.341844 0.9853885 0.2968217 0.8833369 0.4495527 0.9853885 0.2968217 0.99 0.25 0.9853885 0.2031783 0.9853885 0.2031783 0.9717311 0.1581559 0.9495527 0.116663 0.9495527 0.116663 0.9197056 0.08029437 0.8833369 0.05044728 0.8833369 0.05044728 0.841844 0.02826887 0.9495527 0.116663 0.841844 0.02826887 0.7968217 0.01461148 0.9495527 0.116663 0.7968217 0.01461148 0.75 0.00999999 0.7031784 0.01461148 0.7031784 0.01461148 0.658156 0.02826887 0.7968217 0.01461148 0.658156 0.02826887 0.6166631 0.05044728 0.7968217 0.01461148 0.6166631 0.05044728 0.5802944 0.08029437 0.5504474 0.116663 0.5504474 0.116663 0.5282689 0.1581559 0.5146116 0.2031783 0.5146116 0.2031783 0.51 0.25 0.5146116 0.2968217 0.5146116 0.2968217 0.5282689 0.341844 0.5504473 0.3833368 0.5504473 0.3833368 0.5802944 0.4197056 0.7031784 0.4853885 0.5802944 0.4197056 0.6166631 0.4495527 0.7031784 0.4853885 0.6166631 0.4495527 0.658156 0.4717311 0.7031784 0.4853885 0.7031784 0.4853885 0.7968217 0.4853885 0.9853885 0.2968217 0.7968217 0.4853885 0.8833369 0.4495527 0.9853885 0.2968217 0.9853885 0.2968217 0.9853885 0.2031783 0.9495527 0.116663 0.6166631 0.05044728 0.5504474 0.116663 0.5146116 0.2031783 0.5146116 0.2031783 0.5146116 0.2968217 0.7031784 0.4853885 0.5146116 0.2968217 0.5504473 0.3833368 0.7031784 0.4853885 0.9853885 0.2968217 0.9495527 0.116663 0.7031784 0.4853885 0.9495527 0.116663 0.7968217 0.01461148 0.7031784 0.4853885 0.7968217 0.01461148 0.6166631 0.05044728 0.7031784 0.4853885</float_array>
          <technique_common>
            <accessor source="#Cylinder_002-mesh-map-0-array" count="372" stride="2">
              <param name="S" type="float"/>
              <param name="T" type="float"/>
            </accessor>
          </technique_common>
        </source>
        <vertices id="Cylinder_002-mesh-vertices">
          <input semantic="POSITION" source="#Cylinder_002-mesh-positions"/>
        </vertices>
        <triangles count="124">
          <input semantic="VERTEX" source="#Cylinder_002-mesh-vertices" offset="0"/>
          <input semantic="NORMAL" source="#Cylinder_002-mesh-normals" offset="1"/>
          <input semantic="TEXCOORD" source="#Cylinder_002-mesh-map-0" offset="2" set="0"/>
          <p>1 0 0 2 0 1 0 0 2 3 1 3 4 1 4 2 1 5 5 2 6 6 2 7 4 2 8 7 3 9 8 3 10 6 3 11 9 4 12 10 4 13 8 4 14 11 5 15 12 5 16 10 5 17 13 6 18 14 6 19 12 6 20 15 7 21 16 7 22 14 7 23 17 8 24 18 8 25 16 8 26 19 9 27 20 9 28 18 9 29 21 10 30 22 10 31 20 10 32 23 11 33 24 11 34 22 11 35 25 12 36 26 12 37 24 12 38 27 13 39 28 13 40 26 13 41 29 14 42 30 14 43 28 14 44 31 15 45 32 15 46 30 15 47 33 16 48 34 16 49 32 16 50 35 17 51 36 17 52 34 17 53 37 18 54 38 18 55 36 18 56 39 19 57 40 19 58 38 19 59 41 20 60 42 20 61 40 20 62 43 21 63 44 21 64 42 21 65 45 22 66 46 22 67 44 22 68 47 23 69 48 23 70 46 23 71 49 24 72 50 24 73 48 24 74 51 25 75 52 25 76 50 25 77 53 26 78 54 26 79 52 26 80 55 27 81 56 27 82 54 27 83 57 28 84 58 28 85 56 28 86 59 29 87 60 29 88 58 29 89 37 30 90 21 30 91 5 30 92 61 31 93 62 31 94 60 31 95 63 32 96 0 32 97 62 32 98 38 33 99 46 33 100 62 33 101 1 0 102 3 0 103 2 0 104 3 1 105 5 1 106 4 1 107 5 34 108 7 34 109 6 34 110 7 3 111 9 3 112 8 3 113 9 4 114 11 4 115 10 4 116 11 35 117 13 35 118 12 35 119 13 6 120 15 6 121 14 6 122 15 36 123 17 36 124 16 36 125 17 37 126 19 37 127 18 37 128 19 9 129 21 9 130 20 9 131 21 38 132 23 38 133 22 38 134 23 11 135 25 11 136 24 11 137 25 12 138 27 12 139 26 12 140 27 39 141 29 39 142 28 39 143 29 14 144 31 14 145 30 14 146 31 15 147 33 15 148 32 15 149 33 16 150 35 16 151 34 16 152 35 17 153 37 17 154 36 17 155 37 40 156 39 40 157 38 40 158 39 19 159 41 19 160 40 19 161 41 20 162 43 20 163 42 20 164 43 41 165 45 41 166 44 41 167 45 22 168 47 22 169 46 22 170 47 42 171 49 42 172 48 42 173 49 43 174 51 43 175 50 43 176 51 25 177 53 25 178 52 25 179 53 44 180 55 44 181 54 44 182 55 27 183 57 27 184 56 27 185 57 45 186 59 45 187 58 45 188 59 46 189 61 46 190 60 46 191 5 30 192 3 30 193 61 30 194 3 47 195 1 47 196 61 47 197 1 30 198 63 30 199 61 30 200 61 30 201 59 30 202 57 30 203 57 30 204 55 30 205 53 30 206 53 48 207 51 48 208 49 48 209 49 30 210 47 30 211 45 30 212 45 49 213 43 49 214 37 49 215 43 50 216 41 50 217 37 50 218 41 30 219 39 30 220 37 30 221 37 51 222 35 51 223 33 51 224 33 30 225 31 30 226 29 30 227 29 30 228 27 30 229 25 30 230 25 52 231 23 52 232 29 52 233 23 53 234 21 53 235 29 53 236 21 30 237 19 30 238 13 30 239 19 30 240 17 30 241 13 30 242 17 30 243 15 30 244 13 30 245 13 30 246 11 30 247 9 30 248 9 30 249 7 30 250 5 30 251 61 30 252 57 30 253 5 30 254 57 54 255 53 54 256 5 54 257 53 30 258 49 30 259 37 30 260 49 30 261 45 30 262 37 30 263 37 30 264 33 30 265 29 30 266 13 55 267 9 55 268 5 55 269 37 30 270 29 30 271 21 30 272 21 56 273 13 56 274 5 56 275 5 30 276 53 30 277 37 30 278 61 31 279 63 31 280 62 31 281 63 32 282 1 32 283 0 32 284 62 33 285 0 33 286 2 33 287 2 33 288 4 33 289 6 33 290 6 33 291 8 33 292 10 33 293 10 57 294 12 57 295 6 57 296 12 58 297 14 58 298 6 58 299 14 33 300 16 33 301 18 33 302 18 33 303 20 33 304 22 33 305 22 33 306 24 33 307 26 33 308 26 59 309 28 59 310 22 59 311 28 60 312 30 60 313 22 60 314 30 33 315 32 33 316 34 33 317 34 33 318 36 33 319 30 33 320 36 33 321 38 33 322 30 33 323 38 33 324 40 33 325 42 33 326 42 33 327 44 33 328 46 33 329 46 61 330 48 61 331 50 61 332 50 33 333 52 33 334 54 33 335 54 62 336 56 62 337 62 62 338 56 33 339 58 33 340 62 33 341 58 33 342 60 33 343 62 33 344 62 33 345 2 33 346 14 33 347 2 63 348 6 63 349 14 63 350 14 33 351 18 33 352 22 33 353 38 33 354 42 33 355 46 33 356 46 33 357 50 33 358 62 33 359 50 64 360 54 64 361 62 64 362 14 33 363 22 33 364 62 33 365 22 33 366 30 33 367 62 33 368 30 65 369 38 65 370 62 65 371</p>
        </triangles>
      </mesh>
    </geometry>
    <geometry id="Cylinder_003-mesh" name="Cylinder.003">
      <mesh>
        <source id="Cylinder_003-mesh-positions">
          <float_array id="Cylinder_003-mesh-positions-array" count="192">0 0.3048 -0.3048 0 0.3048 0.3048 0.0594635 0.2989434 -0.3048 0.0594635 0.2989434 0.3048 0.1166419 0.2815985 -0.3048 0.1166419 0.2815985 0.3048 0.1693378 0.2534319 -0.3048 0.1693378 0.2534319 0.3048 0.2155261 0.2155261 -0.3048 0.2155261 0.2155261 0.3048 0.2534319 0.1693378 -0.3048 0.2534319 0.1693378 0.3048 0.2815985 0.1166419 -0.3048 0.2815985 0.1166419 0.3048 0.2989434 0.0594635 -0.3048 0.2989434 0.0594635 0.3048 0.3048 0 -0.3048 0.3048 0 0.3048 0.2989434 -0.0594635 -0.3048 0.2989434 -0.0594635 0.3048 0.2815985 -0.1166419 -0.3048 0.2815985 -0.1166419 0.3048 0.2534319 -0.1693378 -0.3048 0.2534319 -0.1693378 0.3048 0.2155261 -0.2155261 -0.3048 0.2155261 -0.2155261 0.3048 0.1693378 -0.2534319 -0.3048 0.1693378 -0.2534319 0.3048 0.1166419 -0.2815985 -0.3048 0.1166419 -0.2815985 0.3048 0.0594635 -0.2989434 -0.3048 0.0594635 -0.2989434 0.3048 0 -0.3048 -0.3048 0 -0.3048 0.3048 -0.0594635 -0.2989434 -0.3048 -0.0594635 -0.2989434 0.3048 -0.1166419 -0.2815985 -0.3048 -0.1166419 -0.2815985 0.3048 -0.1693378 -0.2534319 -0.3048 -0.1693378 -0.2534319 0.3048 -0.2155261 -0.2155261 -0.3048 -0.2155261 -0.2155261 0.3048 -0.2534319 -0.1693378 -0.3048 -0.2534319 -0.1693378 0.3048 -0.2815985 -0.1166419 -0.3048 -0.2815985 -0.1166419 0.3048 -0.2989434 -0.0594635 -0.3048 -0.2989434 -0.0594635 0.3048 -0.3048 0 -0.3048 -0.3048 0 0.3048 -0.2989434 0.05946356 -0.3048 -0.2989434 0.05946356 0.3048 -0.2815985 0.1166419 -0.3048 -0.2815985 0.1166419 0.3048 -0.253432 0.1693378 -0.3048 -0.253432 0.1693378 0.3048 -0.2155262 0.2155261 -0.3048 -0.2155262 0.2155261 0.3048 -0.1693378 0.2534319 -0.3048 -0.1693378 0.2534319 0.3048 -0.1166419 0.2815985 -0.3048 -0.1166419 0.2815985 0.3048 -0.0594635 0.2989434 -0.3048 -0.0594635 0.2989434 0.3048</float_array>
          <technique_common>
            <accessor source="#Cylinder_003-mesh-positions-array" count="64" stride="3">
              <param name="X" type="float"/>
              <param name="Y" type="float"/>
              <param name="Z" type="float"/>
            </accessor>
          </technique_common>
        </source>
        <source id="Cylinder_003-mesh-normals">
          <float_array id="Cylinder_003-mesh-normals-array" count="198">0.09801644 0.9951848 0 0.2902849 0.9569404 0 0.4713972 0.881921 0 0.6343939 0.77301 0 0.77301 0.6343938 0 0.8819208 0.4713976 0 0.9569404 0.2902849 0 0.9951848 0.09801679 0 0.9951849 -0.09801602 0 0.9569404 -0.2902849 0 0.8819212 -0.471397 0 0.77301 -0.6343938 0 0.6343939 -0.77301 0 0.4713974 -0.8819209 0 0.2902849 -0.9569404 0 0.09801644 -0.9951848 0 -0.09801644 -0.9951848 0 -0.2902849 -0.9569404 0 -0.4713972 -0.881921 0 -0.6343939 -0.77301 0 -0.77301 -0.6343938 0 -0.8819208 -0.4713976 0 -0.9569404 -0.2902849 0 -0.9951848 -0.09801679 0 -0.9951849 0.0980159 0 -0.9569402 0.2902852 0 -0.8819215 0.4713964 0 -0.77301 0.6343938 0 -0.6343933 0.7730106 0 -0.4713974 0.8819209 0 0 0 1 -0.2902849 0.9569404 0 -0.09801644 0.9951848 0 0 0 -1 0.4713974 0.8819209 0 0.8819212 0.471397 0 0.9951849 0.09801602 0 0.9951848 -0.09801679 0 0.8819208 -0.4713976 0 0.4713972 -0.881921 0 -0.4713974 -0.8819209 0 -0.8819212 -0.471397 0 -0.9951849 -0.09801602 0 -0.9951848 0.09801673 0 -0.8819219 0.4713957 0 -0.6343929 0.7730107 0 -0.4713972 0.881921 0 -4.51493e-7 0 1 -5.34845e-6 0 1 1.84134e-6 0 1 -1.80597e-6 0 1 6.68553e-7 0 1 3.61194e-6 0 1 -1.84135e-6 0 1 2.61602e-7 0 1 -6.88272e-7 0 1 1.93614e-7 0 1 -3.61193e-6 0 -1 1.84134e-6 0 -1 3.61193e-6 0 -1 -1.84134e-6 0 -1 5.34852e-6 0 -1 9.20673e-7 0 -1 -4.83377e-7 0 -1 -4.83376e-7 0 -1 2.26832e-7 0 -1</float_array>
          <technique_common>
            <accessor source="#Cylinder_003-mesh-normals-array" count="66" stride="3">
              <param name="X" type="float"/>
              <param name="Y" type="float"/>
              <param name="Z" type="float"/>
            </accessor>
          </technique_common>
        </source>
        <source id="Cylinder_003-mesh-map-0">
          <float_array id="Cylinder_003-mesh-map-0-array" count="744">1 1 0.96875 0.5 1 0.5 0.96875 1 0.9375 0.5 0.96875 0.5 0.9375 1 0.90625 0.5 0.9375 0.5 0.90625 1 0.8750001 0.5 0.90625 0.5 0.8750001 1 0.84375 0.5 0.8750001 0.5 0.84375 1 0.8125 0.5 0.84375 0.5 0.8125 1 0.78125 0.5 0.8125 0.5 0.78125 1 0.75 0.5 0.78125 0.5 0.75 1 0.71875 0.5 0.75 0.5 0.71875 1 0.6875 0.5 0.71875 0.5 0.6875 1 0.65625 0.5 0.6875 0.5 0.65625 1 0.625 0.5 0.65625 0.5 0.625 1 0.59375 0.5 0.625 0.5 0.59375 1 0.5625 0.5 0.59375 0.5 0.5625 1 0.53125 0.5 0.5625 0.5 0.53125 1 0.5 0.5 0.53125 0.5 0.5 1 0.46875 0.5 0.5 0.5 0.46875 1 0.4375 0.5 0.46875 0.5 0.4375 1 0.40625 0.5 0.4375 0.5 0.40625 1 0.375 0.5 0.40625 0.5 0.375 1 0.34375 0.5 0.375 0.5 0.34375 1 0.3125 0.5 0.34375 0.5 0.3125 1 0.28125 0.5 0.3125 0.5 0.28125 1 0.25 0.5 0.28125 0.5 0.25 1 0.21875 0.5 0.25 0.5 0.21875 1 0.1875 0.5 0.21875 0.5 0.1875 1 0.15625 0.5 0.1875 0.5 0.15625 1 0.125 0.5 0.15625 0.5 0.125 1 0.09375 0.5 0.125 0.5 0.09375 1 0.0625 0.5 0.09375 0.5 0.1581559 0.02826887 0.4717311 0.1581559 0.341844 0.4717311 0.0625 1 0.03125 0.5 0.0625 0.5 0.03125 1 0 0.5 0.03125 0.5 0.6166631 0.05044728 0.5146116 0.2031783 0.7031784 0.4853885 1 1 0.96875 1 0.96875 0.5 0.96875 1 0.9375 1 0.9375 0.5 0.9375 1 0.90625 1 0.90625 0.5 0.90625 1 0.8750001 1 0.8750001 0.5 0.8750001 1 0.84375 1 0.84375 0.5 0.84375 1 0.8125 1 0.8125 0.5 0.8125 1 0.78125 1 0.78125 0.5 0.78125 1 0.75 1 0.75 0.5 0.75 1 0.71875 1 0.71875 0.5 0.71875 1 0.6875 1 0.6875 0.5 0.6875 1 0.65625 1 0.65625 0.5 0.65625 1 0.625 1 0.625 0.5 0.625 1 0.59375 1 0.59375 0.5 0.59375 1 0.5625 1 0.5625 0.5 0.5625 1 0.53125 1 0.53125 0.5 0.53125 1 0.5 1 0.5 0.5 0.5 1 0.46875 1 0.46875 0.5 0.46875 1 0.4375 1 0.4375 0.5 0.4375 1 0.40625 1 0.40625 0.5 0.40625 1 0.375 1 0.375 0.5 0.375 1 0.34375 1 0.34375 0.5 0.34375 1 0.3125 1 0.3125 0.5 0.3125 1 0.28125 1 0.28125 0.5 0.28125 1 0.25 1 0.25 0.5 0.25 1 0.21875 1 0.21875 0.5 0.21875 1 0.1875 1 0.1875 0.5 0.1875 1 0.15625 1 0.15625 0.5 0.15625 1 0.125 1 0.125 0.5 0.125 1 0.09375 1 0.09375 0.5 0.09375 1 0.0625 1 0.0625 0.5 0.341844 0.4717311 0.2968217 0.4853885 0.1581559 0.4717311 0.2968217 0.4853885 0.25 0.49 0.1581559 0.4717311 0.25 0.49 0.2031783 0.4853885 0.1581559 0.4717311 0.1581559 0.4717311 0.116663 0.4495527 0.08029431 0.4197056 0.08029431 0.4197056 0.05044716 0.3833368 0.02826893 0.341844 0.02826893 0.341844 0.01461154 0.2968217 0.00999999 0.25 0.00999999 0.25 0.01461154 0.2031783 0.02826887 0.1581559 0.02826887 0.1581559 0.05044734 0.116663 0.1581559 0.02826887 0.05044734 0.116663 0.08029437 0.08029437 0.1581559 0.02826887 0.08029437 0.08029437 0.116663 0.05044728 0.1581559 0.02826887 0.1581559 0.02826887 0.2031783 0.01461148 0.25 0.00999999 0.25 0.00999999 0.2968217 0.01461148 0.341844 0.02826887 0.341844 0.02826887 0.3833369 0.05044728 0.4197056 0.08029437 0.4197056 0.08029437 0.4495527 0.116663 0.341844 0.02826887 0.4495527 0.116663 0.4717311 0.1581559 0.341844 0.02826887 0.4717311 0.1581559 0.4853885 0.2031783 0.4717311 0.341844 0.4853885 0.2031783 0.49 0.25 0.4717311 0.341844 0.49 0.25 0.4853885 0.2968217 0.4717311 0.341844 0.4717311 0.341844 0.4495527 0.3833369 0.4197056 0.4197056 0.4197056 0.4197056 0.3833369 0.4495527 0.341844 0.4717311 0.1581559 0.4717311 0.08029431 0.4197056 0.341844 0.4717311 0.08029431 0.4197056 0.02826893 0.341844 0.341844 0.4717311 0.02826893 0.341844 0.00999999 0.25 0.1581559 0.02826887 0.00999999 0.25 0.02826887 0.1581559 0.1581559 0.02826887 0.1581559 0.02826887 0.25 0.00999999 0.341844 0.02826887 0.4717311 0.341844 0.4197056 0.4197056 0.341844 0.4717311 0.1581559 0.02826887 0.341844 0.02826887 0.4717311 0.1581559 0.4717311 0.1581559 0.4717311 0.341844 0.341844 0.4717311 0.341844 0.4717311 0.02826893 0.341844 0.1581559 0.02826887 0.0625 1 0.03125 1 0.03125 0.5 0.03125 1 0 1 0 0.5 0.7031784 0.4853885 0.75 0.49 0.7968217 0.4853885 0.7968217 0.4853885 0.841844 0.4717311 0.8833369 0.4495527 0.8833369 0.4495527 0.9197056 0.4197056 0.9495527 0.3833369 0.9495527 0.3833369 0.9717311 0.341844 0.8833369 0.4495527 0.9717311 0.341844 0.9853885 0.2968217 0.8833369 0.4495527 0.9853885 0.2968217 0.99 0.25 0.9853885 0.2031783 0.9853885 0.2031783 0.9717311 0.1581559 0.9495527 0.116663 0.9495527 0.116663 0.9197056 0.08029437 0.8833369 0.05044728 0.8833369 0.05044728 0.841844 0.02826887 0.9495527 0.116663 0.841844 0.02826887 0.7968217 0.01461148 0.9495527 0.116663 0.7968217 0.01461148 0.75 0.00999999 0.7031784 0.01461148 0.7031784 0.01461148 0.658156 0.02826887 0.7968217 0.01461148 0.658156 0.02826887 0.6166631 0.05044728 0.7968217 0.01461148 0.6166631 0.05044728 0.5802944 0.08029437 0.5504474 0.116663 0.5504474 0.116663 0.5282689 0.1581559 0.5146116 0.2031783 0.5146116 0.2031783 0.51 0.25 0.5146116 0.2968217 0.5146116 0.2968217 0.5282689 0.341844 0.5504473 0.3833368 0.5504473 0.3833368 0.5802944 0.4197056 0.7031784 0.4853885 0.5802944 0.4197056 0.6166631 0.4495527 0.7031784 0.4853885 0.6166631 0.4495527 0.658156 0.4717311 0.7031784 0.4853885 0.7031784 0.4853885 0.7968217 0.4853885 0.9853885 0.2968217 0.7968217 0.4853885 0.8833369 0.4495527 0.9853885 0.2968217 0.9853885 0.2968217 0.9853885 0.2031783 0.9495527 0.116663 0.6166631 0.05044728 0.5504474 0.116663 0.5146116 0.2031783 0.5146116 0.2031783 0.5146116 0.2968217 0.7031784 0.4853885 0.5146116 0.2968217 0.5504473 0.3833368 0.7031784 0.4853885 0.9853885 0.2968217 0.9495527 0.116663 0.7031784 0.4853885 0.9495527 0.116663 0.7968217 0.01461148 0.7031784 0.4853885 0.7968217 0.01461148 0.6166631 0.05044728 0.7031784 0.4853885</float_array>
          <technique_common>
            <accessor source="#Cylinder_003-mesh-map-0-array" count="372" stride="2">
              <param name="S" type="float"/>
              <param name="T" type="float"/>
            </accessor>
          </technique_common>
        </source>
        <vertices id="Cylinder_003-mesh-vertices">
          <input semantic="POSITION" source="#Cylinder_003-mesh-positions"/>
        </vertices>
        <triangles count="124">
          <input semantic="VERTEX" source="#Cylinder_003-mesh-vertices" offset="0"/>
          <input semantic="NORMAL" source="#Cylinder_003-mesh-normals" offset="1"/>
          <input semantic="TEXCOORD" source="#Cylinder_003-mesh-map-0" offset="2" set="0"/>
          <p>1 0 0 2 0 1 0 0 2 3 1 3 4 1 4 2 1 5 5 2 6 6 2 7 4 2 8 7 3 9 8 3 10 6 3 11 9 4 12 10 4 13 8 4 14 11 5 15 12 5 16 10 5 17 13 6 18 14 6 19 12 6 20 15 7 21 16 7 22 14 7 23 17 8 24 18 8 25 16 8 26 19 9 27 20 9 28 18 9 29 21 10 30 22 10 31 20 10 32 23 11 33 24 11 34 22 11 35 25 12 36 26 12 37 24 12 38 27 13 39 28 13 40 26 13 41 29 14 42 30 14 43 28 14 44 31 15 45 32 15 46 30 15 47 33 16 48 34 16 49 32 16 50 35 17 51 36 17 52 34 17 53 37 18 54 38 18 55 36 18 56 39 19 57 40 19 58 38 19 59 41 20 60 42 20 61 40 20 62 43 21 63 44 21 64 42 21 65 45 22 66 46 22 67 44 22 68 47 23 69 48 23 70 46 23 71 49 24 72 50 24 73 48 24 74 51 25 75 52 25 76 50 25 77 53 26 78 54 26 79 52 26 80 55 27 81 56 27 82 54 27 83 57 28 84 58 28 85 56 28 86 59 29 87 60 29 88 58 29 89 37 30 90 21 30 91 5 30 92 61 31 93 62 31 94 60 31 95 63 32 96 0 32 97 62 32 98 38 33 99 46 33 100 62 33 101 1 0 102 3 0 103 2 0 104 3 1 105 5 1 106 4 1 107 5 34 108 7 34 109 6 34 110 7 3 111 9 3 112 8 3 113 9 4 114 11 4 115 10 4 116 11 35 117 13 35 118 12 35 119 13 6 120 15 6 121 14 6 122 15 36 123 17 36 124 16 36 125 17 37 126 19 37 127 18 37 128 19 9 129 21 9 130 20 9 131 21 38 132 23 38 133 22 38 134 23 11 135 25 11 136 24 11 137 25 12 138 27 12 139 26 12 140 27 39 141 29 39 142 28 39 143 29 14 144 31 14 145 30 14 146 31 15 147 33 15 148 32 15 149 33 16 150 35 16 151 34 16 152 35 17 153 37 17 154 36 17 155 37 40 156 39 40 157 38 40 158 39 19 159 41 19 160 40 19 161 41 20 162 43 20 163 42 20 164 43 41 165 45 41 166 44 41 167 45 22 168 47 22 169 46 22 170 47 42 171 49 42 172 48 42 173 49 43 174 51 43 175 50 43 176 51 25 177 53 25 178 52 25 179 53 44 180 55 44 181 54 44 182 55 27 183 57 27 184 56 27 185 57 45 186 59 45 187 58 45 188 59 46 189 61 46 190 60 46 191 5 30 192 3 30 193 61 30 194 3 47 195 1 47 196 61 47 197 1 30 198 63 30 199 61 30 200 61 30 201 59 30 202 57 30 203 57 30 204 55 30 205 53 30 206 53 48 207 51 48 208 49 48 209 49 30 210 47 30 211 45 30 212 45 49 213 43 49 214 37 49 215 43 50 216 41 50 217 37 50 218 41 30 219 39 30 220 37 30 221 37 51 222 35 51 223 33 51 224 33 30 225 31 30 226 29 30 227 29 30 228 27 30 229 25 30 230 25 52 231 23 52 232 29 52 233 23 53 234 21 53 235 29 53 236 21 30 237 19 30 238 13 30 239 19 30 240 17 30 241 13 30 242 17 30 243 15 30 244 13 30 245 13 30 246 11 30 247 9 30 248 9 30 249 7 30 250 5 30 251 61 30 252 57 30 253 5 30 254 57 54 255 53 54 256 5 54 257 53 30 258 49 30 259 37 30 260 49 30 261 45 30 262 37 30 263 37 30 264 33 30 265 29 30 266 13 55 267 9 55 268 5 55 269 37 30 270 29 30 271 21 30 272 21 56 273 13 56 274 5 56 275 5 30 276 53 30 277 37 30 278 61 31 279 63 31 280 62 31 281 63 32 282 1 32 283 0 32 284 62 33 285 0 33 286 2 33 287 2 33 288 4 33 289 6 33 290 6 33 291 8 33 292 10 33 293 10 57 294 12 57 295 6 57 296 12 58 297 14 58 298 6 58 299 14 33 300 16 33 301 18 33 302 18 33 303 20 33 304 22 33 305 22 33 306 24 33 307 26 33 308 26 59 309 28 59 310 22 59 311 28 60 312 30 60 313 22 60 314 30 33 315 32 33 316 34 33 317 34 33 318 36 33 319 30 33 320 36 33 321 38 33 322 30 33 323 38 33 324 40 33 325 42 33 326 42 33 327 44 33 328 46 33 329 46 61 330 48 61 331 50 61 332 50 33 333 52 33 334 54 33 335 54 62 336 56 62 337 62 62 338 56 33 339 58 33 340 62 33 341 58 33 342 60 33 343 62 33 344 62 33 345 2 33 346 14 33 347 2 63 348 6 63 349 14 63 350 14 33 351 18 33 352 22 33 353 38 33 354 42 33 355 46 33 356 46 33 357 50 33 358 62 33 359 50 64 360 54 64 361 62 64 362 14 33 363 22 33 364 62 33 365 22 33 366 30 33 367 62 33 368 30 65 369 38 65 370 62 65 371</p>
        </triangles>
      </mesh>
    </geometry>
    <geometry id="Cylinder_004-mesh" name="Cylinder.004">
      <mesh>
        <source id="Cylinder_004-mesh-positions">
          <float_array id="Cylinder_004-mesh-positions-array" count="192">0 0.3048 -0.3048 0 0.3048 0.3048 0.0594635 0.2989434 -0.3048 0.0594635 0.2989434 0.3048 0.1166419 0.2815985 -0.3048 0.1166419 0.2815985 0.3048 0.1693378 0.2534319 -0.3048 0.1693378 0.2534319 0.3048 0.2155261 0.2155261 -0.3048 0.2155261 0.2155261 0.3048 0.2534319 0.1693378 -0.3048 0.2534319 0.1693378 0.3048 0.2815985 0.1166419 -0.3048 0.2815985 0.1166419 0.3048 0.2989434 0.0594635 -0.3048 0.2989434 0.0594635 0.3048 0.3048 0 -0.3048 0.3048 0 0.3048 0.2989434 -0.0594635 -0.3048 0.2989434 -0.0594635 0.3048 0.2815985 -0.1166419 -0.3048 0.2815985 -0.1166419 0.3048 0.2534319 -0.1693378 -0.3048 0.2534319 -0.1693378 0.3048 0.2155261 -0.2155261 -0.3048 0.2155261 -0.2155261 0.3048 0.1693378 -0.2534319 -0.3048 0.1693378 -0.2534319 0.3048 0.1166419 -0.2815985 -0.3048 0.1166419 -0.2815985 0.3048 0.0594635 -0.2989434 -0.3048 0.0594635 -0.2989434 0.3048 0 -0.3048 -0.3048 0 -0.3048 0.3048 -0.0594635 -0.2989434 -0.3048 -0.0594635 -0.2989434 0.3048 -0.1166419 -0.2815985 -0.3048 -0.1166419 -0.2815985 0.3048 -0.1693378 -0.2534319 -0.3048 -0.1693378 -0.2534319 0.3048 -0.2155261 -0.2155261 -0.3048 -0.2155261 -0.2155261 0.3048 -0.2534319 -0.1693378 -0.3048 -0.2534319 -0.1693378 0.3048 -0.2815985 -0.1166419 -0.3048 -0.2815985 -0.1166419 0.3048 -0.2989434 -0.0594635 -0.3048 -0.2989434 -0.0594635 0.3048 -0.3048 0 -0.3048 -0.3048 0 0.3048 -0.2989434 0.05946356 -0.3048 -0.2989434 0.05946356 0.3048 -0.2815985 0.1166419 -0.3048 -0.2815985 0.1166419 0.3048 -0.253432 0.1693378 -0.3048 -0.253432 0.1693378 0.3048 -0.2155262 0.2155261 -0.3048 -0.2155262 0.2155261 0.3048 -0.1693378 0.2534319 -0.3048 -0.1693378 0.2534319 0.3048 -0.1166419 0.2815985 -0.3048 -0.1166419 0.2815985 0.3048 -0.0594635 0.2989434 -0.3048 -0.0594635 0.2989434 0.3048</float_array>
          <technique_common>
            <accessor source="#Cylinder_004-mesh-positions-array" count="64" stride="3">
              <param name="X" type="float"/>
              <param name="Y" type="float"/>
              <param name="Z" type="float"/>
            </accessor>
          </technique_common>
        </source>
        <source id="Cylinder_004-mesh-normals">
          <float_array id="Cylinder_004-mesh-normals-array" count="198">0.09801644 0.9951848 0 0.2902849 0.9569404 0 0.4713972 0.881921 0 0.6343939 0.77301 0 0.77301 0.6343938 0 0.8819208 0.4713976 0 0.9569404 0.2902849 0 0.9951848 0.09801679 0 0.9951849 -0.09801602 0 0.9569404 -0.2902849 0 0.8819212 -0.471397 0 0.77301 -0.6343938 0 0.6343939 -0.77301 0 0.4713974 -0.8819209 0 0.2902849 -0.9569404 0 0.09801644 -0.9951848 0 -0.09801644 -0.9951848 0 -0.2902849 -0.9569404 0 -0.4713972 -0.881921 0 -0.6343939 -0.77301 0 -0.77301 -0.6343938 0 -0.8819208 -0.4713976 0 -0.9569404 -0.2902849 0 -0.9951848 -0.09801679 0 -0.9951849 0.0980159 0 -0.9569402 0.2902852 0 -0.8819215 0.4713964 0 -0.77301 0.6343938 0 -0.6343933 0.7730106 0 -0.4713974 0.8819209 0 0 0 1 -0.2902849 0.9569404 0 -0.09801644 0.9951848 0 0 0 -1 0.4713974 0.8819209 0 0.8819212 0.471397 0 0.9951849 0.09801602 0 0.9951848 -0.09801679 0 0.8819208 -0.4713976 0 0.4713972 -0.881921 0 -0.4713974 -0.8819209 0 -0.8819212 -0.471397 0 -0.9951849 -0.09801602 0 -0.9951848 0.09801673 0 -0.8819219 0.4713957 0 -0.6343929 0.7730107 0 -0.4713972 0.881921 0 -4.51493e-7 0 1 -5.34845e-6 0 1 1.84134e-6 0 1 -1.80597e-6 0 1 6.68553e-7 0 1 3.61194e-6 0 1 -1.84135e-6 0 1 2.61602e-7 0 1 -6.88272e-7 0 1 1.93614e-7 0 1 -3.61193e-6 0 -1 1.84134e-6 0 -1 3.61193e-6 0 -1 -1.84134e-6 0 -1 5.34852e-6 0 -1 9.20673e-7 0 -1 -4.83377e-7 0 -1 -4.83376e-7 0 -1 2.26832e-7 0 -1</float_array>
          <technique_common>
            <accessor source="#Cylinder_004-mesh-normals-array" count="66" stride="3">
              <param name="X" type="float"/>
              <param name="Y" type="float"/>
              <param name="Z" type="float"/>
            </accessor>
          </technique_common>
        </source>
        <source id="Cylinder_004-mesh-map-0">
          <float_array id="Cylinder_004-mesh-map-0-array" count="744">1 1 0.96875 0.5 1 0.5 0.96875 1 0.9375 0.5 0.96875 0.5 0.9375 1 0.90625 0.5 0.9375 0.5 0.90625 1 0.8750001 0.5 0.90625 0.5 0.8750001 1 0.84375 0.5 0.8750001 0.5 0.84375 1 0.8125 0.5 0.84375 0.5 0.8125 1 0.78125 0.5 0.8125 0.5 0.78125 1 0.75 0.5 0.78125 0.5 0.75 1 0.71875 0.5 0.75 0.5 0.71875 1 0.6875 0.5 0.71875 0.5 0.6875 1 0.65625 0.5 0.6875 0.5 0.65625 1 0.625 0.5 0.65625 0.5 0.625 1 0.59375 0.5 0.625 0.5 0.59375 1 0.5625 0.5 0.59375 0.5 0.5625 1 0.53125 0.5 0.5625 0.5 0.53125 1 0.5 0.5 0.53125 0.5 0.5 1 0.46875 0.5 0.5 0.5 0.46875 1 0.4375 0.5 0.46875 0.5 0.4375 1 0.40625 0.5 0.4375 0.5 0.40625 1 0.375 0.5 0.40625 0.5 0.375 1 0.34375 0.5 0.375 0.5 0.34375 1 0.3125 0.5 0.34375 0.5 0.3125 1 0.28125 0.5 0.3125 0.5 0.28125 1 0.25 0.5 0.28125 0.5 0.25 1 0.21875 0.5 0.25 0.5 0.21875 1 0.1875 0.5 0.21875 0.5 0.1875 1 0.15625 0.5 0.1875 0.5 0.15625 1 0.125 0.5 0.15625 0.5 0.125 1 0.09375 0.5 0.125 0.5 0.09375 1 0.0625 0.5 0.09375 0.5 0.1581559 0.02826887 0.4717311 0.1581559 0.341844 0.4717311 0.0625 1 0.03125 0.5 0.0625 0.5 0.03125 1 0 0.5 0.03125 0.5 0.6166631 0.05044728 0.5146116 0.2031783 0.7031784 0.4853885 1 1 0.96875 1 0.96875 0.5 0.96875 1 0.9375 1 0.9375 0.5 0.9375 1 0.90625 1 0.90625 0.5 0.90625 1 0.8750001 1 0.8750001 0.5 0.8750001 1 0.84375 1 0.84375 0.5 0.84375 1 0.8125 1 0.8125 0.5 0.8125 1 0.78125 1 0.78125 0.5 0.78125 1 0.75 1 0.75 0.5 0.75 1 0.71875 1 0.71875 0.5 0.71875 1 0.6875 1 0.6875 0.5 0.6875 1 0.65625 1 0.65625 0.5 0.65625 1 0.625 1 0.625 0.5 0.625 1 0.59375 1 0.59375 0.5 0.59375 1 0.5625 1 0.5625 0.5 0.5625 1 0.53125 1 0.53125 0.5 0.53125 1 0.5 1 0.5 0.5 0.5 1 0.46875 1 0.46875 0.5 0.46875 1 0.4375 1 0.4375 0.5 0.4375 1 0.40625 1 0.40625 0.5 0.40625 1 0.375 1 0.375 0.5 0.375 1 0.34375 1 0.34375 0.5 0.34375 1 0.3125 1 0.3125 0.5 0.3125 1 0.28125 1 0.28125 0.5 0.28125 1 0.25 1 0.25 0.5 0.25 1 0.21875 1 0.21875 0.5 0.21875 1 0.1875 1 0.1875 0.5 0.1875 1 0.15625 1 0.15625 0.5 0.15625 1 0.125 1 0.125 0.5 0.125 1 0.09375 1 0.09375 0.5 0.09375 1 0.0625 1 0.0625 0.5 0.341844 0.4717311 0.2968217 0.4853885 0.1581559 0.4717311 0.2968217 0.4853885 0.25 0.49 0.1581559 0.4717311 0.25 0.49 0.2031783 0.4853885 0.1581559 0.4717311 0.1581559 0.4717311 0.116663 0.4495527 0.08029431 0.4197056 0.08029431 0.4197056 0.05044716 0.3833368 0.02826893 0.341844 0.02826893 0.341844 0.01461154 0.2968217 0.00999999 0.25 0.00999999 0.25 0.01461154 0.2031783 0.02826887 0.1581559 0.02826887 0.1581559 0.05044734 0.116663 0.1581559 0.02826887 0.05044734 0.116663 0.08029437 0.08029437 0.1581559 0.02826887 0.08029437 0.08029437 0.116663 0.05044728 0.1581559 0.02826887 0.1581559 0.02826887 0.2031783 0.01461148 0.25 0.00999999 0.25 0.00999999 0.2968217 0.01461148 0.341844 0.02826887 0.341844 0.02826887 0.3833369 0.05044728 0.4197056 0.08029437 0.4197056 0.08029437 0.4495527 0.116663 0.341844 0.02826887 0.4495527 0.116663 0.4717311 0.1581559 0.341844 0.02826887 0.4717311 0.1581559 0.4853885 0.2031783 0.4717311 0.341844 0.4853885 0.2031783 0.49 0.25 0.4717311 0.341844 0.49 0.25 0.4853885 0.2968217 0.4717311 0.341844 0.4717311 0.341844 0.4495527 0.3833369 0.4197056 0.4197056 0.4197056 0.4197056 0.3833369 0.4495527 0.341844 0.4717311 0.1581559 0.4717311 0.08029431 0.4197056 0.341844 0.4717311 0.08029431 0.4197056 0.02826893 0.341844 0.341844 0.4717311 0.02826893 0.341844 0.00999999 0.25 0.1581559 0.02826887 0.00999999 0.25 0.02826887 0.1581559 0.1581559 0.02826887 0.1581559 0.02826887 0.25 0.00999999 0.341844 0.02826887 0.4717311 0.341844 0.4197056 0.4197056 0.341844 0.4717311 0.1581559 0.02826887 0.341844 0.02826887 0.4717311 0.1581559 0.4717311 0.1581559 0.4717311 0.341844 0.341844 0.4717311 0.341844 0.4717311 0.02826893 0.341844 0.1581559 0.02826887 0.0625 1 0.03125 1 0.03125 0.5 0.03125 1 0 1 0 0.5 0.7031784 0.4853885 0.75 0.49 0.7968217 0.4853885 0.7968217 0.4853885 0.841844 0.4717311 0.8833369 0.4495527 0.8833369 0.4495527 0.9197056 0.4197056 0.9495527 0.3833369 0.9495527 0.3833369 0.9717311 0.341844 0.8833369 0.4495527 0.9717311 0.341844 0.9853885 0.2968217 0.8833369 0.4495527 0.9853885 0.2968217 0.99 0.25 0.9853885 0.2031783 0.9853885 0.2031783 0.9717311 0.1581559 0.9495527 0.116663 0.9495527 0.116663 0.9197056 0.08029437 0.8833369 0.05044728 0.8833369 0.05044728 0.841844 0.02826887 0.9495527 0.116663 0.841844 0.02826887 0.7968217 0.01461148 0.9495527 0.116663 0.7968217 0.01461148 0.75 0.00999999 0.7031784 0.01461148 0.7031784 0.01461148 0.658156 0.02826887 0.7968217 0.01461148 0.658156 0.02826887 0.6166631 0.05044728 0.7968217 0.01461148 0.6166631 0.05044728 0.5802944 0.08029437 0.5504474 0.116663 0.5504474 0.116663 0.5282689 0.1581559 0.5146116 0.2031783 0.5146116 0.2031783 0.51 0.25 0.5146116 0.2968217 0.5146116 0.2968217 0.5282689 0.341844 0.5504473 0.3833368 0.5504473 0.3833368 0.5802944 0.4197056 0.7031784 0.4853885 0.5802944 0.4197056 0.6166631 0.4495527 0.7031784 0.4853885 0.6166631 0.4495527 0.658156 0.4717311 0.7031784 0.4853885 0.7031784 0.4853885 0.7968217 0.4853885 0.9853885 0.2968217 0.7968217 0.4853885 0.8833369 0.4495527 0.9853885 0.2968217 0.9853885 0.2968217 0.9853885 0.2031783 0.9495527 0.116663 0.6166631 0.05044728 0.5504474 0.116663 0.5146116 0.2031783 0.5146116 0.2031783 0.5146116 0.2968217 0.7031784 0.4853885 0.5146116 0.2968217 0.5504473 0.3833368 0.7031784 0.4853885 0.9853885 0.2968217 0.9495527 0.116663 0.7031784 0.4853885 0.9495527 0.116663 0.7968217 0.01461148 0.7031784 0.4853885 0.7968217 0.01461148 0.6166631 0.05044728 0.7031784 0.4853885</float_array>
          <technique_common>
            <accessor source="#Cylinder_004-mesh-map-0-array" count="372" stride="2">
              <param name="S" type="float"/>
              <param name="T" type="float"/>
            </accessor>
          </technique_common>
        </source>
        <vertices id="Cylinder_004-mesh-vertices">
          <input semantic="POSITION" source="#Cylinder_004-mesh-positions"/>
        </vertices>
        <triangles count="124">
          <input semantic="VERTEX" source="#Cylinder_004-mesh-vertices" offset="0"/>
          <input semantic="NORMAL" source="#Cylinder_004-mesh-normals" offset="1"/>
          <input semantic="TEXCOORD" source="#Cylinder_004-mesh-map-0" offset="2" set="0"/>
          <p>1 0 0 2 0 1 0 0 2 3 1 3 4 1 4 2 1 5 5 2 6 6 2 7 4 2 8 7 3 9 8 3 10 6 3 11 9 4 12 10 4 13 8 4 14 11 5 15 12 5 16 10 5 17 13 6 18 14 6 19 12 6 20 15 7 21 16 7 22 14 7 23 17 8 24 18 8 25 16 8 26 19 9 27 20 9 28 18 9 29 21 10 30 22 10 31 20 10 32 23 11 33 24 11 34 22 11 35 25 12 36 26 12 37 24 12 38 27 13 39 28 13 40 26 13 41 29 14 42 30 14 43 28 14 44 31 15 45 32 15 46 30 15 47 33 16 48 34 16 49 32 16 50 35 17 51 36 17 52 34 17 53 37 18 54 38 18 55 36 18 56 39 19 57 40 19 58 38 19 59 41 20 60 42 20 61 40 20 62 43 21 63 44 21 64 42 21 65 45 22 66 46 22 67 44 22 68 47 23 69 48 23 70 46 23 71 49 24 72 50 24 73 48 24 74 51 25 75 52 25 76 50 25 77 53 26 78 54 26 79 52 26 80 55 27 81 56 27 82 54 27 83 57 28 84 58 28 85 56 28 86 59 29 87 60 29 88 58 29 89 37 30 90 21 30 91 5 30 92 61 31 93 62 31 94 60 31 95 63 32 96 0 32 97 62 32 98 38 33 99 46 33 100 62 33 101 1 0 102 3 0 103 2 0 104 3 1 105 5 1 106 4 1 107 5 34 108 7 34 109 6 34 110 7 3 111 9 3 112 8 3 113 9 4 114 11 4 115 10 4 116 11 35 117 13 35 118 12 35 119 13 6 120 15 6 121 14 6 122 15 36 123 17 36 124 16 36 125 17 37 126 19 37 127 18 37 128 19 9 129 21 9 130 20 9 131 21 38 132 23 38 133 22 38 134 23 11 135 25 11 136 24 11 137 25 12 138 27 12 139 26 12 140 27 39 141 29 39 142 28 39 143 29 14 144 31 14 145 30 14 146 31 15 147 33 15 148 32 15 149 33 16 150 35 16 151 34 16 152 35 17 153 37 17 154 36 17 155 37 40 156 39 40 157 38 40 158 39 19 159 41 19 160 40 19 161 41 20 162 43 20 163 42 20 164 43 41 165 45 41 166 44 41 167 45 22 168 47 22 169 46 22 170 47 42 171 49 42 172 48 42 173 49 43 174 51 43 175 50 43 176 51 25 177 53 25 178 52 25 179 53 44 180 55 44 181 54 44 182 55 27 183 57 27 184 56 27 185 57 45 186 59 45 187 58 45 188 59 46 189 61 46 190 60 46 191 5 30 192 3 30 193 61 30 194 3 47 195 1 47 196 61 47 197 1 30 198 63 30 199 61 30 200 61 30 201 59 30 202 57 30 203 57 30 204 55 30 205 53 30 206 53 48 207 51 48 208 49 48 209 49 30 210 47 30 211 45 30 212 45 49 213 43 49 214 37 49 215 43 50 216 41 50 217 37 50 218 41 30 219 39 30 220 37 30 221 37 51 222 35 51 223 33 51 224 33 30 225 31 30 226 29 30 227 29 30 228 27 30 229 25 30 230 25 52 231 23 52 232 29 52 233 23 53 234 21 53 235 29 53 236 21 30 237 19 30 238 13 30 239 19 30 240 17 30 241 13 30 242 17 30 243 15 30 244 13 30 245 13 30 246 11 30 247 9 30 248 9 30 249 7 30 250 5 30 251 61 30 252 57 30 253 5 30 254 57 54 255 53 54 256 5 54 257 53 30 258 49 30 259 37 30 260 49 30 261 45 30 262 37 30 263 37 30 264 33 30 265 29 30 266 13 55 267 9 55 268 5 55 269 37 30 270 29 30 271 21 30 272 21 56 273 13 56 274 5 56 275 5 30 276 53 30 277 37 30 278 61 31 279 63 31 280 62 31 281 63 32 282 1 32 283 0 32 284 62 33 285 0 33 286 2 33 287 2 33 288 4 33 289 6 33 290 6 33 291 8 33 292 10 33 293 10 57 294 12 57 295 6 57 296 12 58 297 14 58 298 6 58 299 14 33 300 16 33 301 18 33 302 18 33 303 20 33 304 22 33 305 22 33 306 24 33 307 26 33 308 26 59 309 28 59 310 22 59 311 28 60 312 30 60 313 22 60 314 30 33 315 32 33 316 34 33 317 34 33 318 36 33 319 30 33 320 36 33 321 38 33 322 30 33 323 38 33 324 40 33 325 42 33 326 42 33 327 44 33 328 46 33 329 46 61 330 48 61 331 50 61 332 50 33 333 52 33 334 54 33 335 54 62 336 56 62 337 62 62 338 56 33 339 58 33 340 62 33 341 58 33 342 60 33 343 62 33 344 62 33 345 2 33 346 14 33 347 2 63 348 6 63 349 14 63 350 14 33 351 18 33 352 22 33 353 38 33 354 42 33 355 46 33 356 46 33 357 50 33 358 62 33 359 50 64 360 54 64 361 62 64 362 14 33 363 22 33 364 62 33 365 22 33 366 30 33 367 62 33 368 30 65 369 38 65 370 62 65 371</p>
        </triangles>
      </mesh>
    </geometry>
    <geometry id="Cylinder_005-mesh" name="Cylinder.005">
      <mesh>
        <source id="Cylinder_005-mesh-positions">
          <float_array id="Cylinder_005-mesh-positions-array" count="192">0 0.3048 -0.3048 0 0.3048 0.3048 0.0594635 0.2989434 -0.3048 0.0594635 0.2989434 0.3048 0.1166419 0.2815985 -0.3048 0.1166419 0.2815985 0.3048 0.1693378 0.2534319 -0.3048 0.1693378 0.2534319 0.3048 0.2155261 0.2155261 -0.3048 0.2155261 0.2155261 0.3048 0.2534319 0.1693378 -0.3048 0.2534319 0.1693378 0.3048 0.2815985 0.1166419 -0.3048 0.2815985 0.1166419 0.3048 0.2989434 0.0594635 -0.3048 0.2989434 0.0594635 0.3048 0.3048 0 -0.3048 0.3048 0 0.3048 0.2989434 -0.0594635 -0.3048 0.2989434 -0.0594635 0.3048 0.2815985 -0.1166419 -0.3048 0.2815985 -0.1166419 0.3048 0.2534319 -0.1693378 -0.3048 0.2534319 -0.1693378 0.3048 0.2155261 -0.2155261 -0.3048 0.2155261 -0.2155261 0.3048 0.1693378 -0.2534319 -0.3048 0.1693378 -0.2534319 0.3048 0.1166419 -0.2815985 -0.3048 0.1166419 -0.2815985 0.3048 0.0594635 -0.2989434 -0.3048 0.0594635 -0.2989434 0.3048 0 -0.3048 -0.3048 0 -0.3048 0.3048 -0.0594635 -0.2989434 -0.3048 -0.0594635 -0.2989434 0.3048 -0.1166419 -0.2815985 -0.3048 -0.1166419 -0.2815985 0.3048 -0.1693378 -0.2534319 -0.3048 -0.1693378 -0.2534319 0.3048 -0.2155261 -0.2155261 -0.3048 -0.2155261 -0.2155261 0.3048 -0.2534319 -0.1693378 -0.3048 -0.2534319 -0.1693378 0.3048 -0.2815985 -0.1166419 -0.3048 -0.2815985 -0.1166419 0.3048 -0.2989434 -0.0594635 -0.3048 -0.2989434 -0.0594635 0.3048 -0.3048 0 -0.3048 -0.3048 0 0.3048 -0.2989434 0.05946356 -0.3048 -0.2989434 0.05946356 0.3048 -0.2815985 0.1166419 -0.3048 -0.2815985 0.1166419 0.3048 -0.253432 0.1693378 -0.3048 -0.253432 0.1693378 0.3048 -0.2155262 0.2155261 -0.3048 -0.2155262 0.2155261 0.3048 -0.1693378 0.2534319 -0.3048 -0.1693378 0.2534319 0.3048 -0.1166419 0.2815985 -0.3048 -0.1166419 0.2815985 0.3048 -0.0594635 0.2989434 -0.3048 -0.0594635 0.2989434 0.3048</float_array>
          <technique_common>
            <accessor source="#Cylinder_005-mesh-positions-array" count="64" stride="3">
              <param name="X" type="float"/>
              <param name="Y" type="float"/>
              <param name="Z" type="float"/>
            </accessor>
          </technique_common>
        </source>
        <source id="Cylinder_005-mesh-normals">
          <float_array id="Cylinder_005-mesh-normals-array" count="198">0.09801644 0.9951848 0 0.2902849 0.9569404 0 0.4713972 0.881921 0 0.6343939 0.77301 0 0.77301 0.6343938 0 0.8819208 0.4713976 0 0.9569404 0.2902849 0 0.9951848 0.09801679 0 0.9951849 -0.09801602 0 0.9569404 -0.2902849 0 0.8819212 -0.471397 0 0.77301 -0.6343938 0 0.6343939 -0.77301 0 0.4713974 -0.8819209 0 0.2902849 -0.9569404 0 0.09801644 -0.9951848 0 -0.09801644 -0.9951848 0 -0.2902849 -0.9569404 0 -0.4713972 -0.881921 0 -0.6343939 -0.77301 0 -0.77301 -0.6343938 0 -0.8819208 -0.4713976 0 -0.9569404 -0.2902849 0 -0.9951848 -0.09801679 0 -0.9951849 0.0980159 0 -0.9569402 0.2902852 0 -0.8819215 0.4713964 0 -0.77301 0.6343938 0 -0.6343933 0.7730106 0 -0.4713974 0.8819209 0 0 0 1 -0.2902849 0.9569404 0 -0.09801644 0.9951848 0 0 0 -1 0.4713974 0.8819209 0 0.8819212 0.471397 0 0.9951849 0.09801602 0 0.9951848 -0.09801679 0 0.8819208 -0.4713976 0 0.4713972 -0.881921 0 -0.4713974 -0.8819209 0 -0.8819212 -0.471397 0 -0.9951849 -0.09801602 0 -0.9951848 0.09801673 0 -0.8819219 0.4713957 0 -0.6343929 0.7730107 0 -0.4713972 0.881921 0 -4.51493e-7 0 1 -5.34845e-6 0 1 1.84134e-6 0 1 -1.80597e-6 0 1 6.68553e-7 0 1 3.61194e-6 0 1 -1.84135e-6 0 1 2.61602e-7 0 1 -6.88272e-7 0 1 1.93614e-7 0 1 -3.61193e-6 0 -1 1.84134e-6 0 -1 3.61193e-6 0 -1 -1.84134e-6 0 -1 5.34852e-6 0 -1 9.20673e-7 0 -1 -4.83377e-7 0 -1 -4.83376e-7 0 -1 2.26832e-7 0 -1</float_array>
          <technique_common>
            <accessor source="#Cylinder_005-mesh-normals-array" count="66" stride="3">
              <param name="X" type="float"/>
              <param name="Y" type="float"/>
              <param name="Z" type="float"/>
            </accessor>
          </technique_common>
        </source>
        <source id="Cylinder_005-mesh-map-0">
          <float_array id="Cylinder_005-mesh-map-0-array" count="744">1 1 0.96875 0.5 1 0.5 0.96875 1 0.9375 0.5 0.96875 0.5 0.9375 1 0.90625 0.5 0.9375 0.5 0.90625 1 0.8750001 0.5 0.90625 0.5 0.8750001 1 0.84375 0.5 0.8750001 0.5 0.84375 1 0.8125 0.5 0.84375 0.5 0.8125 1 0.78125 0.5 0.8125 0.5 0.78125 1 0.75 0.5 0.78125 0.5 0.75 1 0.71875 0.5 0.75 0.5 0.71875 1 0.6875 0.5 0.71875 0.5 0.6875 1 0.65625 0.5 0.6875 0.5 0.65625 1 0.625 0.5 0.65625 0.5 0.625 1 0.59375 0.5 0.625 0.5 0.59375 1 0.5625 0.5 0.59375 0.5 0.5625 1 0.53125 0.5 0.5625 0.5 0.53125 1 0.5 0.5 0.53125 0.5 0.5 1 0.46875 0.5 0.5 0.5 0.46875 1 0.4375 0.5 0.46875 0.5 0.4375 1 0.40625 0.5 0.4375 0.5 0.40625 1 0.375 0.5 0.40625 0.5 0.375 1 0.34375 0.5 0.375 0.5 0.34375 1 0.3125 0.5 0.34375 0.5 0.3125 1 0.28125 0.5 0.3125 0.5 0.28125 1 0.25 0.5 0.28125 0.5 0.25 1 0.21875 0.5 0.25 0.5 0.21875 1 0.1875 0.5 0.21875 0.5 0.1875 1 0.15625 0.5 0.1875 0.5 0.15625 1 0.125 0.5 0.15625 0.5 0.125 1 0.09375 0.5 0.125 0.5 0.09375 1 0.0625 0.5 0.09375 0.5 0.1581559 0.02826887 0.4717311 0.1581559 0.341844 0.4717311 0.0625 1 0.03125 0.5 0.0625 0.5 0.03125 1 0 0.5 0.03125 0.5 0.6166631 0.05044728 0.5146116 0.2031783 0.7031784 0.4853885 1 1 0.96875 1 0.96875 0.5 0.96875 1 0.9375 1 0.9375 0.5 0.9375 1 0.90625 1 0.90625 0.5 0.90625 1 0.8750001 1 0.8750001 0.5 0.8750001 1 0.84375 1 0.84375 0.5 0.84375 1 0.8125 1 0.8125 0.5 0.8125 1 0.78125 1 0.78125 0.5 0.78125 1 0.75 1 0.75 0.5 0.75 1 0.71875 1 0.71875 0.5 0.71875 1 0.6875 1 0.6875 0.5 0.6875 1 0.65625 1 0.65625 0.5 0.65625 1 0.625 1 0.625 0.5 0.625 1 0.59375 1 0.59375 0.5 0.59375 1 0.5625 1 0.5625 0.5 0.5625 1 0.53125 1 0.53125 0.5 0.53125 1 0.5 1 0.5 0.5 0.5 1 0.46875 1 0.46875 0.5 0.46875 1 0.4375 1 0.4375 0.5 0.4375 1 0.40625 1 0.40625 0.5 0.40625 1 0.375 1 0.375 0.5 0.375 1 0.34375 1 0.34375 0.5 0.34375 1 0.3125 1 0.3125 0.5 0.3125 1 0.28125 1 0.28125 0.5 0.28125 1 0.25 1 0.25 0.5 0.25 1 0.21875 1 0.21875 0.5 0.21875 1 0.1875 1 0.1875 0.5 0.1875 1 0.15625 1 0.15625 0.5 0.15625 1 0.125 1 0.125 0.5 0.125 1 0.09375 1 0.09375 0.5 0.09375 1 0.0625 1 0.0625 0.5 0.341844 0.4717311 0.2968217 0.4853885 0.1581559 0.4717311 0.2968217 0.4853885 0.25 0.49 0.1581559 0.4717311 0.25 0.49 0.2031783 0.4853885 0.1581559 0.4717311 0.1581559 0.4717311 0.116663 0.4495527 0.08029431 0.4197056 0.08029431 0.4197056 0.05044716 0.3833368 0.02826893 0.341844 0.02826893 0.341844 0.01461154 0.2968217 0.00999999 0.25 0.00999999 0.25 0.01461154 0.2031783 0.02826887 0.1581559 0.02826887 0.1581559 0.05044734 0.116663 0.1581559 0.02826887 0.05044734 0.116663 0.08029437 0.08029437 0.1581559 0.02826887 0.08029437 0.08029437 0.116663 0.05044728 0.1581559 0.02826887 0.1581559 0.02826887 0.2031783 0.01461148 0.25 0.00999999 0.25 0.00999999 0.2968217 0.01461148 0.341844 0.02826887 0.341844 0.02826887 0.3833369 0.05044728 0.4197056 0.08029437 0.4197056 0.08029437 0.4495527 0.116663 0.341844 0.02826887 0.4495527 0.116663 0.4717311 0.1581559 0.341844 0.02826887 0.4717311 0.1581559 0.4853885 0.2031783 0.4717311 0.341844 0.4853885 0.2031783 0.49 0.25 0.4717311 0.341844 0.49 0.25 0.4853885 0.2968217 0.4717311 0.341844 0.4717311 0.341844 0.4495527 0.3833369 0.4197056 0.4197056 0.4197056 0.4197056 0.3833369 0.4495527 0.341844 0.4717311 0.1581559 0.4717311 0.08029431 0.4197056 0.341844 0.4717311 0.08029431 0.4197056 0.02826893 0.341844 0.341844 0.4717311 0.02826893 0.341844 0.00999999 0.25 0.1581559 0.02826887 0.00999999 0.25 0.02826887 0.1581559 0.1581559 0.02826887 0.1581559 0.02826887 0.25 0.00999999 0.341844 0.02826887 0.4717311 0.341844 0.4197056 0.4197056 0.341844 0.4717311 0.1581559 0.02826887 0.341844 0.02826887 0.4717311 0.1581559 0.4717311 0.1581559 0.4717311 0.341844 0.341844 0.4717311 0.341844 0.4717311 0.02826893 0.341844 0.1581559 0.02826887 0.0625 1 0.03125 1 0.03125 0.5 0.03125 1 0 1 0 0.5 0.7031784 0.4853885 0.75 0.49 0.7968217 0.4853885 0.7968217 0.4853885 0.841844 0.4717311 0.8833369 0.4495527 0.8833369 0.4495527 0.9197056 0.4197056 0.9495527 0.3833369 0.9495527 0.3833369 0.9717311 0.341844 0.8833369 0.4495527 0.9717311 0.341844 0.9853885 0.2968217 0.8833369 0.4495527 0.9853885 0.2968217 0.99 0.25 0.9853885 0.2031783 0.9853885 0.2031783 0.9717311 0.1581559 0.9495527 0.116663 0.9495527 0.116663 0.9197056 0.08029437 0.8833369 0.05044728 0.8833369 0.05044728 0.841844 0.02826887 0.9495527 0.116663 0.841844 0.02826887 0.7968217 0.01461148 0.9495527 0.116663 0.7968217 0.01461148 0.75 0.00999999 0.7031784 0.01461148 0.7031784 0.01461148 0.658156 0.02826887 0.7968217 0.01461148 0.658156 0.02826887 0.6166631 0.05044728 0.7968217 0.01461148 0.6166631 0.05044728 0.5802944 0.08029437 0.5504474 0.116663 0.5504474 0.116663 0.5282689 0.1581559 0.5146116 0.2031783 0.5146116 0.2031783 0.51 0.25 0.5146116 0.2968217 0.5146116 0.2968217 0.5282689 0.341844 0.5504473 0.3833368 0.5504473 0.3833368 0.5802944 0.4197056 0.7031784 0.4853885 0.5802944 0.4197056 0.6166631 0.4495527 0.7031784 0.4853885 0.6166631 0.4495527 0.658156 0.4717311 0.7031784 0.4853885 0.7031784 0.4853885 0.7968217 0.4853885 0.9853885 0.2968217 0.7968217 0.4853885 0.8833369 0.4495527 0.9853885 0.2968217 0.9853885 0.2968217 0.9853885 0.2031783 0.9495527 0.116663 0.6166631 0.05044728 0.5504474 0.116663 0.5146116 0.2031783 0.5146116 0.2031783 0.5146116 0.2968217 0.7031784 0.4853885 0.5146116 0.2968217 0.5504473 0.3833368 0.7031784 0.4853885 0.9853885 0.2968217 0.9495527 0.116663 0.7031784 0.4853885 0.9495527 0.116663 0.7968217 0.01461148 0.7031784 0.4853885 0.7968217 0.01461148 0.6166631 0.05044728 0.7031784 0.4853885</float_array>
          <technique_common>
            <accessor source="#Cylinder_005-mesh-map-0-array" count="372" stride="2">
              <param name="S" type="float"/>
              <param name="T" type="float"/>
            </accessor>
          </technique_common>
        </source>
        <vertices id="Cylinder_005-mesh-vertices">
          <input semantic="POSITION" source="#Cylinder_005-mesh-positions"/>
        </vertices>
        <triangles count="124">
          <input semantic="VERTEX" source="#Cylinder_005-mesh-vertices" offset="0"/>
          <input semantic="NORMAL" source="#Cylinder_005-mesh-normals" offset="1"/>
          <input semantic="TEXCOORD" source="#Cylinder_005-mesh-map-0" offset="2" set="0"/>
          <p>1 0 0 2 0 1 0 0 2 3 1 3 4 1 4 2 1 5 5 2 6 6 2 7 4 2 8 7 3 9 8 3 10 6 3 11 9 4 12 10 4 13 8 4 14 11 5 15 12 5 16 10 5 17 13 6 18 14 6 19 12 6 20 15 7 21 16 7 22 14 7 23 17 8 24 18 8 25 16 8 26 19 9 27 20 9 28 18 9 29 21 10 30 22 10 31 20 10 32 23 11 33 24 11 34 22 11 35 25 12 36 26 12 37 24 12 38 27 13 39 28 13 40 26 13 41 29 14 42 30 14 43 28 14 44 31 15 45 32 15 46 30 15 47 33 16 48 34 16 49 32 16 50 35 17 51 36 17 52 34 17 53 37 18 54 38 18 55 36 18 56 39 19 57 40 19 58 38 19 59 41 20 60 42 20 61 40 20 62 43 21 63 44 21 64 42 21 65 45 22 66 46 22 67 44 22 68 47 23 69 48 23 70 46 23 71 49 24 72 50 24 73 48 24 74 51 25 75 52 25 76 50 25 77 53 26 78 54 26 79 52 26 80 55 27 81 56 27 82 54 27 83 57 28 84 58 28 85 56 28 86 59 29 87 60 29 88 58 29 89 37 30 90 21 30 91 5 30 92 61 31 93 62 31 94 60 31 95 63 32 96 0 32 97 62 32 98 38 33 99 46 33 100 62 33 101 1 0 102 3 0 103 2 0 104 3 1 105 5 1 106 4 1 107 5 34 108 7 34 109 6 34 110 7 3 111 9 3 112 8 3 113 9 4 114 11 4 115 10 4 116 11 35 117 13 35 118 12 35 119 13 6 120 15 6 121 14 6 122 15 36 123 17 36 124 16 36 125 17 37 126 19 37 127 18 37 128 19 9 129 21 9 130 20 9 131 21 38 132 23 38 133 22 38 134 23 11 135 25 11 136 24 11 137 25 12 138 27 12 139 26 12 140 27 39 141 29 39 142 28 39 143 29 14 144 31 14 145 30 14 146 31 15 147 33 15 148 32 15 149 33 16 150 35 16 151 34 16 152 35 17 153 37 17 154 36 17 155 37 40 156 39 40 157 38 40 158 39 19 159 41 19 160 40 19 161 41 20 162 43 20 163 42 20 164 43 41 165 45 41 166 44 41 167 45 22 168 47 22 169 46 22 170 47 42 171 49 42 172 48 42 173 49 43 174 51 43 175 50 43 176 51 25 177 53 25 178 52 25 179 53 44 180 55 44 181 54 44 182 55 27 183 57 27 184 56 27 185 57 45 186 59 45 187 58 45 188 59 46 189 61 46 190 60 46 191 5 30 192 3 30 193 61 30 194 3 47 195 1 47 196 61 47 197 1 30 198 63 30 199 61 30 200 61 30 201 59 30 202 57 30 203 57 30 204 55 30 205 53 30 206 53 48 207 51 48 208 49 48 209 49 30 210 47 30 211 45 30 212 45 49 213 43 49 214 37 49 215 43 50 216 41 50 217 37 50 218 41 30 219 39 30 220 37 30 221 37 51 222 35 51 223 33 51 224 33 30 225 31 30 226 29 30 227 29 30 228 27 30 229 25 30 230 25 52 231 23 52 232 29 52 233 23 53 234 21 53 235 29 53 236 21 30 237 19 30 238 13 30 239 19 30 240 17 30 241 13 30 242 17 30 243 15 30 244 13 30 245 13 30 246 11 30 247 9 30 248 9 30 249 7 30 250 5 30 251 61 30 252 57 30 253 5 30 254 57 54 255 53 54 256 5 54 257 53 30 258 49 30 259 37 30 260 49 30 261 45 30 262 37 30 263 37 30 264 33 30 265 29 30 266 13 55 267 9 55 268 5 55 269 37 30 270 29 30 271 21 30 272 21 56 273 13 56 274 5 56 275 5 30 276 53 30 277 37 30 278 61 31 279 63 31 280 62 31 281 63 32 282 1 32 283 0 32 284 62 33 285 0 33 286 2 33 287 2 33 288 4 33 289 6 33 290 6 33 291 8 33 292 10 33 293 10 57 294 12 57 295 6 57 296 12 58 297 14 58 298 6 58 299 14 33 300 16 33 301 18 33 302 18 33 303 20 33 304 22 33 305 22 33 306 24 33 307 26 33 308 26 59 309 28 59 310 22 59 311 28 60 312 30 60 313 22 60 314 30 33 315 32 33 316 34 33 317 34 33 318 36 33 319 30 33 320 36 33 321 38 33 322 30 33 323 38 33 324 40 33 325 42 33 326 42 33 327 44 33 328 46 33 329 46 61 330 48 61 331 50 61 332 50 33 333 52 33 334 54 33 335 54 62 336 56 62 337 62 62 338 56 33 339 58 33 340 62 33 341 58 33 342 60 33 343 62 33 344 62 33 345 2 33 346 14 33 347 2 63 348 6 63 349 14 63 350 14 33 351 18 33 352 22 33 353 38 33 354 42 33 355 46 33 356 46 33 357 50 33 358 62 33 359 50 64 360 54 64 361 62 64 362 14 33 363 22 33 364 62 33 365 22 33 366 30 33 367 62 33 368 30 65 369 38 65 370 62 65 371</p>
        </triangles>
      </mesh>
    </geometry>
    <geometry id="Cylinder_006-mesh" name="Cylinder.006">
      <mesh>
        <source id="Cylinder_006-mesh-positions">
          <float_array id="Cylinder_006-mesh-positions-array" count="192">0 0.3048 -0.3048 0 0.3048 0.3048 0.0594635 0.2989434 -0.3048 0.0594635 0.2989434 0.3048 0.1166419 0.2815985 -0.3048 0.1166419 0.2815985 0.3048 0.1693378 0.2534319 -0.3048 0.1693378 0.2534319 0.3048 0.2155261 0.2155261 -0.3048 0.2155261 0.2155261 0.3048 0.2534319 0.1693378 -0.3048 0.2534319 0.1693378 0.3048 0.2815985 0.1166419 -0.3048 0.2815985 0.1166419 0.3048 0.2989434 0.0594635 -0.3048 0.2989434 0.0594635 0.3048 0.3048 0 -0.3048 0.3048 0 0.3048 0.2989434 -0.0594635 -0.3048 0.2989434 -0.0594635 0.3048 0.2815985 -0.1166419 -0.3048 0.2815985 -0.1166419 0.3048 0.2534319 -0.1693378 -0.3048 0.2534319 -0.1693378 0.3048 0.2155261 -0.2155261 -0.3048 0.2155261 -0.2155261 0.3048 0.1693378 -0.2534319 -0.3048 0.1693378 -0.2534319 0.3048 0.1166419 -0.2815985 -0.3048 0.1166419 -0.2815985 0.3048 0.0594635 -0.2989434 -0.3048 0.0594635 -0.2989434 0.3048 0 -0.3048 -0.3048 0 -0.3048 0.3048 -0.0594635 -0.2989434 -0.3048 -0.0594635 -0.2989434 0.3048 -0.1166419 -0.2815985 -0.3048 -0.1166419 -0.2815985 0.3048 -0.1693378 -0.2534319 -0.3048 -0.1693378 -0.2534319 0.3048 -0.2155261 -0.2155261 -0.3048 -0.2155261 -0.2155261 0.3048 -0.2534319 -0.1693378 -0.3048 -0.2534319 -0.1693378 0.3048 -0.2815985 -0.1166419 -0.3048 -0.2815985 -0.1166419 0.3048 -0.2989434 -0.0594635 -0.3048 -0.2989434 -0.0594635 0.3048 -0.3048 0 -0.3048 -0.3048 0 0.3048 -0.2989434 0.05946356 -0.3048 -0.2989434 0.05946356 0.3048 -0.2815985 0.1166419 -0.3048 -0.2815985 0.1166419 0.3048 -0.253432 0.1693378 -0.3048 -0.253432 0.1693378 0.3048 -0.2155262 0.2155261 -0.3048 -0.2155262 0.2155261 0.3048 -0.1693378 0.2534319 -0.3048 -0.1693378 0.2534319 0.3048 -0.1166419 0.2815985 -0.3048 -0.1166419 0.2815985 0.3048 -0.0594635 0.2989434 -0.3048 -0.0594635 0.2989434 0.3048</float_array>
          <technique_common>
            <accessor source="#Cylinder_006-mesh-positions-array" count="64" stride="3">
              <param name="X" type="float"/>
              <param name="Y" type="float"/>
              <param name="Z" type="float"/>
            </accessor>
          </technique_common>
        </source>
        <source id="Cylinder_006-mesh-normals">
          <float_array id="Cylinder_006-mesh-normals-array" count="198">0.09801644 0.9951848 0 0.2902849 0.9569404 0 0.4713972 0.881921 0 0.6343939 0.77301 0 0.77301 0.6343938 0 0.8819208 0.4713976 0 0.9569404 0.2902849 0 0.9951848 0.09801679 0 0.9951849 -0.09801602 0 0.9569404 -0.2902849 0 0.8819212 -0.471397 0 0.77301 -0.6343938 0 0.6343939 -0.77301 0 0.4713974 -0.8819209 0 0.2902849 -0.9569404 0 0.09801644 -0.9951848 0 -0.09801644 -0.9951848 0 -0.2902849 -0.9569404 0 -0.4713972 -0.881921 0 -0.6343939 -0.77301 0 -0.77301 -0.6343938 0 -0.8819208 -0.4713976 0 -0.9569404 -0.2902849 0 -0.9951848 -0.09801679 0 -0.9951849 0.0980159 0 -0.9569402 0.2902852 0 -0.8819215 0.4713964 0 -0.77301 0.6343938 0 -0.6343933 0.7730106 0 -0.4713974 0.8819209 0 0 0 1 -0.2902849 0.9569404 0 -0.09801644 0.9951848 0 0 0 -1 0.4713974 0.8819209 0 0.8819212 0.471397 0 0.9951849 0.09801602 0 0.9951848 -0.09801679 0 0.8819208 -0.4713976 0 0.4713972 -0.881921 0 -0.4713974 -0.8819209 0 -0.8819212 -0.471397 0 -0.9951849 -0.09801602 0 -0.9951848 0.09801673 0 -0.8819219 0.4713957 0 -0.6343929 0.7730107 0 -0.4713972 0.881921 0 -4.51493e-7 0 1 -5.34845e-6 0 1 1.84134e-6 0 1 -1.80597e-6 0 1 6.68553e-7 0 1 3.61194e-6 0 1 -1.84135e-6 0 1 2.61602e-7 0 1 -6.88272e-7 0 1 1.93614e-7 0 1 -3.61193e-6 0 -1 1.84134e-6 0 -1 3.61193e-6 0 -1 -1.84134e-6 0 -1 5.34852e-6 0 -1 9.20673e-7 0 -1 -4.83377e-7 0 -1 -4.83376e-7 0 -1 2.26832e-7 0 -1</float_array>
          <technique_common>
            <accessor source="#Cylinder_006-mesh-normals-array" count="66" stride="3">
              <param name="X" type="float"/>
              <param name="Y" type="float"/>
              <param name="Z" type="float"/>
            </accessor>
          </technique_common>
        </source>
        <source id="Cylinder_006-mesh-map-0">
          <float_array id="Cylinder_006-mesh-map-0-array" count="744">1 1 0.96875 0.5 1 0.5 0.96875 1 0.9375 0.5 0.96875 0.5 0.9375 1 0.90625 0.5 0.9375 0.5 0.90625 1 0.8750001 0.5 0.90625 0.5 0.8750001 1 0.84375 0.5 0.8750001 0.5 0.84375 1 0.8125 0.5 0.84375 0.5 0.8125 1 0.78125 0.5 0.8125 0.5 0.78125 1 0.75 0.5 0.78125 0.5 0.75 1 0.71875 0.5 0.75 0.5 0.71875 1 0.6875 0.5 0.71875 0.5 0.6875 1 0.65625 0.5 0.6875 0.5 0.65625 1 0.625 0.5 0.65625 0.5 0.625 1 0.59375 0.5 0.625 0.5 0.59375 1 0.5625 0.5 0.59375 0.5 0.5625 1 0.53125 0.5 0.5625 0.5 0.53125 1 0.5 0.5 0.53125 0.5 0.5 1 0.46875 0.5 0.5 0.5 0.46875 1 0.4375 0.5 0.46875 0.5 0.4375 1 0.40625 0.5 0.4375 0.5 0.40625 1 0.375 0.5 0.40625 0.5 0.375 1 0.34375 0.5 0.375 0.5 0.34375 1 0.3125 0.5 0.34375 0.5 0.3125 1 0.28125 0.5 0.3125 0.5 0.28125 1 0.25 0.5 0.28125 0.5 0.25 1 0.21875 0.5 0.25 0.5 0.21875 1 0.1875 0.5 0.21875 0.5 0.1875 1 0.15625 0.5 0.1875 0.5 0.15625 1 0.125 0.5 0.15625 0.5 0.125 1 0.09375 0.5 0.125 0.5 0.09375 1 0.0625 0.5 0.09375 0.5 0.1581559 0.02826887 0.4717311 0.1581559 0.341844 0.4717311 0.0625 1 0.03125 0.5 0.0625 0.5 0.03125 1 0 0.5 0.03125 0.5 0.6166631 0.05044728 0.5146116 0.2031783 0.7031784 0.4853885 1 1 0.96875 1 0.96875 0.5 0.96875 1 0.9375 1 0.9375 0.5 0.9375 1 0.90625 1 0.90625 0.5 0.90625 1 0.8750001 1 0.8750001 0.5 0.8750001 1 0.84375 1 0.84375 0.5 0.84375 1 0.8125 1 0.8125 0.5 0.8125 1 0.78125 1 0.78125 0.5 0.78125 1 0.75 1 0.75 0.5 0.75 1 0.71875 1 0.71875 0.5 0.71875 1 0.6875 1 0.6875 0.5 0.6875 1 0.65625 1 0.65625 0.5 0.65625 1 0.625 1 0.625 0.5 0.625 1 0.59375 1 0.59375 0.5 0.59375 1 0.5625 1 0.5625 0.5 0.5625 1 0.53125 1 0.53125 0.5 0.53125 1 0.5 1 0.5 0.5 0.5 1 0.46875 1 0.46875 0.5 0.46875 1 0.4375 1 0.4375 0.5 0.4375 1 0.40625 1 0.40625 0.5 0.40625 1 0.375 1 0.375 0.5 0.375 1 0.34375 1 0.34375 0.5 0.34375 1 0.3125 1 0.3125 0.5 0.3125 1 0.28125 1 0.28125 0.5 0.28125 1 0.25 1 0.25 0.5 0.25 1 0.21875 1 0.21875 0.5 0.21875 1 0.1875 1 0.1875 0.5 0.1875 1 0.15625 1 0.15625 0.5 0.15625 1 0.125 1 0.125 0.5 0.125 1 0.09375 1 0.09375 0.5 0.09375 1 0.0625 1 0.0625 0.5 0.341844 0.4717311 0.2968217 0.4853885 0.1581559 0.4717311 0.2968217 0.4853885 0.25 0.49 0.1581559 0.4717311 0.25 0.49 0.2031783 0.4853885 0.1581559 0.4717311 0.1581559 0.4717311 0.116663 0.4495527 0.08029431 0.4197056 0.08029431 0.4197056 0.05044716 0.3833368 0.02826893 0.341844 0.02826893 0.341844 0.01461154 0.2968217 0.00999999 0.25 0.00999999 0.25 0.01461154 0.2031783 0.02826887 0.1581559 0.02826887 0.1581559 0.05044734 0.116663 0.1581559 0.02826887 0.05044734 0.116663 0.08029437 0.08029437 0.1581559 0.02826887 0.08029437 0.08029437 0.116663 0.05044728 0.1581559 0.02826887 0.1581559 0.02826887 0.2031783 0.01461148 0.25 0.00999999 0.25 0.00999999 0.2968217 0.01461148 0.341844 0.02826887 0.341844 0.02826887 0.3833369 0.05044728 0.4197056 0.08029437 0.4197056 0.08029437 0.4495527 0.116663 0.341844 0.02826887 0.4495527 0.116663 0.4717311 0.1581559 0.341844 0.02826887 0.4717311 0.1581559 0.4853885 0.2031783 0.4717311 0.341844 0.4853885 0.2031783 0.49 0.25 0.4717311 0.341844 0.49 0.25 0.4853885 0.2968217 0.4717311 0.341844 0.4717311 0.341844 0.4495527 0.3833369 0.4197056 0.4197056 0.4197056 0.4197056 0.3833369 0.4495527 0.341844 0.4717311 0.1581559 0.4717311 0.08029431 0.4197056 0.341844 0.4717311 0.08029431 0.4197056 0.02826893 0.341844 0.341844 0.4717311 0.02826893 0.341844 0.00999999 0.25 0.1581559 0.02826887 0.00999999 0.25 0.02826887 0.1581559 0.1581559 0.02826887 0.1581559 0.02826887 0.25 0.00999999 0.341844 0.02826887 0.4717311 0.341844 0.4197056 0.4197056 0.341844 0.4717311 0.1581559 0.02826887 0.341844 0.02826887 0.4717311 0.1581559 0.4717311 0.1581559 0.4717311 0.341844 0.341844 0.4717311 0.341844 0.4717311 0.02826893 0.341844 0.1581559 0.02826887 0.0625 1 0.03125 1 0.03125 0.5 0.03125 1 0 1 0 0.5 0.7031784 0.4853885 0.75 0.49 0.7968217 0.4853885 0.7968217 0.4853885 0.841844 0.4717311 0.8833369 0.4495527 0.8833369 0.4495527 0.9197056 0.4197056 0.9495527 0.3833369 0.9495527 0.3833369 0.9717311 0.341844 0.8833369 0.4495527 0.9717311 0.341844 0.9853885 0.2968217 0.8833369 0.4495527 0.9853885 0.2968217 0.99 0.25 0.9853885 0.2031783 0.9853885 0.2031783 0.9717311 0.1581559 0.9495527 0.116663 0.9495527 0.116663 0.9197056 0.08029437 0.8833369 0.05044728 0.8833369 0.05044728 0.841844 0.02826887 0.9495527 0.116663 0.841844 0.02826887 0.7968217 0.01461148 0.9495527 0.116663 0.7968217 0.01461148 0.75 0.00999999 0.7031784 0.01461148 0.7031784 0.01461148 0.658156 0.02826887 0.7968217 0.01461148 0.658156 0.02826887 0.6166631 0.05044728 0.7968217 0.01461148 0.6166631 0.05044728 0.5802944 0.08029437 0.5504474 0.116663 0.5504474 0.116663 0.5282689 0.1581559 0.5146116 0.2031783 0.5146116 0.2031783 0.51 0.25 0.5146116 0.2968217 0.5146116 0.2968217 0.5282689 0.341844 0.5504473 0.3833368 0.5504473 0.3833368 0.5802944 0.4197056 0.7031784 0.4853885 0.5802944 0.4197056 0.6166631 0.4495527 0.7031784 0.4853885 0.6166631 0.4495527 0.658156 0.4717311 0.7031784 0.4853885 0.7031784 0.4853885 0.7968217 0.4853885 0.9853885 0.2968217 0.7968217 0.4853885 0.8833369 0.4495527 0.9853885 0.2968217 0.9853885 0.2968217 0.9853885 0.2031783 0.9495527 0.116663 0.6166631 0.05044728 0.5504474 0.116663 0.5146116 0.2031783 0.5146116 0.2031783 0.5146116 0.2968217 0.7031784 0.4853885 0.5146116 0.2968217 0.5504473 0.3833368 0.7031784 0.4853885 0.9853885 0.2968217 0.9495527 0.116663 0.7031784 0.4853885 0.9495527 0.116663 0.7968217 0.01461148 0.7031784 0.4853885 0.7968217 0.01461148 0.6166631 0.05044728 0.7031784 0.4853885</float_array>
          <technique_common>
            <accessor source="#Cylinder_006-mesh-map-0-array" count="372" stride="2">
              <param name="S" type="float"/>
              <param name="T" type="float"/>
            </accessor>
          </technique_common>
        </source>
        <vertices id="Cylinder_006-mesh-vertices">
          <input semantic="POSITION" source="#Cylinder_006-mesh-positions"/>
        </vertices>
        <triangles count="124">
          <input semantic="VERTEX" source="#Cylinder_006-mesh-vertices" offset="0"/>
          <input semantic="NORMAL" source="#Cylinder_006-mesh-normals" offset="1"/>
          <input semantic="TEXCOORD" source="#Cylinder_006-mesh-map-0" offset="2" set="0"/>
          <p>1 0 0 2 0 1 0 0 2 3 1 3 4 1 4 2 1 5 5 2 6 6 2 7 4 2 8 7 3 9 8 3 10 6 3 11 9 4 12 10 4 13 8 4 14 11 5 15 12 5 16 10 5 17 13 6 18 14 6 19 12 6 20 15 7 21 16 7 22 14 7 23 17 8 24 18 8 25 16 8 26 19 9 27 20 9 28 18 9 29 21 10 30 22 10 31 20 10 32 23 11 33 24 11 34 22 11 35 25 12 36 26 12 37 24 12 38 27 13 39 28 13 40 26 13 41 29 14 42 30 14 43 28 14 44 31 15 45 32 15 46 30 15 47 33 16 48 34 16 49 32 16 50 35 17 51 36 17 52 34 17 53 37 18 54 38 18 55 36 18 56 39 19 57 40 19 58 38 19 59 41 20 60 42 20 61 40 20 62 43 21 63 44 21 64 42 21 65 45 22 66 46 22 67 44 22 68 47 23 69 48 23 70 46 23 71 49 24 72 50 24 73 48 24 74 51 25 75 52 25 76 50 25 77 53 26 78 54 26 79 52 26 80 55 27 81 56 27 82 54 27 83 57 28 84 58 28 85 56 28 86 59 29 87 60 29 88 58 29 89 37 30 90 21 30 91 5 30 92 61 31 93 62 31 94 60 31 95 63 32 96 0 32 97 62 32 98 38 33 99 46 33 100 62 33 101 1 0 102 3 0 103 2 0 104 3 1 105 5 1 106 4 1 107 5 34 108 7 34 109 6 34 110 7 3 111 9 3 112 8 3 113 9 4 114 11 4 115 10 4 116 11 35 117 13 35 118 12 35 119 13 6 120 15 6 121 14 6 122 15 36 123 17 36 124 16 36 125 17 37 126 19 37 127 18 37 128 19 9 129 21 9 130 20 9 131 21 38 132 23 38 133 22 38 134 23 11 135 25 11 136 24 11 137 25 12 138 27 12 139 26 12 140 27 39 141 29 39 142 28 39 143 29 14 144 31 14 145 30 14 146 31 15 147 33 15 148 32 15 149 33 16 150 35 16 151 34 16 152 35 17 153 37 17 154 36 17 155 37 40 156 39 40 157 38 40 158 39 19 159 41 19 160 40 19 161 41 20 162 43 20 163 42 20 164 43 41 165 45 41 166 44 41 167 45 22 168 47 22 169 46 22 170 47 42 171 49 42 172 48 42 173 49 43 174 51 43 175 50 43 176 51 25 177 53 25 178 52 25 179 53 44 180 55 44 181 54 44 182 55 27 183 57 27 184 56 27 185 57 45 186 59 45 187 58 45 188 59 46 189 61 46 190 60 46 191 5 30 192 3 30 193 61 30 194 3 47 195 1 47 196 61 47 197 1 30 198 63 30 199 61 30 200 61 30 201 59 30 202 57 30 203 57 30 204 55 30 205 53 30 206 53 48 207 51 48 208 49 48 209 49 30 210 47 30 211 45 30 212 45 49 213 43 49 214 37 49 215 43 50 216 41 50 217 37 50 218 41 30 219 39 30 220 37 30 221 37 51 222 35 51 223 33 51 224 33 30 225 31 30 226 29 30 227 29 30 228 27 30 229 25 30 230 25 52 231 23 52 232 29 52 233 23 53 234 21 53 235 29 53 236 21 30 237 19 30 238 13 30 239 19 30 240 17 30 241 13 30 242 17 30 243 15 30 244 13 30 245 13 30 246 11 30 247 9 30 248 9 30 249 7 30 250 5 30 251 61 30 252 57 30 253 5 30 254 57 54 255 53 54 256 5 54 257 53 30 258 49 30 259 37 30 260 49 30 261 45 30 262 37 30 263 37 30 264 33 30 265 29 30 266 13 55 267 9 55 268 5 55 269 37 30 270 29 30 271 21 30 272 21 56 273 13 56 274 5 56 275 5 30 276 53 30 277 37 30 278 61 31 279 63 31 280 62 31 281 63 32 282 1 32 283 0 32 284 62 33 285 0 33 286 2 33 287 2 33 288 4 33 289 6 33 290 6 33 291 8 33 292 10 33 293 10 57 294 12 57 295 6 57 296 12 58 297 14 58 298 6 58 299 14 33 300 16 33 301 18 33 302 18 33 303 20 33 304 22 33 305 22 33 306 24 33 307 26 33 308 26 59 309 28 59 310 22 59 311 28 60 312 30 60 313 22 60 314 30 33 315 32 33 316 34 33 317 34 33 318 36 33 319 30 33 320 36 33 321 38 33 322 30 33 323 38 33 324 40 33 325 42 33 326 42 33 327 44 33 328 46 33 329 46 61 330 48 61 331 50 61 332 50 33 333 52 33 334 54 33 335 54 62 336 56 62 337 62 62 338 56 33 339 58 33 340 62 33 341 58 33 342 60 33 343 62 33 344 62 33 345 2 33 346 14 33 347 2 63 348 6 63 349 14 63 350 14 33 351 18 33 352 22 33 353 38 33 354 42 33 355 46 33 356 46 33 357 50 33 358 62 33 359 50 64 360 54 64 361 62 64 362 14 33 363 22 33 364 62 33 365 22 33 366 30 33 367 62 33 368 30 65 369 38 65 370 62 65 371</p>
        </triangles>
      </mesh>
    </geometry>
    <geometry id="Cylinder_007-mesh" name="Cylinder.007">
      <mesh>
        <source id="Cylinder_007-mesh-positions">
          <float_array id="Cylinder_007-mesh-positions-array" count="192">0 0.3048 -0.3048 0 0.3048 0.3048 0.0594635 0.2989434 -0.3048 0.0594635 0.2989434 0.3048 0.1166419 0.2815985 -0.3048 0.1166419 0.2815985 0.3048 0.1693378 0.2534319 -0.3048 0.1693378 0.2534319 0.3048 0.2155261 0.2155261 -0.3048 0.2155261 0.2155261 0.3048 0.2534319 0.1693378 -0.3048 0.2534319 0.1693378 0.3048 0.2815985 0.1166419 -0.3048 0.2815985 0.1166419 0.3048 0.2989434 0.0594635 -0.3048 0.2989434 0.0594635 0.3048 0.3048 0 -0.3048 0.3048 0 0.3048 0.2989434 -0.0594635 -0.3048 0.2989434 -0.0594635 0.3048 0.2815985 -0.1166419 -0.3048 0.2815985 -0.1166419 0.3048 0.2534319 -0.1693378 -0.3048 0.2534319 -0.1693378 0.3048 0.2155261 -0.2155261 -0.3048 0.2155261 -0.2155261 0.3048 0.1693378 -0.2534319 -0.3048 0.1693378 -0.2534319 0.3048 0.1166419 -0.2815985 -0.3048 0.1166419 -0.2815985 0.3048 0.0594635 -0.2989434 -0.3048 0.0594635 -0.2989434 0.3048 0 -0.3048 -0.3048 0 -0.3048 0.3048 -0.0594635 -0.2989434 -0.3048 -0.0594635 -0.2989434 0.3048 -0.1166419 -0.2815985 -0.3048 -0.1166419 -0.2815985 0.3048 -0.1693378 -0.2534319 -0.3048 -0.1693378 -0.2534319 0.3048 -0.2155261 -0.2155261 -0.3048 -0.2155261 -0.2155261 0.3048 -0.2534319 -0.1693378 -0.3048 -0.2534319 -0.1693378 0.3048 -0.2815985 -0.1166419 -0.3048 -0.2815985 -0.1166419 0.3048 -0.2989434 -0.0594635 -0.3048 -0.2989434 -0.0594635 0.3048 -0.3048 0 -0.3048 -0.3048 0 0.3048 -0.2989434 0.05946356 -0.3048 -0.2989434 0.05946356 0.3048 -0.2815985 0.1166419 -0.3048 -0.2815985 0.1166419 0.3048 -0.253432 0.1693378 -0.3048 -0.253432 0.1693378 0.3048 -0.2155262 0.2155261 -0.3048 -0.2155262 0.2155261 0.3048 -0.1693378 0.2534319 -0.3048 -0.1693378 0.2534319 0.3048 -0.1166419 0.2815985 -0.3048 -0.1166419 0.2815985 0.3048 -0.0594635 0.2989434 -0.3048 -0.0594635 0.2989434 0.3048</float_array>
          <technique_common>
            <accessor source="#Cylinder_007-mesh-positions-array" count="64" stride="3">
              <param name="X" type="float"/>
              <param name="Y" type="float"/>
              <param name="Z" type="float"/>
            </accessor>
          </technique_common>
        </source>
        <source id="Cylinder_007-mesh-normals">
          <float_array id="Cylinder_007-mesh-normals-array" count="198">0.09801644 0.9951848 0 0.2902849 0.9569404 0 0.4713972 0.881921 0 0.6343939 0.77301 0 0.77301 0.6343938 0 0.8819208 0.4713976 0 0.9569404 0.2902849 0 0.9951848 0.09801679 0 0.9951849 -0.09801602 0 0.9569404 -0.2902849 0 0.8819212 -0.471397 0 0.77301 -0.6343938 0 0.6343939 -0.77301 0 0.4713974 -0.8819209 0 0.2902849 -0.9569404 0 0.09801644 -0.9951848 0 -0.09801644 -0.9951848 0 -0.2902849 -0.9569404 0 -0.4713972 -0.881921 0 -0.6343939 -0.77301 0 -0.77301 -0.6343938 0 -0.8819208 -0.4713976 0 -0.9569404 -0.2902849 0 -0.9951848 -0.09801679 0 -0.9951849 0.0980159 0 -0.9569402 0.2902852 0 -0.8819215 0.4713964 0 -0.77301 0.6343938 0 -0.6343933 0.7730106 0 -0.4713974 0.8819209 0 0 0 1 -0.2902849 0.9569404 0 -0.09801644 0.9951848 0 0 0 -1 0.4713974 0.8819209 0 0.8819212 0.471397 0 0.9951849 0.09801602 0 0.9951848 -0.09801679 0 0.8819208 -0.4713976 0 0.4713972 -0.881921 0 -0.4713974 -0.8819209 0 -0.8819212 -0.471397 0 -0.9951849 -0.09801602 0 -0.9951848 0.09801673 0 -0.8819219 0.4713957 0 -0.6343929 0.7730107 0 -0.4713972 0.881921 0 -4.51493e-7 0 1 -5.34845e-6 0 1 1.84134e-6 0 1 -1.80597e-6 0 1 6.68553e-7 0 1 3.61194e-6 0 1 -1.84135e-6 0 1 2.61602e-7 0 1 -6.88272e-7 0 1 1.93614e-7 0 1 -3.61193e-6 0 -1 1.84134e-6 0 -1 3.61193e-6 0 -1 -1.84134e-6 0 -1 5.34852e-6 0 -1 9.20673e-7 0 -1 -4.83377e-7 0 -1 -4.83376e-7 0 -1 2.26832e-7 0 -1</float_array>
          <technique_common>
            <accessor source="#Cylinder_007-mesh-normals-array" count="66" stride="3">
              <param name="X" type="float"/>
              <param name="Y" type="float"/>
              <param name="Z" type="float"/>
            </accessor>
          </technique_common>
        </source>
        <source id="Cylinder_007-mesh-map-0">
          <float_array id="Cylinder_007-mesh-map-0-array" count="744">1 1 0.96875 0.5 1 0.5 0.96875 1 0.9375 0.5 0.96875 0.5 0.9375 1 0.90625 0.5 0.9375 0.5 0.90625 1 0.8750001 0.5 0.90625 0.5 0.8750001 1 0.84375 0.5 0.8750001 0.5 0.84375 1 0.8125 0.5 0.84375 0.5 0.8125 1 0.78125 0.5 0.8125 0.5 0.78125 1 0.75 0.5 0.78125 0.5 0.75 1 0.71875 0.5 0.75 0.5 0.71875 1 0.6875 0.5 0.71875 0.5 0.6875 1 0.65625 0.5 0.6875 0.5 0.65625 1 0.625 0.5 0.65625 0.5 0.625 1 0.59375 0.5 0.625 0.5 0.59375 1 0.5625 0.5 0.59375 0.5 0.5625 1 0.53125 0.5 0.5625 0.5 0.53125 1 0.5 0.5 0.53125 0.5 0.5 1 0.46875 0.5 0.5 0.5 0.46875 1 0.4375 0.5 0.46875 0.5 0.4375 1 0.40625 0.5 0.4375 0.5 0.40625 1 0.375 0.5 0.40625 0.5 0.375 1 0.34375 0.5 0.375 0.5 0.34375 1 0.3125 0.5 0.34375 0.5 0.3125 1 0.28125 0.5 0.3125 0.5 0.28125 1 0.25 0.5 0.28125 0.5 0.25 1 0.21875 0.5 0.25 0.5 0.21875 1 0.1875 0.5 0.21875 0.5 0.1875 1 0.15625 0.5 0.1875 0.5 0.15625 1 0.125 0.5 0.15625 0.5 0.125 1 0.09375 0.5 0.125 0.5 0.09375 1 0.0625 0.5 0.09375 0.5 0.1581559 0.02826887 0.4717311 0.1581559 0.341844 0.4717311 0.0625 1 0.03125 0.5 0.0625 0.5 0.03125 1 0 0.5 0.03125 0.5 0.6166631 0.05044728 0.5146116 0.2031783 0.7031784 0.4853885 1 1 0.96875 1 0.96875 0.5 0.96875 1 0.9375 1 0.9375 0.5 0.9375 1 0.90625 1 0.90625 0.5 0.90625 1 0.8750001 1 0.8750001 0.5 0.8750001 1 0.84375 1 0.84375 0.5 0.84375 1 0.8125 1 0.8125 0.5 0.8125 1 0.78125 1 0.78125 0.5 0.78125 1 0.75 1 0.75 0.5 0.75 1 0.71875 1 0.71875 0.5 0.71875 1 0.6875 1 0.6875 0.5 0.6875 1 0.65625 1 0.65625 0.5 0.65625 1 0.625 1 0.625 0.5 0.625 1 0.59375 1 0.59375 0.5 0.59375 1 0.5625 1 0.5625 0.5 0.5625 1 0.53125 1 0.53125 0.5 0.53125 1 0.5 1 0.5 0.5 0.5 1 0.46875 1 0.46875 0.5 0.46875 1 0.4375 1 0.4375 0.5 0.4375 1 0.40625 1 0.40625 0.5 0.40625 1 0.375 1 0.375 0.5 0.375 1 0.34375 1 0.34375 0.5 0.34375 1 0.3125 1 0.3125 0.5 0.3125 1 0.28125 1 0.28125 0.5 0.28125 1 0.25 1 0.25 0.5 0.25 1 0.21875 1 0.21875 0.5 0.21875 1 0.1875 1 0.1875 0.5 0.1875 1 0.15625 1 0.15625 0.5 0.15625 1 0.125 1 0.125 0.5 0.125 1 0.09375 1 0.09375 0.5 0.09375 1 0.0625 1 0.0625 0.5 0.341844 0.4717311 0.2968217 0.4853885 0.1581559 0.4717311 0.2968217 0.4853885 0.25 0.49 0.1581559 0.4717311 0.25 0.49 0.2031783 0.4853885 0.1581559 0.4717311 0.1581559 0.4717311 0.116663 0.4495527 0.08029431 0.4197056 0.08029431 0.4197056 0.05044716 0.3833368 0.02826893 0.341844 0.02826893 0.341844 0.01461154 0.2968217 0.00999999 0.25 0.00999999 0.25 0.01461154 0.2031783 0.02826887 0.1581559 0.02826887 0.1581559 0.05044734 0.116663 0.1581559 0.02826887 0.05044734 0.116663 0.08029437 0.08029437 0.1581559 0.02826887 0.08029437 0.08029437 0.116663 0.05044728 0.1581559 0.02826887 0.1581559 0.02826887 0.2031783 0.01461148 0.25 0.00999999 0.25 0.00999999 0.2968217 0.01461148 0.341844 0.02826887 0.341844 0.02826887 0.3833369 0.05044728 0.4197056 0.08029437 0.4197056 0.08029437 0.4495527 0.116663 0.341844 0.02826887 0.4495527 0.116663 0.4717311 0.1581559 0.341844 0.02826887 0.4717311 0.1581559 0.4853885 0.2031783 0.4717311 0.341844 0.4853885 0.2031783 0.49 0.25 0.4717311 0.341844 0.49 0.25 0.4853885 0.2968217 0.4717311 0.341844 0.4717311 0.341844 0.4495527 0.3833369 0.4197056 0.4197056 0.4197056 0.4197056 0.3833369 0.4495527 0.341844 0.4717311 0.1581559 0.4717311 0.08029431 0.4197056 0.341844 0.4717311 0.08029431 0.4197056 0.02826893 0.341844 0.341844 0.4717311 0.02826893 0.341844 0.00999999 0.25 0.1581559 0.02826887 0.00999999 0.25 0.02826887 0.1581559 0.1581559 0.02826887 0.1581559 0.02826887 0.25 0.00999999 0.341844 0.02826887 0.4717311 0.341844 0.4197056 0.4197056 0.341844 0.4717311 0.1581559 0.02826887 0.341844 0.02826887 0.4717311 0.1581559 0.4717311 0.1581559 0.4717311 0.341844 0.341844 0.4717311 0.341844 0.4717311 0.02826893 0.341844 0.1581559 0.02826887 0.0625 1 0.03125 1 0.03125 0.5 0.03125 1 0 1 0 0.5 0.7031784 0.4853885 0.75 0.49 0.7968217 0.4853885 0.7968217 0.4853885 0.841844 0.4717311 0.8833369 0.4495527 0.8833369 0.4495527 0.9197056 0.4197056 0.9495527 0.3833369 0.9495527 0.3833369 0.9717311 0.341844 0.8833369 0.4495527 0.9717311 0.341844 0.9853885 0.2968217 0.8833369 0.4495527 0.9853885 0.2968217 0.99 0.25 0.9853885 0.2031783 0.9853885 0.2031783 0.9717311 0.1581559 0.9495527 0.116663 0.9495527 0.116663 0.9197056 0.08029437 0.8833369 0.05044728 0.8833369 0.05044728 0.841844 0.02826887 0.9495527 0.116663 0.841844 0.02826887 0.7968217 0.01461148 0.9495527 0.116663 0.7968217 0.01461148 0.75 0.00999999 0.7031784 0.01461148 0.7031784 0.01461148 0.658156 0.02826887 0.7968217 0.01461148 0.658156 0.02826887 0.6166631 0.05044728 0.7968217 0.01461148 0.6166631 0.05044728 0.5802944 0.08029437 0.5504474 0.116663 0.5504474 0.116663 0.5282689 0.1581559 0.5146116 0.2031783 0.5146116 0.2031783 0.51 0.25 0.5146116 0.2968217 0.5146116 0.2968217 0.5282689 0.341844 0.5504473 0.3833368 0.5504473 0.3833368 0.5802944 0.4197056 0.7031784 0.4853885 0.5802944 0.4197056 0.6166631 0.4495527 0.7031784 0.4853885 0.6166631 0.4495527 0.658156 0.4717311 0.7031784 0.4853885 0.7031784 0.4853885 0.7968217 0.4853885 0.9853885 0.2968217 0.7968217 0.4853885 0.8833369 0.4495527 0.9853885 0.2968217 0.9853885 0.2968217 0.9853885 0.2031783 0.9495527 0.116663 0.6166631 0.05044728 0.5504474 0.116663 0.5146116 0.2031783 0.5146116 0.2031783 0.5146116 0.2968217 0.7031784 0.4853885 0.5146116 0.2968217 0.5504473 0.3833368 0.7031784 0.4853885 0.9853885 0.2968217 0.9495527 0.116663 0.7031784 0.4853885 0.9495527 0.116663 0.7968217 0.01461148 0.7031784 0.4853885 0.7968217 0.01461148 0.6166631 0.05044728 0.7031784 0.4853885</float_array>
          <technique_common>
            <accessor source="#Cylinder_007-mesh-map-0-array" count="372" stride="2">
              <param name="S" type="float"/>
              <param name="T" type="float"/>
            </accessor>
          </technique_common>
        </source>
        <vertices id="Cylinder_007-mesh-vertices">
          <input semantic="POSITION" source="#Cylinder_007-mesh-positions"/>
        </vertices>
        <triangles count="124">
          <input semantic="VERTEX" source="#Cylinder_007-mesh-vertices" offset="0"/>
          <input semantic="NORMAL" source="#Cylinder_007-mesh-normals" offset="1"/>
          <input semantic="TEXCOORD" source="#Cylinder_007-mesh-map-0" offset="2" set="0"/>
          <p>1 0 0 2 0 1 0 0 2 3 1 3 4 1 4 2 1 5 5 2 6 6 2 7 4 2 8 7 3 9 8 3 10 6 3 11 9 4 12 10 4 13 8 4 14 11 5 15 12 5 16 10 5 17 13 6 18 14 6 19 12 6 20 15 7 21 16 7 22 14 7 23 17 8 24 18 8 25 16 8 26 19 9 27 20 9 28 18 9 29 21 10 30 22 10 31 20 10 32 23 11 33 24 11 34 22 11 35 25 12 36 26 12 37 24 12 38 27 13 39 28 13 40 26 13 41 29 14 42 30 14 43 28 14 44 31 15 45 32 15 46 30 15 47 33 16 48 34 16 49 32 16 50 35 17 51 36 17 52 34 17 53 37 18 54 38 18 55 36 18 56 39 19 57 40 19 58 38 19 59 41 20 60 42 20 61 40 20 62 43 21 63 44 21 64 42 21 65 45 22 66 46 22 67 44 22 68 47 23 69 48 23 70 46 23 71 49 24 72 50 24 73 48 24 74 51 25 75 52 25 76 50 25 77 53 26 78 54 26 79 52 26 80 55 27 81 56 27 82 54 27 83 57 28 84 58 28 85 56 28 86 59 29 87 60 29 88 58 29 89 37 30 90 21 30 91 5 30 92 61 31 93 62 31 94 60 31 95 63 32 96 0 32 97 62 32 98 38 33 99 46 33 100 62 33 101 1 0 102 3 0 103 2 0 104 3 1 105 5 1 106 4 1 107 5 34 108 7 34 109 6 34 110 7 3 111 9 3 112 8 3 113 9 4 114 11 4 115 10 4 116 11 35 117 13 35 118 12 35 119 13 6 120 15 6 121 14 6 122 15 36 123 17 36 124 16 36 125 17 37 126 19 37 127 18 37 128 19 9 129 21 9 130 20 9 131 21 38 132 23 38 133 22 38 134 23 11 135 25 11 136 24 11 137 25 12 138 27 12 139 26 12 140 27 39 141 29 39 142 28 39 143 29 14 144 31 14 145 30 14 146 31 15 147 33 15 148 32 15 149 33 16 150 35 16 151 34 16 152 35 17 153 37 17 154 36 17 155 37 40 156 39 40 157 38 40 158 39 19 159 41 19 160 40 19 161 41 20 162 43 20 163 42 20 164 43 41 165 45 41 166 44 41 167 45 22 168 47 22 169 46 22 170 47 42 171 49 42 172 48 42 173 49 43 174 51 43 175 50 43 176 51 25 177 53 25 178 52 25 179 53 44 180 55 44 181 54 44 182 55 27 183 57 27 184 56 27 185 57 45 186 59 45 187 58 45 188 59 46 189 61 46 190 60 46 191 5 30 192 3 30 193 61 30 194 3 47 195 1 47 196 61 47 197 1 30 198 63 30 199 61 30 200 61 30 201 59 30 202 57 30 203 57 30 204 55 30 205 53 30 206 53 48 207 51 48 208 49 48 209 49 30 210 47 30 211 45 30 212 45 49 213 43 49 214 37 49 215 43 50 216 41 50 217 37 50 218 41 30 219 39 30 220 37 30 221 37 51 222 35 51 223 33 51 224 33 30 225 31 30 226 29 30 227 29 30 228 27 30 229 25 30 230 25 52 231 23 52 232 29 52 233 23 53 234 21 53 235 29 53 236 21 30 237 19 30 238 13 30 239 19 30 240 17 30 241 13 30 242 17 30 243 15 30 244 13 30 245 13 30 246 11 30 247 9 30 248 9 30 249 7 30 250 5 30 251 61 30 252 57 30 253 5 30 254 57 54 255 53 54 256 5 54 257 53 30 258 49 30 259 37 30 260 49 30 261 45 30 262 37 30 263 37 30 264 33 30 265 29 30 266 13 55 267 9 55 268 5 55 269 37 30 270 29 30 271 21 30 272 21 56 273 13 56 274 5 56 275 5 30 276 53 30 277 37 30 278 61 31 279 63 31 280 62 31 281 63 32 282 1 32 283 0 32 284 62 33 285 0 33 286 2 33 287 2 33 288 4 33 289 6 33 290 6 33 291 8 33 292 10 33 293 10 57 294 12 57 295 6 57 296 12 58 297 14 58 298 6 58 299 14 33 300 16 33 301 18 33 302 18 33 303 20 33 304 22 33 305 22 33 306 24 33 307 26 33 308 26 59 309 28 59 310 22 59 311 28 60 312 30 60 313 22 60 314 30 33 315 32 33 316 34 33 317 34 33 318 36 33 319 30 33 320 36 33 321 38 33 322 30 33 323 38 33 324 40 33 325 42 33 326 42 33 327 44 33 328 46 33 329 46 61 330 48 61 331 50 61 332 50 33 333 52 33 334 54 33 335 54 62 336 56 62 337 62 62 338 56 33 339 58 33 340 62 33 341 58 33 342 60 33 343 62 33 344 62 33 345 2 33 346 14 33 347 2 63 348 6 63 349 14 63 350 14 33 351 18 33 352 22 33 353 38 33 354 42 33 355 46 33 356 46 33 357 50 33 358 62 33 359 50 64 360 54 64 361 62 64 362 14 33 363 22 33 364 62 33 365 22 33 366 30 33 367 62 33 368 30 65 369 38 65 370 62 65 371</p>
        </triangles>
      </mesh>
    </geometry>
    <geometry id="octagon_v1_002-mesh" name="octagon v1.002">
      <mesh>
        <source id="octagon_v1_002-mesh-positions">
          <float_array id="octagon_v1_002-mesh-positions-array" count="2508">26263.31 571.3754 1.256774 26263 571.4523 0.08297491 26262.72 571.5287 0.08305978 26262.46 571.724 0.9478652 26262.27 571.8259 0.6867945 26262.34 572.1194 0.3254018 26262.42 572.2593 0.006774187 26262.23 572.0004 0.006774187 26262.45 572.2291 -0.3167498 26262.26 571.9791 -0.3167498 26262.54 572.1409 -0.6182258 26262.37 571.9166 -0.6182258 26262.68 572.0004 -0.8771088 26262.54 571.8173 -0.8771088 26262.87 571.8173 -1.075758 26262.77 571.6879 -1.075758 26263.08 571.6041 -1.200633 26263.03 571.5372 -1.200633 26263.31 571.3749 0.08288586 26262.98 571.3749 0.08294832 26263 571.4591 -1.200633 26262.68 571.375 0.08300662 26262.7 571.5372 -1.075758 26262.42 571.375 0.08305656 26262.45 571.6041 -0.8771088 26262.23 571.3751 0.08309429 26262.26 571.6553 0.08319681 26262.1 571.3752 0.08311861 26262.14 571.6877 0.08323258 26262.06 571.3754 0.08312678 26262.1 571.6989 0.08324503 26262.1 571.3754 0.3302982 26262.14 571.6879 0.3302982 26342.39 650.4566 1.256774 26342.23 650.7249 1.204937 26342.08 650.9814 1.037315 26342.04 651.3055 0.9481382 26342.21 651.5391 0.6240553 26342.39 651.664 0.3302982 26341.96 651.5538 0.3575956 26342.39 651.7066 0.006774187 26342.07 651.664 0.006774187 26342.39 651.664 -0.3167498 26342.08 651.6228 -0.3167498 26342.39 651.5391 -0.6182258 26342.11 651.5022 -0.6182258 26342.39 651.3405 -0.8771088 26342.16 651.3103 -0.8771088 26342.39 651.0816 -1.075758 26342.23 651.0603 -1.075758 26342.39 650.7801 -1.200633 26342.31 650.7691 -1.200633 26342.39 650.4566 -1.243226 26342.16 650.6853 -1.200633 26342.23 650.7368 -1.200633 26341.95 650.8985 -1.075758 26342.08 650.9978 -1.075758 26341.76 651.0816 -0.8771088 26341.95 651.2221 -0.8771088 26341.62 651.2221 -0.6182258 26341.85 651.3941 -0.6182258 26341.53 651.3103 -0.3167498 26341.78 651.5022 -0.3167498 26341.5 651.3405 0.006774187 26341.76 651.5391 0.006774187 26341.53 651.3103 0.3302982 26341.78 651.5022 0.3302982 26454.05 650.2811 -1.148303 26454.33 650.7541 0.07710433 26454.41 651.0439 -1.023024 26454.42 651.3257 0.07730889 26454.55 651.5065 0.0773561 26454.23 651.664 -0.3167498 26454.54 651.6228 -0.3167498 26454.23 651.7066 0.006774187 26454.55 651.664 0.006774187 26454.54 651.6228 0.3302982 26454.85 651.5391 0.07730984 26454.83 651.5023 0.07729989 26454.46 650.6864 0.3606418 26454.53 650.7597 0.07706779 26454.77 651.3943 0.07726937 26454.59 650.8211 0.07707959 26454.67 651.2224 0.07722133 26454.63 650.8626 0.07708787 26454.54 650.9982 0.0771594 26454.66 650.8861 0.07709228 26454.39 650.7372 0.07708585 26454.45 650.6857 0.07705342 26454.23 650.4566 1.256774 26454.23 651.664 0.3302982 26454.51 651.5022 0.6317742 26454.23 651.5391 0.6317742 26454.45 651.3103 0.8906582 26454.23 651.3405 0.8906582 26454.39 651.0603 1.089306 26454.23 651.0816 1.089306 26454.31 650.7691 1.214182 26454.23 650.7801 1.214181 26454.83 651.5022 -0.3167498 26454.38 650.6072 0.07703715 26454.29 650.5254 -0.2413254 26454.21 650.4453 0.07700544 26454.15 650.3747 -0.7923846 26454.09 650.3172 0.07697987 26454.12 650.164 -1.217384 26342.52 650.1331 -1.200633 26342.65 649.8316 -1.075758 26454.22 650.0792 -1.209766 26342.75 649.5727 -0.8771088 26453.86 649.5727 -0.8771088 26342.84 649.374 -0.6182258 26453.78 649.374 -0.6182258 26342.89 649.2492 -0.3167498 26453.73 649.2492 -0.3167498 26342.91 649.2065 0.09795355 26453.71 649.2066 0.0766189 26453.73 649.2492 0.3302982 26342.89 649.2492 0.09797364 26453.78 649.374 0.6317742 26342.84 649.374 0.6317742 26453.86 649.5727 0.8906572 26342.75 649.5727 0.8906572 26453.97 649.8316 1.089305 26342.65 649.8316 1.089306 26454.09 650.1331 1.214181 26342.52 650.1331 1.214181 26533.18 571.3223 1.249945 26533.24 571.3464 1.25464 26533.26 571.3597 1.256031 26532.84 571.1808 1.164803 26533.06 571.2728 1.231528 26532.62 571.0919 1.052377 26532.43 571.0144 0.9024652 26532.28 570.9496 0.7174732 26532.16 570.8991 0.4964462 26532.08 570.8688 0.2602102 26532.06 570.8577 0.006774187 26532.17 570.8743 -0.3440068 26532.28 570.9496 -0.7039248 26532.43 571.0144 -0.8889168 26532.62 571.0919 -1.038829 26532.98 571.3265 -1.230125 26533.05 571.2664 -1.21449 26533.09 571.2385 -1.191029 26533.11 571.2252 -1.175483 26533.12 571.2191 -1.166405 26533.13 571.2182 -1.162622 26533.13 571.2171 -1.159973 26533.13 571.2167 -1.157276 26533.17 571.2516 -1.026916 26533.22 571.3012 0.03088593 26533.28 571.3648 0.03089898 26533.35 571.4381 -0.3438727 26533.43 571.5123 0.03092813 26533.51 571.5899 0.03094333 26533.58 571.6609 0.03095734 26533.64 571.7229 0.03096961 26533.69 571.7752 0.03098052 26533.72 571.8092 0.03098726 26533.74 571.8258 0.03099024 26533.5 571.5888 0.03094291 26533.29 571.3759 0.03090047 26533.29 571.3706 1.256579 26533.28 571.3665 1.256436 26263.63 571.2409 0.08277142 26263.63 571.2414 1.214181 26263.93 571.1165 1.089306 26264.19 571.0093 0.8906572 26264.39 570.927 0.6317742 26264.51 570.8754 0.08245927 26264.56 570.8576 0.08244347 26264.51 570.8753 -0.3167498 26264.39 570.9268 0.08250254 26264.19 571.0089 0.08257353 26263.93 571.1161 0.08266472 26533.31 571.3754 0.006774187 26533.59 571.3754 -1.210036 26533.88 571.3754 -1.105092 26534.13 571.3754 -0.9344898 26534.13 571.3757 0.03073948 26534.41 571.3754 -0.5933216 26534.33 571.3756 0.0307002 26534.48 571.3756 0.03067266 26534.55 571.3753 0.03065878 26534.55 571.3754 0.1586532 26533.59 571.3759 0.0308429 26533.88 571.3758 0.0307883 26263.79 459.7824 0.0392158 26263.33 458.9671 0.03898417 26262.98 459.5372 0.03927433 26262.68 459.5377 -1.075758 26262.42 459.5377 -0.8771088 26262.23 459.5377 -0.6182258 26262.1 459.5376 0.03944468 26262.06 459.5377 0.03945279 26262.1 459.5377 0.3302982 26262.23 459.538 0.0394209 26262.42 459.5381 0.03938329 26262.68 459.5381 0.03933286 26262.98 459.5382 0.03927505 26263.31 459.5382 0.03921258 26263.63 459.6718 1.214181 26264.1 459.8593 0.03918612 26264.39 459.9862 0.6317742 26264.51 460.038 0.03917485 26264.56 460.0555 0.03917384 26264.51 460.0377 0.03917479 26264.39 459.9859 0.03917855 26264.19 459.9035 0.03918516 26262.86 459.0841 -1.074208 26262.58 459.0191 -0.8667634 26262.54 458.7723 -0.6182258 26262.37 458.9965 -0.6182258 26262.45 458.684 -0.3167498 26262.26 458.934 -0.3167498 26262.42 458.6539 0.006774187 26262.23 458.9127 0.006774187 26262.45 458.684 0.3302982 26262.26 458.934 0.3302982 26262.54 458.7723 0.6317742 26262.34 459.0458 0.633952 26262.68 458.9127 0.8906572 26262.54 459.0958 0.8906572 26262.87 459.0958 1.089306 26262.77 459.2252 1.089306 26263.08 459.309 1.214181 26263.03 459.376 1.214181 26263 459.4544 0.03923976 26262.7 459.376 1.089306 26262.45 459.309 0.8906572 26262.14 459.2252 0.3302982 26262.1 459.2142 0.006774187 26262.14 459.2252 -0.3167498 26262.26 459.2576 -0.6182258 26262.45 459.3086 0.03928673 26262.7 459.3756 0.03926491 26263 459.4535 0.03923904 26342.61 380.2294 -1.474883 26342.23 380.1838 -1.183129 26342.23 379.8532 -1.012081 26342.04 379.6069 -0.9341211 26341.94 379.4229 -0.6724787 26342.39 379.2492 -0.3167498 26342.08 379.2903 -0.3167498 26342.39 379.2066 0.006774187 26342.07 379.2492 0.006774187 26342.39 379.2492 0.3302982 26342.08 379.2903 0.3302982 26342.11 379.4109 0.6317742 26341.78 379.4109 0.3302982 26341.85 379.5191 0.6317742 26341.53 379.6028 0.3302982 26341.62 379.6911 0.6317742 26341.95 379.6911 0.8906572 26341.76 379.8316 0.8906572 26342.08 379.9153 1.089306 26341.95 380.0146 1.089306 26342.23 380.1764 1.214181 26342.16 380.2278 1.214181 26342.39 380.4566 1.256774 26342.39 379.374 0.6317742 26342.16 379.6028 0.8906572 26342.39 379.5727 0.8906572 26342.23 379.8529 1.089306 26342.39 379.8316 1.089306 26342.31 380.1441 1.214181 26342.39 380.133 1.214181 26341.5 379.5727 0.006774187 26341.76 379.374 0.006774187 26341.53 379.6028 -0.3167498 26341.78 379.4109 -0.3167498 26454.23 380.4566 1.256774 26454.09 380.7801 1.214181 26342.52 380.7801 1.214181 26453.97 381.0816 1.089306 26342.65 381.0816 1.089306 26453.86 381.3405 0.8906572 26342.75 381.3405 0.8906572 26453.78 381.5391 0.6317742 26342.84 381.5391 0.6317742 26453.73 381.664 0.3302982 26342.89 381.664 0.3302982 26342.91 381.7066 -0.006509482 26453.71 381.7066 -0.02784413 26342.89 381.664 -0.3167498 26453.73 381.664 -0.3167498 26342.84 381.5391 -0.6182258 26453.78 381.5391 -0.6182258 26342.75 381.3405 -0.8771088 26453.86 381.3405 -0.8771088 26342.65 381.0816 -1.075758 26453.97 381.0816 -1.075758 26342.52 380.7801 -1.200633 26454.09 380.7801 -1.200633 26454.55 380.4548 -1.481488 26454.31 380.1512 -1.182962 26454.38 379.2502 -0.3098242 26454.23 379.2066 0.006774187 26454.23 379.2492 0.3302982 26454.23 379.374 0.6317742 26454.23 380.133 1.214181 26454.23 379.8316 1.089306 26454.23 379.5727 0.8906572 26454.54 379.9186 -1.012179 26454.58 379.6081 -0.9339412 26454.64 379.4074 -0.6754531 26455.08 379.6028 -0.3167498 26454.83 379.4109 -0.3167498 26455.11 379.5727 0.006774187 26454.85 379.374 0.006774187 26455.08 379.6028 0.3302982 26454.83 379.4109 0.3302982 26454.99 379.6911 0.6317742 26454.77 379.5191 0.6317742 26454.85 379.8316 0.8906572 26454.67 379.6911 0.8906572 26454.67 380.0146 1.089306 26454.54 379.9153 1.089306 26454.45 380.2278 1.214181 26454.39 380.1764 1.214181 26454.31 380.1441 1.214181 26454.39 379.8529 1.089306 26454.45 379.6028 0.8906572 26454.51 379.4109 0.6317742 26454.54 379.2903 0.3302982 26454.55 379.2492 0.006774187 26533.46 459.5845 -0.01278841 26534.16 459.1872 -0.9357072 26534.34 459.0871 -0.6740092 26534.51 459.5377 -0.3167498 26534.47 459.2252 -0.3167498 26534.56 459.5377 -0.01301735 26534.51 459.2142 -0.01313513 26534.51 459.5379 -0.01300829 26534.47 459.2254 -0.01312273 26534.39 459.538 -0.01298445 26534.35 459.2578 -0.01308697 26534.19 459.5381 -0.01294624 26534.16 459.309 0.8906572 26533.93 459.5382 -0.01289606 26533.91 459.3764 -0.01295614 26533.63 459.5382 -0.01283848 26533.62 459.4545 -0.012869 26533.31 459.5377 1.256774 26533.54 459.309 1.214181 26533.59 459.376 1.214181 26533.75 459.0958 1.089306 26533.85 459.2252 1.089306 26533.93 458.9127 0.8906572 26534.07 459.0958 0.8906572 26534.07 458.7723 0.6317742 26534.25 458.9965 0.6317742 26534.16 458.684 0.3302982 26534.35 458.934 0.3302982 26534.19 458.6539 0.006774187 26534.39 458.9127 0.006774187 26534.16 458.684 -0.3167498 26534.35 458.934 -0.3167498 26533.89 459.3661 -0.0129553 26533.58 459.3776 -0.01289141 26532.98 459.6718 1.214181 26532.68 459.7966 1.089306 26532.42 459.9039 0.8906572 26532.23 459.9862 0.6317742 26532.1 460.0379 0.3302982 26532.06 460.0555 -0.01233357 26532.1 460.0379 -0.3167498 26532.23 459.9862 -0.6182258 26532.42 459.9039 -0.8771088 26532.68 459.7966 -1.075758 26532.98 459.6718 -1.200633 26262.38 572.1197 0.3184773 26262.35 571.9525 0.007218003 26262.44 572.2479 0.006961047 26262.47 572.2113 -0.3109809 26262.32 571.9671 -0.300101 26262.56 572.1292 -0.6079813 26262.39 571.9066 -0.6074644 26262.7 571.9882 -0.8582006 26262.63 571.7611 -0.7763757 26262.94 571.7872 -0.9485929 26262.78 571.6929 -1.054599 26263.08 571.5936 -1.17115 26263.03 571.5352 -1.171931 26263.31 571.3688 -1.152329 26263 571.447 -1.169704 26263 571.3753 -1.152551 26262.69 571.3748 -1.060936 26262.71 571.5213 -1.053584 26262.44 571.372 -0.8637838 26262.6 571.5584 -0.7200384 26262.25 571.3737 -0.6059394 26262.28 571.6484 -0.6092888 26262.12 571.3715 -0.3120169 26262.17 571.6789 -0.3099109 26262.08 571.3856 0.006769478 26262.13 571.7035 0.006772756 26262.12 571.3704 0.3254126 26262.16 571.6791 0.3266201 26262.29 571.8088 0.6853634 26342.21 651.5174 0.6139346 26341.97 651.5327 0.3572449 26342.38 651.6218 0.3291473 26342.4 651.6796 -5.19475e-4 26342.08 651.6196 0.006528377 26342.38 651.6455 -0.3118301 26342.09 651.6022 -0.3074579 26342.38 651.4916 -0.6008791 26342.11 651.4818 -0.6075903 26342.39 651.3076 -0.8660874 26342.18 651.1965 -0.761753 26342.4 651.061 -1.058116 26342.24 651.0529 -1.054615 26342.37 650.7541 -1.146779 26342.31 650.7624 -1.174091 26342.38 650.4515 -1.151877 26342.22 650.7251 -1.169801 26342.17 650.6755 -1.15177 26341.95 650.892 -1.060929 26342.07 650.9813 -1.053612 26341.77 651.0696 -0.8637645 26342.02 651.0744 -0.7086544 26341.64 651.205 -0.6054937 26341.85 651.3792 -0.6095935 26341.54 651.2947 -0.3122892 26341.79 651.4819 -0.3111717 26341.53 651.3298 0.006779491 26341.78 651.5244 0.006774485 26341.54 651.2942 0.3161408 26341.79 651.4848 0.3183699 26342.07 651.2913 0.9397743 26454.53 651.5117 -0.5755017 26454.54 651.604 -0.3124734 26454.22 651.647 -0.3078324 26454.24 651.6752 -0.001192271 26454.55 651.6412 0.006672441 26454.54 651.5872 0.3219512 26454.77 651.3391 0.007210135 26454.8 651.4978 0.3261877 26454.44 650.6791 0.3673549 26454.5 650.7539 0.6368555 26454.75 651.3875 0.6231687 26454.58 650.8091 0.8558457 26454.65 651.2099 0.8720442 26454.62 650.8474 1.014937 26454.52 650.9871 1.065349 26454.63 650.8715 1.092647 26454.39 650.7327 1.197659 26454.45 650.6819 1.197641 26454.23 650.4526 1.158097 26454.22 651.6468 0.3257299 26454.5 651.4663 0.6092271 26454.22 651.5209 0.6178107 26454.4 651.1508 0.7276056 26454.23 651.3204 0.8565854 26454.4 651.0442 1.06931 26454.23 651.061 1.038419 26454.32 650.7573 1.18457 26454.22 650.7653 1.104743 26454.8 651.5019 -0.3072792 26454.36 650.5999 0.07103514 26454.28 650.509 -0.2327349 26454.44 651.3155 -0.8661977 26454.2 650.4379 -0.5265874 26454.38 651.0563 -1.005037 26454.13 650.3707 -0.7863138 26454.31 650.759 -1.156847 26454.07 650.314 -0.995427 26454.04 650.2778 -1.118245 26454.12 650.1487 -1.200185 26342.51 650.1495 -1.107085 26342.63 649.8679 -0.9920937 26454.25 650.097 -1.206576 26342.73 649.6256 -0.8094251 26453.87 649.5799 -0.8623287 26342.83 649.412 -0.5933218 26453.79 649.3885 -0.606845 26342.89 649.2684 -0.3110614 26453.72 649.2749 -0.3098347 26342.84 649.265 0.002293169 26453.71 649.2398 -0.001397252 26453.74 649.2651 0.3149942 26342.89 649.2684 0.3246099 26453.79 649.4077 0.589976 26342.82 649.3852 0.621401 26454.5 650.664 -1.415559 26342.74 649.5805 0.8767923 26453.99 649.8768 0.9326983 26342.64 649.8356 1.073219 26454.1 650.1443 1.154555 26342.51 650.1333 1.196922 26342.38 650.4514 1.239336 26342.21 650.705 1.189795 26342.08 650.9716 1.019167 26533.18 571.3299 1.227862 26533.24 571.3499 1.15991 26533.28 571.3577 0.8722086 26532.85 571.1782 1.130177 26533.06 571.2742 1.214822 26532.68 571.1212 0.9438114 26532.45 571.0098 0.8847457 26532.32 570.9578 0.6891874 26532.17 570.9055 0.4889285 26532.1 570.8757 0.2562517 26532.08 570.8647 0.008434116 26532.18 570.8807 -0.3384804 26532.32 570.9592 -0.6779558 26532.45 571.0261 -0.8642566 26532.63 571.103 -1.022672 26532.98 571.3129 -1.210141 26533.04 571.2594 -1.199702 26533.08 571.2265 -1.180661 26533.1 571.2163 -1.166083 26533.11 571.2059 -1.154993 26533.12 571.2033 -1.152787 26533.12 571.2028 -1.150929 26533.13 571.1968 -1.14323 26533.1 571.1866 -0.9911251 26533.2 571.2946 -0.8321389 26533.26 571.3581 -0.5997905 26533.33 571.4358 -0.3372873 26533.41 571.5056 -0.05419969 26533.49 571.5828 0.2260205 26533.56 571.6538 0.4905906 26533.62 571.7109 0.7250356 26533.67 571.7706 0.9081235 26533.7 571.8018 1.038993 26533.71 571.8136 1.094292 26533.49 571.5965 1.20409 26533.26 571.3615 1.136422 26533.3 571.3731 0.4362472 26533.28 571.3687 1.152841 26263.61 571.2437 -1.10777 26262.49 571.7329 0.937958 26262.72 571.5172 1.018993 26263 571.4336 1.188683 26263.31 571.3667 1.239339 26263.63 571.235 1.196924 26263.92 571.1116 1.073231 26264.17 571.0056 0.8768158 26264.37 570.9244 0.62138 26264.5 570.8869 0.3246176 26264.53 570.8562 0.006774127 26264.5 570.8869 -0.3110692 26264.36 570.9476 -0.5935558 26264.13 571.0266 -0.8099101 26263.89 571.1269 -0.9933721 26533.26 571.3524 0.01154381 26533.59 571.3588 -1.192129 26533.77 571.384 -0.9030163 26534.11 571.3631 -0.9144131 26534.12 571.3542 0.9382212 26534.4 571.3594 -0.5845891 26534.32 571.3591 0.7115942 26534.46 571.3591 0.4470544 26534.53 571.3592 -0.1425118 26534.53 571.3591 0.1565071 26533.59 571.36 1.204317 26533.87 571.3594 1.10122 26263.78 459.7814 -1.238144 26263.34 458.9779 -1.367383 26262.99 459.5385 -1.185563 26262.69 459.5447 -1.05335 26262.44 459.5298 -0.8644253 26262.24 459.5299 -0.6092383 26262.12 459.543 -0.3121694 26262.08 459.5275 0.006778895 26262.12 459.5432 0.3255056 26262.25 459.5455 0.6162518 26262.66 459.5324 0.6539987 26262.7 459.534 1.064428 26262.99 459.5404 1.191893 26263.31 459.5377 1.239618 26263.63 459.6697 1.197721 26264.08 459.8637 1.036641 26264.37 459.9887 0.6218121 26264.5 460.031 0.3252203 26264.45 460.0122 0.002090215 26264.48 460.016 -0.3046848 26264.33 459.9671 -0.5768705 26264.17 459.8992 -0.8561781 26262.59 459.0283 -0.8403023 26262.38 459.0035 -0.6070759 26262.55 458.789 -0.6092343 26262.46 458.6992 -0.3118746 26262.3 458.9447 -0.3250295 26262.45 458.663 -4.30035e-4 26262.25 458.9519 4.51854e-4 26262.85 459.0721 -0.08149057 26262.28 458.9393 0.3255792 26262.63 458.8634 0.4884365 26262.39 459.0803 0.6323052 26262.71 458.9524 0.8508635 26262.58 459.1168 0.852636 26262.88 459.1051 1.076912 26262.77 459.2403 1.071043 26263.09 459.3125 1.171209 26263.03 459.3804 1.191326 26263 459.4552 1.19766 26262.71 459.3866 1.074172 26262.46 459.3206 0.87845 26262.16 459.238 0.3249014 26262.12 459.2221 0.007481813 26262.16 459.2211 -0.3136617 26262.29 459.2779 -0.5984955 26262.5 459.3144 -0.8351918 26262.74 459.3915 -1.01363 26263.03 459.466 -1.138745 26262.86 459.0939 -1.057886 26342.24 380.1896 -1.163465 26342.21 379.8604 -0.9911312 26342.62 380.2385 -1.434668 26341.82 379.444 -0.5526298 26342.08 379.3089 -0.3130728 26342.38 379.2674 -0.3115977 26342.4 379.2346 -3.52078e-4 26342.08 379.2779 0.006712913 26342.39 379.2714 0.314261 26342.09 379.3138 0.3226477 26342.1 379.5094 0.5784689 26341.79 379.4285 0.325581 26341.85 379.5371 0.6215876 26341.54 379.6187 0.3257004 26341.63 379.7059 0.618201 26341.98 379.7538 0.8225888 26341.77 379.8421 0.8651406 26342.09 379.9209 1.068186 26341.96 380.0209 1.058714 26342.24 380.1796 1.18318 26342.17 380.295 0.7983158 26342.39 380.4566 1.161254 26342.39 379.3911 0.6115784 26342.17 379.6401 0.8452307 26342.39 379.5989 0.8464959 26342.23 379.8706 1.062727 26342.39 379.8522 1.0292 26342.31 380.1509 1.198153 26342.39 380.1426 1.184909 26341.54 379.5859 -0.001086652 26341.79 379.395 0.006769716 26341.54 379.6185 -0.3083168 26341.79 379.4333 -0.3125083 26454.23 380.4596 1.159972 26454.1 380.7702 1.12938 26342.52 380.7669 1.129379 26453.98 381.0544 0.993978 26342.64 381.0517 0.9970476 26453.88 381.3005 0.8073608 26342.74 381.2981 0.8099066 26453.8 381.489 0.5633621 26342.82 381.4863 0.5649215 26453.76 381.6018 0.2747107 26342.87 381.608 0.2833248 26342.88 381.6827 -0.003591775 26453.71 381.6719 -0.003293335 26342.89 381.6447 -0.3110632 26453.74 381.6483 -0.3110676 26342.84 381.5207 -0.6078796 26453.79 381.528 -0.6078117 26342.76 381.3257 -0.8632427 26453.87 381.3326 -0.8632528 26342.65 381.0708 -1.05967 26453.98 381.0775 -1.05967 26342.53 380.7689 -1.184248 26454.1 380.775 -1.184291 26454.54 380.4645 -1.441833 26454.31 380.161 -1.163229 26454.52 379.9125 -0.9915016 26342.05 379.6009 -0.9027906 26454.62 379.6212 -0.893166 26454.56 379.3565 -0.5905932 26454.4 379.2798 -0.3035084 26454.22 379.2331 -1.90706e-4 26454.22 379.2675 0.3171028 26454.23 379.3895 0.6135922 26454.21 380.1542 1.071152 26454.23 379.8441 1.057308 26454.23 379.5876 0.8652048 26454.82 379.4245 -0.3131434 26455.06 379.6133 -0.3114905 26455.1 379.5956 0.006769955 26454.84 379.407 0.006921052 26455.06 379.6206 0.3161424 26454.83 379.4401 0.3226894 26454.98 379.7037 0.6110671 26454.73 379.5472 0.60798 26454.83 379.8496 0.8453465 26454.59 379.8159 0.7496701 26454.66 380.0314 1.024546 26454.52 379.9197 1.07049 26454.42 380.2782 0.9650167 26454.38 380.1829 1.198203 26454.32 380.1562 1.183443 26454.4 379.8697 1.068202 26454.43 379.6691 0.8225027 26454.5 379.4308 0.6198294 26454.54 379.3134 0.3254455 26454.55 379.2776 0.007204174 26533.57 459.3887 -1.170269 26533.88 459.3601 -1.005933 26533.46 459.6004 -1.4274 26534.32 458.9692 -0.5606976 26534.46 459.2255 -0.3131608 26534.5 459.5342 -0.3115994 26534.54 459.5492 0.006770193 26534.5 459.2309 0.006772816 26534.49 459.5364 0.3236157 26534.44 459.2315 0.3213102 26534.37 459.539 0.6182873 26534.33 459.2584 0.6202382 26534.17 459.5355 0.8737096 26533.99 459.3482 0.7221823 26533.92 459.5383 1.074507 26533.9 459.3676 1.070937 26533.62 459.5435 1.166044 26533.62 459.4552 1.197656 26533.31 459.5488 0.8731891 26533.58 459.39 1.183645 26533.5 459.3147 0.9816101 26533.74 459.1063 1.057938 26533.84 459.2433 1.068456 26533.92 458.923 0.8646049 26534.01 459.126 0.8243387 26534.06 458.7825 0.6177986 26534.21 459.0194 0.6056055 26534.15 458.6924 0.3257841 26534.33 458.9581 0.3220804 26534.18 458.6882 -0.002205908 26534.37 458.9287 0.006726324 26534.15 458.6926 -0.3086758 26534.34 458.9502 -0.3134719 26533.27 459.627 -0.4767157 26532.72 459.7857 0.9771457 26532.48 459.8871 0.794407 26532.29 459.965 0.5546613 26532.17 460.0129 0.270861 26532.08 460.0323 -7.6022e-4 26532.12 460.035 -0.3110512 26532.24 459.9888 -0.6078755 26532.44 459.9075 -0.8632621 26532.69 459.8016 -1.059669 26532.99 459.6766 -1.184328 26534.18 459.2251 -0.8959632 26263.31 571.3759 -2.415884 26262.98 571.3759 -2.415822 26262.42 571.376 -2.415713 26262.23 571.3761 -2.415675 26262.1 571.3762 -2.415651 26262.26 571.6563 -2.415573 26262.14 571.6887 -2.415537 26262.06 571.3764 -2.415643 26262.1 571.6999 -2.415524 26454.85 651.5401 -2.42146 26454.83 651.5033 -2.42147 26454.53 650.7607 -2.421702 26454.59 650.8221 -2.42169 26454.67 651.2233 -2.421548 26454.54 650.9992 -2.42161 26454.63 650.8636 -2.421682 26454.66 650.887 -2.421678 26342.91 649.2075 -2.400816 26453.71 649.2075 -2.422151 26342.89 649.2502 -2.400796 26454.38 650.6082 -2.421733 26533.51 571.5908 -2.467826 26533.58 571.6619 -2.467812 26533.64 571.7239 -2.4678 26533.69 571.7762 -2.467789 26533.74 571.8258 0.03099024 26533.5 571.5898 -2.467827 26533.29 571.3768 -2.467869 26263.63 571.2419 -2.415998 26264.51 570.8764 -2.416311 26264.56 570.8586 -2.416326 26264.39 570.9277 -2.416267 26264.19 571.0099 -2.416196 26263.93 571.1171 -2.416105 26534.13 571.3767 -2.46803 26534.33 571.3766 -2.46807 26534.48 571.3765 -2.468097 26534.55 571.3763 -2.468111 26533.59 571.3768 -2.467927 26533.88 571.3768 -2.467981 26262.06 459.5387 -2.459317 26262.1 459.5386 -2.459325 26262.23 459.539 -2.459349 26262.42 459.539 -2.459386 26262.68 459.5391 -2.459437 26262.98 459.5392 -2.459495 26264.51 460.0387 -2.459595 26264.39 459.9869 -2.459591 26264.19 459.9045 -2.459584 26262.45 459.3096 -2.459483 26262.7 459.3765 -2.459505 26263 459.4545 -2.459531 26342.91 381.7075 -2.505279 26453.71 381.7075 -2.526614 26264.56 460.0565 -2.459596 26534.56 459.5387 -2.511787 26534.51 459.5388 -2.511778 26534.51 459.2152 -2.511905 26534.47 459.2263 -2.511893 26534.39 459.539 -2.511754 26534.35 459.2588 -2.511857 26534.19 459.5391 -2.511716 26533.91 459.3774 -2.511726 26533.63 459.5392 -2.511608 26532.06 460.0565 -2.511103 26533.89 459.367 -2.511725 26533.93 459.5391 -2.511666 26533.46 459.5855 -2.511558 26533.58 459.3786 -2.511661 26533.62 459.4555 -2.511639 26263.33 458.9681 -2.459785 26263.31 459.5392 -2.459557 26264.1 459.8603 -2.459584 26263.79 459.7834 -2.459554 26264.51 460.039 -2.459595 26263 459.4554 -2.45953 26262.98 459.5382 -2.459496 26262.72 571.5297 -2.41571 26262.68 571.3759 -2.415763 26263 571.4533 -2.415795 26454.39 650.7382 -2.421684 26454.33 650.7551 -2.421665 26454.42 651.3267 -2.421461 26454.45 650.6867 -2.421716 26454.09 650.3182 -2.42179 26454.77 651.3953 -2.4215 26454.55 651.5075 -2.421414 26454.21 650.4462 -2.421764 26533.43 571.5133 -2.467842 26533.28 571.3657 -2.467871 26533.72 571.8101 -2.467782 26533.22 571.3021 -2.467884</float_array>
          <technique_common>
            <accessor source="#octagon_v1_002-mesh-positions-array" count="836" stride="3">
              <param name="X" type="float"/>
              <param name="Y" type="float"/>
              <param name="Z" type="float"/>
            </accessor>
          </technique_common>
        </source>
        <source id="octagon_v1_002-mesh-normals">
          <float_array id="octagon_v1_002-mesh-normals-array" count="8379">-0.790279 0.5762624 0.2082807 -0.8005306 0.5976985 0.04367619 -0.8736815 0.4864374 -0.007706403 -0.8012773 0.5314175 -0.2748643 -0.7663388 0.5900604 -0.2540741 -0.7186349 0.4767374 -0.5062464 -0.8711286 0.02912408 -0.4901907 -0.5872498 0.3940019 -0.7070363 -0.7118272 0.3174298 -0.6265305 -0.4174976 0.287797 -0.8618984 -0.4078608 0.3349813 -0.8493746 -0.3199164 0.2469425 -0.9146983 -0.2962708 0.2452298 -0.923085 -0.3190385 0.2401534 -0.9168101 -0.3050258 0.2576009 -0.9168429 0.5937026 -0.3953441 -0.700871 0.5840161 -0.4549278 -0.6722841 0.4985199 -0.4927511 -0.7132142 -0.02987051 -0.9973854 -0.06580418 0.01120162 -0.9967739 -0.0794757 0.002319157 -0.9984136 -0.05625867 -0.2504124 -0.9614922 -0.1132543 -0.006425559 -0.4471401 -0.894441 0.006419777 -0.6725587 -0.740016 -0.3067131 -0.93765 -0.163523 -0.008886158 -0.6076346 -0.7941671 -0.8208104 -0.2712848 -0.5026679 -0.4709369 -0.3504626 -0.8095644 -0.6048166 -0.3346689 -0.7226297 -0.02540242 0.05397981 -0.998219 0.002260982 -2.75131e-4 -0.9999975 -0.7949475 0.1692113 -0.5826029 -0.7859176 0.1038771 -0.6095433 -0.9421381 0.002717256 0.3352142 -0.9425839 0.2537301 0.2171558 -0.7947133 0.3220958 0.5144757 0.3479449 -0.1857323 -0.918933 -0.4803379 0.2006853 -0.8538155 -0.4772791 0.187192 -0.8585826 -0.3075956 -0.8037601 -0.5092687 -0.9541985 0.007299661 -0.299085 -0.9687669 -0.05519169 -0.2417533 -0.1904248 0.8906261 0.4129449 -0.1936436 0.940082 0.2806213 -0.3461199 0.8774296 0.3321419 -0.221171 0.9752272 0.003935873 -0.2392305 0.9698441 0.04659676 -0.02033311 0.9530578 -0.3021051 -0.1232903 0.9595122 -0.2532511 -0.09226429 0.8846626 -0.4570112 -0.2240489 0.8366962 -0.4997414 -0.1372004 0.6924409 -0.7083089 -0.1861526 0.6923649 -0.6971213 -0.09820598 0.4997284 -0.860597 -0.05949485 0.5301215 -0.8458319 -0.05602538 0.3977961 -0.9157618 -0.04835647 0.3747957 -0.9258456 -0.06803971 0.3871263 -0.9195129 -0.04583621 0.3898546 -0.919735 -0.08204871 0.2045525 -0.9754108 0.01664841 0.2128822 -0.9769361 -0.0151683 0.066356 -0.9976808 -0.1001036 0.1267979 -0.9868645 -0.0615803 0.1063758 -0.9924173 -0.07435899 0.09739929 -0.9924637 -0.2403744 0.3074769 -0.9206944 -0.2315253 0.3334715 -0.9138888 -0.3066189 0.4343937 -0.8469281 -0.3077368 0.3961763 -0.8650679 -0.4166843 0.6107366 -0.6733313 -0.3531987 0.6131954 -0.7065708 -0.5012791 0.7294916 -0.4653614 -0.4369581 0.7530139 -0.4919735 -0.5455958 0.8071892 -0.225324 -0.5873381 0.7676478 -0.2564196 -0.5580074 0.8294755 0.02445864 -0.6066197 0.794992 -5.42541e-4 -0.5078162 0.5025364 0.6996999 -0.4138204 0.70248 0.5790292 -0.1084775 0.2607549 -0.9592912 -0.1980556 0.4806865 -0.8542334 -0.2030098 0.4692949 -0.8593891 -0.3750178 0.8915971 -0.253804 -0.3743432 0.8913521 -0.2556535 -0.3861382 0.9224398 0.001474618 -0.3442879 0.5847828 0.7345032 -0.4102486 -0.4528234 -0.7916104 0.1117718 0.08762919 -0.9898628 0.05942702 0.136859 -0.9888064 0.1886916 0.9817239 0.02477204 0.2570124 0.966395 -0.005058169 0.1234622 0.9591798 0.2544236 0.5452599 0.7793939 0.308605 0.6345803 0.6536573 0.4123591 -0.1099972 0.2660159 0.9576724 0.9141414 -0.4022917 0.05006939 0.7311491 -0.5427172 -0.4133752 -0.857699 0.4069228 -0.3142709 0.498946 -0.243215 0.8318049 -0.001754462 0.05387485 -0.9985462 0.5474827 -0.2854848 0.7866138 -0.00218302 0.04456102 -0.9990044 0.5808689 -0.3250873 0.7462638 -0.09365588 0.155838 -0.9833326 0.7396839 0.1039471 0.6648781 0.3901995 0.4402272 0.8086684 0.7622089 0.2242717 0.6072394 0.06558746 0.946095 0.317179 0.5492168 0.6642408 0.5070949 0.04946762 0.8933313 0.4466679 0.6428239 0.4502697 0.6197054 0.1395983 0.7108937 0.6893059 0.05762255 0.511878 0.8571234 0.9664306 -0.1873113 0.1758592 0.1001332 0.510024 0.854312 0.04482233 0.3821088 0.9230298 0.9605271 -0.2628538 0.09108066 0.06241935 0.3816244 0.9222076 0.009017229 0.1193962 0.9928058 0.03001356 0.112751 0.9931699 0.02497321 0.1538313 0.9877816 0.4954012 0.1088759 -0.8618142 0.9183831 -0.2790496 -0.2805422 -0.7188231 0.2799956 -0.6363143 -0.1095635 0.4255177 -0.8982932 0.7925031 -0.3691896 -0.4854255 0.5580933 -0.02076113 -0.8295186 -0.7818334 0.5919454 -0.1957995 -0.5689111 -0.07233393 -0.8192119 0.3590614 -0.2667503 -0.8943821 0.3662955 0.7521927 -0.5477534 0.02924227 0.0859071 -0.9958739 4.03301e-4 -0.2583906 -0.9660405 0.03456354 0.5121529 -0.8581987 0.04851567 0.7169857 -0.6953976 -0.03392583 0.9830161 -0.1803563 0.05930066 0.9979292 0.02491372 0.04998564 0.9938435 0.09887695 1.52593e-4 -0.5001173 -0.8659577 -0.002437829 -0.3938443 -0.9191741 2.20942e-4 -0.7069628 -0.7072507 -4.40198e-4 -0.6696096 -0.7427132 4.70174e-5 -0.8658935 -0.5002285 -4.69477e-5 -0.8660177 -0.5000135 -9.99736e-5 -0.9693581 -0.2456519 7.12213e-5 -0.9688152 -0.2477845 0 -0.9947363 -0.1024689 -2.0186e-5 -0.9942192 -0.1073702 -0.002096056 -0.002621233 0.9999944 3.24363e-5 -0.986267 0.165159 -5.38249e-4 -0.9612736 0.2755953 0.001896202 -0.7249447 0.6888045 -4.00309e-4 -0.8660256 0.4999995 -9.62238e-4 -0.9014334 0.4329168 1.51978e-5 -0.7070431 0.7071706 -1.52867e-5 -0.7071182 0.7070953 -1.46087e-5 -0.4998449 0.8661149 1.43396e-5 -0.5000811 0.8659787 3.62843e-6 -0.2588537 0.9659166 1.56006e-5 -0.2587901 0.9659336 0 0.04993009 0.9987528 -0.009066462 0.02748358 0.9995812 -0.01816666 0.2552077 0.9667156 -0.1354194 0.3654187 0.9209402 -0.0335828 0.4962651 0.8675213 -0.1399157 0.3530637 0.9250783 -0.04628193 0.7034753 0.7092112 -0.05088835 0.9851454 0.164009 -0.1830503 -0.1830619 0.9659094 -0.07327842 -0.07326114 0.9946171 -0.04101216 -0.04099428 0.9983174 -0.02368432 -0.0236749 0.9994391 -0.353529 -0.3535055 0.866055 -0.2656005 -0.2655792 0.9267815 -0.1400803 -0.1400858 0.9801803 -0.3870964 -0.3870694 0.8368595 -0.5000668 -0.5000702 0.70701 -0.4929625 -0.4929667 0.7169182 -0.5820066 -0.5820361 0.5678928 -0.6121824 -0.6121422 0.5005144 -0.651134 -0.6511649 0.3898832 -0.6794938 -0.6796954 0.2762289 -0.692437 -0.6924941 0.2024428 -0.7066656 -0.7069118 0.02999049 -0.704989 -0.7049193 -0.07797098 -0.6763845 -0.6755263 -0.2935442 -0.6846396 -0.6851347 -0.2487151 -0.6121366 -0.6123357 -0.5003337 -0.6083592 -0.6105698 -0.5070538 -0.458037 -0.457437 -0.762203 -0.4929611 -0.4929704 -0.7169168 -0.3698971 -0.3701924 -0.8521348 -0.6959657 -0.7018483 0.1517919 0.4399645 0.4461585 -0.779342 -0.5687552 -0.5987967 0.5638794 0.6366326 0.6452635 -0.4222961 0.6624655 0.6568616 -0.3601007 0.6629444 0.6241247 -0.4134891 0.6801043 0.6762512 -0.2830945 0.6810632 0.6798397 -0.271976 0.5653429 0.5646963 -0.6012533 0.6637382 0.6636103 -0.3450697 0.6699262 0.6675179 -0.3249903 0.6187317 0.7031321 -0.3503944 0.6906474 0.6912635 -0.2125111 0.486669 0.4802536 -0.7297326 0.02682304 -0.04418969 -0.9986631 -0.4222172 -0.4286249 -0.7987574 0.09472984 0.06035321 -0.9936718 2.14271e-4 8.95644e-4 -0.9999997 0.04658973 -0.05763161 -0.9972502 0.4266173 0.4270493 -0.797262 0.6821579 0.6236227 -0.3817791 -1.92987e-4 3.96825e-4 -1 -8.4603e-4 0.003420412 -0.9999938 0.6963111 0.6373186 -0.3301151 0.01468241 -0.03595972 -0.9992454 -0.001672327 7.4366e-4 -0.9999984 -0.6604236 -0.6926259 -0.2900172 -1.92019e-4 3.72024e-4 -1 -1.93889e-4 4.08675e-4 -1 0.05468589 -0.02196574 -0.9982621 -0.02033507 -0.04917943 -0.998583 -1.90004e-4 3.89128e-4 -1 0.04955309 -0.01935392 -0.998584 -1.92103e-4 3.78477e-4 -1 -0.01604759 -0.040901 -0.9990344 -1.94235e-4 3.67647e-4 -1 -1.95807e-4 4.51579e-4 -1 0.04102855 -0.01562702 -0.9990358 -7.00139e-6 0.002713203 0.9999964 0.006296634 -0.001700103 0.9999787 0.4729142 0.5199902 0.7113103 0.5481896 0.5503566 0.6297586 -0.01474171 -0.01476085 0.9997825 0.1719287 -0.1873146 -0.9671369 0.01675194 -0.03241622 -0.9993342 -0.01113623 -0.02233374 -0.9996886 -0.1948796 0.1609489 -0.9675317 -0.3570686 0.3220029 -0.8768216 -0.3391971 0.3827809 -0.8593161 -0.5139696 0.4601841 -0.723924 -0.477091 0.5379479 -0.6949794 -0.6362913 0.5674654 -0.5226055 -0.5815348 0.6553292 -0.4820384 -0.7161163 0.6372891 -0.2846758 -0.6450527 0.7263305 -0.2373839 -0.7192499 0.6712553 -0.1791536 -0.6602735 0.7324106 -0.1661739 -0.7328386 0.6607856 0.1622037 -0.1218044 -0.004441857 0.9925442 0.5910308 -0.2356435 0.7714628 -0.4744814 0.1759204 0.8625077 -0.5743985 0.2435514 0.7815045 0.182949 -0.1829239 0.9659547 0.1830639 -0.1830858 0.9659023 0.3534802 -0.3534489 0.8660979 0.3541104 -0.3541726 0.8655447 0.5000183 -0.5000224 0.7070781 0.5002282 -0.5002186 0.7067907 0.6380627 -0.6366453 0.4330807 0.6373981 -0.6388769 0.4307668 0.5105124 -0.5149253 0.6886429 0.5166681 -0.512533 0.685831 0.4704304 -0.4705998 0.746479 0.472066 -0.4722299 0.7444144 0.6853822 -0.685246 -0.2463518 -0.1055603 0.1115788 -0.9881333 0.6099944 -0.6130657 -0.502053 -0.347393 0.3378553 -0.8747411 0.494594 -0.5026975 -0.7089936 0.01386278 -0.02320772 -0.9996346 0.3449047 -0.3570383 -0.8680809 0.01580011 -0.02894395 -0.9994562 0.7138383 -0.7000871 -0.01768994 0.7177755 -0.6960308 -0.01842969 0.2020704 -0.909554 -0.3631517 -0.6373919 0.7674758 -0.06864827 -0.6857053 0.4280681 -0.5886985 0.7043812 -0.7090481 -0.03313577 -0.4887093 0.5768815 -0.6545006 -0.6214162 0.6499159 -0.4375514 -0.6808712 0.6294344 -0.3744686 -0.6300754 0.6161358 -0.4726327 0.6300857 -0.6506146 0.4239017 -0.7111597 0.6881293 -0.1439791 -0.6705887 0.6990919 -0.2481559 -0.4438729 0.4068401 -0.7984097 0.01966875 -0.0774182 -0.9968047 0.6484057 -0.6376587 0.4158865 0.6332364 -0.6482672 0.4228017 -0.3340454 0.9392997 -0.07829254 0 1 0 -2.61368e-4 0.9999994 -0.001077353 -1.44457e-4 1 -1.27892e-4 -4.23216e-4 0.9999997 -7.51843e-4 4.50486e-4 0.9999998 -3.30106e-4 5.71127e-4 0.9999998 -3.59455e-4 5.94717e-4 0.9999998 -3.50762e-4 5.27213e-4 0.9999999 -3.55602e-4 0.002034246 0.9999978 -5.26492e-4 0.00345999 0.9999938 -6.93128e-4 0.003555238 0.9999933 -8.6805e-4 -3.83771e-6 0.999783 -0.02082878 2.09995e-4 0.9997532 -0.02221518 2.36217e-4 0.9997996 -0.02001738 0.02999818 -2.36815e-4 -0.99955 0.02845972 0.00118798 -0.9995942 0.02740567 -0.01101684 -0.9995638 0.5042612 0.370052 -0.780245 0.4118596 -0.1975405 -0.8895782 0.28496 -0.4581358 -0.8419676 -0.5469773 -0.4755621 -0.6889533 0.02505165 -0.03951019 -0.9989051 -0.9020991 0.02860176 -0.4305801 0.02320873 -0.05028843 -0.9984651 -0.6685383 0.04889732 -0.7420685 0.05067259 -0.03359615 -0.9981502 -1.87311e-4 0.06155574 -0.9981037 -0.9775765 -0.05102843 0.2043048 -0.9784605 0 0.2064345 -0.3917376 0.3965029 0.8302573 0.4696838 0.4614632 0.752628 -0.04155582 -0.002503871 0.9991331 -0.03160434 0.001811027 0.9994989 -0.0184099 0.002046644 0.9998285 -0.4073653 0.3555745 0.8412019 0.2529417 -0.006852447 0.9674574 -0.2582041 0.0202949 0.9658772 0.5021272 -0.002634108 0.8647897 0.2937481 0.005517959 0.9558669 0.7061405 -0.006138145 0.7080451 0.9013828 -0.001991331 0.4330187 -0.09541004 0.0114392 0.9953724 0.7273876 -0.003223955 0.6862193 0.7321841 0.002713441 0.6811014 0.6676968 -3.05281e-4 0.7444333 0.5869401 -0.6440396 -0.4906265 -0.1519401 -0.01182878 -0.9883189 0.006995439 0.001737892 -0.9999741 -0.4886034 -4.2199e-4 -0.872506 0.01521164 0.003984391 -0.9998764 0.02184379 -0.002622246 -0.999758 0.02186453 0.003240048 -0.9997557 0.02687525 -0.001446127 -0.9996379 -0.7050336 0.2184368 -0.6746947 -0.6084746 -0.5845864 -0.5366726 -0.7481439 0.02566063 -0.6630402 -0.7519345 -0.5890474 -0.2960029 -0.7708477 -0.5823913 -0.2580976 -0.8331509 -0.5524507 0.02564758 -0.7945248 -0.6072311 9.14462e-4 -0.8012906 -0.5314379 0.2747858 -0.8360782 -0.4841176 0.2580767 -0.7235546 -0.4685859 0.5068492 -0.8228458 -0.2677642 0.5012258 -0.4981367 -0.4727573 0.726884 -0.6210849 -0.3607561 0.6957792 -0.3525561 -0.3570322 0.8650043 -0.4078618 -0.3349818 0.8493738 0.4839984 0.3950586 0.7808164 -0.2960966 -0.2448608 0.9232389 -0.3189061 -0.2397608 0.916959 -0.3048524 -0.2572345 0.9170036 0.340918 0.8721636 0.3508644 -0.01038289 0.7231863 0.690575 0.1554824 0.9603913 0.2312443 -0.4205668 0.5740914 0.702526 0.009326338 0.9753211 0.2205944 -0.740281 0.3372387 0.5815961 -0.926082 -0.2245635 0.3032218 -0.7494555 -0.04503446 -0.6605213 -0.9734025 -0.2277982 -0.02440619 -0.9758886 0.02594643 -0.2167218 -0.2061905 -0.5052806 -0.83796 0.409488 0.01620072 -0.9121716 0.3725116 -0.8986169 -0.2317818 0.1408645 0.3687801 -0.9187809 -0.4772691 -0.1871277 0.858602 -0.9239699 -0.3824654 -9.42571e-5 -0.8938241 -0.3688212 -0.2550477 -0.893753 -0.3712989 -0.2516801 -0.01739239 0.4705939 -0.8821785 -0.261429 0.9149591 -0.307416 -0.4881264 -0.4406664 -0.7533564 -0.07463985 -0.2427111 -0.967223 -0.1458478 -0.4066271 -0.9018774 -0.3627601 -0.7818111 -0.5071258 -0.09472775 -0.9464064 -0.3087745 -0.2374662 -0.9514822 -0.1956818 -0.190349 -0.9813916 0.02525478 -0.1314819 -0.9913186 -2.06179e-4 -0.1842139 -0.9441698 0.2731459 -0.1236532 -0.9591537 0.2544292 -0.2240971 -0.8369295 0.4993292 -0.3728014 -0.8924428 0.2540963 -0.4813819 -0.838261 0.2561057 -0.4351606 -0.747343 0.5021094 -0.6215832 -0.7162852 0.3171274 -0.5320059 -0.6885836 0.4927703 -0.3532959 -0.6236806 0.6972837 -0.3912723 -0.5797753 0.7146794 -0.3203594 -0.4007036 0.8583744 -0.2791844 -0.4074249 0.8695179 -0.2412967 -0.3160649 0.9175397 -0.2236975 -0.3324118 0.9162216 -0.06276279 -0.09990793 0.9930153 -0.08237022 -0.09675377 0.9918942 -0.1001589 -0.1269986 0.9868332 -0.1693323 -0.858985 0.4831887 -0.1859044 -0.6937552 0.6958042 -0.140033 -0.7083305 0.6918516 -0.05810475 -0.5118275 0.8571211 -0.2031246 -0.4693598 0.8593264 -0.1852154 -0.4756861 0.8598942 -0.1008856 -0.5122019 0.8529193 -0.04560512 -0.3900098 0.9196807 -0.08207041 -0.2045049 0.9754191 -0.093517 -0.25463 0.9625062 -0.06318485 -0.394306 0.9168046 0.004056572 -0.2024804 0.9792779 -0.02091968 -0.06303566 0.997792 -0.5580855 -0.829424 -0.0244261 -0.6066938 -0.7949353 6.97124e-4 -0.386159 -0.9224312 -0.001440405 -0.3796281 -0.9251381 -0.001533269 -0.6691406 -0.6783468 -0.3034742 -0.5921493 -0.7765262 -0.2153283 -0.3758984 -0.9129385 -0.1588828 -0.0118187 0.01023703 0.9998778 2.17184e-6 0.2588818 0.965909 1.72434e-5 0.2587208 0.9659522 -1.33468e-5 0.4999897 0.8660315 1.33412e-5 0.4999212 0.866071 1.50818e-5 0.7071802 0.7070335 -1.4984e-5 0.707068 0.7071455 -4.69428e-5 0.866038 0.4999781 4.69049e-5 0.8658779 0.5002554 5.48119e-5 0.9674595 0.2530262 -1.85653e-5 0.9665386 0.2565214 0 0.9921329 0.1251897 2.27282e-5 0.9929903 0.1181957 -2.61765e-5 0.9906784 -0.1362221 0 0.9893675 -0.1454371 5.78113e-6 0.9651385 -0.26174 -5.20262e-5 0.964001 -0.2658985 4.6893e-5 0.8658802 -0.5002516 -4.69377e-5 0.8660359 -0.4999819 -1.49733e-5 0.7070681 -0.7071455 1.50753e-5 0.7071802 -0.7070335 1.33617e-5 0.4999212 -0.8660709 -1.33682e-5 0.4999897 -0.8660315 -0.001989424 0.444074 -0.895988 -0.002443432 0.5913804 -0.806389 0.1363739 -0.2234382 -0.9651309 -0.04614824 -0.6490955 -0.7593058 0.1430287 -0.3672006 -0.9190792 -0.2080762 -0.5940603 -0.7770437 0.206893 -0.5117452 -0.8338539 0.3113542 -0.8022138 -0.5094228 0.1263555 -0.9555158 -0.2665032 0.03387737 -0.9829181 -0.180899 0.009156346 -0.9993846 -0.03386461 0.05095356 -0.9851582 0.1639119 0 -0.9815909 0.1909962 0.05705642 -0.969824 0.2370362 -6.98842e-4 -0.9801797 0.1981097 -0.001377701 -0.8925417 0.4509629 -0.01107186 -0.2444833 0.9695903 0.03303956 -0.4960828 0.8676465 -0.02191489 -0.4780552 0.8780564 0.04590386 -0.7035115 0.7091999 -0.03133374 -0.6825008 0.7302129 0.05561596 -0.8630867 0.5019844 0.01434093 0.02882754 -0.9994815 0.4521186 0.4639891 -0.7617762 -0.6707419 -0.7187384 -0.1830862 -0.7328583 -0.660809 -0.1620193 -0.6602783 -0.7324066 0.1661722 -0.7192729 -0.6712806 0.1789664 -0.645044 -0.7263308 0.2374068 -0.5815657 -0.655363 0.4819552 -0.539653 -0.4917461 0.6833451 -0.3843041 -0.3487377 0.8548055 -0.2026318 -0.1739186 0.963687 -0.008509635 0.01712548 0.9998172 -0.1730517 -0.201624 0.9640545 0.181709 0.1861143 0.9655793 0.207779 0.2013869 0.9572206 0.3463093 0.3571346 0.867482 0.4955144 0.5011255 0.7094637 -0.05076873 -0.05828386 0.9970084 0.6119596 0.6125306 0.5003117 0.5204126 0.5180045 0.6788536 0.6828389 0.6835767 0.2577868 3.45178e-5 0.00356394 0.9999937 0.7015306 0.7015346 0.125316 -1.85807e-4 3.58607e-4 -1 0.700204 0.7008593 -0.136054 0.007060468 0.008745014 -0.9999369 0.6816552 0.6829172 -0.2626222 0.6099027 0.6135333 -0.5015931 0.4028304 0.4165669 -0.8149845 0.3449379 0.3570395 -0.8680672 0.01483279 0.0234884 -0.9996141 0.4948596 0.5025726 -0.7088969 0.01084727 0.01619803 -0.99981 0.602678 -0.7352412 -0.3101608 0.4869033 -0.852019 -0.192325 0.5648874 -0.8247587 0.02599263 0.6090044 -0.7931666 5.77339e-4 0.536567 -0.7986165 0.2725947 0.5876078 -0.7685397 0.2531084 0.4814763 -0.7154587 0.5062604 0.4334024 -0.7503763 0.4990971 0.3966823 -0.5839322 0.708284 0.359822 -0.6200238 0.6972078 0.2793213 -0.4178186 0.8645273 0.3220368 -0.4116714 0.8525369 0.2400409 -0.3170675 0.9175231 0.2317142 -0.3140662 0.9206905 0.2265744 -0.3365952 0.9139845 0.2441321 -0.3229662 0.9143809 0.08642864 -0.2045002 0.9750435 0.1613363 -0.1444714 0.9762678 0.02974051 -0.05991756 0.9977602 0.01713246 -0.1545001 0.9878443 0.03326272 -0.1175395 0.992511 0.01459819 -0.1153685 0.9932156 0.04042935 -0.3794488 0.9243291 0.05630314 -0.3901368 0.919034 0.08893489 -0.5290058 0.8439453 0.06438553 -0.5022342 0.8623314 0.1248887 -0.7329086 0.6687659 0.182595 -0.6822815 0.7079202 0.1150485 -0.8344141 0.5389963 0.2255555 -0.8422278 0.4896706 0.1274353 -0.9409087 0.3137691 0.1259027 -0.958148 0.2571009 0.2770925 -0.9607455 -0.01371324 0.1062554 -0.2616462 0.9592972 0.1979299 -0.48181 0.8536292 0.1876214 -0.4755625 0.8594409 0.3707991 -0.8941288 0.2510813 0.3678253 -0.8945338 0.2539959 0.3678302 -0.9297898 -0.01385909 0.01875334 0.01117795 -0.9997617 0.4004077 -0.1443018 -0.9049038 -0.6067354 0.2634004 -0.7499949 0.8022524 -0.3917904 -0.4504349 0.9453743 -0.0917499 -0.3128088 0.9515141 -0.2345842 -0.1989756 0.7472637 -0.1807616 0.6394702 0.7743066 -0.1125302 0.6227248 -0.02133756 -0.05564737 0.9982225 8.4311e-4 0.002002179 0.9999977 -0.01863032 -0.05049514 0.9985505 0.4793472 0.3891534 0.7866294 0.1921423 0.4277449 0.8832417 0.1444328 0.5158944 0.8443887 -0.2291923 0.2881084 0.9297659 -0.682263 0.1014108 0.7240394 0.5943563 -0.007727682 0.8041648 0.1750804 0.9325392 0.3157808 0.5941079 0.4595147 0.6602137 0.7414003 0.3429282 0.576824 0.1263764 -0.0932058 0.9875939 0.105654 -0.05431818 0.9929184 0.09666603 -0.0670343 0.993057 0.3000392 -0.2523276 0.9199496 0.3230239 -0.250114 0.9127424 0.4346016 -0.3124477 0.8446882 0.3973151 -0.3105575 0.8635362 0.604743 -0.4206047 0.676297 0.5968123 0.03961992 0.8014022 0.6293846 -0.6177603 0.4714312 0.8711007 -0.259224 0.4171171 0.7526329 -0.5892794 0.293758 0.7689 -0.5855733 0.2567037 0.8270011 -0.5616781 -0.02422577 0.8821952 -0.4703254 0.02292996 0.6775215 -0.672677 -0.2974396 0.8414105 -0.5058675 -0.1900704 0.5231143 0.8497808 0.06499332 0.5259404 0.8452246 0.09477502 0.9346958 0.2103766 0.2865059 0.3488298 0.3164883 0.8821299 0.747761 -0.2613036 0.6103883 0.003804147 0.005314052 0.9999787 0.7016386 -0.03315764 0.7117611 0.8144499 -0.006510257 0.5801975 -0.02225977 -3.87435e-6 0.9997522 -0.03467202 7.10803e-6 0.9993988 -0.05870372 9.39955e-6 0.9982755 -0.104031 6.96757e-6 0.9945741 -0.2589222 1.4198e-5 0.9658983 -0.1980826 -1.2791e-5 0.9801853 -0.3755485 1.45193e-5 0.9268028 -0.4998835 -1.6558e-5 0.8660926 -0.5473454 1.9832e-5 0.8369069 -0.7073961 1.55037e-5 0.7068173 -0.6971082 4.03216e-6 0.716966 -0.8232639 -6.7486e-6 0.5676589 -0.8668907 -1.43475e-5 0.4984985 -0.9211151 1.5293e-5 0.3892905 -0.9666505 -4.12965e-5 0.2560994 -0.9793794 -6.40648e-6 0.2020298 -0.9999665 2.36219e-4 -0.008198738 -0.9952554 6.8549e-6 -0.09729748 -0.9568954 3.33873e-4 -0.2904328 -0.9647158 6.1014e-4 -0.2632932 -0.8669578 2.43564e-4 -0.4983816 -0.8690873 2.08209e-5 -0.4946589 -0.707396 1.9155e-5 -0.7068175 -0.6971084 4.06569e-6 -0.7169659 -0.5466006 -3.4666e-4 -0.8373934 -0.4999545 -1.06234e-4 -0.8660517 -0.1879214 -0.00106728 -0.9821835 0.4909815 0.004545986 -0.8711581 0.3110563 -0.005359888 -0.9503764 0.5438583 -0.006585776 -0.8391514 0.6422878 -0.007898747 -0.766423 0.624938 -0.006036758 -0.7806512 0.6633482 -0.004143893 -0.7482994 0.8027341 0.003771066 -0.5963251 0.3802294 -0.04815167 -0.9236379 0.1481436 -0.01084858 -0.9889065 0.4556722 -0.009380698 -0.8900983 0.6685628 -0.003990173 -0.7436451 0.1113721 0.02165406 -0.9935429 0.8991295 2.97249e-4 -0.4376827 0.9781151 3.82774e-4 -0.2080646 0.9811374 0.03401082 -0.1902965 -0.03291481 0.04962438 0.9982255 1 6.82215e-5 0 0.2521132 -8.01311e-4 0.9676975 0.02139234 0.05435061 0.9982928 -0.5037441 -5.03762e-4 0.8638527 0.01902979 0.04971289 0.9985823 1.93058e-4 -3.91475e-4 1 1.93399e-4 -3.93382e-4 1 1.9252e-4 -3.93111e-4 1 -0.1830626 0.1830946 0.9659008 -0.1830714 0.1830749 0.965903 -0.01579719 -0.001291275 0.9998744 0.1676259 -0.1931828 0.9667378 0.3221178 -0.3571256 0.8767563 0.3830162 -0.3394031 0.85913 0.4593792 -0.5132015 0.7249794 0.5385991 -0.4777846 0.6939978 0.6553696 -0.5815845 0.4819234 0.678131 -0.6088879 0.411575 0.6713569 -0.719131 0.17925 0.660837 -0.7329429 -0.1615214 0.7278888 -0.6805167 0.08411294 0.7472306 -0.6641011 -0.02482444 -0.3123319 0.3179582 -0.8951823 -0.353476 0.3534476 0.8661002 -0.3535172 0.3534749 0.8660723 -0.49998 0.4999825 0.7071334 -0.5001356 0.5001999 0.7068696 -0.6121934 0.6121512 0.50049 -0.6128311 0.6128407 0.4988631 -0.6839658 0.6839284 0.2538363 -0.6593635 0.6478378 0.3815049 -0.702147 0.7021797 0.1180396 -0.7016626 0.701627 0.1240534 -0.7021622 0.7025176 0.11592 -0.6995543 0.6995521 -0.1457766 -0.700178 0.7002405 -0.1393344 -0.682218 0.6821987 -0.2630276 -0.6813934 0.68149 -0.2669728 -0.612836 0.6128335 -0.4988659 -0.6121885 0.6121583 -0.5004874 -0.5001356 0.5001999 -0.7068696 -0.4999801 0.4999825 -0.7071333 -0.353517 0.3534749 -0.8660723 -0.3534764 0.3534475 -0.8661 0.3902485 -0.4016867 -0.8284648 -0.5285686 -0.3500264 -0.7733672 -0.3455723 0.9383921 -2.49277e-4 -0.4219406 0.8857475 0.1934366 0.3723216 -0.9275999 0.03058296 0.5085712 0.8608281 0.01817923 0.4141012 -0.9097924 0.02825224 0.7627289 -0.6450704 0.04613935 -0.2880756 -0.9569334 0.03593051 0.777412 -0.6276414 0.04119622 0.2634297 0.9596537 -0.09833383 0.3847434 -0.9230236 1.23855e-4 0.3992628 -0.916477 0.02567666 -0.07486641 0.9924305 -0.0973494 0.3700142 0.928389 0.03439921 0.8802024 0.2922718 -0.3739267 0.7202815 -0.6936626 0.005181431 0.06976401 0.1001918 0.9925193 -0.6876269 0.7258011 -0.01954698 0.6654195 -0.7455218 0.03760617 -0.04975587 0.5212792 0.8519344 -0.6900011 0.7238084 1.96297e-4 -0.4888206 0.8723362 0.009171903 -0.4774778 0.8785848 -0.01018953 -0.4012131 0.9159455 -0.008494198 0.6955637 -0.7182417 0.01788896 0.7123492 0.7016949 0.01352345 -0.7074881 0.7067251 4.91583e-4 -0.3161001 0.946946 -0.0580855 0.2024305 0.7951698 0.5716004 0.6145652 0.3398034 0.7119293 0.1005675 -0.9944907 -0.02957135 -0.1931115 0.007079482 0.9811514 -0.04062527 -0.9988778 -0.0243473 2.47166e-4 1 -2.56148e-4 -0.4679748 0.8752009 -0.1225683 -0.2233258 -0.9742316 -0.03160023 0.7094629 -0.7047414 0.001466035 0.07274031 -0.3985784 -0.9142451 -0.6760789 0.7367408 -0.0114178 -0.8290466 0.5591798 -1.09215e-4 -0.081043 0.9967086 0.002037048 -0.3763538 0.9264671 0.004092991 0.1502812 -0.9844452 0.09101313 -0.1650153 0.1574774 0.973638 -0.1573512 0.9855125 0.06329137 0.700696 -0.7134221 0.007350325 -0.7006109 -0.6551941 -0.2826042 -0.6874838 0.7259314 -0.01974505 -0.375625 -0.9185444 0.1232164 0.118711 -0.9914267 0.05459648 -0.05561554 -0.9979752 -0.03085947 0.181924 -0.6828954 0.707501 0.03755533 0.0819419 0.9959293 0.8350554 -0.5184794 0.1840161 0.2451545 0.09353399 -0.9649616 -0.6189286 -0.7847539 0.03299522 -0.03943824 -0.9992179 0.002882063 -0.2772867 -0.9607872 3.12756e-4 0.792069 -0.5930442 0.1446565 0.03242301 -0.1326525 0.9906322 0.4746214 0.8785985 -0.05290818 -0.02689325 0.4366798 0.8992151 -0.4696382 -0.8827433 -0.01428908 -0.07073134 0.5989477 0.7976584 -0.9889674 -0.08232486 0.1231511 0.3486505 -0.0286923 0.9368136 0.3263323 0.9452552 0 0.1972748 0.9798807 0.03027296 0.4099943 0.9120882 0 0.3528609 0.9356759 0 0.8347768 0.1273121 0.5356673 0.4032459 0.9150834 0.003872454 0.3510653 0.9363511 0 0.6542237 0.1558588 0.7400672 0.4178358 0.9085149 0.003742933 0.3598313 0.9330174 0 0.7730194 0.3705897 0.5148828 0.4098554 0.9121445 0.003341972 0.3534685 0.9354464 0 0.4762083 0.3934873 0.7863799 0.3999745 0.9165213 0.003022789 0.4033411 0.911252 0.08328241 0.9998441 -0.01574695 0.008005559 0.348865 0.9345459 0.07012271 0.4875556 0.8695035 0.0790776 -0.2329114 0.9724748 0.00672245 0.5229976 0.8523268 0.003565669 0.5471619 0.8279445 0.122971 0.8607767 0.508983 -8.32793e-5 0.6995127 -0.4513288 0.5540618 -0.2057964 -0.137699 0.9688585 -0.3459824 -0.9372956 0.04211032 0.5467651 -0.3536496 0.7589336 0.01938718 -0.9997417 -0.0118581 0.2490326 0.9684949 -5.75383e-4 -0.6202451 0.7442567 0.2477458 -0.7492807 0.5083712 -0.4244257 0.8023118 0.5645951 0.1937215 0.3079293 0.5984312 0.7396348 0.7839538 0.5839291 0.2108162 -0.6590536 -0.7502359 -0.05286592 0.1506797 -0.987932 -0.03586357 0.433098 -0.8311939 0.3486303 0.1591021 -0.4240782 -0.8915404 -0.7455335 -0.66611 0.02184689 -0.6086975 -0.7923645 -0.04056829 0.1308807 0.01904499 0.9912152 -0.2079889 -0.9771816 0.04309046 -0.5356715 -0.8423079 0.0597769 -0.7451089 -0.6665887 0.02173352 -0.5181341 -0.8144199 0.2612615 -0.2304067 -0.1679438 0.9584925 -0.6891167 -0.7151628 0.1168782 -0.09248071 -0.08042812 -0.992461 -0.5061883 -0.8023201 0.3163164 -0.08963465 0.02084302 0.9957567 -0.6557955 -0.7548535 -0.01134359 -0.7589229 -0.6505404 0.02886819 -0.8367204 -0.5476304 0 0.3257231 -0.242142 0.9139321 -0.1953899 -0.1606042 0.967486 0.4627143 -0.8820655 0.08863431 0.4972162 -0.7827228 0.3743277 0.8394532 0 0.5434322 0.8975645 0.4408825 7.8934e-4 0.9698934 0.2336659 0.06860762 -0.8525391 -0.5212183 0.03884094 -0.07212591 -0.05803292 0.9957059 0.9085291 0.4178217 0 0.7896634 0.6132768 0.01798582 0.8957397 0.4445792 0 0.9113553 0.4116206 0 0.01532268 0.08755034 0.9960423 0.9234669 0.3836534 0.004365086 0.8899303 0.4560966 0 0.6773551 -0.6782205 0.2849686 0.940512 0.3397383 0.00392127 0.9095192 0.4156622 0 0.8857749 -0.3493633 0.3055294 0.9208722 0.3898403 0.004377543 0.9128692 0.4082524 0 0.01023966 0.1372988 0.9904768 0.9334079 0.3588013 0.003385841 0.939134 0.3256096 0.1095709 0.3586255 0.9152334 0.1836729 0.9046764 0.4139246 0.1011283 0.9701298 0.23736 0.05008536 0.2214721 -0.9630652 0.1531526 0.964978 0.2623264 0.00156784 0.9777439 0.1843576 0.1001459 0.213252 -0.04071301 -0.9761486 -0.5735607 -0.563467 0.5945866 0.0499466 -0.3899984 0.91946 0.1006141 -0.5489325 0.8297892 0.2390616 -0.9192777 0.3126947 0.3014591 0.1393027 0.9432482 0.2261874 0.9657053 -0.1274853 0.4147976 0.5107344 0.7530562 -0.1862816 0.6333808 -0.7510845 0.9652185 -0.1758027 0.1935116 0.3297262 0.1371129 0.9340668 0.9571877 -0.1654917 0.2374957 0.2993261 -0.2179512 -0.9289248 0.9053061 -0.3558495 0.2319315 -0.005259633 -0.271401 -0.9624521 0.6059494 -0.7660577 0.2144318 -0.4305483 -0.8860241 -0.172016 -0.8267381 -0.5607514 0.04541164 -0.9625635 -0.2645626 0.05897802 -0.9981268 0.05715769 0.02181446 -0.9178926 -0.3129426 0.2440083 -0.07795339 -0.03215128 0.9964385 -0.9887706 -0.09319424 0.1168239 -0.7215629 0.6394456 -0.2654361 -0.9301834 -0.2056575 0.3040791 -0.7086589 0.2919647 0.6423078 -0.9979279 -0.05154573 -0.03851079 -0.9516478 0.3061193 0.02563887 -0.9894028 0.1451967 0 0.006084501 -0.2619355 0.9650662 -0.215501 -0.03243857 0.9759647 0.899135 -0.4355583 0.04295736 0.1616325 0.7137235 -0.6815231 0.5872034 -0.562949 0.5816191 -0.1107282 -0.6409921 0.7595186 0.9265937 -0.3752971 0.02400565 -0.9863367 0.1636562 0.01889008 -0.6179538 0.2724099 0.7375134 0.9435772 -0.3311528 0 0.9975089 -0.06592208 0.02510571 0.8957397 -0.4445792 0 0.9314518 -0.3638647 0 0.1140988 -0.9667676 0.2287834 0.919344 -0.3934049 0.006275594 0.9395032 -0.3425403 0 0.3031356 -0.8596354 0.4112612 0.9167757 -0.3993854 0.003704965 0.931107 -0.3647463 0 0.3500571 -0.6338379 0.6897169 0.9029421 -0.4297321 0.005094647 0.9451513 -0.326633 0 0.2667311 -0.6325396 0.7271508 0.9085526 -0.4177532 0.003827631 0.8984996 -0.425554 0.1077147 -0.7679837 -0.5615776 0.3079475 0.9310111 -0.3501751 0.1029355 0.8582864 -0.5112152 0.04476141 0.8658988 0.470907 0.1687189 0.8608178 -0.508905 0.002933382 0.8365403 -0.539639 0.09481698 0.4061959 -0.1975824 -0.8921694 -0.8149563 -0.03648436 0.5783728 -0.2313629 -0.2992596 0.9256969 -0.3125095 -0.4411016 0.8412892 -0.4536823 -0.8351293 0.311017 0.6215938 -0.4918246 0.6096964 -0.8976808 0.4406465 0 -0.9999986 -7.45891e-4 -0.001502931 -0.3274524 0.9389565 -0.1055257 0.6943362 -0.6862319 0.2167556 0.5303506 0.6055456 -0.5933321 0.6170544 -0.7598518 0.2046201 0.1975811 -0.1258764 0.9721712 0.6259596 -0.739184 0.248559 -0.7627295 -0.5369859 0.3604024 0.3632161 -0.1889936 -0.9123352 -0.6642467 0.7471956 0.0217995 -0.9018642 0.4292771 -0.04860347 0.4414495 0.8897581 0.1159868 -0.69865 0.7154636 -3.02892e-4 -0.6976009 0.6948114 0.1749005 -0.5945035 0.8038023 0.02162456 -0.7880361 0.6139918 0.04486858 0.06370371 0.8209875 -0.5673812 -0.1840671 -0.08383637 0.9793318 -0.6615421 -0.6920198 -0.2889128 0.9327696 -0.3603909 -0.007700145 0.832053 -0.5538697 -0.03027033 0.9083027 -0.4183137 0 0.299411 -0.9541242 -3.03514e-4 0.2572622 -0.9663395 -0.002057731 0.5069158 -0.8619956 0 0.910957 -0.4124553 0.006173849 0.408271 0.4921321 0.7688438 0.8982996 -0.4393838 0 0.9074705 -0.4167429 0.05313122 -0.5509458 -0.6181661 -0.5606508 0.9045867 -0.4227331 0.05495172 0.9225763 -0.3856853 0.01001101 0.1058517 0.9653128 0.238677 0.932633 -0.3607671 0.006551861 0.9743022 -0.224321 0.02037817 0.9155827 0.4020424 -0.008395195 0.9617819 -0.2720606 0.03096216 0.6710162 -0.2336884 -0.7036526 0.9633954 -0.2655647 0.03667199 -0.8920899 -0.352451 0.2827617 0.257148 -0.7275975 0.635985 0.01183247 -0.8373988 0.5464643 -0.2887595 0.9493246 -0.1241004 -0.3288935 -0.940961 0.08013492 -0.4988133 0.8197464 0.2814273 -0.7568047 0.6507985 -0.06089377 0.07005739 0.9975262 0.005779266 -0.2807101 -0.849378 -0.4469439 -0.594875 0.8038034 0.004881858 0.1303303 0.6096827 0.7818574 -0.9123424 0.4089423 0.01993966 -0.8485938 0.5229743 0.07991611 -0.5154175 0.3295245 0.791049 0.05586528 0.1425552 -0.988209 0.1611945 -0.9719567 0.171221 0.9250019 -0.3799612 0.001058042 0.9172989 0.1923663 0.3486516 0.8623387 0.5055249 0.02857685 0.9400455 0.1923961 0.2815996 -0.8560494 0.5166418 -0.01615488 0.9757673 0.2151581 0.03981745 -0.3574659 0.8945146 0.2684431 -0.2468137 0.969038 -0.006967186 -0.244375 0.07692998 -0.9666244 0.380919 -0.9240271 0.03277951 -0.1864807 0.4050808 0.8950613 0.8392098 0.5405594 0.05935114 0.3910362 -0.9203753 -1.83191e-4 0.6274477 -0.7786507 -0.003541529 0.07001191 0.4865857 -0.870823 0.1561563 -0.9876894 -0.009216129 0.3731902 -0.9275733 0.01835936 0.2515722 -0.1396813 -0.9577059 -0.628963 0.7770367 0.02489024 -0.6837103 -0.6925187 -0.2301265 -0.05157798 0.01933389 -0.9984819 -0.1728812 -0.9827152 0.0662046 0.27605 -0.2171465 0.9362925 -0.2057244 0.9595024 0.192439 -0.6896511 -0.7218032 0.05815207 0.2831567 -0.9590737 3.41276e-4 -0.01286631 0.999615 -0.02458554 -0.1304693 0.1681565 0.9770882 0.01243096 0.9981255 0.05992496 -0.2416889 0.9686326 -0.05777037 -0.1915203 0.9814885 -5.15349e-4 -0.536206 -0.83532 0.1213416 -0.2247861 -0.9729447 -0.05338329 0.04881858 -0.9983195 0.03122526 0.1987591 -0.6482183 0.7350564 0.1598907 -0.7805581 -0.6042881 0.7772941 -0.6016117 0.184058 0.2197019 0.3720703 0.9018286 0.7712747 -0.2347109 0.591647 0.6591272 0.08002811 -0.7477613 -0.8580132 0.4478427 -0.2514961 -0.6945529 -0.7179952 0.0455982 -0.5094141 -0.8605208 -0.001199364 -0.2733076 -0.9619267 3.75753e-4 0.74937 -0.6457862 0.1463037 -0.3807521 0.09274595 -0.9200142 -0.2842522 -0.9576488 -0.04593026 -0.6323474 -0.7746787 -0.003123581 -0.247227 -0.9684656 -0.03087431 -0.7649707 -0.6439976 -0.0093261 -0.8143497 -0.5803746 -1.99079e-4 0.09852564 0.9750006 -0.1991647 -0.5214818 0.8532268 0.007810056 -0.4433799 -0.7878248 -0.4274887 0.4475054 0.894235 -0.009100675 -0.1383525 0.9903033 0.01257371 -0.4476813 -0.244371 -0.8601537 0.4490743 0.8934268 -0.01099705 0.003416478 0.9998591 0.01643842 -0.3133648 0.01407843 -0.9495285 0.4869592 0.8732905 -0.01531475 0.1987642 0.9796602 0.02754622 -0.05639547 0.1385479 -0.9887487 0.4683464 0.8832771 -0.0217517 0.3740813 0.9273959 0 0.5863099 0.8100496 0.007784008 0.4785554 0.8780574 -2.65623e-6 0.5676876 0.8203706 0.06872326 0.8675813 0.4972002 0.009727656 0.4140192 0.9040589 0.1061393 0.8617542 -0.4985085 0.09417527 -0.1306451 -0.1054673 -0.9858035 -0.236879 0.9485618 -0.210045 0.09201765 0.2481193 0.9643493 -0.7045554 0.3895977 -0.5931403 0.7984718 0.562931 0.2134282 0.8151186 0.2933768 -0.4995116 0.7983318 0.5806675 0.1596613 -0.6725891 -0.7374364 -0.06173729 0.004936635 -0.9990901 -0.04236537 0.9072831 0.379008 0.1821823 -0.1928027 0.4130622 -0.89006 -0.3865923 -0.9215838 -0.03506892 -0.01184207 -0.8381031 0.5453833 0.9711693 -0.1811789 0.1549336 0.5300772 0.05308008 -0.8462865 0.086519 -0.9955283 -0.03791856 -0.9979108 -0.02583289 -0.05921918 -0.6650044 -0.7465212 -0.0218026 -0.4295989 -0.8562228 0.2869278 0.07068699 -0.8804129 -0.46891 -0.7877951 -0.5837686 0.1964516 -0.4481999 0.3265607 0.8321508 -0.5030205 -0.8627991 0.05047911 -0.9738189 -0.2273136 -0.002289712 -0.8975364 -0.4409404 0 -0.8955529 -0.4090488 0.1751118 0.09319192 -0.668532 -0.7378214 -0.6964674 -0.5212025 0.4932354 0.3547909 0.9257555 0.1307682 0.1130754 -0.773899 0.6231328 0.4485039 -0.892976 0.0379244 -0.4765151 -0.07079315 -0.8763115 0.8250926 0.06438261 0.5613172 -0.9089421 -0.4158414 -0.03000539 -0.3129485 -0.8793351 -0.3589333 -0.8599813 -0.5100313 -0.01733058 -0.6524062 -0.6504026 -0.3890279 -0.8882711 -0.4593198 0 -0.7293735 -0.5939822 -0.3394104 -0.9348958 -0.3549225 0 0.2140274 0.1717302 -0.9616138 -0.9070433 -0.4209864 -0.006555795 -0.9355778 -0.3531209 0 -0.5819714 0.2666756 -0.7682405 -0.9207523 -0.3900789 -0.007341325 -0.9345921 -0.3557214 0 -0.7716828 0.3997704 -0.4946608 -0.9132469 -0.4073481 -0.006905972 -0.871383 -0.4906035 0 0.8166021 -0.337921 -0.467943 -0.9147552 -0.40391 -0.008925735 0.9150067 0.4034388 -1.96992e-4 0.979064 0.2034011 0.00786215 0.9899321 0.141543 -6.81581e-5 0.9712795 0.2344384 0.04068088 -0.4815713 -0.8042754 0.3481814 0.5201445 0.852346 0.0543707 0.2717289 -0.9381021 0.2147745 0.7902023 -0.387818 -0.4745288 0.8302413 -0.5493527 0.09439843 0.07538127 0.8713182 -0.4848943 -0.1161679 0.5163333 0.8484722 0.9824181 -0.1307942 0.1332209 0.458357 -0.2375823 -0.8564248 0.9918549 -0.05015724 0.1170819 -0.135832 -0.8496312 -0.5095847 0.9837068 -0.04409921 0.1742883 -0.1244159 -0.9150164 0.3837521 0.06867384 0.9866372 -0.147753 -0.9981415 -0.05693799 -0.02171915 -0.9955657 0.0842086 0.04192703 -0.7242588 -0.1054263 0.6814211 -0.255262 -0.9402728 0.2252299 -0.9603855 0.2745262 -0.04790896 -0.9981268 -0.05716156 -0.02180439 -0.9132006 -0.4072892 0.0134316 -0.605351 -0.6050704 0.5171461 -0.5536516 0.2539207 0.7930915 -0.2975649 -0.03465443 0.9540725 -0.7116116 0.7025731 2.88807e-4 -0.9074382 -0.420042 0.01099306 -0.9400069 -0.3409168 -0.01275825 0.6444738 0.6351823 -0.4256724 0.7844312 0.5797173 0.2204442 0.06323301 0.4492033 -0.8911891 -0.08079725 0.2749031 0.9580711 -0.01782774 -0.1703673 -0.9852194 0.04628419 -0.05551284 -0.9973847 0.8165062 -0.5473443 -0.1836628 0.8688247 -0.4951099 0.003141701 0.8299999 -0.5573735 -0.0208581 0.8021162 -0.5333625 0.2685779 0.8369628 -0.5352671 0.1139404 0.6810177 -0.5400763 0.4945022 0.7312131 -0.3908277 0.5590896 0.5502967 -0.04112517 0.8339558 0.6162836 -0.01372325 0.7874048 0.2146908 -0.6780394 0.7029727 0.1620362 -0.8352137 0.5255116 -0.004303157 -0.7361361 0.6768199 0.2855365 -0.2549059 0.9238463 0.1607488 -0.08571988 0.9832659 0.1699429 -0.1808811 0.9687113 -0.03785568 0.05189073 0.997935 -0.08649039 0.02392446 0.9959654 0.00388658 0.2248772 0.9743794 0.1397761 0.09798002 0.9853236 0.2927914 0.1286073 0.947488 0.4720312 -0.02314019 0.8812782 0.5343711 -0.2965415 0.7915243 0.7033776 -0.3966173 0.5898769 0.6683139 -0.2907453 0.6847071 0.7601568 -0.2007472 0.6179501 0.7091237 -0.156531 0.6874894 0.9703216 -0.08767414 0.2253649 0.9600397 -0.1427201 0.2407378 0.9964776 -0.08238542 -0.01565319 0.9922558 -0.1234395 0.01382845 0.9761041 -0.009990096 -0.2170739 0.9426084 -0.2967894 -0.1529893 0.824927 -0.3066927 -0.4747999 0.1794168 -0.02721452 0.9833967 0.6863199 -0.2900575 0.666957 0.6830018 -0.2196016 0.6966231 0.8681682 -0.4404685 0.2286298 0.8386546 -0.5255085 0.1431764 0.7866072 -0.6154896 -0.04921275 0.1695516 -0.88026 -0.4431644 0.3681416 -0.8775091 -0.3073265 0.1253831 -0.9719558 -0.1989502 0.1361006 -0.9906018 -0.01359468 0.2308236 -0.9718154 -0.04790908 0.03946048 -0.9682677 0.2467808 0.1214764 -0.9623774 0.2430499 0.05666297 -0.837688 0.5432019 0.2092425 -0.7703811 0.6022711 0.4262899 -0.5427925 0.723639 0.4975845 -0.4561399 0.7377981 0.1571075 -0.5673304 0.8083648 0.05930352 -0.6973378 0.7142851 0.03459888 -0.2613908 0.9646128 -0.3947046 -0.4424915 0.8052388 -0.3920207 -0.4288108 0.8139048 -0.4099387 -0.4224254 0.8083978 -0.04437434 -0.1217153 0.9915727 -0.01344943 0.02228558 0.9996612 -0.143401 -0.1245786 0.9817924 -0.04200011 0.07900375 0.9959892 0.1679384 0.1570668 0.9732044 0.1723097 -0.02625805 0.9846928 0.3068209 -0.1090492 0.9454994 0.3232616 -0.3443531 0.8814324 0.1700702 -0.5952305 0.7853514 0.2068339 -0.7871283 0.5810754 0.249207 -0.6880697 0.6815101 0.3715099 -0.6828131 0.6290841 0.3757516 -0.6004992 0.705841 0.6334438 -0.7395272 0.2277028 0.5848066 -0.7739518 0.2428995 0.6514691 -0.75843 -0.01928615 0.6071382 -0.7945642 0.007153332 0.5657663 -0.577291 -0.5887646 0.4274978 -0.7359636 -0.5249794 0.1123839 -0.143655 0.9832259 0.3016822 -0.6955878 0.6520318 0.3402929 -0.649376 0.680082 0.3600324 -0.8985691 0.2508993 0.342646 -0.9101687 0.2327809 0.32104 -0.9469674 -0.01364606 0.31896 -0.6091591 -0.7260783 -0.618103 -0.5148993 0.593993 -0.2444324 -0.9438492 0.2222648 -0.09119445 -0.9692327 0.22863 -0.0793237 -0.9962866 -0.0334782 -0.4300757 -0.8981105 -0.09182935 -0.1635348 -0.949625 -0.2673364 -0.7104782 -0.6957362 -0.1056973 -0.472887 -0.8739506 -0.1121977 -0.8553945 -0.5179658 0.003453075 -0.8783754 0.4729407 0.06916409 -0.8667008 0.4950519 0.06126463 -0.9083446 0.4112935 0.0758149 -0.764833 -0.3770527 -0.5223619 -0.9497802 0.292743 0.1105402 -0.5195129 -0.6188009 -0.58923 -0.9793276 -0.2016766 -0.0156188 -0.4108512 -0.4290945 -0.8044124 -0.4999192 -0.5212096 -0.6916801 -0.003831923 -0.2016412 -0.979452 -0.09664905 -0.1149409 -0.9886595 0.07418018 0.08307248 -0.9937788 -0.09603154 -0.976661 -0.192123 -0.1677352 -0.6820175 -0.7118407 -0.1532342 -0.7727749 -0.6159044 -0.2107316 -0.7747238 -0.5961503 -0.66058 -0.6073377 -0.4413334 -0.1097494 -0.5692904 -0.8147782 -0.06949651 -0.5932627 -0.8020035 0.1963673 -0.4749072 -0.8578479 0.4531208 -0.2686281 -0.850012 0.0820356 -0.2360873 -0.9682629 0.6071784 -0.1905018 -0.7713906 0.602127 -0.1147147 -0.7901163 0.6074509 -0.07926803 -0.7903923 0.6172336 -0.1221753 -0.7772361 -0.9048564 -0.2643526 0.3336954 -0.8680974 0.4675524 0.1667383 -0.9255901 0.3506148 0.142661 -0.6828418 -0.3585677 0.6365188 -0.913891 0.3840516 0.1315592 -0.7375828 -0.1344503 0.6617361 -0.8907012 0.4481741 0.07610124 -0.7095775 0.06056761 0.7020195 -0.9632223 -0.1137115 0.2434598 -0.4534555 -0.3422867 0.8229327 -0.004308998 -0.2126914 0.9771099 -0.01981747 0.2565693 0.9663227 0.02711987 -0.4617046 0.8866191 0.03959029 -0.7367622 0.674992 -0.05165159 -0.9969283 0.0588749 0.03168934 -0.9978709 0.05700558 -0.03533977 -0.9986844 -0.03715765 0.04988884 -0.9892184 -0.1376886 -0.01601827 0.4877156 0.8728556 -0.01591211 0.4076504 0.9129994 -0.01138579 0.660855 0.7504273 0.01541876 0.6683765 0.7436633 -0.006579756 0.8047003 0.5936449 0.006210625 0.8723375 0.4888648 -0.001706957 0.972333 0.2335932 0.002117156 0.9708814 0.2395518 -5.73786e-5 0.9999396 0.01099544 2.30231e-4 0.9936319 0.1126756 2.92001e-5 0.9999435 -0.01063299 0.001740813 0.9589825 -0.28346 2.24521e-4 0.9968014 -0.07991737 -0.002124547 0.9822016 -0.1878175 0.005918443 -0.1846212 -0.982792 -0.01781326 0.8630551 -0.5047956 -0.01242876 0.6864932 -0.72703 -0.02055823 0.706943 -0.7069717 0.01048743 0.9614185 -0.2748903 -0.01726579 0.4941341 -0.8692144 0.01806247 0.2915893 -0.9563731 -0.0206725 0.2497198 -0.9680975 -0.01181644 -0.1172856 -0.9930279 0.0254932 -0.08287978 -0.9962335 -0.01778846 -0.1899251 -0.9816374 0.1262917 -0.3559125 -0.9259464 -0.029648 -0.4023392 -0.9150105 0.146147 -0.3496701 -0.9254037 -0.04207658 -0.6717047 -0.7396231 0.192836 0.2193009 -0.9564107 -0.3385306 -0.3341876 -0.8796111 -0.6610717 -0.6588587 -0.3590119 0.1940922 0.1992506 -0.9605351 0.6703176 0.6879577 -0.2781879 0.3921042 0.3749574 -0.8400365 0.1422882 0.1469599 -0.978855 0.434527 0.4018303 -0.8060513 0.4767495 0.4770941 -0.7383029 0.3883309 0.3445674 -0.8546769 0.5958446 0.5714423 -0.5642898 -0.08350664 -0.07918101 -0.9933565 0.6362645 0.631737 -0.4428046 0.6755186 0.6780452 -0.2897056 0.6928861 0.6921371 -0.2021265 0.7070066 0.7072068 -5.39917e-4 0.7050981 0.7050716 0.07556968 0.6687348 0.667381 0.327714 0.682031 0.6841329 0.2584493 0.6076328 0.616077 0.5012301 0.6106541 0.6048257 0.5111628 0.45164 0.4629186 0.7627108 0.5228233 0.5114434 0.6819689 0.391947 0.377397 0.8390168 0.1585822 0.2015724 -0.9665508 -0.4048898 -0.428178 0.8079159 -0.0771839 -0.1102225 -0.9909055 -0.6114892 -0.6033741 0.5118796 -0.6917921 -0.684155 0.2309885 -0.6724097 -0.6654086 0.3241862 -0.6712542 -0.6287531 0.3925396 -0.6899153 -0.6875312 0.2265345 -0.5418473 -0.5395578 0.6444215 -0.5973821 -0.596911 0.535567 -0.705354 -0.6986547 0.1198222 -0.7419259 -0.6630992 -0.09922432 -0.6828159 -0.6824753 0.2607487 -0.6015282 -0.6012695 0.5259648 -0.6368135 -0.681793 0.3600373 -0.6572605 -0.6574339 0.368496 -0.6301434 -0.6927602 0.3507173 -0.6599644 -0.6602106 0.3585652 -0.620443 -0.6966051 0.3602663 -0.6618492 -0.662092 0.3515535 -0.6153033 -0.6990894 0.3642473 -0.6598963 -0.6601083 0.3588789 -0.6184853 -0.7047854 0.347496 -0.6639048 -0.6641337 0.3437396 -0.61623 -0.6790457 0.3989456 -0.6578478 -0.6580674 0.3663109 -0.6219227 -0.6777541 0.3922522 -0.6485994 -0.648797 0.3979714 -0.6418277 -0.699239 0.3148366 -0.6675771 -0.6678095 0.3291982 -0.6774292 -0.6776097 0.2862426 -0.6386568 -0.6616912 0.3927878 -0.6432372 -0.684835 0.3424134 -0.6861073 -0.6862342 0.2415354 -0.2373178 -0.2372646 -0.9420116 -0.04780697 -0.04769438 -0.9977173 0.5309512 0.5916724 -0.6066422 -0.1810809 -0.1912077 0.9647017 0.1486189 0.1485345 -0.9776758 -0.1673384 0.1956999 0.9662812 -0.1949181 0.1664983 0.9665844 0.3803557 -0.3351798 0.8619652 0.4325257 -0.3788275 0.8181755 0.5701315 -0.6341373 0.5223218 0.6495577 -0.5818229 0.4894455 0.6416852 -0.7126604 0.28347 0.6669715 -0.7446802 0.02450591 0.566219 -0.2101665 -0.7970107 0.3724203 -0.1033017 -0.9222971 0.3615487 -0.1473786 -0.9206314 0.07742953 -0.03938609 -0.9962196 -0.1627882 0.1910161 -0.9679943 -0.1914305 0.163047 -0.9678689 -0.3378496 0.36119 -0.8691372 -0.3623689 0.3390575 -0.8681757 -0.4904662 0.5066868 -0.7090215 -0.5059155 0.4896168 -0.7101584 -0.605638 0.6140887 -0.506061 -0.6174902 0.6088827 -0.4979635 -0.6959829 0.6977627 -0.1695144 -0.6859154 0.6827543 -0.2517277 -0.7073139 0.7068979 -0.001586079 -0.7073082 0.7069053 -2.31416e-4 -0.6908919 0.6931096 0.205591 -0.6755974 0.6730977 0.3008451 -0.5606346 0.5691159 0.6014948 -0.5742371 0.564363 0.5930821 -0.4551094 0.4718069 0.7551648 -0.4767017 0.459904 0.7491622 -0.3329149 0.3562966 0.8730524 -0.3562586 0.3327948 0.8731137 0.5717412 -0.8191708 0.04551392 -0.738027 0.6743939 0.02256208 0.5196874 -0.8522586 0.05983477 -0.772955 0.6342319 0.0170471 -0.7344411 0.6785413 0.01334333 -0.7362036 0.6765916 0.01510632 -0.7315679 0.6815364 0.01779448 -0.7291569 0.6842072 0.01381146 -0.7280472 0.6854649 0.009227693 -0.7134463 0.7006969 -0.004274189 -0.7403758 0.6717223 0.02516049 -0.6065126 0.7937066 -0.04660892 -0.744292 0.667163 0.03038275 -0.6396125 0.7654507 -0.07057815 -0.6909096 0.7225961 -0.02233642 -0.7103336 0.7038152 -0.008391559 -0.72043 0.6935122 -0.004630029 0.3361103 -0.9378276 0.08665627 0.243364 -0.968001 0.06122016 0.04729276 -0.9988561 0.007078766 0.01828891 -0.9995335 -0.02446109 -0.02988296 -0.9987986 -0.03883945 -0.005442202 -0.999961 0.006964743 -0.007457494 -0.9999601 -0.004912197 -0.005158782 -0.9999786 -0.004040241 0.01739031 -0.9998488 -2.01367e-4 0.02218586 -0.9997532 0.001203536 -5.70327e-4 -0.9999998 -1.99169e-4 -0.00102353 -0.9999995 -3.22354e-4 -8.25418e-4 -0.9999998 0 -0.006355762 -0.999948 0.00797826 -0.002509593 -0.9999721 0.007033526 -0.006116151 -0.9999324 0.009901523 -0.2558498 0.01831251 0.9665431 -0.4392122 -0.02787464 0.897951 0.3164483 0.2306628 0.9201387 0.490755 0.2103393 0.8455276 0.5121679 0.1714969 0.8415895 0.717077 0.1281676 0.6851085 0.8538654 -0.0451529 0.5185317 0.8861528 0.08034127 0.4563756 0.9582631 -0.05044525 0.2814023 0.9508761 0.06301194 0.3030912 0.9981822 -0.0547378 0.02522248 0.9982549 0.002887845 -0.05898177 0.9386222 0.07250034 -0.3372419 0.7251104 -0.01429855 -0.6884843 0.7493277 0.004060089 -0.6621869 0.829927 0.002264559 -0.5578676 0.268256 -0.01631021 -0.9632097 0.06895214 0.04837268 -0.9964466 -0.2507737 0.01996397 -0.9678399 -0.2284354 -0.02029168 -0.9733476 -0.4963455 0.01635855 -0.867971 -0.5714677 -0.01428461 -0.8205003 -0.7041619 0.01094228 -0.7099552 -0.8623096 0.005892097 -0.5063471 -0.8752459 -0.006013214 -0.4836411 -0.9679827 0.001350164 -0.2510135 -0.9909175 -0.001049995 -0.1344677 -1 3.33234e-4 2.37837e-4 -0.9996545 4.5067e-4 0.02628207 -0.9577939 0.002296626 0.2874469 -0.9765781 -0.001312613 0.2151592 -0.8003391 0.006228029 0.5995154 -0.8779656 -0.005798339 0.4786888 -0.6574654 0.0115596 0.7533961 -0.791755 -0.01031237 0.6107518 -0.4880187 0.01536279 0.8726981 0.5976128 0.3314753 0.730057 0.7751049 0.3858441 0.5003366 0.6082057 0.5738659 0.5484194 0.7765149 0.5988888 0.1958496 0.8042078 0.5514968 0.2215882 0.5734079 0.4312656 -0.6965726 0.2909876 0.8909316 -0.3486648 -0.206716 0.9252759 -0.3180144 0.5611915 0.8119006 -0.1608783 0.2882854 0.949556 -0.1234299 0.696888 0.5070808 -0.5071649 0.5785651 0.6236872 -0.5256204 0.5933588 0.4499298 -0.6674493 0.398111 0.3640766 -0.8419952 0.4515103 0.3020131 -0.8395991 0.1572375 0.2177954 -0.9632453 0.1942822 0.4154241 -0.8886379 0.1852141 0.40382 -0.8958935 0.1693921 0.4159393 -0.8934769 0.1601888 0.2234882 -0.9614534 0.2573834 0.09046393 -0.9620656 0.8129016 0.02015161 -0.5820524 0.6351153 6.73567e-4 -0.7724171 0.3483027 -0.7599297 -0.5488098 0.6776219 -0.1388235 -0.7221888 0.9150099 0.2273491 -0.3332708 0.9907053 0.1237283 0.05651938 0.9591342 0.2827653 0.01027053 0.9513201 0.1563013 0.2656313 0.8208948 0.2390557 0.5186368 0.6296049 0.239725 0.7390058 0.4096908 0.4025517 0.8185998 0.6504442 0.4108332 0.6388572 0.4588961 0.2556994 -0.8509008 0.8961068 0.4424686 0.03484547 0.8691642 0.4137171 0.2709092 0.8851612 0.3904694 0.2530285 0.5374654 0.257153 0.803121 0.4985161 0.08457028 0.8627455 0.4683114 0.4261494 0.7740034 0.1404918 0.3847226 0.9122777 0.06464052 0.2676626 0.9613419 0.4452686 0.8078511 0.3861507 0.2308573 0.9503715 0.2085643 0.0860604 0.9489575 0.303436 0.07969635 0.9964306 -0.02783095 0.1355478 0.9907262 -0.009401261 0.140338 0.9380012 -0.3169529 0.1219398 0.9176962 -0.3781063 0.1978431 0.8594287 -0.4714239 0.3331705 0.8785657 -0.3422274 0.4411395 0.8548791 -0.2730896 0.3140001 0.7724658 -0.5519971 0.6464805 0.739722 -0.1867474 0.501918 0.6801042 -0.5343564 0.3096247 0.6431288 -0.7003699 0.2577477 0.7144034 -0.6505336 0.293028 0.447502 -0.8449122 0.4950617 0.0699799 -0.8660351 0.5714395 -0.549456 -0.6095533 0.5648659 -0.7633978 -0.3132894 0.8345777 -0.4812946 -0.2680214 0.8151476 -0.5055283 -0.2827997 0.8323253 -0.471959 -0.2906703 0.2974218 0.8382681 -0.4569978 0.2594943 0.6861366 -0.6796171 0.06719446 0.7019385 -0.7090609 -0.0635609 0.5355271 -0.8421228 0.2182629 0.566091 -0.794923 0.2131136 0.5856183 -0.7820702 -0.1438417 0.5246489 -0.8390788 -0.1037741 0.4526056 -0.8856519 0.08616214 0.03890353 -0.9955213 0.2477267 0.04917281 -0.9675813 -0.114171 0.4551317 -0.8830742 0.00891751 -0.06303948 -0.9979713 -0.04387688 0.1226873 -0.9914751 0.6487461 0.760495 0.0278576 0.6070337 0.794676 4.97794e-4 0.3660156 0.930607 0.001840353 0.3750018 0.926948 -0.01188552 0.6903505 0.6999462 0.1830065 0.6027231 0.7910171 0.1049621 0.3900204 0.9160095 0.09386557 -0.001975059 0.08793669 -0.9961242 0.01971042 -0.2485471 -0.9684193 -0.01995325 -0.246896 -0.9688366 0.01652991 -0.5187416 -0.8547713 -0.01650989 -0.5135976 -0.8578724 0.01152825 -0.7001108 -0.7139412 -0.01155209 -0.701074 -0.712995 0.006012737 -0.8684527 -0.4957357 -0.005975902 -0.8610433 -0.5084965 0.001646876 -0.9528319 -0.3034942 -0.001833975 -0.9466354 -0.3223014 -7.39498e-5 -0.9677551 -0.2518931 -9.35852e-5 -0.9695396 -0.2449349 -9.67968e-5 -0.9924516 0.1226379 -0.001637935 -0.9672521 0.2538124 3.2451e-5 -0.9970421 0.07685697 0.001850128 -0.9720757 0.2346604 -0.005914628 -0.8649647 0.5017979 0.0060364 -0.8664615 0.4992074 -0.01141798 -0.7050408 0.7090748 0.01155072 -0.7047076 0.7094038 -0.01658701 -0.492723 0.8700282 0.01656913 -0.4924721 0.8701705 -0.008456349 -0.4327414 0.9014784 0.02957105 -0.567169 0.8230705 -0.1362345 0.2313928 0.9632744 0.03815424 0.6344717 0.772004 -0.1812718 0.4059076 0.8957565 0.1815928 0.6496491 0.7382277 -0.336749 0.578315 0.7430692 -0.3122322 0.8616106 0.400173 -0.1670831 0.9761301 0.1387566 0.05004119 0.9962761 0.07021307 -0.07600373 0.9915872 0.1047775 0.03208637 0.9974024 -0.06448978 0.05298316 0.9722192 -0.2279971 -0.06113886 0.9923548 -0.1072102 9.64863e-5 0.9812672 -0.1926519 -0.001227438 0.8878599 -0.4601125 -0.01088452 0.1482973 -0.988883 0.03070348 0.5259978 -0.8499315 -0.01871925 0.3205298 -0.9470535 0.04271721 0.6678593 -0.7430608 -0.02881389 0.6753933 -0.7368946 0.0505833 0.8481628 -0.5273153 -0.3398478 -0.3356164 0.8785585 0.7400025 0.6690918 0.06864809 -0.03931194 -0.08623194 -0.9954992 0.6686624 0.7432652 -0.02115136 0.6668073 0.7350167 0.1229577 0.6483986 0.5400013 -0.5366357 0.735271 0.6708552 0.09659171 0.4864567 0.5299632 -0.6946215 0.009446382 0.04053401 -0.9991335 0.09708905 0.1242064 -0.9874951 0.3088739 0.313094 -0.8980919 -0.1759448 -0.1464912 -0.9734392 -0.1615599 -0.1883574 -0.9687207 -0.4141183 -0.3936012 -0.8207217 -0.3524073 -0.3740543 -0.8578417 -0.4887663 -0.5036165 -0.7123749 -0.6247454 -0.6157771 -0.4801164 -0.6049935 -0.6129024 -0.5082654 -0.7029069 -0.6997449 -0.12759 -0.672314 -0.6747307 -0.3045202 -0.7005872 -0.7002051 0.1374428 -0.6924713 -0.6933183 -0.1994825 -0.7050805 -0.7059612 -0.06693691 -0.6923177 -0.6900473 0.2110236 -0.7052572 -0.7055727 0.06913435 -0.6861269 -0.6888058 0.2340439 -0.6077747 -0.6169031 0.5000405 -0.3768326 -0.4159685 0.8276277 -0.3373078 -0.3597226 0.8699558 -0.5756382 -0.5584563 0.5973 -0.490434 -0.5071158 0.708737 -0.6278555 -0.620374 0.4700357 -0.491561 0.8504829 0.1872075 -0.6153146 0.7369887 0.2797064 -0.6329717 0.7730969 -0.04084473 -0.5930011 0.8050227 -0.01697939 -0.6269136 0.7323544 -0.2657754 -0.5750821 0.7746608 -0.2630234 -0.5016797 0.6746674 -0.5414255 -0.3270882 0.6859688 -0.6499694 0.00820434 0.6686273 -0.7435525 -0.2955141 0.6350333 -0.7137256 -0.3103037 0.333923 -0.8900602 -0.5090302 0.3126174 -0.8019719 -0.0659132 -0.3161235 -0.9464257 -0.8994383 -0.3251484 -0.2920431 -0.8923459 -0.3361486 -0.3012027 -0.8942354 -0.3473501 -0.2822964 -0.2013172 0.003141701 -0.9795211 -0.3753238 0.07787567 -0.9236166 -0.3966251 -0.005076527 -0.9179667 0.7267192 0.1257541 -0.6753261 0.7119296 0.1541604 -0.6851211 0.722819 0.1696081 -0.6698999 0.5384765 0.178139 -0.8235955 0.1014309 0.4984697 -0.8609527 0.7374101 0.08112901 -0.6705554 -0.09357458 0.5121799 -0.8537656 -0.3230966 0.7242249 -0.6091855 -0.4982826 0.6161366 -0.609992 -0.1684648 0.7936128 -0.5846353 -0.2714851 0.7337364 -0.6228377 -0.1326242 0.9464603 -0.2943192 -0.1306475 0.9595851 -0.2492545 -0.2874535 0.9576489 0.01670366 0.1291718 0.2249529 -0.9657697 -0.2082464 0.5834887 -0.7849679 -0.3297525 0.564202 -0.7569277 -0.4074758 0.8759205 -0.2583156 -0.3931571 0.8797485 -0.2673394 -0.3744802 0.9272294 0.003207981 -0.4052168 0.5570142 0.7249376 -0.4073313 0.1508108 0.9007427 -0.2659648 0.113123 0.9573223 -0.8212124 0.4243692 0.3814722 -0.9497106 0.225863 0.2168774 -0.9485687 0.08778202 0.3041577 -0.9968574 0.07300168 -0.03076106 -0.9903509 0.1376058 -0.01642888 -0.9526401 0.1012443 -0.2867518 -0.951397 0.1516162 -0.2680601 -0.8632323 0.06583112 -0.5004963 -0.7021259 0.2982006 -0.6466032 -0.6322838 0.3053414 -0.712028 -0.6580823 0.2807905 -0.6986303 -0.5691366 0.1412724 -0.8100159 -0.755424 0.157059 -0.6361345 0.1778489 -0.1426717 -0.9736604 -0.6437421 0.104541 -0.7580682 0.09356766 -0.1331775 -0.9866656 0.8772065 -0.02653706 -0.4793795 0.7983432 0.4012001 -0.4490955 0.7765895 0.4090167 -0.4791808 0.7753088 0.4281489 -0.464311 0.434574 0.5491966 -0.7138128 -0.2024999 0.4617599 -0.8635807 0.6663503 0.5789385 -0.4699017 -0.4297452 0.2940509 -0.8537291 -0.7285657 0.301917 -0.6148482 -0.829094 0.02187407 -0.5586813 -0.6473152 0.5312469 -0.5465893 -0.6973712 0.3335383 -0.6343703 -0.7830439 0.5845009 -0.2126054 -0.7835336 0.5573313 -0.2746942 -0.7626149 0.6467818 0.009588718 -0.8599875 0.5093855 -0.03078782 -0.706941 0.6969649 0.1203097 -0.859627 0.499346 0.1081439 0.2591727 0.05956345 -0.9639927 -0.5577814 0.2688349 -0.7852437 -0.8824353 0.3884096 -0.2654167 -0.8956308 0.3693475 -0.2478468 -0.923713 0.3820071 -0.02872055 -0.07225197 0.001357436 -0.9973856 0.7922374 -0.04135876 -0.6088099 -0.3103944 0.00413239 0.9505989 -0.7936432 2.51656e-4 -0.6083837 0.3519091 -1.83341e-4 -0.9360342 -0.9175242 -4.74884e-4 -0.3976795 -0.465147 0.004055321 -0.8852242 0.4345792 -0.01928466 -0.9004272 0.197866 0.01107472 -0.9801665 0.533705 0.02141618 -0.8453995 -0.4402889 -0.008119881 -0.8978194 0.5838503 0.012295 -0.8117682 0.6955602 -0.0114426 -0.7183767 0.5203693 0.009967505 -0.8538833 0.8234356 0.005281805 -0.5673853 0.863667 -0.005332589 -0.5040348 0.8938782 0.003319084 -0.4482978 0.9384218 -9.64815e-4 -0.3454905 0.9794112 8.57222e-4 -0.2018739 0.9944188 1.51026e-5 -0.1055045 0.9954751 3.61022e-5 0.09502297 0.9440914 0.001521766 0.3296805 0.9663985 -0.001947462 0.2570412 0.865486 -0.006207525 0.5008949 0.8720482 0.004943609 0.4893953 0.705729 -0.01164406 0.7083863 0.7393807 0.008499383 0.673234 0.5602111 0.01387643 0.8282338 0.4943931 -0.01629501 0.8690857 0.2146763 -0.004232764 0.9766762 0.4512359 -0.01590543 0.8922631 -0.2508189 0.00195837 0.9680321 -0.5130597 1.27861e-5 0.8583529 -0.638318 -0.003767967 0.7697637 -0.5399829 -0.003497898 0.8416688 -0.5025027 -0.004155218 0.8645658 -0.7284726 -0.009401381 0.6850104 -0.4308324 -0.07666271 0.8991698 -0.5147713 -0.001179456 0.8573269 -0.466687 -5.76257e-4 0.8844225 -0.3895604 -6.96732e-4 0.9210007 -0.6645118 0.1738538 0.726773 -0.8763394 -2.40041e-4 0.4816943 -0.9896641 -5.73132e-5 0.1434046 -0.9984397 0.05404239 0.01405376 -0.9925806 -1.4501e-5 -0.1215883 -0.9679546 0.05300647 -0.2454673 -0.9336987 -2.92256e-5 -0.35806 -0.8736325 0.04814964 -0.4841983 -0.8256864 0 -0.5641294 -0.6556821 -2.89259e-5 -0.7550371 -0.4451977 7.52693e-5 -0.8954324 0.3088138 -0.2881072 -0.9064372 0.5816367 -0.590182 -0.5598071 0.1571218 -0.1951315 -0.9681098 0.1922603 -0.2180159 -0.9568203 -0.1521957 0.123965 -0.9805454 -0.1472855 0.184622 -0.9717107 -0.5063926 0.4568225 -0.7313548 -0.4520322 0.5086506 -0.732763 -0.5758421 0.6428646 -0.505105 -0.6460295 0.6938708 -0.3181026 -0.7419356 0.6690688 -0.04334354 -0.731717 0.6808555 0.03203314 -0.6680958 0.7440197 0.009104907 -0.6591998 0.7287877 -0.1852682 0.3040117 -0.3155618 0.898887 0.3446298 -0.3801881 -0.858305 -0.3349131 0.3505629 -0.8746078 0.4867974 -0.503315 -0.7139343 0.49974 -0.4835825 -0.7186152 0.6096453 -0.6182559 -0.4960771 0.6147853 -0.6063833 -0.5043199 0.6677609 -0.6701477 -0.3240332 0.6692566 -0.6669638 -0.3274981 0.6757795 -0.6758245 -0.2942504 0.6782556 -0.6783736 -0.2824509 0.7015711 -0.7015308 0.1251108 0.6880828 -0.6856226 0.2376209 0.7043989 -0.7044536 0.08699077 0.6823635 -0.6844081 0.2568379 0.61724 -0.6086851 0.4985153 0.6071177 -0.615558 0.5024905 0.5066488 -0.4903841 0.7091054 0.4904409 -0.5066602 0.7090581 0.3610382 -0.3376213 0.869289 0.3366983 -0.3600398 0.8700608 0.3679318 -0.3336053 0.8679479 0.4487327 -0.8936051 -0.01044493 -0.6096178 -0.792448 -0.01981353 0.4204962 -0.9069359 -0.02550041 -0.8307157 0.5566583 -0.006573379 0.3334947 -0.8741949 -0.3529372 0.5100198 0.8600425 0.0143826 -0.9729828 0.2308748 0.001172959 0.7936373 0.6071832 -0.03832393 -0.2786303 -0.9597981 0.03395402 -0.8805639 -0.4398332 0.1765049 0.2354976 -0.9700358 0.0597614 0.3919073 0.9198125 0.01880383 -0.7294087 0.6840412 -0.007119357 -0.7233065 0.6904793 -0.008135855 0.3193418 0.866466 0.3837416 0.7063711 -0.707806 -0.007123351 0.8647055 -0.4699947 -0.1771706 0.7796074 0.4762045 0.4067453 -0.4618011 0.8869563 -0.006960272 0.3343166 -0.9424543 0.003503978 0.3401919 -0.9402555 -0.01375174 0.433229 0.8319792 -0.346588 -0.6101773 0.7904732 -0.05325394 0.7084365 0.7051942 0.02861881 -0.00468719 -0.9999151 -0.01215797 -0.007737755 -0.999896 -0.01217144 0.9062224 -0.1197707 0.4054824 -0.02344667 -0.9997142 -0.004673302 -0.03428202 -0.9993943 -0.005987226 -0.6803327 0.7111652 -0.1771764 -0.5003808 -0.804773 0.3193109 -0.7887018 0.6131543 0.04462361 -0.6626996 -0.5011281 -0.556507 -0.9820953 0.188332 0.004480659 -0.9263554 0.3766129 0.005333006 -0.241811 0.9703184 0.003120422 0.822469 -0.5642611 -0.07179296 0.8903928 -0.4484156 -0.07825815 0.7499987 -0.1664747 0.640147 -0.7087599 0.7054299 -0.00530672 -0.7040151 0.7101416 -0.007856667 -0.7231231 -0.6800734 -0.1208024 -0.7383863 0.6298628 -0.2409535 -0.3609697 0.9321526 -0.02814733 0.1971375 -0.9801725 0.01996392 -0.2475003 0.9496155 -0.192286 0.1806313 0.9177749 0.3536406 0.03138917 0.9851977 -0.1685237 0.4730881 0.7005497 -0.5342451 -0.4395851 0.8732814 -0.210106 -0.04775005 0.9988057 -0.01036357 -0.02272385 -0.9997416 -7.44022e-4 0.2652031 0.931965 -0.2472016 0.2145817 0.8641338 0.4552226 -0.5112303 -0.8585386 -0.03943729 -0.9473031 0.309158 0.08389508 -0.5660532 -0.8175114 -0.1061081 0.231735 0.9727658 -0.005060851 -0.9440659 -0.328578 0.02785712 0.3341782 0.9425058 -0.002783894 -0.1279188 -0.9914605 -0.0253582 0.1540777 0.9877358 0.02525979 0.3324514 0.9431203 -6.62081e-4 -0.3346804 -0.9423294 0.002114772 0.3008287 0.05500394 0.9520907 0.2682832 0.9633398 -9.27438e-4 -0.3369499 -0.9415104 0.0048002 -0.5502278 -0.09635871 0.8294362 0.2498342 0.9682881 -0.001027464 -0.3078312 -0.9514102 0.007652163 0.02285891 0.07245671 0.9971096 -0.4950451 0.8496209 0.1818646 -0.2050207 -0.978438 0.02501404 -0.6370256 -0.5206142 0.568471 0.06152099 -0.9977089 -0.028149 -0.7578192 0.6278868 -0.1773931 -0.0746389 0.02033883 -0.9970033 -0.8624908 -0.4404328 0.2492559 0.8652459 0.4905495 0.1034938 0.4757503 0.8532567 0.2135764 -0.6296055 -0.7766382 -0.02073729 -0.179645 -0.3491978 -0.9196678 -0.8221148 0.5233213 -0.2241922 -0.524487 -0.7346146 0.4304125 0.663737 0.5237774 -0.5339574 0.2901323 0.8513455 -0.4370747 0.2704955 0.9112782 -0.3104905 -0.5781688 -0.8159148 0.002025783 -0.7978283 0.5930474 -0.1084662 -0.6564625 0.6436057 0.3934831 -0.7361651 -0.6199541 -0.2715106 -0.3192795 -0.8311855 -0.4551828 -0.3148233 -0.3661488 0.8756833 0.5024734 0.8616082 0.07177728 -0.006993234 0.5215182 -0.8532115 0.1306411 -0.9011365 -0.4133838 0.08031499 0.9965318 -0.02177232 0.7433234 0.09726452 -0.6618233 -0.5497023 -0.8340436 -0.04689067 0.04650318 0.7407814 -0.6701347 0.3881536 0.9211287 -0.02930426 -0.4430889 -0.8961349 0.02478778 0.2569757 0.9654747 -0.04268699 0.7356775 0.4843438 0.4734867 0.3596808 0.9325398 -0.03161215 0.7913981 0.2237778 -0.5688696 0.6391973 0.7384036 -0.2149118 0.7926878 0.2743923 0.5443851 0.4192949 0.8085516 -0.4128391 0.7184079 0.6951149 -0.02655893 -0.7394581 -0.6725546 0.02953082 -0.6527417 0.5592599 0.5110349 0.7358172 0.4292157 0.5237815 0.545935 -0.7329768 -0.4058324 -0.4577299 0.877568 0.1426811 -0.9535445 -0.2809451 -0.1087334 0.9776853 0.2099502 0.007239282 -0.9153925 -0.4005883 -0.03981953 0.7911859 0.6073355 0.07189363 0.8258447 0.2328547 0.5135751 0.5321411 0.8361729 -0.132819 0.2427434 0.5467819 -0.8013147 0.9219836 0.38722 -0.002615034 -0.742539 -0.6692904 -0.02619439 0.7522934 0.6582524 0.02754211 0.9076545 0.4197176 -7.92634e-4 -0.9027357 -0.4301903 0.002173244 -0.5875837 0.4845516 0.6480396 0.8015894 0.5978742 -9.62371e-4 -0.8844233 -0.4666547 0.005371809 0.59699 -0.7311751 0.3301302 0.8253012 0.5646915 -0.001249372 -0.9284195 -0.3713759 0.01083409 0.6872566 -0.2865471 0.6675097 0.7274806 0.6861268 -0.001429736 -0.8451176 -0.5342639 0.01839649 -0.7401199 0.4411405 0.5075606 -0.5900305 -0.8042617 -0.07090306 -0.4467426 0.8807867 -0.1569584 0.1823197 0.9255299 0.3318945 -0.9753066 -0.1945547 0.104525 0.9123092 0.4067199 0.0476551 0.148729 -0.9769648 0.1530341 -0.9921631 -0.124694 0.007989585 -0.7315998 -0.3831357 -0.5638874 0.7565374 0.01754707 -0.653715 0.654291 0.4300668 -0.6220498 0.7789937 0.5059264 -0.370415 -0.1918719 0.915499 -0.3536197 -0.7661579 -0.1070154 0.6336796 -0.8966511 -0.3810204 0.225478 -0.06011545 -0.1503937 -0.9867967 -0.1107248 -0.3745611 0.9205672 -0.9513973 0.158199 -0.2642279 -0.934584 -0.05647408 -0.3512315 -0.7228015 -0.1010997 0.6836204 0.8790465 0.4714075 -0.07108104 -0.8559154 0.3932017 -0.3358589 -0.524372 -0.6787104 -0.514185 -0.9588705 0.1910615 -0.2099118 -0.4038899 -0.9023059 -0.1507219 0.4620808 0.4342905 -0.7732226 0.8871194 0.4606817 -0.02814 -0.928873 -0.369626 0.02391129 0.9551498 0.2889879 -0.06461262 0.9056554 -0.1875745 0.3802687 0.9988802 0.02309584 -0.04129356 0.5710213 -0.6214727 -0.5363826 0.9096986 0.195857 -0.3661811 0.590118 -0.2724384 0.7599593 0.8484518 0.1970372 -0.491229 0.995426 -0.09156149 -0.02727174 -0.9453385 0.325078 0.02568227 0.01936018 0.9357774 0.3520596 0.8593564 -0.203545 0.4691227 -0.8982918 0.4366493 -0.0490849 0.1583982 -0.5923585 -0.7899503 -0.3676556 0.8260956 0.4270778 0.9368177 -0.3496364 -0.01127487 -0.9994788 0 0.03228467 0.6984919 -0.7146853 -0.03652364 0.1415181 -0.239627 0.9604955 0.6952351 -0.3361691 0.6353256 0.9404393 -0.3399547 -0.002186775 -0.9992484 -0.02879428 -0.02595424 0.9998473 0.004499137 0.01689237 0.9376835 -0.3474901 -6.27595e-4 -0.9324839 0.3611724 0.005318343 0.1113531 -0.9412986 0.318681 0.9713865 -0.2375032 -8.15819e-4 -0.9312262 0.3644067 0.005066335 -0.04398024 0.4744552 0.8791803 0.9539273 -0.3000351 -0.001260399 -0.9741528 0.2255077 0.01313644 -0.1772085 0.5128496 0.8399896 0.9274028 0.3740637 -7.0161e-4 -0.9895989 0.1423183 0.0209667 -0.05649322 0.2591614 0.9641805 -0.9907225 -0.118371 -0.0667634 0.04096794 0.9942808 -0.09862852 -0.9102396 -0.3887728 0.1425473 -0.8068583 0.5856318 0.07755744 0.8394671 -0.5383659 0.07387363 0.7856213 0.3218085 0.5284302 -0.7941087 0.6077666 -0.003361761 -0.7679209 0.1895024 -0.6118714 0.6009607 -0.5890015 -0.5402995 0.8852739 -0.3793109 -0.2690976 0.906356 -0.3574122 -0.2253336 0.4966855 0.7440668 -0.4468423 -0.597069 0.6770103 0.430309 0.9999788 0 -0.006530046 0.669021 -0.7431464 0.01201671 -0.9989908 -0.0448575 -0.002316415 -0.8876385 0.4571231 -0.05600327 0.4908573 -0.8646912 0.106622 -0.4133353 0.8890867 -0.1966692 -0.1801209 0.9818734 -0.0590009 -0.7139533 0.6425448 0.2782214 0.5245776 0.009180247 -0.8513132 -0.7643096 -0.1941604 -0.6149249 0.9914729 -0.1284459 -0.02198034 0.7628003 0.2788711 -0.5834095 -0.9445711 0.3265135 -0.03427034 -0.6893002 0.7240379 -0.02518653 0.7335321 -0.6709028 -0.1087204 -0.352639 -0.002720654 0.9357555 0.8349246 -0.4989852 -0.2321957 0.01093769 0.9034987 -0.4284512 0.1154893 0.1135838 0.9867933 -0.5601424 -0.5142945 -0.6494165 0.7782401 -0.626291 -0.04584801 -0.8679403 0.4953441 0.03624755 -0.7326489 0.6801387 0.02523952 0.3293197 -0.9442086 0.004347562 0.266964 0.9635673 0.01638877 0.2610655 -0.9653211 -3.60339e-4 -0.9469536 0.3212932 -0.00705254 0.8622246 -0.5010849 0.07404571 -0.7727488 0.62253 0.1237569 0.9731508 -0.2074803 -0.09964799 0.8904803 -0.4500709 0.06694138 0.6643269 -0.6395855 -0.3867819 -0.9125485 0.4088275 0.01075142 0.9958481 -0.09099596 0.002513349 0.09634172 0.9774636 0.1878383 0.9964699 0.06292533 0.05557054 -0.9919967 -0.06321096 0.1093026 0.5985362 0.1289455 -0.79065 -0.9905521 -0.02502411 0.1348348 -0.4913157 0.2669206 -0.8290732 -0.7768405 0.02493834 -0.6292034 0.8602172 0.4853407 0.1564324 -0.05983054 0.8965647 -0.4388533 0.6147638 -0.2701748 0.7409933 -0.3527621 -0.9339664 0.05714571 -0.8129233 0.3520017 -0.4639512 -0.1468544 0.08540576 0.9854642 -0.2302376 -0.9541301 0.1913808 0.2000277 0.9786267 -0.04773563 0.7974686 0.1315772 -0.5888389 0.02130413 0.1606226 0.986786 0.3557012 -0.9188426 0.1708948 -0.1376617 -0.9851995 0.1021336 -0.1797305 -0.9739565 0.1382234 0.2227425 0.8158488 -0.5336446 -0.9749306 0.2224898 -0.002961933 0.1367891 -0.9626467 0.2336668 -0.8985511 -0.3912209 -0.1988779 -0.9774443 -0.1603389 -0.1374561 0.01348352 -0.03059482 -0.999441 0.986617 -0.161234 -0.02430027 0.08792042 0.04117739 -0.9952762 0.4603013 -0.06056702 -0.8856942 0.2121316 0.06718039 -0.9749292 0.3172187 -0.9483302 0.006490707 0.3068713 -0.9517171 0.008041024 0.773823 -0.05069553 -0.63137 0.4031011 -0.9151512 0.002778708 0.3852822 -0.9227957 -0.002419888 0.7740136 0.5167671 -0.3658617 0.2665188 -0.9638251 0.00300467 0.2424719 -0.9701583 4.84527e-4 -0.2870646 -0.7260645 -0.6248394 0.3114424 -0.9502177 0.009491086 -0.3455798 -0.7719366 -0.5335621 0.2432726 -0.9693041 0.0356099 0.532635 0.5431343 -0.6490802 -0.6881021 -0.7005113 -0.1892074 -0.0421009 -0.999102 0.004786133 0.5853423 0.2952322 -0.7551241 -0.6238091 0.4298025 0.6527879 0.4506825 -0.8823531 -0.1354188 -0.6152132 0.7829535 -0.09217673 0.03250312 0.9993866 -0.01303845 -0.6784837 0.4395948 0.5885716 0.4593698 -0.8862065 -0.06014704 0.5694066 -0.8220561 2.50249e-4 -0.3029041 0.9529114 0.01445418 -0.6190496 0.7553186 -0.215108 0.4514192 0.8919636 0.02493578 -0.3195534 -0.947306 -0.02229255 -0.2632571 0.9460413 -0.1889489 -0.7637143 0.07447588 -0.6412441 0.05005759 0.9796641 -0.1943004 0.6110575 0.4654879 0.6402577 -0.5275787 -0.6625193 -0.5317228 -0.4270045 -0.4755762 -0.7690869 -0.7309035 0.278192 0.6232089 -0.06904786 0.9911863 -0.1130584 0.5540387 0.8324499 0.008264839 -0.5281262 -0.849166 -8.49792e-5 0.2708241 0.9554461 -0.117376 -0.6911196 0.6271069 -0.3592921 0.4002362 0.8568084 -0.3251005 0.1178852 -0.9721609 -0.2024999 0.5340249 0.819366 -0.2084632 -0.172867 -0.7116721 -0.680911 0.2456365 0.9693615 0.001056134 0.1045959 0.9862887 -0.1276496 0.3797863 0.9250739 9.57576e-4 0.3864187 0.9223234 3.6917e-4 0.1315051 0.5879328 -0.7981488 0.3797878 0.9250724 0.001524686 0.3869042 0.9221197 6.70551e-4 0.6687783 0.4944929 -0.5551688 0.3740528 0.9274048 0.00226432 0.385383 0.9227563 8.51738e-4 0.6959082 0.3443024 -0.6302124 0.3233846 0.9461655 0.01390671 0.3390701 0.9407044 0.0103389 0.6875889 0.2763846 -0.6714411 -0.6398897 -0.7684668 0 -0.7717464 -0.6359305 0 0.6034158 0.7974203 -0.003219425 -0.343512 -0.8980732 -0.2747071 -0.1326508 0.9911196 0.009263217 -0.1635379 -0.3472576 -0.9234 -0.8552291 0.4124065 0.3138535 -0.743282 -0.2795199 -0.6077833 -0.008504331 -0.9741854 0.2255899 0.04107284 -0.01118153 -0.9990936 0.3077036 0.2406516 0.9205462 -0.7200659 -0.668056 -0.1876336 -0.731159 -0.4871693 -0.4775695 0.3529291 0.1705998 -0.9199656 -0.5271278 0.8494606 -0.02352112 0.6023484 -0.6460345 0.4688452 -0.7988719 -0.4489142 -0.4003494 -0.5249294 0.6851189 -0.505036 -0.09440088 -0.1244874 0.9877203 -0.8520481 -0.4971501 -0.1638776 -0.5150264 0.09334272 -0.852077 0.1157462 0.4925857 -0.8625325 0.9369104 0.3484445 0.02802693 -0.9864631 0.1639018 -0.005197823 0.4472333 0.8883092 -0.1043508 -0.2673135 -0.5010665 -0.8230892 -0.9810785 -0.09379822 0.1693724 0.8867131 -0.3169146 0.3366082 0.5500931 0.7364427 -0.3937634 0.9887064 0.149627 0.008456647 -0.9799625 -0.1991813 -6.22546e-4 -0.9828808 -0.1189553 0.1406951 -0.2734485 0.2439006 -0.9304507 0.5406524 0.4082002 -0.7355731 -0.8975183 0.3046333 -0.3188409 -0.2100452 0.5108436 0.8336187 0.7185853 0.6879248 -0.1019547 -0.1464753 -0.2647423 -0.9531299 0.9607946 0.1913272 -0.2006679 -0.4817405 -0.4150229 -0.7718045 -0.08791059 0.9961282 6.74231e-4 0.06159305 0.1363802 -0.98874 0.8583006 0.5131472 4.22347e-4 -0.4166742 -0.9015154 -0.1168439 0.879088 0.1736634 -0.443898 0.8969345 0.442163 7.07973e-4 -0.9071589 -0.4182724 -0.04594779 0.8692017 -0.1520156 -0.4705102 0.9085233 0.4178335 8.15739e-4 -0.888638 -0.4580173 -0.02329522 -0.005100369 0.04370856 -0.9990314 0.9272373 0.3743839 0.008240401 -0.9231773 -0.3840939 -0.0146858 0.8501533 -0.4639417 -0.2489929 -0.0792092 0.996858 0 0.4717252 0.8817458 0 0.9685446 0.2488209 -0.003105878 -0.9192652 -0.3279381 -0.2177342 -0.06939405 -0.9968969 -0.0371626 -0.5165321 -0.8369964 0.1806422 -0.2789006 0.9132882 -0.2968487 0.2996144 -0.1524394 -0.9418033 -0.9661516 -0.1813106 -0.1835147 -0.2379369 0.9128386 0.331831 -0.06257849 0.9261122 -0.3720218 -0.9655195 0.1363593 -0.2217619 -0.8304862 0.2313106 -0.5067427 -0.5447635 0.3178814 -0.7760053 0.8618894 0.504239 -0.05375736 -0.9862616 0.1642307 -0.01779025 -0.008539736 0.6923906 -0.7214724 0.03588438 0.988238 -0.1486544 0.8533796 -0.521233 0.007720828 0.2344925 0.9140799 0.3308645 -0.9875307 0.1515753 0.04252231 0.5806285 0.3225892 -0.7475338 0.8921371 -0.45121 0.02238428 -0.9246253 0.3792934 -0.03470873 0.9310181 0.3621985 0.04491859 0.818347 -0.5560044 -0.1454908 0.5743554 -0.3246966 -0.7514573 -0.8645116 -0.3892455 -0.3179744 0.9640015 -0.1925631 -0.1833596 -0.2316417 -0.577209 0.7830529 -0.2312023 0.204028 -0.9512719 0.8022212 0.4391931 0.4044139 -0.1624905 0.4790182 0.8626345 -0.3452464 -0.7489457 -0.565584 -0.9495276 0.1093817 0.293995 -0.4035454 0.3327013 0.8523268 -0.9985988 0.04208058 0.03208845 0.7216531 0.02913492 0.6916416 0.9095793 -0.4102411 0.06608998 -0.5479068 -0.6416806 -0.5366976 0.2610738 0.2817289 -0.9232926 -0.7330204 -0.4224081 0.5331534 0.6798948 -0.7332816 0.00642389 -0.9955893 -0.05349546 0.07707315 -0.2987069 0.9532465 0.04577726 0.5605394 0.8030692 -0.2021766 -0.7137715 0.5415185 0.4441713 0.6159589 0.7740697 -0.1463248 -0.7176872 0.665757 -0.204188 -0.9607729 0.1972436 -0.1949631 0.899235 -0.4365468 -0.02834653 -0.5902026 -0.8066024 -0.03246086 0.8156047 -0.5785304 -0.009568214 0.4107898 -0.4255068 0.8063471 0.6962359 0.6737156 0.2477154 -0.5466197 -0.5738936 -0.6097977 0.822691 0.4677222 -0.3231337 -0.01324343 0.9936242 -0.1119621 -0.05720883 -0.996162 0.06624585 -0.4206382 -0.9064869 0.036677 0.01629775 -0.1715064 0.9850482 0.6437135 -0.07980936 0.7610937 -0.6909354 -0.6854429 0.2297309 -0.01600444 0.9944875 -0.1036276 0.2266908 0.1439182 -0.9632751 0.09170925 -0.1327819 0.9868934 0.1689658 -0.8606628 -0.4803231 0.9145427 -0.3397101 -0.2195648 0.5868437 -0.6348669 0.502552 -0.3455766 0.03848463 0.9376012 0.3644527 0.490187 0.7917645 -0.6686398 -0.7426342 0.03761982 0.1030742 -0.1165212 0.9878252 0.9339328 0.3425916 0.1019835 0.5119545 0.4920266 -0.7041395 -0.8059256 -0.5576345 -0.198816 0.4895852 -0.8595995 -0.1462701 -0.09529584 0.0152111 -0.9953328 -0.7038261 -0.2314081 0.6716242 -0.6273795 0.7037768 -0.3333063 -0.6844719 0.7230344 -0.09337913 0.5343342 0.8446153 0.03334623 0.02937626 0.5580513 0.8292863 -0.4300173 -0.8919581 0.1396282 -0.3604983 0.301235 -0.8827788 0.6493762 0.5809714 -0.4906963 0.7040265 0.6471173 -0.2925508 0.001137077 0.9620186 -0.2729817 -0.008574604 0.9972692 -0.07335376 -0.4977973 0.8670727 0.01956546 -0.7069433 0.7066774 0.028952 0.3130915 0.2500979 0.9162014 -0.186632 0.01266628 0.9823482 -0.8041868 0.06592667 0.5907093 -0.3268743 -0.7932425 0.5137308 0.8486672 0.5281851 0.02800869 0.2653876 -0.005731403 -0.9641248 0.02980637 0.07743251 -0.9965521 0.112107 -0.9923039 -0.05258399 -0.2228238 -0.5329769 -0.8162629 -0.3830358 -0.7615422 -0.5228165 0.4352777 0.3773024 0.8174206 -0.2175692 0.9137451 -0.3431233 -0.898896 -0.0125966 0.4379811 0.142477 -0.9882275 -0.05573952 -0.5289935 0.8096969 0.2540806 -0.9948604 -0.1011428 0.004807829 -0.302358 -0.2703832 0.914042 -0.3793406 -0.6445316 0.6638372 -0.675711 -0.4582196 -0.5774509 -0.6483812 0.7612254 -0.01173371 -0.6666666 0.7452443 -0.01290559 0.8191615 0.5518792 -0.156218 0.6238048 -0.4579351 0.6333745 0.2603206 0.5310419 -0.806367 0.6237234 -0.7577643 -0.1917356 -0.6578545 0.7524395 -0.03259295 -0.6533174 0.7563952 -0.03229027 0.2805984 -0.817596 0.5027935 -0.3512568 0.8721297 0.3406002 0.4902892 0.6864088 -0.5370844 -0.3098281 0.8692247 -0.3852987 0.3311515 0.6393783 -0.6939266 0.1877331 -0.2267621 0.9556857 0.148359 0.9698176 -0.1935027 0.08675754 0.2731978 -0.9580377 0.9301636 0.3254989 0.1698418 -0.9823107 0.1479538 0.1147838 0.3703801 0.8814793 -0.2929386 -0.5014091 -0.6999857 -0.5085362 -0.6199742 -0.7641105 0.1782336 -0.4598156 -0.3994848 0.7930836 -0.9955902 -0.09380739 7.59995e-4 0.9017402 -0.006751716 0.4322258 0.9807768 0.172891 0.09047484 0.09567123 -0.0318827 0.9949023 -0.2629584 0.3478921 -0.8999022 -0.7019909 0.712104 0.0107975 0.6341639 -0.5603823 0.5327362 -0.665915 0.7460276 2.98889e-4 -0.2636232 0.964603 -0.006626486 -0.1805903 0.6850934 0.7057154 -0.2574433 0.9662574 -0.008355438 0.003683328 0.9999932 3.68512e-4 0.998505 0.05466055 1.86828e-5 0.865394 -0.5010921 -1.89119e-4 -0.7051786 0.7090297 2.72768e-4 -0.003172159 0.9999949 3.90623e-4 4.75586e-7 -1 -3.95033e-4 -0.2935577 -0.4189268 0.859258 -0.01145702 -0.3430095 0.9392621 0.376788 -0.9262996 -3.72638e-4 0.3588521 0.9333944 3.79191e-4 0.3827142 0.9238667 3.5145e-4 0.2262978 0.2257514 0.9475367 0.7070973 0.7071163 2.82169e-4 0.7044523 -0.7097513 -2.71039e-4 -0.7082065 -0.7060054 -2.59079e-4 -0.5683422 0.6060564 0.5564916 -0.6928367 0.719874 -0.04193675 -0.04454326 0.9990065 -0.001397132 0.01453018 0.4591285 0.8882511 1.63451e-4 0.9985907 -0.05307388 -0.2433506 0.9699383 3.86614e-4 -0.708149 0.7060631 2.72401e-4 0.9127914 -0.4084261 -1.6023e-4 0.3314373 -0.9434772 -3.4847e-4 0 0 1 0.2877138 0.9577164 4.15675e-4 -1 0 0 0.7589222 -0.6511813 -2.6582e-4 -0.498303 -0.8670029 -3.07957e-4 -0.1762493 -0.8021958 0.5704544 -0.03201532 0.9994858 -0.001811563 -0.01949518 0.7155564 0.698283 0.00835812 -0.9999651 -3.9727e-4 -0.4469165 -0.5521796 -0.7038205 0.01093453 -0.8134334 -0.5815555 -0.3948716 -0.9187363 -3.75359e-4 -0.7678784 0.6402634 -0.02063101 -0.7199977 0.6917783 -0.05519306 -0.3824191 0.9239556 -0.007853627 -0.3990259 0.916937 -0.002200901 -0.3671041 0.9301753 0.002931118 0.03233456 0.7069018 0.7065723 0.023319 0.9982177 -0.05493503 0.7186301 -0.6953926 -2.77958e-4 0.7256016 -0.6881151 -2.80654e-4 -0.3847047 -0.9230331 0.003499567 -0.3626694 -0.9318986 -0.005990207 -0.3767286 -0.9262025 0.01498198 0.390142 0.9207547 3.68892e-4 0.4616934 -0.8870396 -3.30205e-4 0.2842429 0.9587523 4.28151e-4 0.1806398 0.6835118 0.7072347 0.2740302 0.9617188 -0.002093672 -0.01784521 0.9998404 -8.76577e-4 -0.01355886 0.7135151 0.7005088 -0.03971976 -0.9989903 -0.02099376 0.004138112 -0.6870799 0.7265701 -0.01400685 -0.385577 0.9225693 -0.9986342 -0.05224859 -1.66759e-5 -0.9799433 0.1992766 8.75728e-5 -0.4023792 -0.9154115 0.01062595 -0.1325011 -0.7357329 0.6641841 -0.3591989 -0.9331921 -0.01134306 -0.3519196 0.9360302 3.44579e-4 -0.3813356 0.9242004 0.02089947 -0.3617674 0.9322282 0.008658707 -0.7127429 0.7014254 2.83442e-4 0.4866746 0.8735833 3.66928e-4 -0.5920659 0.8058896 0 -0.3940185 -0.9190875 0.005280792 -0.3615713 -0.9323006 -0.009043455 0.8474581 -0.5308625 -2.11404e-4 0.02851092 0.7073953 0.7062429 0.01957398 0.998571 -0.04972887 0.4563455 0.8898026 3.47579e-4 0.1192177 0.4409632 0.8895722 0.266993 0.9636934 -0.003115475 -5.26761e-4 -0.9999998 -4.20184e-4 -4.23654e-4 -0.9999998 -3.91412e-4 -5.13368e-4 -0.9999999 -3.87629e-4 -0.4015622 -0.9157938 0.008343517 -0.02654826 -0.9985384 -0.04707884 4.04061e-4 -0.6858085 0.727782 0.8609129 -0.5087168 -0.006015777 0.3710571 -0.2176558 0.9027417 0.2642669 -0.1545078 0.9519929 -0.01514345 -0.9998853 -3.9524e-4 0.7225031 -0.6913677 -2.7413e-4 0.7122611 -0.7019146 -2.70244e-4 0.7120621 -0.7021165 -2.70168e-4 0.2632962 -0.4790099 0.8373917 0.1046138 -0.5086635 0.8545861 -0.4895631 0.8719679 3.47564e-4 -0.2556886 -0.9667592 -3.77506e-4 -0.2014939 -0.6771362 0.7077337 -0.1182934 -0.430493 0.8948086 -0.7970512 0.6037787 -0.01267397 -0.2751807 0.3558877 0.8930956 -0.7683834 0.6386364 -0.04160219 -0.2656974 -0.9640565 -3.51561e-4 -0.001848161 -0.9999983 -4.03915e-4 -0.001162528 -0.7061933 0.7080183 0.9706549 -0.240477 -1.0333e-4 -0.9586543 0.2845733 1.07576e-4 -0.9515398 0.3075256 9.38494e-5 0.01521575 0.3853163 0.9226592 0.03707617 0.9990066 -0.02472257 0.3978266 -0.9174606 -3.61259e-4 -0.3826555 0.9238911 3.66513e-4 0.2971851 0.7170364 0.6305077 -0.4873974 -0.8731802 -3.67508e-4 0.1495904 -0.9887481 0 -0.5781103 -0.5765157 0.5774237 -0.02805864 -0.9981508 -0.05392467 0.5547167 -0.5703636 0.6057845 -0.2522639 -0.9676584 -3.57948e-4 -0.305027 -0.9402999 0.1509789 -0.7004877 0.7136645 2.86974e-4 0.6944267 -0.7186871 -0.03550285 0.563241 0.6051294 0.5626527 0.707279 -0.7069345 -2.75788e-4 0.003733813 0.9982613 -0.05882579 0.7368164 0.6760929 2.91788e-4 -1.06157e-4 -1 -3.7265e-4 -1.07534e-4 -1 -4.01923e-4 0.3474749 0.9376893 3.63687e-4 -0.265021 -0.9642426 -3.84277e-4 -0.6983538 0.7157527 2.51632e-4 -0.5115442 -0.8592327 -0.006465911 -0.2431905 -0.4170579 0.8757403 -0.4739781 -0.821159 0.3178725 -0.4830084 0.4716442 0.7377363 -0.7088449 0.7053645 2.66458e-4 -2.25308e-4 -1 -3.81805e-4 -2.29446e-4 -0.9999999 -3.88691e-4 -0.2557767 0.9619572 0.09600347 -0.2537686 0.9672541 -0.004607319 -0.7035123 0.7106832 2.89178e-4 -4.24303e-4 -0.9999998 -3.89217e-4 -0.7071116 0.707102 2.54363e-4 -0.2970348 0.7170375 0.6305773 0.704803 -0.7094032 -2.86148e-4 -0.2181746 -0.9759097 -3.92816e-4 0.001647889 -0.2955392 0.9553292 0.8274836 -0.5614899 -1.89095e-4 0.3139157 -0.1571686 0.936352 0.8861002 -0.4385827 0.1499055 -0.372166 -0.9281334 0.007813453 0.3705037 -0.9272741 0.0537579 -0.4000484 0.9164924 0.001788318 -0.5132864 0.8576972 -0.02987825 -0.4112375 0.9115223 0.003273129 -0.4492877 0.6319103 0.6315299 -0.4408535 0.8975504 0.007176339 -0.001671433 0.9999986 -3.43406e-4 -0.3788903 0.921169 -0.0888248 -0.390344 0.9195895 -0.04457193 -0.4139385 0.9102978 0.003612577 0.3026302 -0.9528549 0.02196609 0.3833132 -0.9236139 0.002886235 0.3785097 -0.9255595 0.00837326 0.4047155 -0.9144417 0.001433908 0.4062783 -0.9137289 0.006120085 0.4113032 -0.9114277 0.01136767 -0.3893515 0.9205446 -0.03167277 0.3065304 -0.2325036 0.9230283 0.78296 0.5827416 0.2176833 0.8090026 0.5661324 0.1581426 -0.05309909 0.35102 0.9348613 0.6434805 -0.03532534 0.7646471 0.6539783 -0.6529821 0.3820036 0.4423696 0.6168244 0.6510276 -0.5701313 -0.8160818 0.09466278 -0.2324758 -0.5350798 0.8121852 -0.5272668 -0.8433747 0.1034849 -0.5243611 -0.8399947 0.1394788 -0.5267635 -0.8015431 0.282929 -0.5265454 -0.8014103 0.2837101 -0.4822241 -0.7327578 0.4801313 -0.484483 -0.7352392 0.474025 -0.2983833 -0.452573 0.8403244 0.3110907 0.7016021 0.641075 -0.9947873 0.06467598 -0.07883715 0.965058 -0.1416584 0.220445 0.9724763 -0.1692503 0.1601379 0.1188411 0.1680707 0.9785853 0.9766481 -0.1877439 0.1044549 0.9784873 -0.199748 0.05160677 0.7182114 -0.1050551 0.6878488 -0.675616 -0.1182546 0.727708 0.7138861 0.2689399 0.6465587 -0.9789892 -0.203535 -0.01239764 -0.9731883 -0.2057762 0.1027661 -0.973889 -0.2006812 0.1061481 -0.9640831 -0.1974747 0.1776166 -0.9395758 -0.1923206 0.2832143 -0.939266 -0.1933172 0.283563 -0.8622362 -0.1774712 0.4743973 -0.8612403 -0.1780161 0.4759994 -0.9638984 -0.199416 0.1764461 -0.9772049 -0.2061013 0.05092066 -0.5363712 -0.1140331 0.836243 -0.6081784 -0.1155737 0.7853418 -0.05127865 -0.3822004 0.9226557 0.05006957 0.3899462 0.9194754 -0.3643738 0.9297628 0.05265831 0.1038742 0.968788 -0.2250778 0.09102988 0.278806 0.9560235 0.3835822 -0.8975917 0.2172415 0.3373984 -0.9343286 0.1148589 0.2689695 -0.7204465 0.6392279 0.6595265 -0.3370502 0.6718795 -0.8400852 0.5237808 0.1411059 -0.8230577 0.5406839 0.1738883 -0.80156 0.525372 0.2854576 -0.8015813 0.5271673 0.2820675 -0.7332376 0.48752 0.4740115 -0.7360473 0.4831324 0.4741492 -0.4570277 0.2988172 0.8377553 -0.881874 0.4714831 0.001467585 1.92524e-4 -3.89406e-4 1 0.2408086 0.8477256 0.472623 -0.9955129 0.07026076 -0.0633834 0.2880628 0.9553249 0.0661391 0.2945065 0.9535125 0.06387543 0.9820969 0.1790301 0.05859994 0.9778171 0.2054406 0.04083842 -0.7758578 -0.6263895 0.07537275 -0.6649531 -0.743496 0.07107269 0.8230518 0.5406944 0.1738837 0.8274701 0.5521858 0.1019032 0.8263351 0.537141 0.1692629 0.7762617 -0.07230252 0.6262509 0.8326175 0.5481901 0.07896786 0.6669151 -0.7390393 0.09510689 -0.3574863 -0.6521173 0.6685407 -0.5024645 -0.8633786 0.04590141 -0.5597352 -0.8221814 0.1035114 -0.5703686 -0.8063377 0.1565229 0.8015536 0.52536 0.2854976 0.801594 0.5271906 0.2819877 0.6275284 -0.5244363 0.5754779 -0.7068126 -0.7066757 0.03202122 -0.8990934 -0.4307742 0.07787609 0.735947 0.4830586 0.4743801 0.4572172 0.2989721 0.8375967 0.7331033 0.4874857 0.4742546 -0.5891823 -0.779032 0.214414 -0.7737171 0.6329884 0.02621996 0.2315948 -0.2992024 0.9256575 0.8155352 -0.02509766 0.578163 -0.8629146 -0.5027562 0.05113559 -0.9823088 -0.1576416 0.1010872 -0.9673781 -0.1353929 0.2141221 -0.883283 0.07760041 0.4623737 -0.1348096 0.9907736 0.0139327 0.6970391 -0.1854819 0.6926276 -0.9428668 0.3328526 0.01454627 -0.9464499 0.3223645 0.01770937 -0.9346849 0.3536619 0.03588092 -0.928963 0.3681095 0.03902727 -0.896811 0.4404001 0.04216325 -0.9974297 0.01386702 0.07029837 -0.9972741 0.03439962 0.06527829 -0.9968587 0.05454826 0.05742263 0.6782203 -0.2004247 0.7069988 -1.9028e-4 3.87224e-4 -1 0.001159608 0.00390619 0.9999918 -1.90753e-4 3.85129e-4 -1 -1.18987e-4 3.17138e-4 1 -1.10973e-5 0 1 -1.79005e-4 5.58796e-4 -0.9999998 -0.2664872 0.2740571 -0.9240549 -0.6986661 0.7154475 -7.70956e-4 -0.2662509 0.2728269 -0.9244869 -1.78746e-4 5.58036e-4 -0.9999998 -1.92347e-4 3.91908e-4 -1 -0.01604729 -0.04091972 -0.9990336 0.04955327 -0.01937299 -0.9985836 -0.02242869 -0.05455034 -0.9982591 0.4587283 0.4872885 -0.7430467 -0.6651388 0.745882 0.03536176 -0.7009431 0.7108282 -0.05832886 -0.7261291 0.6857588 0.04971265 0.4944833 0.8591951 -0.1314158 0.676155 0.629711 -0.3824638 0.7533518 0.5617899 -0.3418381 -0.2997254 -2.51573e-4 0.9540255 0.4583619 -0.7172419 -0.5248511 0.679592 0.6381216 -0.361878 0.4378108 0.3708291 -0.8190284 0.915504 -2.14678e-4 -0.4023088 -0.6442555 -0.6383574 0.4212302 0.6028456 0.5710796 -0.5571763 0.7005542 -0.7128234 0.03326815 0.4612578 -0.8839235 -0.07694464 -0.8214154 -0.5613037 -0.1010701 -0.8024693 -0.5736547 -0.1642059 -0.7608348 -0.6002235 -0.2467026 -0.6242268 -0.6338682 -0.4566749 0.6644194 -0.7385333 -0.1145236 -0.5017445 -0.4471135 -0.7405012 0.5926428 0.7987828 -0.1035399 0.6622148 0.7444921 -0.08487206 0.3682559 0.5551739 -0.7457678 0.5540424 0.5616612 -0.6144703 -0.3802651 -0.9239309 -0.04183638 -0.3999338 -0.7952709 -0.4556287 0.8572621 0.446127 -0.2570458 0.4468457 0.8923977 -0.06289368 -0.7298974 -0.2525489 -0.635192 0.5455579 0.1100554 -0.8308156 -0.6922741 0.1982051 -0.6938813 -0.9677827 0.13388 -0.2132438 0.9731132 0.08577239 -0.213761 0.9533001 0.2946547 -0.06631463 0.9684877 0.1979771 -0.1511187 0.9367476 0.1824366 -0.2986988 0.9718567 0.1810101 -0.1507648 0.8894513 0.203989 -0.4089805 0.6349361 0.1847224 -0.750156 0.583774 0.08207654 -0.8077571 0.9765934 0.2150056 -0.006160378 -0.1021323 0.4513453 -0.8864855 0.651117 0.1634143 -0.7411764 -0.9800297 0.1529874 -0.127031 0.9370346 0.1755691 -0.301897 0.9996192 0 -0.02759706 -0.9992374 0.008693635 -0.03806823 -0.9805836 0.1791068 -0.07985466 -0.4650414 0.795327 -0.3888336 0.8835201 -0.4676219 -0.02687114 0.7993153 -0.5410077 -0.2615448 0.5335445 -0.4386278 -0.7231431 -0.4206749 -0.7158772 -0.5572724 0.7037786 -0.6940088 -0.1518144 0.9115051 -0.4070047 -0.05920988 0.8950174 -0.443897 -0.04358005 0.4136981 -0.3037515 -0.8582477 0.8566405 -0.4450191 -0.2610077 -0.4420747 0.4213703 -0.7918441 0.8546763 -0.3968997 -0.3346626 0.732409 -0.6750405 -0.08886831 0.7793813 -0.6196069 -0.0930159 -0.7276075 0.6858254 -0.01519566 -0.02663528 -0.08885437 -0.9956884 0.9304819 -0.364705 -0.03455322 -0.4869606 -0.8622984 -0.1389634 -0.4129438 -0.1891143 -0.8909059 0.6198875 0.7843288 -0.023831 0.2876471 0.9550309 -0.07193911 -0.9562605 -0.2622581 -0.1295636 -0.43651 0.1565925 -0.8859671 0.9127187 0.4081183 -0.01959943 -0.6024198 0.261187 -0.754236 -0.03562659 0.9893865 -0.1408725 0.9969883 -0.03134965 -0.07093316 0.9790176 0.1651033 -0.1194391 0.9964935 -0.04665184 -0.06945878 0.9968966 -0.0293858 -0.07303255 0.9679858 0.1122446 -0.2245101 -0.1150959 -0.9929329 -0.02893781 0.8071277 -0.1740162 -0.5641483 0.947094 -0.2995182 -0.1153333 -0.9009765 0.4311062 -0.04887634 0.992223 -0.09832644 -0.07632464 -0.6626049 -0.6851049 0.302632 0.1473132 -0.9820081 0.1181478 -0.6473437 -0.7003507 0.3007575 -0.6432505 -0.6848026 0.3424534 -0.6386932 -0.6616818 0.3927446 -0.7145399 -0.5664159 0.4106165 -0.2202041 -0.8857744 0.4085511 -0.4170172 -0.8493695 0.3235245 -0.6504184 -0.688566 0.3206758 -0.1928663 -0.4370818 0.8784999 -0.683785 -0.6358926 0.357881 -0.8343827 -0.3947244 0.3847055 -0.8655986 0.479775 0.1433702 -0.50726 -0.7761179 0.3746044 -0.4074769 -0.8358067 0.3679537 -0.4883783 -0.8093664 0.3262096 -0.5080487 -0.7858333 0.3526365 -0.536291 -0.7921634 0.291323 -0.4580448 -0.8333899 0.3092835 -0.8505983 -0.3527503 0.3899356 0.1088602 0.08949154 0.9900206 -0.4877578 -0.7695989 -0.4120802 -0.4700887 -0.8675438 -0.1624335 -0.5238879 -0.8261474 -0.2074175 -0.4297046 -0.8618605 0.2693518 -0.05370795 -0.1024845 -0.9932837 -0.4176399 -0.8890815 -0.1873801 -0.8576738 -0.3358698 0.3893422 -0.7955068 -0.4736116 0.3779696 1.92642e-4 -3.79363e-4 1 2.05455e-4 -6.83786e-4 0.9999998 1.91582e-4 -3.87607e-4 1 1.95814e-4 -3.70392e-4 1 1.92545e-4 -3.77726e-4 1 1.92635e-4 -3.87574e-4 1 1.95474e-4 -3.99079e-4 1 0.02444308 0.4501819 0.8926023 1.92633e-4 -3.89849e-4 1 1.80574e-4 -3.59782e-4 1 0.001236975 0.3225429 0.946554 2.30537e-4 -5.62282e-4 0.9999999 -0.1733789 0.6289758 0.7578452 2.52376e-4 -5.20268e-4 0.9999999 1.95259e-4 -3.39795e-4 1 2.03277e-4 -4.05441e-4 1 5.77489e-6 -1.15498e-5 1 1.98117e-4 -3.9482e-4 1 1.92516e-4 -3.90221e-4 1 1.9261e-4 -3.90171e-4 1 -0.2427306 0.2425417 0.9392845 1.87269e-4 -3.93225e-4 1 1.90576e-4 -3.94822e-4 1 1.92175e-4 -3.88725e-4 1 1.92807e-4 -3.89836e-4 1 1.93323e-4 -3.93637e-4 1 1.93521e-4 -4.0088e-4 1 1.93054e-4 -3.66241e-4 1 0.2473313 0.9567674 0.153047 1.94909e-4 -3.92507e-4 1 9.31097e-5 0.00312519 0.9999952 1.93899e-4 -3.92239e-4 1 1.9203e-4 -3.91967e-4 1 1.91775e-4 -3.89368e-4 1 1.84079e-4 -3.84348e-4 0.9999999 1.90149e-4 -3.8806e-4 1 -1.98165e-4 3.96221e-4 -1 1.93187e-4 -3.86375e-4 1 1.93246e-4 -3.85675e-4 1 -0.3350443 0.3964647 0.8547288 -0.00361824 -0.004457056 0.9999836 0 -0.001562476 0.9999989 0.8094823 -0.003428459 -0.5871345 -3.26681e-4 6.51839e-4 -0.9999998 -0.001562476 0.001562476 -0.9999976 -0.5707966 0.4032439 -0.7152523 0.7134153 -0.7007411 -8.70601e-4 -0.4612982 -0.474645 0.7496106 -2.29779e-4 5.74448e-4 -0.9999999 -0.6655312 0.74637 2.98717e-4 0.003700852 0.9999931 4.0729e-4 0.9989596 0.04560542 1.86913e-5 0.898612 -0.4387443 -1.78525e-4 -0.7109478 0.7032448 2.75e-4 -0.003195405 0.9999949 3.93491e-4 0.3773817 -0.9260578 -3.73225e-4 0.3583856 0.9335736 3.49568e-4 0.7124423 -0.7017306 -2.93693e-4 -0.2387209 0.9710882 3.79259e-4 -0.7075464 0.7066669 2.72169e-4 0.9149068 -0.4036653 -1.60602e-4 0.3322949 -0.9431755 -3.81132e-4 0.7024623 -0.711721 -2.61662e-4 0.2420901 0.9702538 3.49761e-4 0.7540523 -0.6568144 -2.64114e-4 -0.6752595 -0.7364054 -0.04161411 -0.3970087 -0.9178149 -3.77391e-4 -0.4039977 0.91476 -3.20112e-4 0.3926126 0.919704 3.24825e-4 0.4557639 -0.8901007 -3.62183e-4 -0.9992371 -0.03905469 -1.90697e-5 -0.9739147 0.2269145 8.7034e-5 -0.351504 0.9361864 3.82414e-4 -0.7039576 0.710242 2.79949e-4 0.4837583 0.8752016 3.28257e-4 -0.1495904 0.9887481 0 0.8450212 -0.5347329 -2.10796e-4 0.4569814 0.8894763 3.48064e-4 0.8664236 -0.499282 -0.005269289 -0.01496493 -0.999888 -3.90581e-4 0.7226991 -0.6911628 -2.74204e-4 -0.4990536 0.8665712 3.54301e-4 -0.2632662 -0.9647232 -3.80012e-4 0.9602515 -0.2791364 -9.37042e-5 -0.9584116 0.2853897 1.16511e-4 -0.9759243 0.21811 9.62544e-5 0.3912678 -0.9202768 -3.55303e-4 -0.4866396 -0.8736028 -3.30243e-4 0.5920686 -0.8058876 0 -0.2485207 -0.9686266 -3.3783e-4 -0.7092823 0.7049246 2.90577e-4 0.7018746 -0.7123005 -2.73681e-4 0.344503 0.9387851 3.60577e-4 -0.2646073 -0.9643562 -3.83678e-4 -0.7106997 0.7034955 2.84534e-4 -0.4984219 -0.8668052 -0.01497876 -0.7094923 0.7047132 2.62472e-4 0.714227 -0.6999142 -2.69261e-4 0.01114475 -0.9998378 -0.01414859 0.8276548 -0.561234 -0.001990377 -0.3683862 -0.9296729 3.69082e-4</float_array>
          <technique_common>
            <accessor source="#octagon_v1_002-mesh-normals-array" count="2793" stride="3">
              <param name="X" type="float"/>
              <param name="Y" type="float"/>
              <param name="Z" type="float"/>
            </accessor>
          </technique_common>
        </source>
        <source id="octagon_v1_002-mesh-map-0">
          <float_array id="octagon_v1_002-mesh-map-0-array" count="18744">-0.03272497 -0.4749096 0 -0.490874 0 -0.458149 0 -0.458149 0 -0.490874 0.03272497 -0.490874 0 -0.458149 0.03272497 -0.490874 0.03272497 -0.458149 0.03272497 -0.458149 0.03272497 -0.490874 0.06544995 -0.490874 0.03272497 -0.458149 0.06544995 -0.490874 0.06544995 -0.458149 0.06544995 -0.458149 0.06544995 -0.490874 0.09817498 -0.490874 0.06544995 -0.458149 0.09817498 -0.490874 0.09817498 -0.458149 0.09817498 -0.458149 0.09817498 -0.490874 0.1309 -0.490874 0.09817498 -0.458149 0.1309 -0.490874 0.1309 -0.458149 0.1309 -0.458149 0.1309 -0.490874 0.163625 -0.490874 0.1309 -0.458149 0.163625 -0.490874 0.163625 -0.458149 0.163625 -0.458149 0.163625 -0.490874 0.19635 -0.490874 0.19635 -0.425424 0.163625 -0.392699 0.163625 -0.425424 0.163625 -0.425424 0.163625 -0.392699 0.1309 -0.392699 0.163625 -0.425424 0.1309 -0.392699 0.1309 -0.425424 0.1309 -0.425424 0.1309 -0.392699 0.09817498 -0.392699 0.1309 -0.425424 0.09817498 -0.392699 0.09817498 -0.425424 0.09817498 -0.425424 0.09817498 -0.392699 0.06544995 -0.392699 0.09817498 -0.425424 0.06544995 -0.392699 0.06544995 -0.425424 0.06544995 -0.425424 0.06544995 -0.392699 0.03272497 -0.392699 0.06544995 -0.425424 0.03272497 -0.392699 0.03272497 -0.425424 0.03272497 -0.425424 0.03272497 -0.392699 0 -0.392699 0.03272497 -0.425424 0 -0.392699 0 -0.425424 0 -0.425424 0 -0.392699 -0.03272497 -0.392699 0 -0.425424 -0.03272497 -0.392699 -0.03272497 -0.425424 -0.03272497 -0.425424 -0.03272497 -0.392699 -0.06544995 -0.4441944 0.163625 -0.458149 0.19635 -0.458149 0.163625 -0.425424 0.163625 -0.425424 0.1309 -0.425424 0.163625 -0.458149 0.163625 -0.458149 0.1309 -0.425424 0.1309 -0.458149 0.1309 -0.425424 0.09817498 -0.425424 0.1309 -0.458149 0.1309 -0.458149 0.09817498 -0.425424 0.09817498 -0.458149 0.09817498 -0.425424 0.06544995 -0.425424 0.09817498 -0.458149 0.09817498 -0.458149 0.06544995 -0.425424 0.06544995 -0.458149 0.06544995 -0.425424 0.03272497 -0.425424 0.06544995 -0.458149 0.06544995 -0.458149 0.03272497 -0.425424 0.03272497 -0.458149 0.03272497 -0.425424 0 -0.425424 0.03272497 -0.458149 0.03272497 -0.458149 0 -0.425424 0 -0.458149 0 -0.425424 -0.03272497 -0.425424 0 -0.458149 0 -0.458149 -0.03272497 -0.425424 -0.03272497 -0.4749096 -0.03272497 -0.425424 -0.06544995 -0.4441944 -0.03272497 -0.4749096 -0.06544995 0.2168168 -0.03272497 0.19635 -0.04026067 0.2403721 -0.04026067 0.2403721 -0.03272497 0.19635 0 0.19635 -0.04026067 0.2403721 0 0.19635 0 0.229074 0 0.229074 0 0.19635 0.03272497 0.19635 0 0.229074 0.03272497 0.19635 0.03272497 0.229074 0.03272497 0.229074 0.03272497 0.19635 0.06544995 0.19635 0.03272497 0.229074 0.06544995 0.19635 0.06544995 0.229074 0.06544995 0.229074 0.06544995 0.19635 0.09817498 0.19635 0.06544995 0.229074 0.09817498 0.19635 0.09817498 0.229074 0.09817498 0.229074 0.09817498 0.19635 0.1309 0.19635 0.09817498 0.229074 0.1309 0.19635 0.1309 0.229074 0.1309 0.229074 0.1309 0.19635 0.163625 0.19635 0.1309 0.229074 0.163625 0.19635 0.163625 0.229074 0.163625 0.229074 0.163625 0.19635 0.19635 0.19635 0.19635 0.261799 0.163625 0.294524 0.163625 0.261799 0.163625 0.261799 0.163625 0.294524 0.1309 0.294524 0.163625 0.261799 0.1309 0.294524 0.1309 0.261799 0.1309 0.261799 0.1309 0.294524 0.09817498 0.294524 0.1309 0.261799 0.09817498 0.294524 0.09817498 0.261799 0.09817498 0.261799 0.09817498 0.294524 0.06544995 0.294524 0.09817498 0.261799 0.06544995 0.294524 0.06544995 0.261799 0.06544995 0.261799 0.06544995 0.294524 0.03272497 0.294524 0.06544995 0.261799 0.03272497 0.294524 0.03272497 0.261799 0.03272497 0.261799 0.03272497 0.294524 0 0.294524 0.03272497 0.261799 0 0.294524 0 0.261799 0 0.261799 0 0.294524 -0.03272497 0.294524 0 0.261799 -0.03272497 0.294524 -0.03272497 0.261799 -0.03272497 0.261799 -0.03272497 0.294524 -0.04026067 0.2403721 0.163625 0.229074 0.19635 0.229074 0.163625 0.261799 0.163625 0.261799 0.1309 0.261799 0.163625 0.229074 0.163625 0.229074 0.1309 0.261799 0.1309 0.229074 0.1309 0.261799 0.09817498 0.261799 0.1309 0.229074 0.1309 0.229074 0.09817498 0.261799 0.09817498 0.229074 0.09817498 0.261799 0.06544995 0.261799 0.09817498 0.229074 0.09817498 0.229074 0.06544995 0.261799 0.06544995 0.229074 0.06544995 0.261799 0.03272497 0.261799 0.06544995 0.229074 0.06544995 0.229074 0.03272497 0.261799 0.03272497 0.229074 0.03272497 0.261799 0 0.261799 0.03272497 0.229074 0.03272497 0.229074 0 0.261799 0 0.229074 0 0.261799 -0.03272497 0.261799 0 0.229074 0 0.229074 -0.03272497 0.261799 -0.04026067 0.2403721 -0.04026067 0.2403721 -0.09817498 0.24511 -0.06544995 0.2168168 0.06544995 -0.6260315 0.03272497 -0.589049 0.03272497 -0.621774 0.03272497 -0.621774 0.03272497 -0.589049 0 -0.589049 0.03272497 -0.621774 0 -0.589049 0 -0.621774 0 -0.621774 0 -0.589049 -0.03272497 -0.621774 0 -0.621774 -0.03272497 -0.621774 0 -0.654499 0 -0.654499 -0.03272497 -0.621774 -0.03272497 -0.654499 0 -0.654499 -0.03272497 -0.654499 0 -0.687224 0 -0.687224 -0.03272497 -0.654499 -0.03272497 -0.687224 -0.03272497 -0.687224 -0.03272497 -0.654499 -0.06544995 -0.654499 -0.03272497 -0.687224 -0.06544995 -0.654499 -0.06544995 -0.687224 -0.06544995 -0.687224 -0.06544995 -0.654499 -0.09817498 -0.654499 -0.06544995 -0.687224 -0.09817498 -0.654499 -0.09817498 -0.687224 -0.09817498 -0.687224 -0.09817498 -0.654499 -0.1309 -0.654499 -0.09817498 -0.687224 -0.1309 -0.654499 -0.1309 -0.687224 -0.1309 -0.687224 -0.1309 -0.654499 -0.163625 -0.654499 -0.1309 -0.687224 -0.163625 -0.654499 -0.163625 -0.687224 -0.163625 -0.687224 -0.163625 -0.654499 -0.19635 -0.654499 0 -0.589049 -0.03272497 -0.589049 -0.03272497 -0.621774 -0.03272497 -0.621774 -0.03272497 -0.589049 -0.06544995 -0.621774 -0.03272497 -0.621774 -0.06544995 -0.621774 -0.03272497 -0.654499 -0.03272497 -0.654499 -0.06544995 -0.621774 -0.06544995 -0.654499 -0.03272497 -0.589049 -0.06544995 -0.589049 -0.06544995 -0.621774 -0.06544995 -0.621774 -0.06544995 -0.589049 -0.09817498 -0.621774 -0.06544995 -0.621774 -0.09817498 -0.621774 -0.06544995 -0.654499 -0.06544995 -0.654499 -0.09817498 -0.621774 -0.09817498 -0.654499 -0.06544995 -0.589049 -0.09817498 -0.589049 -0.09817498 -0.621774 -0.09817498 -0.621774 -0.09817498 -0.589049 -0.1309 -0.621774 -0.09817498 -0.621774 -0.1309 -0.621774 -0.09817498 -0.654499 -0.09817498 -0.654499 -0.1309 -0.621774 -0.1309 -0.654499 -0.09817498 -0.589049 -0.1309 -0.589049 -0.1309 -0.621774 -0.1309 -0.621774 -0.1309 -0.589049 -0.163625 -0.621774 -0.1309 -0.621774 -0.163625 -0.621774 -0.1309 -0.654499 -0.1309 -0.654499 -0.163625 -0.621774 -0.163625 -0.654499 -0.1309 -0.589049 -0.163625 -0.589049 -0.163625 -0.621774 -0.163625 -0.621774 -0.163625 -0.589049 -0.19635 -0.589049 0 -0.654499 0 -0.687224 0.03272497 -0.654499 0.03272497 -0.654499 0 -0.687224 0.03272497 -0.687224 0.03272497 -0.654499 0.03272497 -0.687224 0.06544995 -0.6260315 0.06544995 -0.6260315 0.03272497 -0.687224 0.06544995 -0.687224 0.06544995 -0.6260315 0.06544995 -0.687224 0.09817498 -0.6171147 0.09817498 -0.6171147 0.06544995 -0.687224 0.09817498 -0.687224 0.09817498 -0.6171147 0.09817498 -0.687224 0.1309 -0.6269544 0.1309 -0.6269544 0.09817498 -0.687224 0.1309 -0.687224 0.1309 -0.6269544 0.1309 -0.687224 0.163625 -0.630161 0.163625 -0.630161 0.1309 -0.687224 0.163625 -0.687224 0.163625 -0.630161 0.163625 -0.687224 0.19635 -0.687224 -0.163625 -0.621774 -0.19635 -0.621774 -0.163625 -0.654499 0 -0.654499 0.03272497 -0.654499 0 -0.621774 0 -0.621774 0.03272497 -0.654499 0.03272497 -0.621774 0.03272497 -0.654499 0.06544995 -0.6260315 0.03272497 -0.621774 -5.578482 -0.229075 5.578482 -0.229074 -5.591883 -0.19635 -5.591883 -0.19635 5.578482 -0.229074 5.591883 -0.19635 -5.591883 -0.19635 5.591883 -0.19635 -5.591883 -0.163625 -5.591883 -0.163625 5.591883 -0.19635 5.591883 -0.163625 -5.591883 -0.163625 5.591883 -0.163625 -5.591883 -0.1309 -5.591883 -0.1309 5.591883 -0.163625 5.591883 -0.1309 -5.591883 -0.1309 5.591883 -0.1309 -5.591883 -0.09817498 -5.591883 -0.09817498 5.591883 -0.1309 5.591883 -0.09817498 -5.591883 -0.09817498 5.591883 -0.09817498 -5.591883 -0.06544995 -5.591883 -0.06544995 5.591883 -0.09817498 5.591883 -0.06544995 -5.591883 -0.06544995 5.591883 -0.06544995 -5.591883 -0.03272497 -5.591883 -0.03272497 5.591883 -0.06544995 5.591883 -0.03272497 -5.591883 -0.03272497 5.591883 -0.03272497 -5.591883 0 -5.591883 0 5.591883 -0.03272497 5.591883 0 -5.591883 0 5.591883 0 5.591883 0.03272497 5.578482 -0.229074 -5.578482 -0.229075 5.565995 -0.261799 5.565995 -0.261799 -5.578482 -0.229075 -5.565995 -0.261799 5.565995 -0.261799 -5.565995 -0.261799 5.555271 -0.294524 5.555271 -0.294524 -5.565995 -0.261799 -5.555271 -0.294524 5.555271 -0.294524 -5.555271 -0.294524 5.547043 -0.327249 5.547043 -0.327249 -5.555271 -0.294524 -5.547043 -0.327249 5.547043 -0.327249 -5.547043 -0.327249 5.541871 -0.359974 5.541871 -0.359974 -5.547043 -0.327249 -5.541871 -0.359974 5.541871 -0.359974 -5.541871 -0.359974 5.540106 -0.392699 5.540106 -0.392699 -5.541871 -0.359974 -5.540106 -0.392699 5.540106 0.392699 -5.540106 0.392699 -5.541871 0.359974 5.540106 0.392699 -5.541871 0.359974 5.541871 0.359974 5.541871 0.359974 -5.541871 0.359974 -5.547043 0.327249 5.541871 0.359974 -5.547043 0.327249 5.547043 0.327249 5.547043 0.327249 -5.547043 0.327249 -5.555271 0.294524 5.547043 0.327249 -5.555271 0.294524 5.555271 0.294524 5.555271 0.294524 -5.555271 0.294524 -5.565995 0.261799 5.555271 0.294524 -5.565995 0.261799 5.565995 0.261799 5.565995 0.261799 -5.565995 0.261799 -5.578482 0.229075 5.565995 0.261799 -5.578482 0.229075 5.578482 0.229074 5.578482 0.229074 -5.578482 0.229075 -5.591883 0.19635 5.578482 0.229074 -5.591883 0.19635 5.591883 0.19635 5.591883 0.19635 -5.591883 0.19635 -5.591883 0.163625 5.591883 0.19635 -5.591883 0.163625 5.591883 0.163625 5.591883 0.163625 -5.591883 0.163625 -5.591883 0.1309 5.591883 0.163625 -5.591883 0.1309 5.591883 0.1309 5.591883 0.1309 -5.591883 0.1309 -5.591883 0.09817498 5.591883 0.1309 -5.591883 0.09817498 5.591883 0.09817498 5.591883 0.09817498 -5.591883 0.09817498 -5.591883 0.06544995 5.591883 0.09817498 -5.591883 0.06544995 5.591883 0.06544995 5.591883 0.06544995 -5.591883 0.06544995 -5.591883 0.03272497 5.591883 0.06544995 -5.591883 0.03272497 5.591883 0.03272497 5.591883 0.03272497 -5.591883 0.03272497 -5.591883 0 5.577923 0.22907 -5.587023 0.209294 5.591324 0.196346 5.591324 0.196346 -5.587023 0.209294 -5.589358 0.203525 5.591324 0.196346 -5.589358 0.203525 -5.590523 0.200485 5.565436 0.261794 -5.572952 0.244547 5.577923 0.22907 5.577923 0.22907 -5.572952 0.244547 -5.582132 0.2213349 5.577923 0.22907 -5.582132 0.2213349 -5.587023 0.209294 -5.572952 0.244547 5.565436 0.261794 -5.564065 0.268822 -5.564065 0.268822 5.565436 0.261794 5.554712 0.294518 -5.564065 0.268822 5.554712 0.294518 -5.55632 0.292832 -5.55632 0.292832 5.554712 0.294518 -5.549845 0.317092 -5.549845 0.317092 5.554712 0.294518 5.546484 0.327243 -5.549845 0.317092 5.546484 0.327243 -5.544803 0.342371 -5.544803 0.342371 5.546484 0.327243 5.541311 0.359967 -5.544803 0.342371 5.541311 0.359967 -5.541775 0.367151 -5.541775 0.367151 5.541311 0.359967 5.539547 0.392691 -5.541775 0.367151 5.539547 0.392691 -5.540661 0.392691 -5.540661 -0.392691 5.539547 -0.392691 -5.543197 -0.3555147 -5.543197 -0.3555147 5.539547 -0.392691 5.541311 -0.359967 -5.543197 -0.3555147 5.541311 -0.359967 5.546484 -0.327243 -5.543197 -0.3555147 5.546484 -0.327243 -5.549845 -0.317092 -5.549845 -0.317092 5.546484 -0.327243 5.554712 -0.294518 -5.549845 -0.317092 5.554712 -0.294518 -5.55632 -0.292832 -5.55632 -0.292832 5.554712 -0.294518 -5.564065 -0.268822 -5.564065 -0.268822 5.554712 -0.294518 5.565436 -0.261794 -5.564065 -0.268822 5.565436 -0.261794 -5.572952 -0.244547 -5.572952 -0.244547 5.565436 -0.261794 5.577923 -0.22907 -5.572952 -0.244547 5.577923 -0.22907 -5.582132 -0.2213349 -5.582132 -0.2213349 5.577923 -0.22907 -5.587023 -0.209294 -5.587023 -0.209294 5.577923 -0.22907 5.591324 -0.196346 -5.587023 -0.209294 5.591324 -0.196346 -5.589358 -0.203525 -5.589358 -0.203525 5.591324 -0.196346 -5.590523 -0.200485 -5.590523 -0.200485 5.591324 -0.196346 -5.591018 -0.199023 -5.591018 -0.199023 5.591324 -0.196346 -5.591229 -0.198237 -5.591229 -0.198237 5.591324 -0.196346 -5.591324 -0.197464 -5.591324 -0.197464 5.591324 -0.196346 -5.591324 -0.167085 -5.591324 -0.167085 5.591324 -0.196346 5.591324 -0.163621 -5.591324 -0.167085 5.591324 -0.163621 -5.591324 -0.1367059 -5.591324 -0.1367059 5.591324 -0.163621 5.591324 -0.130897 -5.591324 -0.1367059 5.591324 -0.130897 -5.591324 -0.1063269 -5.591324 -0.1063269 5.591324 -0.130897 5.591324 -0.09817296 -5.591324 -0.1063269 5.591324 -0.09817296 -5.591324 -0.07594799 -5.591324 -0.07594799 5.591324 -0.09817296 5.591324 -0.06544899 -5.591324 -0.07594799 5.591324 -0.06544899 -5.591324 -0.045569 -5.591324 -0.045569 5.591324 -0.06544899 5.591324 -0.03272396 -5.591324 -0.045569 5.591324 -0.03272396 -5.591324 -0.01518994 -5.591324 -0.01518994 5.591324 -0.03272396 5.591324 0 -5.591324 -0.01518994 5.591324 0 -5.591324 0.01518994 -5.591324 0.01518994 5.591324 0 5.591324 0.03272396 -5.591324 0.01518994 5.591324 0.03272396 -5.591324 0.045569 -5.591324 0.045569 5.591324 0.03272396 5.591324 0.06544899 -5.591324 0.045569 5.591324 0.06544899 -5.591324 0.07594799 -5.591324 0.07594799 5.591324 0.06544899 5.591324 0.09817296 -5.591324 0.07594799 5.591324 0.09817296 -5.591324 0.1063269 -5.591324 0.1063269 5.591324 0.09817296 5.591324 0.130897 -5.591324 0.1063269 5.591324 0.130897 -5.591324 0.1367059 -5.591324 0.1367059 5.591324 0.130897 5.591324 0.163621 -5.591324 0.1367059 5.591324 0.163621 -5.591324 0.167085 -5.591324 0.167085 5.591324 0.163621 5.591324 0.196346 -5.591324 0.167085 5.591324 0.196346 -5.591324 0.197464 -5.591324 0.197464 5.591324 0.196346 -5.591229 0.198237 -5.591229 0.198237 5.591324 0.196346 -5.591018 0.199023 -5.591018 0.199023 5.591324 0.196346 -5.590523 0.200485 -5.578482 -0.229074 5.578482 -0.229074 -5.591883 -0.19635 -5.591883 -0.19635 5.578482 -0.229074 5.591883 -0.19635 -5.591883 -0.19635 5.591883 -0.19635 -5.591883 -0.163625 -5.591883 -0.163625 5.591883 -0.19635 5.591883 -0.163625 -5.591883 -0.163625 5.591883 -0.163625 -5.591883 -0.1309 -5.591883 -0.1309 5.591883 -0.163625 5.591883 -0.1309 -5.591883 -0.1309 5.591883 -0.1309 -5.591883 -0.09817498 -5.591883 -0.09817498 5.591883 -0.1309 5.591883 -0.09817498 -5.591883 -0.09817498 5.591883 -0.09817498 -5.591883 -0.06544995 -5.591883 -0.06544995 5.591883 -0.09817498 5.591883 -0.06544995 -5.591883 -0.06544995 5.591883 -0.06544995 -5.591883 -0.03272497 -5.591883 -0.03272497 5.591883 -0.06544995 5.591883 -0.03272497 -5.591883 -0.03272497 5.591883 -0.03272497 -5.591883 0 -5.591883 0 5.591883 -0.03272497 5.591883 0 -5.591883 0 5.591883 0 -5.591883 0.03272497 -5.591883 0.03272497 5.591883 0 5.591883 0.03272497 -5.591883 0.03272497 5.591883 0.03272497 -5.591883 0.06544995 -5.591883 0.06544995 5.591883 0.03272497 5.591883 0.06544995 -5.591883 0.06544995 5.591883 0.06544995 -5.591883 0.09817498 -5.591883 0.09817498 5.591883 0.06544995 5.591883 0.09817498 -5.591883 0.09817498 5.591883 0.09817498 -5.591883 0.1309 -5.591883 0.1309 5.591883 0.09817498 5.591883 0.1309 -5.591883 0.1309 5.591883 0.1309 -5.591883 0.163625 -5.591883 0.163625 5.591883 0.1309 5.591883 0.163625 -5.591883 0.163625 5.591883 0.163625 -5.591883 0.19635 -5.591883 0.19635 5.591883 0.163625 5.591883 0.19635 -5.591883 0.19635 5.591883 0.19635 -5.578482 0.229074 -5.578482 0.229074 5.591883 0.19635 5.578482 0.229074 -5.578482 0.229074 5.578482 0.229074 -5.565995 0.261799 -5.565995 0.261799 5.578482 0.229074 5.565995 0.261799 -5.565995 0.261799 5.565995 0.261799 -5.555271 0.294524 -5.555271 0.294524 5.565995 0.261799 5.555271 0.294524 -5.555271 0.294524 5.555271 0.294524 -5.547043 0.327249 -5.547043 0.327249 5.555271 0.294524 5.547043 0.327249 -5.547043 0.327249 5.547043 0.327249 -5.541871 0.359974 -5.541871 0.359974 5.547043 0.327249 5.541871 0.359974 -5.541871 0.359974 5.541871 0.359974 -5.540106 0.392699 -5.540106 0.392699 5.541871 0.359974 5.540106 0.392699 -5.540106 -0.392699 5.540106 -0.392699 -5.541871 -0.359974 -5.541871 -0.359974 5.540106 -0.392699 5.541871 -0.359974 -5.541871 -0.359974 5.541871 -0.359974 -5.547043 -0.327249 -5.547043 -0.327249 5.541871 -0.359974 5.547043 -0.327249 -5.547043 -0.327249 5.547043 -0.327249 -5.555271 -0.294524 -5.555271 -0.294524 5.547043 -0.327249 5.555271 -0.294524 -5.555271 -0.294524 5.555271 -0.294524 -5.565995 -0.261799 -5.565995 -0.261799 5.555271 -0.294524 5.565995 -0.261799 -5.565995 -0.261799 5.565995 -0.261799 -5.578482 -0.229074 -5.578482 -0.229074 5.565995 -0.261799 5.578482 -0.229074 0 -0.09872996 0 -0.08354097 -0.125 -0.09872996 0 -0.08354097 0 -0.06835198 -0.125 -0.08227497 0 -0.06835198 0 -0.05316197 -0.125 -0.06581997 0 -0.05316197 0 -0.03797298 -0.125 -0.04936498 0 -0.03797298 0 -0.02278399 -0.125 -0.03290998 0 -0.02278399 0 -0.007594943 -0.125 -0.01645499 0 -0.007594943 0 0.007594943 -0.125 0 0 0.007594943 0 0.02278399 -0.125 0.01645499 0 0.02278399 0 0.03797298 -0.125 0.03290998 0 0.03797298 0 0.05316197 -0.125 0.04936498 0 0.05316197 0 0.06835198 -0.125 0.06581997 0 0.06835198 0 0.08354097 -0.125 0.08227497 0 0.08354097 0 0.09872996 -0.125 0.09872996 -0.12499 -0.126582 0 -0.125 -0.121681 -0.09638696 -0.121681 -0.09638696 0 -0.125 -0.111187 -0.06788098 -0.111187 -0.06788098 0 -0.125 -0.09412598 -0.04274898 -0.09412598 -0.04274898 0 -0.125 0.09412598 -0.04274898 -0.09412598 -0.04274898 0.09412598 -0.04274898 -0.05914169 -0.015922 -0.05914169 -0.015922 0.09412598 -0.04274898 0.07150799 -0.02247399 -0.05914169 -0.015922 0.07150799 -0.02247399 0.044667 -0.008252978 -0.05914169 -0.015922 0.044667 -0.008252978 -0.01518797 -9.26e-4 -0.01518797 -9.26e-4 0.044667 -0.008252978 0.01518797 -9.26e-4 0.12499 -0.126582 0.121681 -0.09638696 0 -0.125 0 -0.125 0.121681 -0.09638696 0.111187 -0.06788098 0 -0.125 0.111187 -0.06788098 0.09412598 -0.04274898 -5.578482 -0.229074 5.572997 -0.2434496 -5.591883 -0.19635 -5.591883 -0.19635 5.572997 -0.2434496 5.591883 -0.19635 -5.591883 -0.19635 5.591883 -0.19635 -5.591883 -0.163625 -5.591883 -0.163625 5.591883 -0.19635 5.591883 -0.163625 -5.591883 -0.163625 5.591883 -0.163625 -5.591883 -0.1309 -5.591883 -0.1309 5.591883 -0.163625 5.591883 -0.1309 -5.591883 -0.1309 5.591883 -0.1309 -5.591883 -0.09817498 -5.591883 -0.09817498 5.591883 -0.1309 5.591883 -0.09817498 -5.591883 -0.09817498 5.591883 -0.09817498 -5.591883 -0.06544995 -5.591883 -0.06544995 5.591883 -0.09817498 5.591883 -0.06544995 -5.591883 -0.06544995 5.591883 -0.06544995 -5.591883 -0.03272497 -5.591883 -0.03272497 5.591883 -0.06544995 5.591883 -0.03272497 -5.591883 -0.03272497 5.591883 -0.03272497 -5.591883 0 -5.591883 0 5.591883 -0.03272497 5.591883 0 -5.591883 0 5.591883 0 -5.591883 0.03272497 -5.591883 0.03272497 5.591883 0 5.591883 0.03272497 -5.591883 0.03272497 5.591883 0.03272497 -5.591883 0.06544995 -5.591883 0.06544995 5.591883 0.03272497 5.591883 0.06544995 -5.591883 0.06544995 5.591883 0.06544995 -5.591883 0.09817498 -5.591883 0.09817498 5.591883 0.06544995 5.591883 0.09817498 -5.591883 0.09817498 5.591883 0.09817498 -5.591883 0.1309 -5.591883 0.1309 5.591883 0.09817498 5.591883 0.1309 -5.591883 0.1309 5.591883 0.1309 -5.591883 0.163625 -5.591883 0.163625 5.591883 0.1309 5.591883 0.163625 -5.591883 0.163625 5.591883 0.163625 -5.591883 0.19635 -5.591883 0.19635 5.591883 0.163625 5.591883 0.19635 -5.591883 0.19635 5.591883 0.19635 -5.578482 0.229074 -5.578482 0.229074 5.591883 0.19635 5.578482 0.229074 -5.578482 0.229074 5.578482 0.229074 -5.565995 0.261799 -5.565995 0.261799 5.578482 0.229074 5.560859 0.2774726 -5.565995 0.261799 5.560859 0.2774726 -5.555271 0.294524 -5.555271 0.294524 5.560859 0.2774726 -5.547043 0.327249 -5.547043 0.327249 5.560859 0.2774726 5.547043 0.327249 -5.547043 0.327249 5.547043 0.327249 -5.541871 0.359974 -5.541871 0.359974 5.547043 0.327249 5.541871 0.359974 -5.541871 0.359974 5.541871 0.359974 -5.540106 0.392699 -5.540106 0.392699 5.541871 0.359974 5.540106 0.392699 -5.540106 -0.392699 5.540106 -0.392699 -5.541871 -0.359974 -5.541871 -0.359974 5.540106 -0.392699 5.541871 -0.359974 -5.541871 -0.359974 5.541871 -0.359974 -5.547043 -0.327249 -5.547043 -0.327249 5.541871 -0.359974 5.547043 -0.327249 -5.547043 -0.327249 5.547043 -0.327249 -5.555271 -0.294524 -5.555271 -0.294524 5.547043 -0.327249 5.555271 -0.294524 -5.555271 -0.294524 5.555271 -0.294524 -5.565995 -0.261799 -5.565995 -0.261799 5.555271 -0.294524 5.572997 -0.2434496 -5.565995 -0.261799 5.572997 -0.2434496 -5.578482 -0.229074 0.09817498 -0.3157626 0.06544995 -0.294524 0.06544995 -0.327249 0.06544995 -0.327249 0.06544995 -0.294524 0.03272497 -0.294524 0.06544995 -0.327249 0.03272497 -0.294524 0.03272497 -0.327249 0.03272497 -0.327249 0.03272497 -0.294524 0 -0.294524 0.03272497 -0.327249 0 -0.294524 0 -0.327249 0 -0.327249 0 -0.294524 -0.03272497 -0.294524 0 -0.327249 -0.03272497 -0.294524 -0.03272497 -0.327249 -0.03272497 -0.327249 -0.03272497 -0.294524 -0.06544995 -0.294524 -0.03272497 -0.327249 -0.06544995 -0.294524 -0.06544995 -0.3336548 -0.06544995 -0.3336548 -0.06544995 -0.294524 -0.09817498 -0.294524 -0.06544995 -0.3336548 -0.09817498 -0.294524 -0.09817498 -0.327249 -0.09817498 -0.327249 -0.09817498 -0.294524 -0.1309 -0.294524 -0.09817498 -0.327249 -0.1309 -0.294524 -0.1309 -0.327249 -0.1309 -0.327249 -0.1309 -0.294524 -0.163625 -0.294524 -0.1309 -0.327249 -0.163625 -0.294524 -0.163625 -0.327249 -0.163625 -0.327249 -0.163625 -0.294524 -0.19635 -0.294524 -0.19635 -0.359974 -0.163625 -0.392699 -0.163625 -0.359974 -0.163625 -0.359974 -0.163625 -0.392699 -0.1309 -0.392699 -0.163625 -0.359974 -0.1309 -0.392699 -0.1309 -0.359974 -0.1309 -0.359974 -0.1309 -0.392699 -0.09817498 -0.392699 -0.1309 -0.359974 -0.09817498 -0.392699 -0.09817498 -0.359974 -0.09817498 -0.359974 -0.09817498 -0.392699 -0.06544995 -0.392699 -0.09817498 -0.359974 -0.06544995 -0.392699 -0.06544995 -0.3336548 -0.06544995 -0.3336548 -0.06544995 -0.392699 -0.03272497 -0.392699 -0.06544995 -0.3336548 -0.03272497 -0.392699 -0.03272497 -0.359974 -0.03272497 -0.359974 -0.03272497 -0.392699 0 -0.392699 -0.03272497 -0.359974 0 -0.392699 0 -0.359974 0 -0.359974 0 -0.392699 0.03272497 -0.392699 0 -0.359974 0.03272497 -0.392699 0.03272497 -0.359974 0.03272497 -0.359974 0.03272497 -0.392699 0.06544995 -0.392699 0.03272497 -0.359974 0.06544995 -0.392699 0.06544995 -0.359974 0.06544995 -0.359974 0.06544995 -0.392699 0.09817498 -0.392699 0.06544995 -0.359974 0.09817498 -0.392699 0.09817498 -0.359974 0.09817498 -0.359974 0.09817498 -0.392699 0.1309 -0.392699 0.09817498 -0.359974 0.1309 -0.392699 0.1309 -0.359974 0.1309 -0.359974 0.1309 -0.392699 0.163625 -0.392699 0.1309 -0.359974 0.163625 -0.392699 0.163625 -0.359974 0.163625 -0.359974 0.163625 -0.392699 0.19635 -0.392699 -0.163625 -0.327249 -0.19635 -0.327249 -0.163625 -0.359974 -0.163625 -0.359974 -0.1309 -0.359974 -0.163625 -0.327249 -0.163625 -0.327249 -0.1309 -0.359974 -0.1309 -0.327249 -0.1309 -0.359974 -0.09817498 -0.359974 -0.1309 -0.327249 -0.1309 -0.327249 -0.09817498 -0.359974 -0.09817498 -0.327249 -0.09817498 -0.359974 -0.06544995 -0.3336548 -0.09817498 -0.327249 -0.06544995 -0.3336548 -0.03272497 -0.359974 -0.03272497 -0.327249 -0.03272497 -0.359974 0 -0.359974 -0.03272497 -0.327249 -0.03272497 -0.327249 0 -0.359974 0 -0.327249 0 -0.359974 0.03272497 -0.359974 0 -0.327249 0 -0.327249 0.03272497 -0.359974 0.03272497 -0.327249 0.03272497 -0.359974 0.06544995 -0.359974 0.03272497 -0.327249 0.03272497 -0.327249 0.06544995 -0.359974 0.06544995 -0.327249 0.06544995 -0.359974 0.09817498 -0.359974 0.06544995 -0.327249 0.06544995 -0.327249 0.09817498 -0.359974 0.09817498 -0.3157626 0.163625 -0.359974 0.1605949 -0.2847067 0.1309 -0.2933889 0.09817498 -0.359974 0.1309 -0.359974 0.09817498 -0.3157626 0.09817498 -0.3157626 0.1309 -0.359974 0.1309 -0.2933889 0.1309 -0.359974 0.163625 -0.359974 0.1309 -0.2933889 0.163625 -0.2621905 0.1768007 -0.2095252 0.1309 -0.2288503 0.06544995 -0.2471087 0.03272497 -0.19635 0.03272497 -0.229074 0.03272497 -0.229074 0.03272497 -0.19635 0 -0.19635 0.03272497 -0.229074 0 -0.19635 0 -0.229074 0 -0.229074 0 -0.19635 -0.03272497 -0.19635 0 -0.229074 -0.03272497 -0.19635 -0.03272497 -0.229074 -0.03272497 -0.229074 -0.03272497 -0.19635 -0.06544995 -0.229074 -0.03272497 -0.229074 -0.06544995 -0.229074 -0.03272497 -0.261799 -0.03272497 -0.261799 -0.06544995 -0.229074 -0.06544995 -0.261799 -0.03272497 -0.261799 -0.06544995 -0.261799 -0.03272497 -0.294524 -0.03272497 -0.294524 -0.06544995 -0.261799 -0.06544995 -0.294524 -0.06544995 -0.294524 -0.06544995 -0.261799 -0.09817498 -0.261799 -0.06544995 -0.294524 -0.09817498 -0.261799 -0.09817498 -0.294524 -0.09817498 -0.294524 -0.09817498 -0.261799 -0.1309 -0.261799 -0.09817498 -0.294524 -0.1309 -0.261799 -0.1309 -0.294524 -0.1309 -0.294524 -0.1309 -0.261799 -0.163625 -0.261799 -0.1309 -0.294524 -0.163625 -0.261799 -0.163625 -0.294524 -0.163625 -0.294524 -0.163625 -0.261799 -0.19635 -0.261799 -0.03272497 -0.19635 -0.06544995 -0.19635 -0.06544995 -0.229074 -0.06544995 -0.229074 -0.06544995 -0.19635 -0.09817498 -0.229074 -0.06544995 -0.229074 -0.09817498 -0.229074 -0.06544995 -0.261799 -0.06544995 -0.261799 -0.09817498 -0.229074 -0.09817498 -0.261799 -0.06544995 -0.19635 -0.09817498 -0.19635 -0.09817498 -0.229074 -0.09817498 -0.229074 -0.09817498 -0.19635 -0.1309 -0.229074 -0.09817498 -0.229074 -0.1309 -0.229074 -0.09817498 -0.261799 -0.09817498 -0.261799 -0.1309 -0.229074 -0.1309 -0.261799 -0.09817498 -0.19635 -0.1309 -0.19635 -0.1309 -0.229074 -0.1309 -0.229074 -0.1309 -0.19635 -0.163625 -0.229074 -0.1309 -0.229074 -0.163625 -0.229074 -0.1309 -0.261799 -0.1309 -0.261799 -0.163625 -0.229074 -0.163625 -0.261799 -0.1309 -0.19635 -0.163625 -0.19635 -0.163625 -0.229074 -0.163625 -0.229074 -0.163625 -0.19635 -0.19635 -0.19635 -0.03272497 -0.294524 0 -0.294524 -0.03272497 -0.261799 -0.03272497 -0.261799 0 -0.294524 0 -0.261799 -0.03272497 -0.261799 0 -0.261799 -0.03272497 -0.229074 -0.03272497 -0.229074 0 -0.261799 0 -0.229074 0 -0.294524 0.03272497 -0.294524 0 -0.261799 0 -0.261799 0.03272497 -0.294524 0.03272497 -0.261799 0 -0.261799 0.03272497 -0.261799 0 -0.229074 0 -0.229074 0.03272497 -0.261799 0.03272497 -0.229074 0.03272497 -0.294524 0.06544995 -0.2471087 0.03272497 -0.261799 0.03272497 -0.261799 0.06544995 -0.2471087 0.03272497 -0.229074 -0.163625 -0.229074 -0.19635 -0.229074 -0.163625 -0.261799 -5.591883 0.163625 5.591883 0.19635 -5.591883 0.19635 -5.591883 0.19635 5.591883 0.19635 5.578482 0.229074 -5.591883 0.19635 5.578482 0.229074 -5.578482 0.229074 -5.578482 0.229074 5.578482 0.229074 5.565995 0.261799 -5.578482 0.229074 5.565995 0.261799 -5.565995 0.261799 -5.565995 0.261799 5.565995 0.261799 5.555271 0.294524 -5.565995 0.261799 5.555271 0.294524 -5.555271 0.294524 -5.555271 0.294524 5.555271 0.294524 5.547043 0.327249 -5.555271 0.294524 5.547043 0.327249 -5.547043 0.327249 -5.547043 0.327249 5.547043 0.327249 5.541871 0.359974 -5.547043 0.327249 5.541871 0.359974 -5.541871 0.359974 -5.541871 0.359974 5.541871 0.359974 -5.540106 0.392699 -5.540106 0.392699 5.541871 0.359974 5.540106 0.392699 -5.540106 -0.392699 5.540106 -0.392699 -5.541871 -0.359974 -5.541871 -0.359974 5.540106 -0.392699 5.541871 -0.359974 -5.541871 -0.359974 5.541871 -0.359974 -5.547043 -0.327249 -5.547043 -0.327249 5.541871 -0.359974 5.547043 -0.327249 -5.547043 -0.327249 5.547043 -0.327249 -5.555271 -0.294524 -5.555271 -0.294524 5.547043 -0.327249 5.555271 -0.294524 -5.555271 -0.294524 5.555271 -0.294524 -5.565995 -0.261799 -5.565995 -0.261799 5.555271 -0.294524 5.565995 -0.261799 -5.565995 -0.261799 5.565995 -0.261799 -5.578482 -0.229074 -5.578482 -0.229074 5.565995 -0.261799 5.578482 -0.229074 -5.578482 -0.229074 5.578482 -0.229074 -5.591883 -0.1768007 -5.591883 -0.1768007 5.578482 -0.229074 5.591883 -0.19635 -5.591883 -0.1768007 5.591883 -0.19635 5.591883 -0.163625 -5.591883 -0.1768007 5.591883 -0.163625 -5.591883 -0.1309 -5.591883 -0.1309 5.591883 -0.163625 5.591883 -0.1309 -5.591883 -0.1309 5.591883 -0.1309 -5.591883 -0.09817498 -5.591883 -0.09817498 5.591883 -0.1309 5.591883 -0.09817498 -5.591883 -0.09817498 5.591883 -0.09817498 -5.591883 -0.06544995 -5.591883 -0.06544995 5.591883 -0.09817498 5.591883 -0.06544995 -5.591883 -0.06544995 5.591883 -0.06544995 -5.591883 -0.03272497 -5.591883 -0.03272497 5.591883 -0.06544995 5.591883 -0.03272497 -5.591883 -0.03272497 5.591883 -0.03272497 -5.591883 0 -5.591883 0 5.591883 -0.03272497 5.591883 0 -5.591883 0 5.591883 0 -5.591883 0.03272497 -5.591883 0.03272497 5.591883 0 5.591883 0.03272497 -5.591883 0.03272497 5.591883 0.03272497 5.591883 0.06544995 5.591883 0.19635 -5.591883 0.163625 5.591883 0.163625 5.591883 0.163625 -5.591883 0.163625 -5.591883 0.1309 5.591883 0.163625 -5.591883 0.1309 5.591883 0.1309 5.591883 0.1309 -5.591883 0.1309 -5.591883 0.09817498 5.591883 0.1309 -5.591883 0.09817498 5.591883 0.09817498 5.591883 0.09817498 -5.591883 0.09817498 -5.591883 0.06544995 5.591883 0.09817498 -5.591883 0.06544995 5.591883 0.06544995 5.591883 0.06544995 -5.591883 0.06544995 -5.591883 0.03272497 -5.572997 -0.2434496 5.591883 -0.19635 -5.591883 -0.1605949 -5.591883 -0.1605949 5.591883 -0.19635 5.591883 -0.163625 -5.591883 -0.1605949 5.591883 -0.163625 5.591883 -0.1309 -5.591883 -0.1605949 5.591883 -0.1309 -5.591883 -0.1309 -5.591883 -0.1309 5.591883 -0.1309 5.591883 -0.09817498 -5.591883 -0.1309 5.591883 -0.09817498 -5.591883 -0.09817498 -5.591883 -0.09817498 5.591883 -0.09817498 5.591883 -0.06544995 -5.591883 -0.09817498 5.591883 -0.06544995 -5.591883 -0.06544995 -5.591883 -0.06544995 5.591883 -0.06544995 5.591883 -0.03272497 -5.591883 -0.06544995 5.591883 -0.03272497 -5.591883 -0.03272497 -5.591883 -0.03272497 5.591883 -0.03272497 -5.591883 0 -5.591883 0 5.591883 -0.03272497 5.591883 0 -5.591883 0 5.591883 0 -5.591883 0.03272497 -5.591883 0.03272497 5.591883 0 5.591883 0.03272497 -5.591883 0.03272497 5.591883 0.03272497 -5.591883 0.06544995 -5.591883 0.06544995 5.591883 0.03272497 5.591883 0.06544995 -5.591883 0.06544995 5.591883 0.06544995 -5.591883 0.09817498 -5.591883 0.09817498 5.591883 0.06544995 5.591883 0.09817498 -5.591883 0.09817498 5.591883 0.09817498 -5.591883 0.1309 -5.591883 0.1309 5.591883 0.09817498 5.591883 0.1309 -5.591883 0.1309 5.591883 0.1309 -5.591883 0.163625 -5.591883 0.163625 5.591883 0.1309 5.591883 0.163625 -5.591883 0.163625 5.591883 0.163625 -5.591883 0.19635 -5.591883 0.19635 5.591883 0.163625 5.591883 0.19635 -5.591883 0.19635 5.591883 0.19635 -5.578482 0.229074 -5.578482 0.229074 5.591883 0.19635 5.578482 0.229074 -5.578482 0.229074 5.578482 0.229074 -5.560859 0.2774726 -5.560859 0.2774726 5.578482 0.229074 5.565995 0.261799 -5.560859 0.2774726 5.565995 0.261799 5.555271 0.294524 -5.560859 0.2774726 5.555271 0.294524 -5.547043 0.327249 -5.547043 0.327249 5.555271 0.294524 5.547043 0.327249 -5.547043 0.327249 5.547043 0.327249 -5.541871 0.359974 -5.541871 0.359974 5.547043 0.327249 5.541871 0.359974 -5.541871 0.359974 5.541871 0.359974 -5.540106 0.392699 -5.540106 0.392699 5.541871 0.359974 5.540106 0.392699 -5.540106 -0.392699 5.540106 -0.392699 -5.541871 -0.359974 -5.541871 -0.359974 5.540106 -0.392699 5.541871 -0.359974 -5.541871 -0.359974 5.541871 -0.359974 5.547043 -0.327249 5.591883 -0.19635 -5.572997 -0.2434496 5.578482 -0.229074 5.578482 -0.229074 -5.572997 -0.2434496 5.565995 -0.261799 5.565995 -0.261799 -5.572997 -0.2434496 -5.555271 -0.294524 5.565995 -0.261799 -5.555271 -0.294524 5.555271 -0.294524 5.555271 -0.294524 -5.555271 -0.294524 -5.547043 -0.327249 5.555271 -0.294524 -5.547043 -0.327249 5.547043 -0.327249 5.547043 -0.327249 -5.547043 -0.327249 -5.541871 -0.359974 0.163625 -0.1641243 0.1768275 -0.1113775 0.1309 -0.130634 0.06544995 -0.1498731 0.03272497 -0.09817498 0.03272497 -0.1309 0.03272497 -0.1309 0.03272497 -0.09817498 0 -0.09817498 0.03272497 -0.1309 0 -0.09817498 0 -0.1309 0 -0.1309 0 -0.09817498 -0.03272497 -0.09817498 0 -0.1309 -0.03272497 -0.09817498 -0.03272497 -0.1309 -0.03272497 -0.1309 -0.03272497 -0.09817498 -0.06544995 -0.09817498 -0.03272497 -0.1309 -0.06544995 -0.09817498 -0.06544995 -0.1309 -0.06544995 -0.1309 -0.06544995 -0.09817498 -0.09817498 -0.09817498 -0.06544995 -0.1309 -0.09817498 -0.09817498 -0.09817498 -0.1309 -0.09817498 -0.1309 -0.09817498 -0.09817498 -0.1309 -0.09817498 -0.09817498 -0.1309 -0.1309 -0.09817498 -0.1309 -0.1309 -0.1309 -0.1309 -0.1309 -0.09817498 -0.163625 -0.09817498 -0.1309 -0.1309 -0.163625 -0.09817498 -0.163625 -0.1309 -0.163625 -0.1309 -0.163625 -0.09817498 -0.19635 -0.09817498 -0.19635 -0.163625 -0.163625 -0.19635 -0.163625 -0.163625 -0.163625 -0.163625 -0.163625 -0.19635 -0.1309 -0.19635 -0.163625 -0.163625 -0.1309 -0.19635 -0.1309 -0.163625 -0.1309 -0.163625 -0.1309 -0.19635 -0.09817498 -0.19635 -0.1309 -0.163625 -0.09817498 -0.19635 -0.09817498 -0.163625 -0.09817498 -0.163625 -0.09817498 -0.19635 -0.06544995 -0.19635 -0.09817498 -0.163625 -0.06544995 -0.19635 -0.06544995 -0.163625 -0.06544995 -0.163625 -0.06544995 -0.19635 -0.03272497 -0.19635 -0.06544995 -0.163625 -0.03272497 -0.19635 -0.03272497 -0.163625 -0.03272497 -0.163625 -0.03272497 -0.19635 0 -0.19635 -0.03272497 -0.163625 0 -0.19635 0 -0.163625 0 -0.163625 0 -0.19635 0.03272497 -0.1802521 -0.163625 -0.1309 -0.19635 -0.1309 -0.163625 -0.163625 -0.163625 -0.163625 -0.1309 -0.163625 -0.163625 -0.1309 -0.163625 -0.1309 -0.1309 -0.163625 -0.1309 -0.1309 -0.1309 -0.163625 -0.09817498 -0.163625 -0.1309 -0.1309 -0.1309 -0.1309 -0.09817498 -0.163625 -0.09817498 -0.1309 -0.09817498 -0.163625 -0.06544995 -0.163625 -0.09817498 -0.1309 -0.09817498 -0.1309 -0.06544995 -0.163625 -0.06544995 -0.1309 -0.06544995 -0.163625 -0.03272497 -0.163625 -0.06544995 -0.1309 -0.06544995 -0.1309 -0.03272497 -0.163625 -0.03272497 -0.1309 -0.03272497 -0.163625 0 -0.163625 -0.03272497 -0.1309 -0.03272497 -0.1309 0 -0.163625 0 -0.1309 0 -0.163625 0.03272497 -0.1802521 0 -0.1309 0 -0.1309 0.03272497 -0.1802521 0.03272497 -0.1309 0.03272497 -0.1802521 0.06544995 -0.1498731 0.03272497 -0.1309 0.163625 -0.06625121 0.1835264 -0.01990139 0.1309 -0.03617107 0.06544995 -0.05145841 0.03272497 0 0.03272497 -0.03272497 0.03272497 -0.03272497 0.03272497 0 0 0 0.03272497 -0.03272497 0 0 0 -0.03272497 0 -0.03272497 0 0 -0.03272497 0 0 -0.03272497 -0.03272497 0 -0.03272497 -0.03272497 -0.03272497 -0.03272497 -0.03272497 0 -0.06544995 0 -0.03272497 -0.03272497 -0.06544995 0 -0.06544995 -0.03272497 -0.06544995 -0.03272497 -0.06544995 0 -0.09817498 0 -0.06544995 -0.03272497 -0.09817498 0 -0.09817498 -0.03272497 -0.09817498 -0.03272497 -0.09817498 0 -0.1309 0 -0.09817498 -0.03272497 -0.1309 0 -0.1309 -0.03272497 -0.1309 -0.03272497 -0.1309 0 -0.163625 0 -0.1309 -0.03272497 -0.163625 0 -0.163625 -0.03272497 -0.163625 -0.03272497 -0.163625 0 -0.19635 0 -0.19635 -0.06544995 -0.163625 -0.09817498 -0.163625 -0.06544995 -0.163625 -0.06544995 -0.163625 -0.09817498 -0.1309 -0.09817498 -0.163625 -0.06544995 -0.1309 -0.09817498 -0.1309 -0.06544995 -0.1309 -0.06544995 -0.1309 -0.09817498 -0.09817498 -0.09817498 -0.1309 -0.06544995 -0.09817498 -0.09817498 -0.09817498 -0.06544995 -0.09817498 -0.06544995 -0.09817498 -0.09817498 -0.06544995 -0.09817498 -0.09817498 -0.06544995 -0.06544995 -0.09817498 -0.06544995 -0.06544995 -0.06544995 -0.06544995 -0.06544995 -0.09817498 -0.03272497 -0.09817498 -0.06544995 -0.06544995 -0.03272497 -0.09817498 -0.03272497 -0.06544995 -0.03272497 -0.06544995 -0.03272497 -0.09817498 0 -0.09817498 -0.03272497 -0.06544995 0 -0.09817498 0 -0.06544995 0 -0.06544995 0 -0.09817498 0.03272497 -0.09817498 0 -0.06544995 0.03272497 -0.09817498 0.03272497 -0.06544995 0.03272497 -0.06544995 0.03272497 -0.09817498 0.06544995 -0.05145841 -0.163625 -0.03272497 -0.19635 -0.03272497 -0.163625 -0.06544995 -0.163625 -0.06544995 -0.1309 -0.06544995 -0.163625 -0.03272497 -0.163625 -0.03272497 -0.1309 -0.06544995 -0.1309 -0.03272497 -0.1309 -0.06544995 -0.09817498 -0.06544995 -0.1309 -0.03272497 -0.1309 -0.03272497 -0.09817498 -0.06544995 -0.09817498 -0.03272497 -0.09817498 -0.06544995 -0.06544995 -0.06544995 -0.09817498 -0.03272497 -0.09817498 -0.03272497 -0.06544995 -0.06544995 -0.06544995 -0.03272497 -0.06544995 -0.06544995 -0.03272497 -0.06544995 -0.06544995 -0.03272497 -0.06544995 -0.03272497 -0.03272497 -0.06544995 -0.03272497 -0.03272497 -0.03272497 -0.06544995 0 -0.06544995 -0.03272497 -0.03272497 -0.03272497 -0.03272497 0 -0.06544995 0 -0.03272497 0 -0.06544995 0.03272497 -0.06544995 0 -0.03272497 0 -0.03272497 0.03272497 -0.06544995 0.03272497 -0.03272497 0.03272497 -0.06544995 0.06544995 -0.05145841 0.03272497 -0.03272497 5.591883 0.16748 5.591883 0.197931 -5.591883 0.19635 -5.591883 0.19635 5.591883 0.197931 5.591404 0.198544 -5.591883 0.19635 5.591404 0.198544 5.590997 0.19925 5.590997 0.19925 5.590313 0.200634 -5.591883 0.19635 -5.591883 0.19635 5.590313 0.200634 5.58899 0.203609 -5.591883 0.19635 5.58899 0.203609 5.586576 0.209345 -5.591883 0.19635 5.586576 0.209345 -5.578482 0.229074 -5.578482 0.229074 5.586576 0.209345 5.581625 0.221361 -5.578482 0.229074 5.581625 0.221361 5.572424 0.2445639 -5.578482 0.229074 5.572424 0.2445639 -5.565995 0.261799 -5.565995 0.261799 5.572424 0.2445639 5.563528 0.268835 -5.565995 0.261799 5.563528 0.268835 -5.555271 0.294524 -5.555271 0.294524 5.563528 0.268835 5.555778 0.292842 -5.555271 0.294524 5.555778 0.292842 5.5493 0.317102 -5.555271 0.294524 5.5493 0.317102 -5.547043 0.327249 -5.547043 0.327249 5.5493 0.317102 5.544257 0.34238 -5.547043 0.327249 5.544257 0.34238 -5.541871 0.359974 -5.541871 0.359974 5.544257 0.34238 5.541228 0.367159 -5.541871 0.359974 5.541228 0.367159 -5.540106 0.392699 -5.540106 0.392699 5.541228 0.367159 5.540113 0.392699 -5.540106 -0.392699 5.540113 -0.392699 5.54265 -0.3555232 -5.540106 -0.392699 5.54265 -0.3555232 -5.541871 -0.359974 -5.541871 -0.359974 5.54265 -0.3555232 -5.547043 -0.327249 -5.547043 -0.327249 5.54265 -0.3555232 5.5493 -0.317102 -5.547043 -0.327249 5.5493 -0.317102 -5.555271 -0.294524 -5.555271 -0.294524 5.5493 -0.317102 5.555778 -0.292842 -5.555271 -0.294524 5.555778 -0.292842 5.563528 -0.268835 -5.555271 -0.294524 5.563528 -0.268835 -5.565995 -0.261799 -5.565995 -0.261799 5.563528 -0.268835 5.572424 -0.2445639 -5.565995 -0.261799 5.572424 -0.2445639 -5.578482 -0.229074 -5.578482 -0.229074 5.572424 -0.2445639 5.581625 -0.221361 -5.578482 -0.229074 5.581625 -0.221361 5.586576 -0.209345 -5.578482 -0.229074 5.586576 -0.209345 -5.591883 -0.1835264 -5.591883 -0.1835264 5.586576 -0.209345 5.58899 -0.203609 -5.591883 -0.1835264 5.58899 -0.203609 5.590313 -0.200634 5.590313 -0.200634 5.590997 -0.19925 -5.591883 -0.1835264 -5.591883 -0.1835264 5.590997 -0.19925 5.591404 -0.198544 -5.591883 -0.1835264 5.591404 -0.198544 5.591883 -0.197931 5.591883 -0.197931 5.591883 -0.16748 -5.591883 -0.1835264 -5.591883 -0.1835264 5.591883 -0.16748 5.591883 -0.137029 -5.591883 -0.1835264 5.591883 -0.137029 -5.591883 -0.1309 -5.591883 -0.1309 5.591883 -0.137029 5.591883 -0.106578 -5.591883 -0.1309 5.591883 -0.106578 -5.591883 -0.09817498 -5.591883 -0.09817498 5.591883 -0.106578 5.591884 -0.06209748 -5.591883 -0.09817498 5.591884 -0.06209748 -5.591883 -0.06544995 -5.591883 -0.06544995 5.591884 -0.06209748 -5.591883 -0.03272497 -5.591883 -0.03272497 5.591884 -0.06209748 5.591883 -0.01522499 -5.591883 -0.03272497 5.591883 -0.01522499 -5.591883 0 -5.591883 0 5.591883 -0.01522499 5.591883 0.01522499 -5.591883 0 5.591883 0.01522499 -5.591883 0.03272497 -5.591883 0.03272497 5.591883 0.01522499 5.591883 0.04567599 -5.591883 0.03272497 5.591883 0.04567599 -5.591883 0.06544995 -5.591883 0.06544995 5.591883 0.04567599 5.591883 0.07612699 -5.591883 0.06544995 5.591883 0.07612699 -5.591883 0.09817498 -5.591883 0.09817498 5.591883 0.07612699 5.591883 0.106578 -5.591883 0.09817498 5.591883 0.106578 -5.591883 0.1309 -5.591883 0.1309 5.591883 0.106578 5.591883 0.137029 -5.591883 0.1309 5.591883 0.137029 -5.591883 0.163625 -5.591883 0.163625 5.591883 0.137029 5.591883 0.16748 -5.591883 0.163625 5.591883 0.16748 -5.591883 0.19635 5.578482 0.229074 -5.578482 0.229074 5.591883 0.19635 5.591883 0.19635 -5.578482 0.229074 -5.591883 0.19635 5.591883 0.19635 -5.591883 0.19635 5.591883 0.163625 5.591883 0.163625 -5.591883 0.19635 -5.591883 0.163625 5.591883 0.163625 -5.591883 0.163625 5.591883 0.1309 5.591883 0.1309 -5.591883 0.163625 -5.591883 0.1309 5.591883 0.1309 -5.591883 0.1309 5.591883 0.09817498 5.591883 0.09817498 -5.591883 0.1309 -5.591883 0.09817498 5.591883 0.09817498 -5.591883 0.09817498 5.591883 0.06544995 5.591883 0.06544995 -5.591883 0.09817498 -5.591883 0.06544995 5.591883 0.06544995 -5.591883 0.06544995 5.591883 0.03272497 5.591883 0.03272497 -5.591883 0.06544995 -5.591883 0.03272497 5.591883 0.03272497 -5.591883 0.03272497 5.591883 0 5.591883 0 -5.591883 0.03272497 -5.591883 0 5.591883 0 -5.591883 0 5.591883 -0.03272497 5.591883 -0.03272497 -5.591883 0 -5.591883 -0.03272497 5.591883 -0.03272497 -5.591883 -0.03272497 5.591883 -0.06544995 5.591883 -0.06544995 -5.591883 -0.03272497 -5.591883 -0.06544995 5.591883 -0.06544995 -5.591883 -0.06544995 5.591883 -0.09817498 5.591883 -0.09817498 -5.591883 -0.06544995 -5.591883 -0.09817498 5.591883 -0.09817498 -5.591883 -0.09817498 5.591883 -0.1309 5.591883 -0.1309 -5.591883 -0.09817498 -5.591883 -0.1309 5.591883 -0.1309 -5.591883 -0.1309 5.591883 -0.163625 5.591883 -0.163625 -5.591883 -0.1309 -5.591883 -0.1768275 5.591883 -0.163625 -5.591883 -0.1768275 5.591883 -0.19635 5.591883 -0.19635 -5.591883 -0.1768275 -5.578482 -0.229074 -5.578482 0.229074 5.578482 0.229074 -5.565995 0.261799 -5.565995 0.261799 5.578482 0.229074 5.565995 0.261799 -5.565995 0.261799 5.565995 0.261799 -5.555271 0.294524 -5.555271 0.294524 5.565995 0.261799 5.555271 0.294524 -5.555271 0.294524 5.555271 0.294524 -5.547043 0.327249 -5.547043 0.327249 5.555271 0.294524 5.547043 0.327249 -5.547043 0.327249 5.547043 0.327249 -5.541871 0.359974 -5.541871 0.359974 5.547043 0.327249 5.541871 0.359974 -5.541871 0.359974 5.541871 0.359974 -5.540106 0.392699 -5.540106 0.392699 5.541871 0.359974 5.540106 0.392699 -5.540106 -0.392699 5.540106 -0.392699 5.541871 -0.359974 -5.540106 -0.392699 5.541871 -0.359974 -5.541871 -0.359974 -5.541871 -0.359974 5.541871 -0.359974 5.547043 -0.327249 -5.541871 -0.359974 5.547043 -0.327249 -5.547043 -0.327249 -5.547043 -0.327249 5.547043 -0.327249 5.555271 -0.294524 -5.547043 -0.327249 5.555271 -0.294524 -5.555271 -0.294524 -5.555271 -0.294524 5.555271 -0.294524 5.565995 -0.261799 -5.555271 -0.294524 5.565995 -0.261799 -5.565995 -0.261799 -5.565995 -0.261799 5.565995 -0.261799 5.578482 -0.229074 -5.565995 -0.261799 5.578482 -0.229074 -5.578482 -0.229074 -5.578482 -0.229074 5.578482 -0.229074 5.591883 -0.19635 0 0 0 0 0 0 0 0 0 0 -5.590523 0.200485 -5.591018 0.199023 0 0 0 0 0 0 0 0 -5.55632 0.292832 0 0 0 0 0 0 0 0 0 0 0 0 0 0 0 0 0 0 -5.549845 -0.317092 -5.549845 0.317092 -5.55632 0.292832 0 0 0 0 0 0 0 0 0 0 0 0 0 0 0 0 0 0 0.09412598 -0.04274898 -0.09412598 -0.04274898 0 0 0 0 0 0 0 0 0 -0.654499 0.03272497 -0.654499 0 0 0 0 0 0 0 0 0 0 0 0 0 0 0 0 0.03272497 0 0 0 0 0 0 0 0 0 0 0 0 0 0 0 0 0 0.03272497 -0.03272497 0 -0.03272497 0 0 0 0 0 0 0 0 0 0 0 0 0 0 0 0 0 0 0 0 -5.541871 -0.359974 -5.540106 -0.392699 0 0 0 0 0 0 0 0 0 0 0 0 0 0 0 0 0 0 0 0 0 0 0 0 0 0 0 0 0 0 0 0 0 0 0 0 0 0 0 0 0 0 0 0 0 0 0 0 0 0 0 0 0 0 -0.03272497 -0.06544995 0 0 0 0 0 0 0 0 0 0 -0.03272497 -0.06544995 0 0 0 0 0 0 0 0 0 0 5.591883 0 -0.03272497 -0.09817498 0 0 0 0 0.03272497 -0.09817498 0 -0.09817498 0 0 0 0 0 0 0 0 0 0 0 0 0 0 0 0 0 0 0 0 0.03272497 -0.1309 0 -0.1309 0 0 0 0 0 0 0 0 0 0 0 0 0 0 0 0 0 -0.1309 0 0 0 0 0 0 0 0 5.541871 -0.359974 5.540106 -0.392699 0 0 0 0 0 0 0 0 0 0 0 0 0 0 0 0 0 0 0 0 0 0 0 0 0 0 0 0 0 0 0 0 0 0 0 0 0 0 0 0 0 0 0 0 0 0 0 0 0 0 0 0 0 0 -0.03272497 -0.163625 0 0 0 0 0 0 0 0 0 0 0 0 0 0 0 0 0 0 0 0 0 0 5.591883 0.03272497 0 0 0 0 0 0 0.03272497 -0.19635 0 -0.19635 0 0 0 0 0 0 0 0 0 0 0 0 0 0 0 0 0 0 0 0 0.03272497 -0.229074 0 -0.229074 0 0 0 0 0 0 0 0 0 0 0 0 0 0 0 0 0 0 0 0 0 0 0 0 0 0 -5.541871 -0.359974 -5.540106 -0.392699 0 0 0 0 0 0 0 0 0 0 0 0 0 0 0 0 0 0 0 0 0 0 0 0 0 0 0 0 0 0 0 0 0 0 0 0 0 0 0 0 0 0 0 0 0 0 0 0 0 0 0 0 0 0 0 -0.261799 -0.03272497 -0.261799 0 0 0 0 0 0 0 0 0 0 0 0 0 0 0 0 0 0 0 0 5.591883 0 -0.03272497 -0.294524 0 0 0 0 0.03272497 -0.294524 0 -0.294524 0 0 0 0 0 0 0 0 0 0 0 0 -5.541871 -0.359974 -5.541871 0.359974 -5.540106 -0.392699 0.03272497 -0.327249 -0.03272497 -0.327249 0 -0.327249 -5.547043 0.327249 0 0 0 0 0 0 0 0 0 0 0 0 0 0 0 0 0 0 0 0 0 0 0 0 0 0 0 0 0 0 0 0 0 0 0 0 0 0 0 0 0 0 0 0 0 0 0 0 0 0 0 0 0 0 0 0 0 0 0 0 -5.540106 -0.392699 0 0 0 0 0 0 -0.03272497 -0.621774 0 0 0 0 0 0 0 0 0 0 0 0 0 0 0 0 0 0 0 0 0 0 0 0 0 0 0 0 0 0 0 0 0 0 0 0 0 0 0 0 0 0 0.03272497 -0.359974 0 0 0 0 0 0 0 0 0 0 0 -0.359974 0.03272497 -0.359974 0 0 0 0 0 0 0 0 5.591883 0 5.591883 0.03272497 0 0 0 0 -0.03272497 -0.392699 0 -0.392699 0 0 0 0 0 0 0 0 0 0 0 0 0 0 0 0 0 0 0 0 -0.03272497 -0.425424 0 -0.425424 0 0 0 0 0 0 0 0 0 0 0 0 0 0 0 0 0 0 0 0 0 0 0 0 0 0 0 0 0 0 0 0 0 0 0 0 0 0 0 0 0 0 0 0 0 0 0 0 5.540106 -0.392699 5.541871 -0.359974 0 0 0 0 0 0 0 0 0 0 0 0 0 0 0.03272497 -0.458149 0 0 0 0 0 0 0 0 0 0 0.03272497 -0.458149 0 0 0 0 0 0 0 0 0 0 0 0 0 0 0 0 0.03272497 -0.490874 0 0 0 0 0 0 -0.03272497 0.294524 0 0.294524 0 0 0 0 0 0 0 0 0 0 0 0 0 0 -0.03272497 0.261799 0 0.261799 0 0 0 0 0 0 0 0 0 0 5.540106 -0.392699 0 0 0 0 0 0 0 0 0 0 0 0 0 0 0 0 0 0 0 0 0 0 0 0 0 0 0 0 0 0 0 0 0 0 0 0 0 0 0 0 0 0 0 0 0 0 0 0 5.540106 -0.392699 5.541871 -0.359974 0 0 0 0 0 0 0 0 0 0 0 0 0 0 0.03272497 0.229074 0 0 0 0 0 0 0 0 0 0 0 0 0 0 0 0 0 0 0 0 0 0 5.591883 0 0.03272497 0.19635 0 0 0 0 -0.03272497 -0.589049 0 -0.589049 0 0 0 0 0 0 -5.540106 -0.392699 0 0 0 0 0 0.08354097 0 0.09872996 0 0.09872996 5.577923 -0.22907 -5.591883 -0.19635 0 0 0 0 0.09817498 -0.687224 0.06544995 -0.687224 -0.03272497 -0.4749096 0 -0.458149 0 -0.490874 0 -0.458149 0.03272497 -0.490874 0 -0.490874 0 -0.458149 0.03272497 -0.458149 0.03272497 -0.490874 0.03272497 -0.458149 0.06544995 -0.490874 0.03272497 -0.490874 0.03272497 -0.458149 0.06544995 -0.458149 0.06544995 -0.490874 0.06544995 -0.458149 0.09817498 -0.490874 0.06544995 -0.490874 0.06544995 -0.458149 0.09817498 -0.458149 0.09817498 -0.490874 0.09817498 -0.458149 0.1309 -0.490874 0.09817498 -0.490874 0.09817498 -0.458149 0.1309 -0.458149 0.1309 -0.490874 0.1309 -0.458149 0.163625 -0.490874 0.1309 -0.490874 0.1309 -0.458149 0.163625 -0.458149 0.163625 -0.490874 0.163625 -0.458149 0.19635 -0.490874 0.163625 -0.490874 0.19635 -0.425424 0.163625 -0.425424 0.163625 -0.392699 0.163625 -0.425424 0.1309 -0.392699 0.163625 -0.392699 0.163625 -0.425424 0.1309 -0.425424 0.1309 -0.392699 0.1309 -0.425424 0.09817498 -0.392699 0.1309 -0.392699 0.1309 -0.425424 0.09817498 -0.425424 0.09817498 -0.392699 0.09817498 -0.425424 0.06544995 -0.392699 0.09817498 -0.392699 0.09817498 -0.425424 0.06544995 -0.425424 0.06544995 -0.392699 0.06544995 -0.425424 0.03272497 -0.392699 0.06544995 -0.392699 0.06544995 -0.425424 0.03272497 -0.425424 0.03272497 -0.392699 0.03272497 -0.425424 0 -0.392699 0.03272497 -0.392699 0.03272497 -0.425424 0 -0.425424 0 -0.392699 0 -0.425424 -0.03272497 -0.392699 0 -0.392699 0 -0.425424 -0.03272497 -0.425424 -0.03272497 -0.392699 -0.03272497 -0.425424 -0.06544995 -0.4441944 -0.03272497 -0.392699 0.163625 -0.458149 0.163625 -0.425424 0.19635 -0.458149 0.163625 -0.425424 0.163625 -0.458149 0.1309 -0.425424 0.163625 -0.458149 0.1309 -0.458149 0.1309 -0.425424 0.1309 -0.425424 0.1309 -0.458149 0.09817498 -0.425424 0.1309 -0.458149 0.09817498 -0.458149 0.09817498 -0.425424 0.09817498 -0.425424 0.09817498 -0.458149 0.06544995 -0.425424 0.09817498 -0.458149 0.06544995 -0.458149 0.06544995 -0.425424 0.06544995 -0.425424 0.06544995 -0.458149 0.03272497 -0.425424 0.06544995 -0.458149 0.03272497 -0.458149 0.03272497 -0.425424 0.03272497 -0.425424 0.03272497 -0.458149 0 -0.425424 0.03272497 -0.458149 0 -0.458149 0 -0.425424 0 -0.425424 0 -0.458149 -0.03272497 -0.425424 0 -0.458149 -0.03272497 -0.4749096 -0.03272497 -0.425424 -0.03272497 -0.425424 -0.03272497 -0.4749096 -0.06544995 -0.4441944 -0.06544995 0.2168168 -0.04026067 0.2403721 -0.03272497 0.19635 -0.04026067 0.2403721 0 0.19635 -0.03272497 0.19635 -0.04026067 0.2403721 0 0.229074 0 0.19635 0 0.229074 0.03272497 0.19635 0 0.19635 0 0.229074 0.03272497 0.229074 0.03272497 0.19635 0.03272497 0.229074 0.06544995 0.19635 0.03272497 0.19635 0.03272497 0.229074 0.06544995 0.229074 0.06544995 0.19635 0.06544995 0.229074 0.09817498 0.19635 0.06544995 0.19635 0.06544995 0.229074 0.09817498 0.229074 0.09817498 0.19635 0.09817498 0.229074 0.1309 0.19635 0.09817498 0.19635 0.09817498 0.229074 0.1309 0.229074 0.1309 0.19635 0.1309 0.229074 0.163625 0.19635 0.1309 0.19635 0.1309 0.229074 0.163625 0.229074 0.163625 0.19635 0.163625 0.229074 0.19635 0.19635 0.163625 0.19635 0.19635 0.261799 0.163625 0.261799 0.163625 0.294524 0.163625 0.261799 0.1309 0.294524 0.163625 0.294524 0.163625 0.261799 0.1309 0.261799 0.1309 0.294524 0.1309 0.261799 0.09817498 0.294524 0.1309 0.294524 0.1309 0.261799 0.09817498 0.261799 0.09817498 0.294524 0.09817498 0.261799 0.06544995 0.294524 0.09817498 0.294524 0.09817498 0.261799 0.06544995 0.261799 0.06544995 0.294524 0.06544995 0.261799 0.03272497 0.294524 0.06544995 0.294524 0.06544995 0.261799 0.03272497 0.261799 0.03272497 0.294524 0.03272497 0.261799 0 0.294524 0.03272497 0.294524 0.03272497 0.261799 0 0.261799 0 0.294524 0 0.261799 -0.03272497 0.294524 0 0.294524 0 0.261799 -0.03272497 0.261799 -0.03272497 0.294524 -0.03272497 0.261799 -0.04026067 0.2403721 -0.03272497 0.294524 0.163625 0.229074 0.163625 0.261799 0.19635 0.229074 0.163625 0.261799 0.163625 0.229074 0.1309 0.261799 0.163625 0.229074 0.1309 0.229074 0.1309 0.261799 0.1309 0.261799 0.1309 0.229074 0.09817498 0.261799 0.1309 0.229074 0.09817498 0.229074 0.09817498 0.261799 0.09817498 0.261799 0.09817498 0.229074 0.06544995 0.261799 0.09817498 0.229074 0.06544995 0.229074 0.06544995 0.261799 0.06544995 0.261799 0.06544995 0.229074 0.03272497 0.261799 0.06544995 0.229074 0.03272497 0.229074 0.03272497 0.261799 0.03272497 0.261799 0.03272497 0.229074 0 0.261799 0.03272497 0.229074 0 0.229074 0 0.261799 0 0.261799 0 0.229074 -0.03272497 0.261799 0 0.229074 -0.04026067 0.2403721 -0.03272497 0.261799 -0.04026067 0.2403721 -0.06544995 0.2168168 -0.09817498 0.24511 0.06544995 -0.6260315 0.03272497 -0.621774 0.03272497 -0.589049 0.03272497 -0.621774 0 -0.589049 0.03272497 -0.589049 0.03272497 -0.621774 0 -0.621774 0 -0.589049 0 -0.621774 -0.03272497 -0.621774 0 -0.589049 0 -0.621774 0 -0.654499 -0.03272497 -0.621774 0 -0.654499 -0.03272497 -0.654499 -0.03272497 -0.621774 0 -0.654499 0 -0.687224 -0.03272497 -0.654499 0 -0.687224 -0.03272497 -0.687224 -0.03272497 -0.654499 -0.03272497 -0.687224 -0.06544995 -0.654499 -0.03272497 -0.654499 -0.03272497 -0.687224 -0.06544995 -0.687224 -0.06544995 -0.654499 -0.06544995 -0.687224 -0.09817498 -0.654499 -0.06544995 -0.654499 -0.06544995 -0.687224 -0.09817498 -0.687224 -0.09817498 -0.654499 -0.09817498 -0.687224 -0.1309 -0.654499 -0.09817498 -0.654499 -0.09817498 -0.687224 -0.1309 -0.687224 -0.1309 -0.654499 -0.1309 -0.687224 -0.163625 -0.654499 -0.1309 -0.654499 -0.1309 -0.687224 -0.163625 -0.687224 -0.163625 -0.654499 -0.163625 -0.687224 -0.19635 -0.654499 -0.163625 -0.654499 0 -0.589049 -0.03272497 -0.621774 -0.03272497 -0.589049 -0.03272497 -0.621774 -0.06544995 -0.621774 -0.03272497 -0.589049 -0.03272497 -0.621774 -0.03272497 -0.654499 -0.06544995 -0.621774 -0.03272497 -0.654499 -0.06544995 -0.654499 -0.06544995 -0.621774 -0.03272497 -0.589049 -0.06544995 -0.621774 -0.06544995 -0.589049 -0.06544995 -0.621774 -0.09817498 -0.621774 -0.06544995 -0.589049 -0.06544995 -0.621774 -0.06544995 -0.654499 -0.09817498 -0.621774 -0.06544995 -0.654499 -0.09817498 -0.654499 -0.09817498 -0.621774 -0.06544995 -0.589049 -0.09817498 -0.621774 -0.09817498 -0.589049 -0.09817498 -0.621774 -0.1309 -0.621774 -0.09817498 -0.589049 -0.09817498 -0.621774 -0.09817498 -0.654499 -0.1309 -0.621774 -0.09817498 -0.654499 -0.1309 -0.654499 -0.1309 -0.621774 -0.09817498 -0.589049 -0.1309 -0.621774 -0.1309 -0.589049 -0.1309 -0.621774 -0.163625 -0.621774 -0.1309 -0.589049 -0.1309 -0.621774 -0.1309 -0.654499 -0.163625 -0.621774 -0.1309 -0.654499 -0.163625 -0.654499 -0.163625 -0.621774 -0.1309 -0.589049 -0.163625 -0.621774 -0.163625 -0.589049 -0.163625 -0.621774 -0.19635 -0.589049 -0.163625 -0.589049 0 -0.654499 0.03272497 -0.654499 0 -0.687224 0.03272497 -0.654499 0.03272497 -0.687224 0 -0.687224 0.03272497 -0.654499 0.06544995 -0.6260315 0.03272497 -0.687224 0.06544995 -0.6260315 0.06544995 -0.687224 0.03272497 -0.687224 0.06544995 -0.6260315 0.09817498 -0.6171147 0.06544995 -0.687224 0.09817498 -0.6171147 0.09817498 -0.687224 0.06544995 -0.687224 0.09817498 -0.6171147 0.1309 -0.6269544 0.09817498 -0.687224 0.1309 -0.6269544 0.1309 -0.687224 0.09817498 -0.687224 0.1309 -0.6269544 0.163625 -0.630161 0.1309 -0.687224 0.163625 -0.630161 0.163625 -0.687224 0.1309 -0.687224 0.163625 -0.630161 0.19635 -0.687224 0.163625 -0.687224 -0.163625 -0.621774 -0.163625 -0.654499 -0.19635 -0.621774 0 -0.654499 0 -0.621774 0.03272497 -0.654499 0 -0.621774 0.03272497 -0.621774 0.03272497 -0.654499 0.03272497 -0.654499 0.03272497 -0.621774 0.06544995 -0.6260315 -5.578482 -0.229075 -5.591883 -0.19635 5.578482 -0.229074 -5.591883 -0.19635 5.591883 -0.19635 5.578482 -0.229074 -5.591883 -0.19635 -5.591883 -0.163625 5.591883 -0.19635 -5.591883 -0.163625 5.591883 -0.163625 5.591883 -0.19635 -5.591883 -0.163625 -5.591883 -0.1309 5.591883 -0.163625 -5.591883 -0.1309 5.591883 -0.1309 5.591883 -0.163625 -5.591883 -0.1309 -5.591883 -0.09817498 5.591883 -0.1309 -5.591883 -0.09817498 5.591883 -0.09817498 5.591883 -0.1309 -5.591883 -0.09817498 -5.591883 -0.06544995 5.591883 -0.09817498 -5.591883 -0.06544995 5.591883 -0.06544995 5.591883 -0.09817498 -5.591883 -0.06544995 -5.591883 -0.03272497 5.591883 -0.06544995 -5.591883 -0.03272497 5.591883 -0.03272497 5.591883 -0.06544995 -5.591883 -0.03272497 -5.591883 0 5.591883 -0.03272497 -5.591883 0 5.591883 0 5.591883 -0.03272497 -5.591883 0 5.591883 0.03272497 5.591883 0 5.578482 -0.229074 5.565995 -0.261799 -5.578482 -0.229075 5.565995 -0.261799 -5.565995 -0.261799 -5.578482 -0.229075 5.565995 -0.261799 5.555271 -0.294524 -5.565995 -0.261799 5.555271 -0.294524 -5.555271 -0.294524 -5.565995 -0.261799 5.555271 -0.294524 5.547043 -0.327249 -5.555271 -0.294524 5.547043 -0.327249 -5.547043 -0.327249 -5.555271 -0.294524 5.547043 -0.327249 5.541871 -0.359974 -5.547043 -0.327249 5.541871 -0.359974 -5.541871 -0.359974 -5.547043 -0.327249 5.541871 -0.359974 5.540106 -0.392699 -5.541871 -0.359974 5.540106 -0.392699 -5.540106 -0.392699 -5.541871 -0.359974 5.540106 0.392699 -5.541871 0.359974 -5.540106 0.392699 5.540106 0.392699 5.541871 0.359974 -5.541871 0.359974 5.541871 0.359974 -5.547043 0.327249 -5.541871 0.359974 5.541871 0.359974 5.547043 0.327249 -5.547043 0.327249 5.547043 0.327249 -5.555271 0.294524 -5.547043 0.327249 5.547043 0.327249 5.555271 0.294524 -5.555271 0.294524 5.555271 0.294524 -5.565995 0.261799 -5.555271 0.294524 5.555271 0.294524 5.565995 0.261799 -5.565995 0.261799 5.565995 0.261799 -5.578482 0.229075 -5.565995 0.261799 5.565995 0.261799 5.578482 0.229074 -5.578482 0.229075 5.578482 0.229074 -5.591883 0.19635 -5.578482 0.229075 5.578482 0.229074 5.591883 0.19635 -5.591883 0.19635 5.591883 0.19635 -5.591883 0.163625 -5.591883 0.19635 5.591883 0.19635 5.591883 0.163625 -5.591883 0.163625 5.591883 0.163625 -5.591883 0.1309 -5.591883 0.163625 5.591883 0.163625 5.591883 0.1309 -5.591883 0.1309 5.591883 0.1309 -5.591883 0.09817498 -5.591883 0.1309 5.591883 0.1309 5.591883 0.09817498 -5.591883 0.09817498 5.591883 0.09817498 -5.591883 0.06544995 -5.591883 0.09817498 5.591883 0.09817498 5.591883 0.06544995 -5.591883 0.06544995 5.591883 0.06544995 -5.591883 0.03272497 -5.591883 0.06544995 5.591883 0.06544995 5.591883 0.03272497 -5.591883 0.03272497 5.591883 0.03272497 -5.591883 0 -5.591883 0.03272497 5.577923 0.22907 5.591324 0.196346 -5.587023 0.209294 5.591324 0.196346 -5.589358 0.203525 -5.587023 0.209294 5.591324 0.196346 -5.590523 0.200485 -5.589358 0.203525 5.565436 0.261794 5.577923 0.22907 -5.572952 0.244547 5.577923 0.22907 -5.582132 0.2213349 -5.572952 0.244547 5.577923 0.22907 -5.587023 0.209294 -5.582132 0.2213349 -5.572952 0.244547 -5.564065 0.268822 5.565436 0.261794 -5.564065 0.268822 5.554712 0.294518 5.565436 0.261794 -5.564065 0.268822 -5.55632 0.292832 5.554712 0.294518 -5.55632 0.292832 -5.549845 0.317092 5.554712 0.294518 -5.549845 0.317092 5.546484 0.327243 5.554712 0.294518 -5.549845 0.317092 -5.544803 0.342371 5.546484 0.327243 -5.544803 0.342371 5.541311 0.359967 5.546484 0.327243 -5.544803 0.342371 -5.541775 0.367151 5.541311 0.359967 -5.541775 0.367151 5.539547 0.392691 5.541311 0.359967 -5.541775 0.367151 -5.540661 0.392691 5.539547 0.392691 -5.540661 -0.392691 -5.543197 -0.3555147 5.539547 -0.392691 -5.543197 -0.3555147 5.541311 -0.359967 5.539547 -0.392691 -5.543197 -0.3555147 5.546484 -0.327243 5.541311 -0.359967 -5.543197 -0.3555147 -5.549845 -0.317092 5.546484 -0.327243 -5.549845 -0.317092 5.554712 -0.294518 5.546484 -0.327243 -5.549845 -0.317092 -5.55632 -0.292832 5.554712 -0.294518 -5.55632 -0.292832 -5.564065 -0.268822 5.554712 -0.294518 -5.564065 -0.268822 5.565436 -0.261794 5.554712 -0.294518 -5.564065 -0.268822 -5.572952 -0.244547 5.565436 -0.261794 -5.572952 -0.244547 5.577923 -0.22907 5.565436 -0.261794 -5.572952 -0.244547 -5.582132 -0.2213349 5.577923 -0.22907 -5.582132 -0.2213349 -5.587023 -0.209294 5.577923 -0.22907 -5.587023 -0.209294 5.591324 -0.196346 5.577923 -0.22907 -5.587023 -0.209294 -5.589358 -0.203525 5.591324 -0.196346 -5.589358 -0.203525 -5.590523 -0.200485 5.591324 -0.196346 -5.590523 -0.200485 -5.591018 -0.199023 5.591324 -0.196346 -5.591018 -0.199023 -5.591229 -0.198237 5.591324 -0.196346 -5.591229 -0.198237 -5.591324 -0.197464 5.591324 -0.196346 -5.591324 -0.197464 -5.591324 -0.167085 5.591324 -0.196346 -5.591324 -0.167085 5.591324 -0.163621 5.591324 -0.196346 -5.591324 -0.167085 -5.591324 -0.1367059 5.591324 -0.163621 -5.591324 -0.1367059 5.591324 -0.130897 5.591324 -0.163621 -5.591324 -0.1367059 -5.591324 -0.1063269 5.591324 -0.130897 -5.591324 -0.1063269 5.591324 -0.09817296 5.591324 -0.130897 -5.591324 -0.1063269 -5.591324 -0.07594799 5.591324 -0.09817296 -5.591324 -0.07594799 5.591324 -0.06544899 5.591324 -0.09817296 -5.591324 -0.07594799 -5.591324 -0.045569 5.591324 -0.06544899 -5.591324 -0.045569 5.591324 -0.03272396 5.591324 -0.06544899 -5.591324 -0.045569 -5.591324 -0.01518994 5.591324 -0.03272396 -5.591324 -0.01518994 5.591324 0 5.591324 -0.03272396 -5.591324 -0.01518994 -5.591324 0.01518994 5.591324 0 -5.591324 0.01518994 5.591324 0.03272396 5.591324 0 -5.591324 0.01518994 -5.591324 0.045569 5.591324 0.03272396 -5.591324 0.045569 5.591324 0.06544899 5.591324 0.03272396 -5.591324 0.045569 -5.591324 0.07594799 5.591324 0.06544899 -5.591324 0.07594799 5.591324 0.09817296 5.591324 0.06544899 -5.591324 0.07594799 -5.591324 0.1063269 5.591324 0.09817296 -5.591324 0.1063269 5.591324 0.130897 5.591324 0.09817296 -5.591324 0.1063269 -5.591324 0.1367059 5.591324 0.130897 -5.591324 0.1367059 5.591324 0.163621 5.591324 0.130897 -5.591324 0.1367059 -5.591324 0.167085 5.591324 0.163621 -5.591324 0.167085 5.591324 0.196346 5.591324 0.163621 -5.591324 0.167085 -5.591324 0.197464 5.591324 0.196346 -5.591324 0.197464 -5.591229 0.198237 5.591324 0.196346 -5.591229 0.198237 -5.591018 0.199023 5.591324 0.196346 -5.591018 0.199023 -5.590523 0.200485 5.591324 0.196346 -5.578482 -0.229074 -5.591883 -0.19635 5.578482 -0.229074 -5.591883 -0.19635 5.591883 -0.19635 5.578482 -0.229074 -5.591883 -0.19635 -5.591883 -0.163625 5.591883 -0.19635 -5.591883 -0.163625 5.591883 -0.163625 5.591883 -0.19635 -5.591883 -0.163625 -5.591883 -0.1309 5.591883 -0.163625 -5.591883 -0.1309 5.591883 -0.1309 5.591883 -0.163625 -5.591883 -0.1309 -5.591883 -0.09817498 5.591883 -0.1309 -5.591883 -0.09817498 5.591883 -0.09817498 5.591883 -0.1309 -5.591883 -0.09817498 -5.591883 -0.06544995 5.591883 -0.09817498 -5.591883 -0.06544995 5.591883 -0.06544995 5.591883 -0.09817498 -5.591883 -0.06544995 -5.591883 -0.03272497 5.591883 -0.06544995 -5.591883 -0.03272497 5.591883 -0.03272497 5.591883 -0.06544995 -5.591883 -0.03272497 -5.591883 0 5.591883 -0.03272497 -5.591883 0 5.591883 0 5.591883 -0.03272497 -5.591883 0 -5.591883 0.03272497 5.591883 0 -5.591883 0.03272497 5.591883 0.03272497 5.591883 0 -5.591883 0.03272497 -5.591883 0.06544995 5.591883 0.03272497 -5.591883 0.06544995 5.591883 0.06544995 5.591883 0.03272497 -5.591883 0.06544995 -5.591883 0.09817498 5.591883 0.06544995 -5.591883 0.09817498 5.591883 0.09817498 5.591883 0.06544995 -5.591883 0.09817498 -5.591883 0.1309 5.591883 0.09817498 -5.591883 0.1309 5.591883 0.1309 5.591883 0.09817498 -5.591883 0.1309 -5.591883 0.163625 5.591883 0.1309 -5.591883 0.163625 5.591883 0.163625 5.591883 0.1309 -5.591883 0.163625 -5.591883 0.19635 5.591883 0.163625 -5.591883 0.19635 5.591883 0.19635 5.591883 0.163625 -5.591883 0.19635 -5.578482 0.229074 5.591883 0.19635 -5.578482 0.229074 5.578482 0.229074 5.591883 0.19635 -5.578482 0.229074 -5.565995 0.261799 5.578482 0.229074 -5.565995 0.261799 5.565995 0.261799 5.578482 0.229074 -5.565995 0.261799 -5.555271 0.294524 5.565995 0.261799 -5.555271 0.294524 5.555271 0.294524 5.565995 0.261799 -5.555271 0.294524 -5.547043 0.327249 5.555271 0.294524 -5.547043 0.327249 5.547043 0.327249 5.555271 0.294524 -5.547043 0.327249 -5.541871 0.359974 5.547043 0.327249 -5.541871 0.359974 5.541871 0.359974 5.547043 0.327249 -5.541871 0.359974 -5.540106 0.392699 5.541871 0.359974 -5.540106 0.392699 5.540106 0.392699 5.541871 0.359974 -5.540106 -0.392699 -5.541871 -0.359974 5.540106 -0.392699 -5.541871 -0.359974 5.541871 -0.359974 5.540106 -0.392699 -5.541871 -0.359974 -5.547043 -0.327249 5.541871 -0.359974 -5.547043 -0.327249 5.547043 -0.327249 5.541871 -0.359974 -5.547043 -0.327249 -5.555271 -0.294524 5.547043 -0.327249 -5.555271 -0.294524 5.555271 -0.294524 5.547043 -0.327249 -5.555271 -0.294524 -5.565995 -0.261799 5.555271 -0.294524 -5.565995 -0.261799 5.565995 -0.261799 5.555271 -0.294524 -5.565995 -0.261799 -5.578482 -0.229074 5.565995 -0.261799 -5.578482 -0.229074 5.578482 -0.229074 5.565995 -0.261799 0 -0.09872996 -0.125 -0.09872996 0 -0.08354097 0 -0.08354097 -0.125 -0.08227497 0 -0.06835198 0 -0.06835198 -0.125 -0.06581997 0 -0.05316197 0 -0.05316197 -0.125 -0.04936498 0 -0.03797298 0 -0.03797298 -0.125 -0.03290998 0 -0.02278399 0 -0.02278399 -0.125 -0.01645499 0 -0.007594943 0 -0.007594943 -0.125 0 0 0.007594943 0 0.007594943 -0.125 0.01645499 0 0.02278399 0 0.02278399 -0.125 0.03290998 0 0.03797298 0 0.03797298 -0.125 0.04936498 0 0.05316197 0 0.05316197 -0.125 0.06581997 0 0.06835198 0 0.06835198 -0.125 0.08227497 0 0.08354097 0 0.08354097 -0.125 0.09872996 0 0.09872996 -0.12499 -0.126582 -0.121681 -0.09638696 0 -0.125 -0.121681 -0.09638696 -0.111187 -0.06788098 0 -0.125 -0.111187 -0.06788098 -0.09412598 -0.04274898 0 -0.125 -0.09412598 -0.04274898 0.09412598 -0.04274898 0 -0.125 -0.09412598 -0.04274898 -0.05914169 -0.015922 0.09412598 -0.04274898 -0.05914169 -0.015922 0.07150799 -0.02247399 0.09412598 -0.04274898 -0.05914169 -0.015922 0.044667 -0.008252978 0.07150799 -0.02247399 -0.05914169 -0.015922 -0.01518797 -9.26e-4 0.044667 -0.008252978 -0.01518797 -9.26e-4 0.01518797 -9.26e-4 0.044667 -0.008252978 0.12499 -0.126582 0 -0.125 0.121681 -0.09638696 0 -0.125 0.111187 -0.06788098 0.121681 -0.09638696 0 -0.125 0.09412598 -0.04274898 0.111187 -0.06788098 -5.578482 -0.229074 -5.591883 -0.19635 5.572997 -0.2434496 -5.591883 -0.19635 5.591883 -0.19635 5.572997 -0.2434496 -5.591883 -0.19635 -5.591883 -0.163625 5.591883 -0.19635 -5.591883 -0.163625 5.591883 -0.163625 5.591883 -0.19635 -5.591883 -0.163625 -5.591883 -0.1309 5.591883 -0.163625 -5.591883 -0.1309 5.591883 -0.1309 5.591883 -0.163625 -5.591883 -0.1309 -5.591883 -0.09817498 5.591883 -0.1309 -5.591883 -0.09817498 5.591883 -0.09817498 5.591883 -0.1309 -5.591883 -0.09817498 -5.591883 -0.06544995 5.591883 -0.09817498 -5.591883 -0.06544995 5.591883 -0.06544995 5.591883 -0.09817498 -5.591883 -0.06544995 -5.591883 -0.03272497 5.591883 -0.06544995 -5.591883 -0.03272497 5.591883 -0.03272497 5.591883 -0.06544995 -5.591883 -0.03272497 -5.591883 0 5.591883 -0.03272497 -5.591883 0 5.591883 0 5.591883 -0.03272497 -5.591883 0 -5.591883 0.03272497 5.591883 0 -5.591883 0.03272497 5.591883 0.03272497 5.591883 0 -5.591883 0.03272497 -5.591883 0.06544995 5.591883 0.03272497 -5.591883 0.06544995 5.591883 0.06544995 5.591883 0.03272497 -5.591883 0.06544995 -5.591883 0.09817498 5.591883 0.06544995 -5.591883 0.09817498 5.591883 0.09817498 5.591883 0.06544995 -5.591883 0.09817498 -5.591883 0.1309 5.591883 0.09817498 -5.591883 0.1309 5.591883 0.1309 5.591883 0.09817498 -5.591883 0.1309 -5.591883 0.163625 5.591883 0.1309 -5.591883 0.163625 5.591883 0.163625 5.591883 0.1309 -5.591883 0.163625 -5.591883 0.19635 5.591883 0.163625 -5.591883 0.19635 5.591883 0.19635 5.591883 0.163625 -5.591883 0.19635 -5.578482 0.229074 5.591883 0.19635 -5.578482 0.229074 5.578482 0.229074 5.591883 0.19635 -5.578482 0.229074 -5.565995 0.261799 5.578482 0.229074 -5.565995 0.261799 5.560859 0.2774726 5.578482 0.229074 -5.565995 0.261799 -5.555271 0.294524 5.560859 0.2774726 -5.555271 0.294524 -5.547043 0.327249 5.560859 0.2774726 -5.547043 0.327249 5.547043 0.327249 5.560859 0.2774726 -5.547043 0.327249 -5.541871 0.359974 5.547043 0.327249 -5.541871 0.359974 5.541871 0.359974 5.547043 0.327249 -5.541871 0.359974 -5.540106 0.392699 5.541871 0.359974 -5.540106 0.392699 5.540106 0.392699 5.541871 0.359974 -5.540106 -0.392699 -5.541871 -0.359974 5.540106 -0.392699 -5.541871 -0.359974 5.541871 -0.359974 5.540106 -0.392699 -5.541871 -0.359974 -5.547043 -0.327249 5.541871 -0.359974 -5.547043 -0.327249 5.547043 -0.327249 5.541871 -0.359974 -5.547043 -0.327249 -5.555271 -0.294524 5.547043 -0.327249 -5.555271 -0.294524 5.555271 -0.294524 5.547043 -0.327249 -5.555271 -0.294524 -5.565995 -0.261799 5.555271 -0.294524 -5.565995 -0.261799 5.572997 -0.2434496 5.555271 -0.294524 -5.565995 -0.261799 -5.578482 -0.229074 5.572997 -0.2434496 0.09817498 -0.3157626 0.06544995 -0.327249 0.06544995 -0.294524 0.06544995 -0.327249 0.03272497 -0.294524 0.06544995 -0.294524 0.06544995 -0.327249 0.03272497 -0.327249 0.03272497 -0.294524 0.03272497 -0.327249 0 -0.294524 0.03272497 -0.294524 0.03272497 -0.327249 0 -0.327249 0 -0.294524 0 -0.327249 -0.03272497 -0.294524 0 -0.294524 0 -0.327249 -0.03272497 -0.327249 -0.03272497 -0.294524 -0.03272497 -0.327249 -0.06544995 -0.294524 -0.03272497 -0.294524 -0.03272497 -0.327249 -0.06544995 -0.3336548 -0.06544995 -0.294524 -0.06544995 -0.3336548 -0.09817498 -0.294524 -0.06544995 -0.294524 -0.06544995 -0.3336548 -0.09817498 -0.327249 -0.09817498 -0.294524 -0.09817498 -0.327249 -0.1309 -0.294524 -0.09817498 -0.294524 -0.09817498 -0.327249 -0.1309 -0.327249 -0.1309 -0.294524 -0.1309 -0.327249 -0.163625 -0.294524 -0.1309 -0.294524 -0.1309 -0.327249 -0.163625 -0.327249 -0.163625 -0.294524 -0.163625 -0.327249 -0.19635 -0.294524 -0.163625 -0.294524 -0.19635 -0.359974 -0.163625 -0.359974 -0.163625 -0.392699 -0.163625 -0.359974 -0.1309 -0.392699 -0.163625 -0.392699 -0.163625 -0.359974 -0.1309 -0.359974 -0.1309 -0.392699 -0.1309 -0.359974 -0.09817498 -0.392699 -0.1309 -0.392699 -0.1309 -0.359974 -0.09817498 -0.359974 -0.09817498 -0.392699 -0.09817498 -0.359974 -0.06544995 -0.392699 -0.09817498 -0.392699 -0.09817498 -0.359974 -0.06544995 -0.3336548 -0.06544995 -0.392699 -0.06544995 -0.3336548 -0.03272497 -0.392699 -0.06544995 -0.392699 -0.06544995 -0.3336548 -0.03272497 -0.359974 -0.03272497 -0.392699 -0.03272497 -0.359974 0 -0.392699 -0.03272497 -0.392699 -0.03272497 -0.359974 0 -0.359974 0 -0.392699 0 -0.359974 0.03272497 -0.392699 0 -0.392699 0 -0.359974 0.03272497 -0.359974 0.03272497 -0.392699 0.03272497 -0.359974 0.06544995 -0.392699 0.03272497 -0.392699 0.03272497 -0.359974 0.06544995 -0.359974 0.06544995 -0.392699 0.06544995 -0.359974 0.09817498 -0.392699 0.06544995 -0.392699 0.06544995 -0.359974 0.09817498 -0.359974 0.09817498 -0.392699 0.09817498 -0.359974 0.1309 -0.392699 0.09817498 -0.392699 0.09817498 -0.359974 0.1309 -0.359974 0.1309 -0.392699 0.1309 -0.359974 0.163625 -0.392699 0.1309 -0.392699 0.1309 -0.359974 0.163625 -0.359974 0.163625 -0.392699 0.163625 -0.359974 0.19635 -0.392699 0.163625 -0.392699 -0.163625 -0.327249 -0.163625 -0.359974 -0.19635 -0.327249 -0.163625 -0.359974 -0.163625 -0.327249 -0.1309 -0.359974 -0.163625 -0.327249 -0.1309 -0.327249 -0.1309 -0.359974 -0.1309 -0.359974 -0.1309 -0.327249 -0.09817498 -0.359974 -0.1309 -0.327249 -0.09817498 -0.327249 -0.09817498 -0.359974 -0.09817498 -0.359974 -0.09817498 -0.327249 -0.06544995 -0.3336548 -0.06544995 -0.3336548 -0.03272497 -0.327249 -0.03272497 -0.359974 -0.03272497 -0.359974 -0.03272497 -0.327249 0 -0.359974 -0.03272497 -0.327249 0 -0.327249 0 -0.359974 0 -0.359974 0 -0.327249 0.03272497 -0.359974 0 -0.327249 0.03272497 -0.327249 0.03272497 -0.359974 0.03272497 -0.359974 0.03272497 -0.327249 0.06544995 -0.359974 0.03272497 -0.327249 0.06544995 -0.327249 0.06544995 -0.359974 0.06544995 -0.359974 0.06544995 -0.327249 0.09817498 -0.359974 0.06544995 -0.327249 0.09817498 -0.3157626 0.09817498 -0.359974 0.163625 -0.359974 0.1309 -0.2933889 0.1605949 -0.2847067 0.09817498 -0.359974 0.09817498 -0.3157626 0.1309 -0.359974 0.09817498 -0.3157626 0.1309 -0.2933889 0.1309 -0.359974 0.1309 -0.359974 0.1309 -0.2933889 0.163625 -0.359974 0.163625 -0.2621905 0.1309 -0.2288503 0.1768007 -0.2095252 0.06544995 -0.2471087 0.03272497 -0.229074 0.03272497 -0.19635 0.03272497 -0.229074 0 -0.19635 0.03272497 -0.19635 0.03272497 -0.229074 0 -0.229074 0 -0.19635 0 -0.229074 -0.03272497 -0.19635 0 -0.19635 0 -0.229074 -0.03272497 -0.229074 -0.03272497 -0.19635 -0.03272497 -0.229074 -0.06544995 -0.229074 -0.03272497 -0.19635 -0.03272497 -0.229074 -0.03272497 -0.261799 -0.06544995 -0.229074 -0.03272497 -0.261799 -0.06544995 -0.261799 -0.06544995 -0.229074 -0.03272497 -0.261799 -0.03272497 -0.294524 -0.06544995 -0.261799 -0.03272497 -0.294524 -0.06544995 -0.294524 -0.06544995 -0.261799 -0.06544995 -0.294524 -0.09817498 -0.261799 -0.06544995 -0.261799 -0.06544995 -0.294524 -0.09817498 -0.294524 -0.09817498 -0.261799 -0.09817498 -0.294524 -0.1309 -0.261799 -0.09817498 -0.261799 -0.09817498 -0.294524 -0.1309 -0.294524 -0.1309 -0.261799 -0.1309 -0.294524 -0.163625 -0.261799 -0.1309 -0.261799 -0.1309 -0.294524 -0.163625 -0.294524 -0.163625 -0.261799 -0.163625 -0.294524 -0.19635 -0.261799 -0.163625 -0.261799 -0.03272497 -0.19635 -0.06544995 -0.229074 -0.06544995 -0.19635 -0.06544995 -0.229074 -0.09817498 -0.229074 -0.06544995 -0.19635 -0.06544995 -0.229074 -0.06544995 -0.261799 -0.09817498 -0.229074 -0.06544995 -0.261799 -0.09817498 -0.261799 -0.09817498 -0.229074 -0.06544995 -0.19635 -0.09817498 -0.229074 -0.09817498 -0.19635 -0.09817498 -0.229074 -0.1309 -0.229074 -0.09817498 -0.19635 -0.09817498 -0.229074 -0.09817498 -0.261799 -0.1309 -0.229074 -0.09817498 -0.261799 -0.1309 -0.261799 -0.1309 -0.229074 -0.09817498 -0.19635 -0.1309 -0.229074 -0.1309 -0.19635 -0.1309 -0.229074 -0.163625 -0.229074 -0.1309 -0.19635 -0.1309 -0.229074 -0.1309 -0.261799 -0.163625 -0.229074 -0.1309 -0.261799 -0.163625 -0.261799 -0.163625 -0.229074 -0.1309 -0.19635 -0.163625 -0.229074 -0.163625 -0.19635 -0.163625 -0.229074 -0.19635 -0.19635 -0.163625 -0.19635 -0.03272497 -0.294524 -0.03272497 -0.261799 0 -0.294524 -0.03272497 -0.261799 0 -0.261799 0 -0.294524 -0.03272497 -0.261799 -0.03272497 -0.229074 0 -0.261799 -0.03272497 -0.229074 0 -0.229074 0 -0.261799 0 -0.294524 0 -0.261799 0.03272497 -0.294524 0 -0.261799 0.03272497 -0.261799 0.03272497 -0.294524 0 -0.261799 0 -0.229074 0.03272497 -0.261799 0 -0.229074 0.03272497 -0.229074 0.03272497 -0.261799 0.03272497 -0.294524 0.03272497 -0.261799 0.06544995 -0.2471087 0.03272497 -0.261799 0.03272497 -0.229074 0.06544995 -0.2471087 -0.163625 -0.229074 -0.163625 -0.261799 -0.19635 -0.229074 -5.591883 0.163625 -5.591883 0.19635 5.591883 0.19635 -5.591883 0.19635 5.578482 0.229074 5.591883 0.19635 -5.591883 0.19635 -5.578482 0.229074 5.578482 0.229074 -5.578482 0.229074 5.565995 0.261799 5.578482 0.229074 -5.578482 0.229074 -5.565995 0.261799 5.565995 0.261799 -5.565995 0.261799 5.555271 0.294524 5.565995 0.261799 -5.565995 0.261799 -5.555271 0.294524 5.555271 0.294524 -5.555271 0.294524 5.547043 0.327249 5.555271 0.294524 -5.555271 0.294524 -5.547043 0.327249 5.547043 0.327249 -5.547043 0.327249 5.541871 0.359974 5.547043 0.327249 -5.547043 0.327249 -5.541871 0.359974 5.541871 0.359974 -5.541871 0.359974 -5.540106 0.392699 5.541871 0.359974 -5.540106 0.392699 5.540106 0.392699 5.541871 0.359974 -5.540106 -0.392699 -5.541871 -0.359974 5.540106 -0.392699 -5.541871 -0.359974 5.541871 -0.359974 5.540106 -0.392699 -5.541871 -0.359974 -5.547043 -0.327249 5.541871 -0.359974 -5.547043 -0.327249 5.547043 -0.327249 5.541871 -0.359974 -5.547043 -0.327249 -5.555271 -0.294524 5.547043 -0.327249 -5.555271 -0.294524 5.555271 -0.294524 5.547043 -0.327249 -5.555271 -0.294524 -5.565995 -0.261799 5.555271 -0.294524 -5.565995 -0.261799 5.565995 -0.261799 5.555271 -0.294524 -5.565995 -0.261799 -5.578482 -0.229074 5.565995 -0.261799 -5.578482 -0.229074 5.578482 -0.229074 5.565995 -0.261799 -5.578482 -0.229074 -5.591883 -0.1768007 5.578482 -0.229074 -5.591883 -0.1768007 5.591883 -0.19635 5.578482 -0.229074 -5.591883 -0.1768007 5.591883 -0.163625 5.591883 -0.19635 -5.591883 -0.1768007 -5.591883 -0.1309 5.591883 -0.163625 -5.591883 -0.1309 5.591883 -0.1309 5.591883 -0.163625 -5.591883 -0.1309 -5.591883 -0.09817498 5.591883 -0.1309 -5.591883 -0.09817498 5.591883 -0.09817498 5.591883 -0.1309 -5.591883 -0.09817498 -5.591883 -0.06544995 5.591883 -0.09817498 -5.591883 -0.06544995 5.591883 -0.06544995 5.591883 -0.09817498 -5.591883 -0.06544995 -5.591883 -0.03272497 5.591883 -0.06544995 -5.591883 -0.03272497 5.591883 -0.03272497 5.591883 -0.06544995 -5.591883 -0.03272497 -5.591883 0 5.591883 -0.03272497 -5.591883 0 5.591883 0 5.591883 -0.03272497 -5.591883 0 -5.591883 0.03272497 5.591883 0 -5.591883 0.03272497 5.591883 0.03272497 5.591883 0 -5.591883 0.03272497 5.591883 0.06544995 5.591883 0.03272497 5.591883 0.19635 5.591883 0.163625 -5.591883 0.163625 5.591883 0.163625 -5.591883 0.1309 -5.591883 0.163625 5.591883 0.163625 5.591883 0.1309 -5.591883 0.1309 5.591883 0.1309 -5.591883 0.09817498 -5.591883 0.1309 5.591883 0.1309 5.591883 0.09817498 -5.591883 0.09817498 5.591883 0.09817498 -5.591883 0.06544995 -5.591883 0.09817498 5.591883 0.09817498 5.591883 0.06544995 -5.591883 0.06544995 5.591883 0.06544995 -5.591883 0.03272497 -5.591883 0.06544995 -5.572997 -0.2434496 -5.591883 -0.1605949 5.591883 -0.19635 -5.591883 -0.1605949 5.591883 -0.163625 5.591883 -0.19635 -5.591883 -0.1605949 5.591883 -0.1309 5.591883 -0.163625 -5.591883 -0.1605949 -5.591883 -0.1309 5.591883 -0.1309 -5.591883 -0.1309 5.591883 -0.09817498 5.591883 -0.1309 -5.591883 -0.1309 -5.591883 -0.09817498 5.591883 -0.09817498 -5.591883 -0.09817498 5.591883 -0.06544995 5.591883 -0.09817498 -5.591883 -0.09817498 -5.591883 -0.06544995 5.591883 -0.06544995 -5.591883 -0.06544995 5.591883 -0.03272497 5.591883 -0.06544995 -5.591883 -0.06544995 -5.591883 -0.03272497 5.591883 -0.03272497 -5.591883 -0.03272497 -5.591883 0 5.591883 -0.03272497 -5.591883 0 5.591883 0 5.591883 -0.03272497 -5.591883 0 -5.591883 0.03272497 5.591883 0 -5.591883 0.03272497 5.591883 0.03272497 5.591883 0 -5.591883 0.03272497 -5.591883 0.06544995 5.591883 0.03272497 -5.591883 0.06544995 5.591883 0.06544995 5.591883 0.03272497 -5.591883 0.06544995 -5.591883 0.09817498 5.591883 0.06544995 -5.591883 0.09817498 5.591883 0.09817498 5.591883 0.06544995 -5.591883 0.09817498 -5.591883 0.1309 5.591883 0.09817498 -5.591883 0.1309 5.591883 0.1309 5.591883 0.09817498 -5.591883 0.1309 -5.591883 0.163625 5.591883 0.1309 -5.591883 0.163625 5.591883 0.163625 5.591883 0.1309 -5.591883 0.163625 -5.591883 0.19635 5.591883 0.163625 -5.591883 0.19635 5.591883 0.19635 5.591883 0.163625 -5.591883 0.19635 -5.578482 0.229074 5.591883 0.19635 -5.578482 0.229074 5.578482 0.229074 5.591883 0.19635 -5.578482 0.229074 -5.560859 0.2774726 5.578482 0.229074 -5.560859 0.2774726 5.565995 0.261799 5.578482 0.229074 -5.560859 0.2774726 5.555271 0.294524 5.565995 0.261799 -5.560859 0.2774726 -5.547043 0.327249 5.555271 0.294524 -5.547043 0.327249 5.547043 0.327249 5.555271 0.294524 -5.547043 0.327249 -5.541871 0.359974 5.547043 0.327249 -5.541871 0.359974 5.541871 0.359974 5.547043 0.327249 -5.541871 0.359974 -5.540106 0.392699 5.541871 0.359974 -5.540106 0.392699 5.540106 0.392699 5.541871 0.359974 -5.540106 -0.392699 -5.541871 -0.359974 5.540106 -0.392699 -5.541871 -0.359974 5.541871 -0.359974 5.540106 -0.392699 -5.541871 -0.359974 5.547043 -0.327249 5.541871 -0.359974 5.591883 -0.19635 5.578482 -0.229074 -5.572997 -0.2434496 5.578482 -0.229074 5.565995 -0.261799 -5.572997 -0.2434496 5.565995 -0.261799 -5.555271 -0.294524 -5.572997 -0.2434496 5.565995 -0.261799 5.555271 -0.294524 -5.555271 -0.294524 5.555271 -0.294524 -5.547043 -0.327249 -5.555271 -0.294524 5.555271 -0.294524 5.547043 -0.327249 -5.547043 -0.327249 5.547043 -0.327249 -5.541871 -0.359974 -5.547043 -0.327249 0.163625 -0.1641243 0.1309 -0.130634 0.1768275 -0.1113775 0.06544995 -0.1498731 0.03272497 -0.1309 0.03272497 -0.09817498 0.03272497 -0.1309 0 -0.09817498 0.03272497 -0.09817498 0.03272497 -0.1309 0 -0.1309 0 -0.09817498 0 -0.1309 -0.03272497 -0.09817498 0 -0.09817498 0 -0.1309 -0.03272497 -0.1309 -0.03272497 -0.09817498 -0.03272497 -0.1309 -0.06544995 -0.09817498 -0.03272497 -0.09817498 -0.03272497 -0.1309 -0.06544995 -0.1309 -0.06544995 -0.09817498 -0.06544995 -0.1309 -0.09817498 -0.09817498 -0.06544995 -0.09817498 -0.06544995 -0.1309 -0.09817498 -0.1309 -0.09817498 -0.09817498 -0.09817498 -0.1309 -0.1309 -0.09817498 -0.09817498 -0.09817498 -0.09817498 -0.1309 -0.1309 -0.1309 -0.1309 -0.09817498 -0.1309 -0.1309 -0.163625 -0.09817498 -0.1309 -0.09817498 -0.1309 -0.1309 -0.163625 -0.1309 -0.163625 -0.09817498 -0.163625 -0.1309 -0.19635 -0.09817498 -0.163625 -0.09817498 -0.19635 -0.163625 -0.163625 -0.163625 -0.163625 -0.19635 -0.163625 -0.163625 -0.1309 -0.19635 -0.163625 -0.19635 -0.163625 -0.163625 -0.1309 -0.163625 -0.1309 -0.19635 -0.1309 -0.163625 -0.09817498 -0.19635 -0.1309 -0.19635 -0.1309 -0.163625 -0.09817498 -0.163625 -0.09817498 -0.19635 -0.09817498 -0.163625 -0.06544995 -0.19635 -0.09817498 -0.19635 -0.09817498 -0.163625 -0.06544995 -0.163625 -0.06544995 -0.19635 -0.06544995 -0.163625 -0.03272497 -0.19635 -0.06544995 -0.19635 -0.06544995 -0.163625 -0.03272497 -0.163625 -0.03272497 -0.19635 -0.03272497 -0.163625 0 -0.19635 -0.03272497 -0.19635 -0.03272497 -0.163625 0 -0.163625 0 -0.19635 0 -0.163625 0.03272497 -0.1802521 0 -0.19635 -0.163625 -0.1309 -0.163625 -0.163625 -0.19635 -0.1309 -0.163625 -0.163625 -0.163625 -0.1309 -0.1309 -0.163625 -0.163625 -0.1309 -0.1309 -0.1309 -0.1309 -0.163625 -0.1309 -0.163625 -0.1309 -0.1309 -0.09817498 -0.163625 -0.1309 -0.1309 -0.09817498 -0.1309 -0.09817498 -0.163625 -0.09817498 -0.163625 -0.09817498 -0.1309 -0.06544995 -0.163625 -0.09817498 -0.1309 -0.06544995 -0.1309 -0.06544995 -0.163625 -0.06544995 -0.163625 -0.06544995 -0.1309 -0.03272497 -0.163625 -0.06544995 -0.1309 -0.03272497 -0.1309 -0.03272497 -0.163625 -0.03272497 -0.163625 -0.03272497 -0.1309 0 -0.163625 -0.03272497 -0.1309 0 -0.1309 0 -0.163625 0 -0.163625 0 -0.1309 0.03272497 -0.1802521 0 -0.1309 0.03272497 -0.1309 0.03272497 -0.1802521 0.03272497 -0.1802521 0.03272497 -0.1309 0.06544995 -0.1498731 0.163625 -0.06625121 0.1309 -0.03617107 0.1835264 -0.01990139 0.06544995 -0.05145841 0.03272497 -0.03272497 0.03272497 0 0.03272497 -0.03272497 0 0 0.03272497 0 0.03272497 -0.03272497 0 -0.03272497 0 0 0 -0.03272497 -0.03272497 0 0 0 0 -0.03272497 -0.03272497 -0.03272497 -0.03272497 0 -0.03272497 -0.03272497 -0.06544995 0 -0.03272497 0 -0.03272497 -0.03272497 -0.06544995 -0.03272497 -0.06544995 0 -0.06544995 -0.03272497 -0.09817498 0 -0.06544995 0 -0.06544995 -0.03272497 -0.09817498 -0.03272497 -0.09817498 0 -0.09817498 -0.03272497 -0.1309 0 -0.09817498 0 -0.09817498 -0.03272497 -0.1309 -0.03272497 -0.1309 0 -0.1309 -0.03272497 -0.163625 0 -0.1309 0 -0.1309 -0.03272497 -0.163625 -0.03272497 -0.163625 0 -0.163625 -0.03272497 -0.19635 0 -0.163625 0 -0.19635 -0.06544995 -0.163625 -0.06544995 -0.163625 -0.09817498 -0.163625 -0.06544995 -0.1309 -0.09817498 -0.163625 -0.09817498 -0.163625 -0.06544995 -0.1309 -0.06544995 -0.1309 -0.09817498 -0.1309 -0.06544995 -0.09817498 -0.09817498 -0.1309 -0.09817498 -0.1309 -0.06544995 -0.09817498 -0.06544995 -0.09817498 -0.09817498 -0.09817498 -0.06544995 -0.06544995 -0.09817498 -0.09817498 -0.09817498 -0.09817498 -0.06544995 -0.06544995 -0.06544995 -0.06544995 -0.09817498 -0.06544995 -0.06544995 -0.03272497 -0.09817498 -0.06544995 -0.09817498 -0.06544995 -0.06544995 -0.03272497 -0.06544995 -0.03272497 -0.09817498 -0.03272497 -0.06544995 0 -0.09817498 -0.03272497 -0.09817498 -0.03272497 -0.06544995 0 -0.06544995 0 -0.09817498 0 -0.06544995 0.03272497 -0.09817498 0 -0.09817498 0 -0.06544995 0.03272497 -0.06544995 0.03272497 -0.09817498 0.03272497 -0.06544995 0.06544995 -0.05145841 0.03272497 -0.09817498 -0.163625 -0.03272497 -0.163625 -0.06544995 -0.19635 -0.03272497 -0.163625 -0.06544995 -0.163625 -0.03272497 -0.1309 -0.06544995 -0.163625 -0.03272497 -0.1309 -0.03272497 -0.1309 -0.06544995 -0.1309 -0.06544995 -0.1309 -0.03272497 -0.09817498 -0.06544995 -0.1309 -0.03272497 -0.09817498 -0.03272497 -0.09817498 -0.06544995 -0.09817498 -0.06544995 -0.09817498 -0.03272497 -0.06544995 -0.06544995 -0.09817498 -0.03272497 -0.06544995 -0.03272497 -0.06544995 -0.06544995 -0.06544995 -0.06544995 -0.06544995 -0.03272497 -0.03272497 -0.06544995 -0.06544995 -0.03272497 -0.03272497 -0.03272497 -0.03272497 -0.06544995 -0.03272497 -0.06544995 -0.03272497 -0.03272497 0 -0.06544995 -0.03272497 -0.03272497 0 -0.03272497 0 -0.06544995 0 -0.06544995 0 -0.03272497 0.03272497 -0.06544995 0 -0.03272497 0.03272497 -0.03272497 0.03272497 -0.06544995 0.03272497 -0.06544995 0.03272497 -0.03272497 0.06544995 -0.05145841 5.591883 0.16748 -5.591883 0.19635 5.591883 0.197931 -5.591883 0.19635 5.591404 0.198544 5.591883 0.197931 -5.591883 0.19635 5.590997 0.19925 5.591404 0.198544 5.590997 0.19925 -5.591883 0.19635 5.590313 0.200634 -5.591883 0.19635 5.58899 0.203609 5.590313 0.200634 -5.591883 0.19635 5.586576 0.209345 5.58899 0.203609 -5.591883 0.19635 -5.578482 0.229074 5.586576 0.209345 -5.578482 0.229074 5.581625 0.221361 5.586576 0.209345 -5.578482 0.229074 5.572424 0.2445639 5.581625 0.221361 -5.578482 0.229074 -5.565995 0.261799 5.572424 0.2445639 -5.565995 0.261799 5.563528 0.268835 5.572424 0.2445639 -5.565995 0.261799 -5.555271 0.294524 5.563528 0.268835 -5.555271 0.294524 5.555778 0.292842 5.563528 0.268835 -5.555271 0.294524 5.5493 0.317102 5.555778 0.292842 -5.555271 0.294524 -5.547043 0.327249 5.5493 0.317102 -5.547043 0.327249 5.544257 0.34238 5.5493 0.317102 -5.547043 0.327249 -5.541871 0.359974 5.544257 0.34238 -5.541871 0.359974 5.541228 0.367159 5.544257 0.34238 -5.541871 0.359974 -5.540106 0.392699 5.541228 0.367159 -5.540106 0.392699 5.540113 0.392699 5.541228 0.367159 -5.540106 -0.392699 5.54265 -0.3555232 5.540113 -0.392699 -5.540106 -0.392699 -5.541871 -0.359974 5.54265 -0.3555232 -5.541871 -0.359974 -5.547043 -0.327249 5.54265 -0.3555232 -5.547043 -0.327249 5.5493 -0.317102 5.54265 -0.3555232 -5.547043 -0.327249 -5.555271 -0.294524 5.5493 -0.317102 -5.555271 -0.294524 5.555778 -0.292842 5.5493 -0.317102 -5.555271 -0.294524 5.563528 -0.268835 5.555778 -0.292842 -5.555271 -0.294524 -5.565995 -0.261799 5.563528 -0.268835 -5.565995 -0.261799 5.572424 -0.2445639 5.563528 -0.268835 -5.565995 -0.261799 -5.578482 -0.229074 5.572424 -0.2445639 -5.578482 -0.229074 5.581625 -0.221361 5.572424 -0.2445639 -5.578482 -0.229074 5.586576 -0.209345 5.581625 -0.221361 -5.578482 -0.229074 -5.591883 -0.1835264 5.586576 -0.209345 -5.591883 -0.1835264 5.58899 -0.203609 5.586576 -0.209345 -5.591883 -0.1835264 5.590313 -0.200634 5.58899 -0.203609 5.590313 -0.200634 -5.591883 -0.1835264 5.590997 -0.19925 -5.591883 -0.1835264 5.591404 -0.198544 5.590997 -0.19925 -5.591883 -0.1835264 5.591883 -0.197931 5.591404 -0.198544 5.591883 -0.197931 -5.591883 -0.1835264 5.591883 -0.16748 -5.591883 -0.1835264 5.591883 -0.137029 5.591883 -0.16748 -5.591883 -0.1835264 -5.591883 -0.1309 5.591883 -0.137029 -5.591883 -0.1309 5.591883 -0.106578 5.591883 -0.137029 -5.591883 -0.1309 -5.591883 -0.09817498 5.591883 -0.106578 -5.591883 -0.09817498 5.591884 -0.06209748 5.591883 -0.106578 -5.591883 -0.09817498 -5.591883 -0.06544995 5.591884 -0.06209748 -5.591883 -0.06544995 -5.591883 -0.03272497 5.591884 -0.06209748 -5.591883 -0.03272497 5.591883 -0.01522499 5.591884 -0.06209748 -5.591883 -0.03272497 -5.591883 0 5.591883 -0.01522499 -5.591883 0 5.591883 0.01522499 5.591883 -0.01522499 -5.591883 0 -5.591883 0.03272497 5.591883 0.01522499 -5.591883 0.03272497 5.591883 0.04567599 5.591883 0.01522499 -5.591883 0.03272497 -5.591883 0.06544995 5.591883 0.04567599 -5.591883 0.06544995 5.591883 0.07612699 5.591883 0.04567599 -5.591883 0.06544995 -5.591883 0.09817498 5.591883 0.07612699 -5.591883 0.09817498 5.591883 0.106578 5.591883 0.07612699 -5.591883 0.09817498 -5.591883 0.1309 5.591883 0.106578 -5.591883 0.1309 5.591883 0.137029 5.591883 0.106578 -5.591883 0.1309 -5.591883 0.163625 5.591883 0.137029 -5.591883 0.163625 5.591883 0.16748 5.591883 0.137029 -5.591883 0.163625 -5.591883 0.19635 5.591883 0.16748 5.578482 0.229074 5.591883 0.19635 -5.578482 0.229074 5.591883 0.19635 -5.591883 0.19635 -5.578482 0.229074 5.591883 0.19635 5.591883 0.163625 -5.591883 0.19635 5.591883 0.163625 -5.591883 0.163625 -5.591883 0.19635 5.591883 0.163625 5.591883 0.1309 -5.591883 0.163625 5.591883 0.1309 -5.591883 0.1309 -5.591883 0.163625 5.591883 0.1309 5.591883 0.09817498 -5.591883 0.1309 5.591883 0.09817498 -5.591883 0.09817498 -5.591883 0.1309 5.591883 0.09817498 5.591883 0.06544995 -5.591883 0.09817498 5.591883 0.06544995 -5.591883 0.06544995 -5.591883 0.09817498 5.591883 0.06544995 5.591883 0.03272497 -5.591883 0.06544995 5.591883 0.03272497 -5.591883 0.03272497 -5.591883 0.06544995 5.591883 0.03272497 5.591883 0 -5.591883 0.03272497 5.591883 0 -5.591883 0 -5.591883 0.03272497 5.591883 0 5.591883 -0.03272497 -5.591883 0 5.591883 -0.03272497 -5.591883 -0.03272497 -5.591883 0 5.591883 -0.03272497 5.591883 -0.06544995 -5.591883 -0.03272497 5.591883 -0.06544995 -5.591883 -0.06544995 -5.591883 -0.03272497 5.591883 -0.06544995 5.591883 -0.09817498 -5.591883 -0.06544995 5.591883 -0.09817498 -5.591883 -0.09817498 -5.591883 -0.06544995 5.591883 -0.09817498 5.591883 -0.1309 -5.591883 -0.09817498 5.591883 -0.1309 -5.591883 -0.1309 -5.591883 -0.09817498 5.591883 -0.1309 5.591883 -0.163625 -5.591883 -0.1309 5.591883 -0.163625 -5.591883 -0.1768275 -5.591883 -0.1309 5.591883 -0.163625 5.591883 -0.19635 -5.591883 -0.1768275 5.591883 -0.19635 -5.578482 -0.229074 -5.591883 -0.1768275 -5.578482 0.229074 -5.565995 0.261799 5.578482 0.229074 -5.565995 0.261799 5.565995 0.261799 5.578482 0.229074 -5.565995 0.261799 -5.555271 0.294524 5.565995 0.261799 -5.555271 0.294524 5.555271 0.294524 5.565995 0.261799 -5.555271 0.294524 -5.547043 0.327249 5.555271 0.294524 -5.547043 0.327249 5.547043 0.327249 5.555271 0.294524 -5.547043 0.327249 -5.541871 0.359974 5.547043 0.327249 -5.541871 0.359974 5.541871 0.359974 5.547043 0.327249 -5.541871 0.359974 -5.540106 0.392699 5.541871 0.359974 -5.540106 0.392699 5.540106 0.392699 5.541871 0.359974 -5.540106 -0.392699 5.541871 -0.359974 5.540106 -0.392699 -5.540106 -0.392699 -5.541871 -0.359974 5.541871 -0.359974 -5.541871 -0.359974 5.547043 -0.327249 5.541871 -0.359974 -5.541871 -0.359974 -5.547043 -0.327249 5.547043 -0.327249 -5.547043 -0.327249 5.555271 -0.294524 5.547043 -0.327249 -5.547043 -0.327249 -5.555271 -0.294524 5.555271 -0.294524 -5.555271 -0.294524 5.565995 -0.261799 5.555271 -0.294524 -5.555271 -0.294524 -5.565995 -0.261799 5.565995 -0.261799 -5.565995 -0.261799 5.578482 -0.229074 5.565995 -0.261799 -5.565995 -0.261799 -5.578482 -0.229074 5.578482 -0.229074 -5.578482 -0.229074 5.591883 -0.19635 5.578482 -0.229074 0 0 0 0 0 0 0 0 -5.590523 0.200485 0 0 -5.591018 0.199023 0 0 0 0 0 0 0 0 0 0 0 0 0 0 0 0 0 0 0 0 0 0 0 0 -5.549845 0.317092 -5.549845 -0.317092 0 0 0 0 0 0 0 0 0 0 0 0 0.09412598 -0.04274898 0 0 -0.09412598 -0.04274898 0 0 0 0 0 0 0 -0.654499 0 0 0.03272497 -0.654499 0 0 0 0 0 0 0 0 0 0 0 0 0 0 0 0 0.03272497 0 0 0 0 0 0 0 0 0 0 0 0 0 0 0 0 -0.03272497 0.03272497 -0.03272497 0 0 0 0 0 0 0 0 0 0 0 0 0 0 0 0 0 0 0 0 -5.540106 -0.392699 -5.541871 -0.359974 0 0 0 0 0 0 0 0 0 0 0 0 0 0 0 0 0 0 0 0 0 0 0 0 0 0 0 0 0 0 0 0 0 0 0 0 0 0 0 0 0 0 0 0 0 0 0 0 0 0 0 0 0 0 -0.03272497 -0.06544995 0 0 0 0 0 0 0 0 0 0 -0.03272497 -0.06544995 0 0 0 0 0 0 0 0 0 0 5.591883 0 0 0 -0.03272497 -0.09817498 0 0 0 -0.09817498 0.03272497 -0.09817498 0 0 0 0 0 0 0 0 0 0 0 0 0 0 0 0 0 0 0 0 0 -0.1309 0.03272497 -0.1309 0 0 0 0 0 0 0 0 0 0 0 0 0 0 0 -0.1309 0 0 0 0 0 0 0 0 0 0 0 0 -5.540106 -0.392699 0 0 5.540106 -0.392699 5.541871 -0.359974 0 0 0 0 0 0 0 0 0 0 0 0 0 0 0 0 0 0 0 0 0 0 0 0 0 0 0 0 0 0 0 0 0 0 0 0 0 0 0 0 0 0 0 0 0 0 0 0 0 0 0 0 0 0 -0.03272497 -0.163625 0 0 0 0 0 0 0 0 0 0 -0.03272497 -0.163625 0 0 0 0 0 0 0 0 0 0 5.591883 0.03272497 0 0 0 0 0 0 0 -0.19635 0.03272497 -0.19635 0 0 0 0 0 0 0 0 0 0 0 0 0 0 0 0 0 0 0 0 0 -0.229074 0.03272497 -0.229074 0 0 0 0 0 0 0 0 0 0 0 0 0 0 0 -0.229074 0 0 0 0 0 0 0 0 0 0 -5.540106 -0.392699 -5.541871 -0.359974 0 0 0 0 0 0 0 0 0 0 0 0 0 0 0 0 0 0 0 0 0 0 0 0 0 0 0 0 0 0 0 0 0 0 0 0 0 0 0 0 0 0 0 0 0 0 0 0 0 0 0 0 0 0 0 -0.261799 0 0 -0.03272497 -0.261799 0 0 0 0 0 -0.261799 0 0 0 0 0 0 0 0 0 0 0 0 5.591883 0 0 0 -0.03272497 -0.294524 0 0 0 -0.294524 0.03272497 -0.294524 0 0 0 0 0 0 0 0 0 0 0 0 -5.541871 0.359974 -5.541871 -0.359974 -5.540106 -0.392699 0.03272497 -0.327249 0 -0.327249 -0.03272497 -0.327249 -5.547043 0.327249 0 0 0 0 0 0 0 0 0 0 0 0 0 0 0 0 0 0 0 0 0 0 0 0 0 0 0 0 0 0 0 0 0 0 0 0 0 0 0 0 0 0 0 0 0 0 0 0 0 0 0 0 0 0 0 0 0 0 0 0 0 0 0.03272497 -0.327249 0 0 -0.03272497 -0.621774 0 0 0 0 0 0 0 0 0 -0.621774 0 0 0 0 0 0 0 0 0 0 0 0 0 0 0 0 0 0 0 0 0 0 0 0 0 0 0 0 0 0 0 0 0 0 0.03272497 -0.359974 0 0 0 0 0 0 0 0 0 0 0 -0.359974 0 0 0.03272497 -0.359974 0 0 0 0 0 0 5.591883 0 0 0 5.591883 0.03272497 0 0 0 -0.392699 -0.03272497 -0.392699 0 0 0 0 0 0 0 0 0 0 0 0 0 0 0 0 0 0 0 0 0 -0.425424 -0.03272497 -0.425424 0 0 0 0 0 0 0 0 0 0 0 0 0 0 0 0 0 0 0 0 0 0 0 0 0 0 0 0 0 0 0 0 0 0 0 0 0 0 0 0 0 0 0 0 0 0 0 0 5.540106 -0.392699 0 0 5.541871 -0.359974 0 0 0 0 0 0 0 0 0 0 0 0 0.03272497 -0.458149 0 0 0 0 0 0 0 0 0 0 0 0 0 0 0 0 0 0 0 0 0 0 0 0 0 0 0 0 0.03272497 -0.490874 0 0 0 0 0 0 0 0.294524 -0.03272497 0.294524 0 0 0 0 0 0 0 0 0 0 0 0 0 0 0 0.261799 -0.03272497 0.261799 0 0 0 0 0 0 0 0 0 0 0 0 0 0 0 0 0 0 0 0 0 0 0 0 0 0 0 0 0 0 0 0 0 0 0 0 0 0 0 0 0 0 0 0 0 0 0 0 0 0 0 0 0 0 5.540106 -0.392699 0 0 5.541871 -0.359974 0 0 0 0 0 0 0 0 0 0 0 0 0.03272497 0.229074 0 0 0 0 0 0 0 0 0 0 0.03272497 0.229074 0 0 0 0 0 0 0 0 0 0 5.591883 0 0 0 0.03272497 0.19635 0 0 0 -0.589049 -0.03272497 -0.589049 0 0 0 0 0 0 -5.540106 -0.392699 0 0 -5.547043 0.327249 5.577923 -0.22907 0 0 -5.591883 -0.19635 -5.582132 -0.2213349 0 0 -5.591324 -0.167085 0 0 0 0 0 0 0 0 0 0 0 0 0 0 0 0 0 0 0 0 0.03272497 0 0.03272497 0 0 -0.621774 0 0 0 0 0 0 0 0 0 0 0 0 0 0 0 0 0 0 -0.03272497 -0.621774 -0.03272497 -0.621774 0 0 0 0 0 0 0 0 0 0 0 0 0 0 0 0 0 0 0 0 0 0 0 0 0 0 0 0 0 0 0 0 0 0 0 0 0 0 -0.03272497 -0.425424 -0.03272497 -0.425424 0 0 0 0 0 0 0 0 0 0 0 0 0 0 0 0 0 0 0 0 0 0 0 0 0 -0.229074 0 0 0 0 0 0 0 0 0 0 0 0 0 0 0 0 0.03272497 -0.229074 0 0 0.03272497 -0.229074 0 0 0 0 0 0 0 0 0 0 0 0 0 0 0 0 0 0 0 0 0 0 0 0 0 0 0.03272497 -0.03272497 0.03272497 -0.03272497 0 0 0 0 0 0 0 0 0 0 0 0 0 0 0 0 0 0 0 0 0 0 0 0 0 0 0 0 0 0 0 0 0 0 0 0 0 0 0 0 0 0 0 0 0 0 0 0 0 0 0 0 0 0 0 0 0 0 0 0 0 0 0 0 0 0 0 0 0 0 0 0 0 0 0 0 0 0 0 0 0 0 0 0 0 0 0 0 0 0 0 0 0 0 0 0 0 0 0 0 0 0 0 0 0 0 0 0 0 0 0 0 0 0 0 0 0 0 0 0 0 0 0 0 0 0 0 0 0 0 0 0 0 0 0 0 0 0 0 0 0 0 0 0 0 0 0 0 0 0 0 0 0 0 0 0 0 0 0 0 0 0 0 0 0 0 0 0 0 0 0 0 0 0 0 0 0 0 0 0 0 0 0 0 0 0 0 0 0 0 0 0 0 0 -5.540106 -0.392699 0 0 0 0 0 0 0 0 0 0 0 0 0 0 -5.541871 -0.359974 0 0 -5.541871 -0.359974 0 0 0 0 0 0 0 0 0 0 0 0 0 0 0 0 0 0 0 0 0 0 0 0 0 0 0 0 0 0 0 0 0 0 0 0 -5.541871 -0.359974 0 0 -5.541871 -0.359974 0 0 -5.547043 0.327249 0 0 0 0 0 0 0 0 0 0 0 0 0 0 0 0 0 0 0 0 -5.547043 -0.327249 -5.541871 0.359974 -5.541871 0.359974 0 0 0 0 0 0 0 0 0 0 0 0 0 0 0 0 0 0 0 0 0 0 0 0 0 0 0 0 0 0 0 0 0 0 0 0 0 0 0 0 0 0 0 0 0 0 0 0 0 0 0 0 0 0 0 0 0 0 0 0 0 0 0 0 0 0 0 0 0 0 0 0 0 0 5.541871 -0.359974 0 0 0 0 0 0 0 0 0 0 0 0 0 0 0 0 0 0 0 0 0 0 0 0 0 0 0 0 0 0 0 0 0 0 0 0 0 0 0 0 0 0 0 0 0 0 0 0 0 0 0 0 0 0 0 0 0 0 0 0 0 0 0 0 0 0 0 0 0 0 0 0 0 0 0 0 0 0 0 0 0 0 0 0 0 0 0 0 0 0 0 0 0 0 0 0 0 0 0 0 0 0 0 0 0 0 0 0 0 0 0 0 0 0 0 0 0 0 0 0 0 0 0 0 0 0 0 0 0 0 0 0 0 0 0 0 0.03272497 -0.654499 0 0 0 0 0 0 0 0 0 0 0 0 0 0 0 0 0 0 0 0 0 0 0 0 0 0 0 0 0 0 0 0 0 0 0 0 0 0 0 0 0 0 0 0 0 0 0 0 0 0 0 0 0 0 0 0 0 0 0 0 0 0 0 0 0 0 0 0 0 0 0 0 0 0 0 0 0 0 0 0 0 0 0 0 0 0 0 0 0.03272497 -0.458149 0 0 0 0 0 0 0 0 0 0 0 0 0 0 0 0 0 -0.458149 0 -0.458149 0 0 0 0 0 0 0 0 0 0 0 0 0 0 0 0 0 0 0 0 0 0 0 0 0 0 -0.03272497 -0.261799 0 0 0 0 0 0 0 0 0 0 0 0 0 0 0 0 0 0 0 0 0 -0.261799 0 0 0 -0.261799 0 0 0 0 0 0 0 0 0 0 0 0 0 0 0 0 0 0 0 0 -0.03272497 -0.06544995 0 0 0 0 0 0 0 0 0 0 0 0 0 0 0 0 0 -0.06544995 0 -0.06544995 0 0 0 0 0 0 0 0 0 0 0 0 0 0 0 0 0 0 0 0 0 0 0 0 0 0 0 0 0 0 0 0 0 0 0 0 0 0 0 0 0 0 0 0 0 0 0 0 0.03272497 -0.490874 0 0 0 0 0 0 0 0 0 0 0 0 0 0 0 0 0 0 -0.03272497 0.294524 -0.03272497 0.294524 0 0 0 0 0 0 0 0 0 0 0 0 0 0 0 0 0 0 -0.03272497 -0.294524 0 0 0 0 0 0 0 0 0 0 0 0 0 0 0 0 0.03272497 -0.294524 0 0 0.03272497 -0.294524 0 0 0 0 0 0 0 0 0 0 0 0 0 0 0 0 0 0 -0.03272497 -0.09817498 0 0 0 0 0 0 0 0 0 0 0 0 0 0 0 0 0 0 0 0 0 0 0.03272497 -0.09817498 0 0 0.03272497 -0.09817498 0 0 0 0 0 0 0 0 0 0 0 0 0 0 0 0 0 0 0 0 0 0 0 0 0 0 0 0 0 0 0 0 0 0 0 0 0 0 0 0 0 0 0 0 0 0 0 0 0 0 0 0 0 0 0 0 0 0 0 0 0 0 -0.03272497 0.261799 -0.03272497 0.261799 0 0 0 0 0 0 0 0 0 0 0 0 0 0 0 0 0 0 0 0 0 0 0 0 0 0 0 -0.327249 0 0 0 0 0 0 0 0 0 0 0 0 0 0 0 0 0 0 0 0 0.03272497 -0.327249 -0.03272497 -0.327249 -0.03272497 -0.327249 0 0 0 0 0 0 0 0 -5.591018 0.199023 0 0 0 0 0.06544995 -0.327249 0.06544995 -0.327249 0 -0.1309 0 0 0 0 0 0 -5.590523 0.200485 -5.590523 0.200485 0 0 0 0 0 0 0.03272497 -0.1309 0 0 0.03272497 -0.1309 0 0 0 0 0 0 0 0 0 0 0 0 0 0 0 0 0 0 0 0 0 0 0 0 0 0 0 0 0 0 0 0 0 0 0 0 0 0 0 0 0 0 0 0 0 0 0 0 0 0 0 0 0 0 0 0 0 0 0 0 -5.549845 -0.317092 -5.549845 0.317092 -5.549845 0.317092 0 0 0 0 0 0 0 0 0 0 0 0 0 0 0 0 0 0 -5.55632 -0.292832 0 0 -5.55632 -0.292832 0 0 0 0 0 0 0 0 0 0 0 0 0 0 0 0 0 0 0 0 0 0 0 0 0 0 0 0 0 0 0 0 0 0 0 0 0 0 0 0 0 0 0 0 0 0 0 0 0 0 0 0 0 0 0 0 0 0 0 0 0 0 0 0 0 0 0 0 0 0 0 0 0 0 0 0 0 0 0 0 0 0 0 0 0 0 0 0 0 0 0 0 0 0 0 0 0 0 0 0 0 0 0 0 0 0 0 0 0 0 0 0 0 0 0 0 0 0 0 0 0 0 0 0 0 0 0 0 0 0 0 0 0 0 0 0 0 0 0 0 5.540106 -0.392699 0 0 0 0 0 0 0 0 5.541871 -0.359974 0 0 5.541871 -0.359974 0 0 0 0 0 0 0 0 0 0 0 0 0 0 0 0 0 0 0 0 0 0 0 0 0 0 0 0 0 0 0 0 0 0 0 0 0 0 0 0 0 0 0 0 0 0 0 0 0 0 0 0 0 0 0 0 0 0 0 0 0 0 5.541871 -0.359974 0 0 0 0 0 0 0 0 0 0 0 0 0 0 5.540106 -0.392699 0 0 5.540106 -0.392699 0 0 0 0 0 0 0 0 0 0 0 0 0 0 0 0 0 0 0 0 0 0 0 0 0 0 0 0 0 0 0 0 0 0 0 0 0 0 0 0 0 0 0 0 0 0 0 0 0 0 0 0 0 0 0 0 0 0 0 0 0 0 0 0 0 0 0 0 -0.09412598 -0.04274898 0 0 0 0 0 0 0 0 0 0 0 0 0 0 0 0 0 0 0 0 0 0 0.163625 -0.687224 0.163625 -0.687224 0 0 0 0 0 0 0 0 0 0 0 0 0 0 0 0 0 0 0 0 -5.591883 -0.19635 0 0 0 0 0 0 0 0 0 0 0 0 0 0 0 0 0 0 0 0 0 0 0 0 0 0 0 0 0 0 0 0 0 0 0 0 0 0 0 0 0 0 0 0 0 0 0 0 0 0 0 0 0 0 0 0 0 0 0 0 0 0 0 0 0 0 0 0 0 0 0 0 0 0 0 0 0 0 0 0 0 0 0.03272497 0.229074 0 0 0 0 0 0 0 0 0 0 0 0 0 0 0 0 0 0.229074 0 0.229074 0 0 0 0 0 0 0 0 0 0 0 0 0 0 0 0 0 0 0.03272497 -0.359974 0 0 0 0 0 0 0 0 0 0 0 0 0 0 0 0 0 -0.359974 0 0 0 -0.359974 0 0 0 0 0 0 0 0 0 0 0 0 0 0 0 0 0 0 -0.03272497 -0.163625 0 0 0 0 0 0 0 0 0 0 0 0 0 0 0 0 0 -0.163625 0 0 0 -0.163625 0 0 0 0 0 0 0 0 0 0 0 0 0 0 0 0 0 0 0 0 0 0 0 0 0 0 0 0 0 0 0 0 0 0 0 0 0 0 0.03272497 0.19635 0 0 0 0 0 0 0 0 0 0 0 0 0 0 -0.03272497 -0.589049 0 0 -0.03272497 -0.589049 0 0 0 0 0 0 0 0 0 0 0 0 0 0 5.591883 0.03272497 0 0 0 0 0 0 0 0 0 0 0 0 0 0 0 0 -0.03272497 -0.392699 -0.03272497 -0.392699 0 0 0 0 0 0 0 0 0 0 0 0 0 0 0 0 0 0 0 0 5.591883 0.03272497 0 0 0 0 0 0 0 0 0 0 0 0 0 0 0.03272497 -0.19635 0 0 0.03272497 -0.19635 0 0 0 0 0 0 0 0 0 0 0 0 0 0 0 0 0 0 0 0 0 0 0 0 0 0 0 0 0 0 0.163625 -0.359974 0.1309 -0.359974 0.1309 -0.359974 0 0 0 0 0 0 0 0 0 0 0 0 0 0 0 0 0 0 0 0 0 0 0 0 0 0 0 0 0 0 -5.540106 0.392699 5.540106 0.392699 -5.540106 0.392699 0 0 0 0 0 0 0 0 0 0 0 0 5.540106 -0.392699 -5.540106 -0.392699 -5.540106 -0.392699 0 0 0 0 0 0 5.591883 -0.01522499 -5.591883 0 -5.591883 0 -0.09817498 -0.392699 -0.06544995 -0.392699 -0.06544995 -0.392699 0 0 0 0 0 0 0 0 0 0 0 0 0 0 0 0 0 0 0 0 0 0 0 0 0 0 0 0 0 0 0 0 0 0 0 0 0 0 0 0 0 0 0 0 0 0 0 0 -5.540106 0.392699 -5.541871 0.359974 -5.540106 0.392699 -0.1309 -0.392699 -0.09817498 -0.392699 -0.09817498 -0.392699 -5.591324 -0.01518994 5.591324 -0.03272396 -5.591324 -0.01518994 0 0 0 0 0 0 -0.06544995 -0.687224 -0.03272497 -0.687224 -0.03272497 -0.687224 -5.541871 -0.359974 -5.547043 -0.327249 -5.547043 -0.327249 -5.591883 0 -5.591883 0.03272497 -5.591883 0.03272497 -5.591324 0.01518994 -5.591324 -0.01518994 -5.591324 0.01518994 -5.547043 -0.327249 -5.555271 -0.294524 -5.547043 -0.327249 0 0 0 0 0 0 0 0 0 0 0 0 0 -0.03272497 -0.03272497 -0.03272497 -0.03272497 -0.03272497 -0.163625 -0.392699 -0.1309 -0.392699 -0.1309 -0.392699 -5.591883 -0.09817498 -5.591883 -0.06544995 -5.591883 -0.09817498 0 0 0 0 0 0 0 0 0 0 0 0 -5.578482 -0.229074 -5.591883 -0.19635 -5.578482 -0.229074 0 0 0 0 0 0 -5.547043 -0.327249 -5.555271 -0.294524 -5.555271 -0.294524 0 0 0 0 0 0 0 0 0 0 0 0 0 0 0 0 0 0 -5.555271 -0.294524 -5.565995 -0.261799 -5.555271 -0.294524 0 0 0 0 0 0 -5.591883 0.03272497 -5.591883 0.06544995 -5.591883 0.06544995 0 0 0 0 0 0 -0.03272497 -0.03272497 -0.06544995 -0.03272497 -0.06544995 -0.03272497 5.591883 0.07612699 5.591883 0.106578 5.591883 0.07612699 -5.565995 -0.261799 -5.578482 -0.229074 -5.565995 -0.261799 -5.591883 -0.06544995 -5.591883 -0.03272497 -5.591883 -0.06544995 -0.09817498 -0.654499 -0.1309 -0.654499 -0.09817498 -0.654499 0 0 0 0 0 0 -5.591324 0.07594799 -5.591324 0.045569 -5.591324 0.07594799 0 0 5.540106 -0.392699 0 0 0 0 0 0 0 0 0.06544995 -0.425424 0.03272497 -0.425424 0.06544995 -0.425424 -0.1309 -0.687224 -0.09817498 -0.687224 -0.09817498 -0.687224 0 0 0 0 0 0 5.591883 0.04567599 5.591883 0.07612699 5.591883 0.04567599 0 0 0 0 0 0 0 0 0 0 0 0 0 0 0 0 0 0 -5.591883 0.06544995 -5.591883 0.09817498 -5.591883 0.09817498 0 0 0 0 0 0 5.540106 -0.392699 -5.540106 -0.392699 -5.540106 -0.392699 0 0 0 0 0 0 0 0 0 0 0 0 -0.01518797 -9.26e-4 0.044667 -0.008252978 -0.01518797 -9.26e-4 -5.591883 -0.03272497 -5.591883 0 -5.591883 -0.03272497 0.03272497 -0.425424 0 -0.425424 0.03272497 -0.425424 0 0 0 0 0 0 -5.591883 0 5.591883 0 -5.591883 0 0 0 0 0 0 0 0.03272497 -0.392699 0 -0.392699 0 -0.392699 5.591883 0.16748 5.591883 0.197931 5.591883 0.16748 0 0 0 0 0 0 0 0 0 0 0 0 0 0 0 0 0 0 -0.1309 -0.03272497 -0.163625 0 -0.1309 -0.03272497 0 0.08354097 0 0.06835198 0 0.08354097 5.591883 0.137029 5.591883 0.16748 5.591883 0.137029 0.1309 -0.359974 0.09817498 -0.359974 0.09817498 -0.359974 0 0 0 0 0 0 5.591883 0.106578 5.591883 0.137029 5.591883 0.106578 5.540106 -0.392699 -5.540106 -0.392699 -5.540106 -0.392699 0 0 0 0 0 0 -5.591883 -0.19635 -5.591883 -0.163625 -5.591883 -0.19635 0 -0.654499 -0.03272497 -0.654499 0 -0.654499 -5.540106 0.392699 -5.541871 0.359974 -5.540106 0.392699 0 0 0 0 0 0 0 0 0 0 0 0 0 0 -5.590523 0.200485 0 0 -5.590523 0.200485 -5.591018 0.199023 0 0 -5.590523 0.200485 0 0 0 0 0 0 0 0 0 0 0 0 0 0 0 0 0 0 0 0 0 0 0 0 0 0 0 0 0 0 0 0 -5.55632 0.292832 0 0 -5.55632 -0.292832 -5.55632 0.292832 -5.55632 -0.292832 -5.549845 -0.317092 -5.55632 0.292832 0 0 0 0 0 0 0 0 0 0 0 0 0 0 0 0 0 0 0 0 0 0 0 0 0 0 0 0 0 0 0 0 0 0 0 0 0 0 0 0 0 0 0 0 0 0 0 0 0 0 0 0 0 0 0 0 0 0 0 0 0 0 0 0 0 0 0 0 0 0 0 0 0 0 0 0 0 0 0 0 0 -0.06544995 -0.03272497 -0.06544995 0 0 0 0 0 0 0 -0.1309 0 0 0 0 0 0 0 0 0 0 0 -0.1309 0 0 0 0 0 0 0 0 5.540106 -0.392699 0 0 0 0 5.540106 -0.392699 0 0 0 0 5.591883 0 0 0 0 0 0 0 0 0 5.591883 0 0 0 5.591883 0 0 0 0 0 0 0 5.591883 0 0 0 0 0 0 0 0 0 0 0 0 0 0 0 0 0 0 0 0 0 0 0 0 0 0 0 0 0 0 0 0 0 0 0 0 0 5.540106 -0.392699 0 0 0 0 5.540106 -0.392699 0 0 0 0 0 0 0 0 0 0 0 0 0 0 0 0 0 0 5.540106 -0.392699 0 0 0 0 0 0 0 0 0 0 0 0 0 0 0 0 0 0 0 -0.163625 -0.03272497 -0.163625 -0.03272497 -0.163625 0 0 0 0 0 0 -0.03272497 -0.163625 0 0 0 0 0 0 0 0 0 0 0 0 -5.540106 -0.392699 0 0 0 0 -5.540106 -0.392699 0 0 0 -0.19635 -5.540106 -0.392699 0 -0.19635 5.591883 0 -5.540106 -0.392699 0 0 0 0 -5.540106 -0.392699 0 0 0 0 -5.540106 -0.392699 5.591883 0 5.591883 0.03272497 0 0 5.591883 0.03272497 0 0 0 0 0 0 0 0 0 0 0 0 0 0 0 0 0 0 0 0 0 0 0 0 0 0 0 0 5.591883 0 0 0 0 0 0 0 0 0 0 0 5.591883 0 0 0 5.540106 -0.392699 0 0 0 0 0 0 0 0 0 0 0 0 5.540106 -0.392699 -5.540106 -0.392699 5.591883 0 0 0 0 0 0 0 -5.540106 -0.392699 0 0 0 0 0 0 0 0 0 0 0 0 0 0 0 0 0 -0.229074 0 0 0 0 0 0 0 0 0 0 0 -0.229074 0 0 0 0 0 0 0 0 0 0 0 0 0 0 0 0 0 0 0 0 0 -0.261799 0 0 0 0 0 0 0 0 0 0 0 0 0 0 0 -0.261799 0 0 -5.541871 -0.359974 -5.547043 -0.327249 -5.541871 0.359974 0 0 0 0 0 0 0 0 0 0 0 0 0 0 0 0 0 0 0 0 0 0 0.06544995 -0.327249 0.06544995 -0.327249 0.03272497 -0.327249 0 0 0.03272497 -0.327249 0 -0.327249 0 0 0 0 0 0 0.06544995 -0.327249 0 0 0 0 0 0 0 0 0.06544995 -0.327249 0 0 0 0 0 0 0 0 0 0 0 -0.294524 0 0 0 -0.294524 5.591883 0 0 0 0 0 0 0 0 0 0 0 0 0 0 0 0 0 0 0 0 0 0 0 0 0 0 0 5.591883 0 0 0 -5.540106 -0.392699 0 0 5.591883 0 -5.540106 -0.392699 0 0 0 0 0 0 0 0 0 0 0 0 0 0 0 0 0 0 0 0 0 0 0 0 0 0 0 0 0 0 0 0 0 0 -5.540106 -0.392699 -5.540106 -0.392699 0 0 0 0 0 0 0 0 0 0 0 0 0 0 0 0 0 0 0 0 0 0 0 0 0 0 0 0 0 0 -0.03272497 -0.621774 0 0 -0.03272497 -0.621774 0 -0.621774 0 0 0 0 0 -0.621774 0 0 0 0 0 0 0 0 0 0 0 0 0 0 0 0 0 0 0 -0.359974 0 0 0 0 0 -0.359974 0 0 0 0 0 -0.359974 0 0 0 0 0 0 0 0 0 0 0 0 0 0 0 0 0 0 0 0 0 0 0 0 0 0 0 0 0 0 0 0 0 -0.458149 0.03272497 -0.458149 0 0 0 0 0 0 0 0 0 0.261799 0 0 0 0 0 0 0 0 0 0 0 0 0 0 0 0 0 0 0 0 0 0 0 0 0 0 0 0 0 0.294524 5.591883 0 0.03272497 -0.490874 0 0 5.540106 -0.392699 0 0 0 0 5.540106 -0.392699 0 0 5.591883 0 5.540106 -0.392699 5.591883 0 0.03272497 -0.490874 5.540106 -0.392699 0 0 0 0 0 0 0 0 0 0 0 0 0 0 0 0 0 0 0 0 0 0 0 0 0 0 0 0 0 0 0 0 0 0 0 0 0 0 0 0 0 0 0 0 0 0 0 0 0 0 5.540106 -0.392699 0 0 0 0 0 0 0 0 0 0 0 0 5.540106 -0.392699 0 0 0 0 0 0 0 0 0 0 5.540106 -0.392699 0 0 0 0 0 0 0 0 0 0 0 0 0 0 0 0.229074 0.03272497 0.229074 0.03272497 0.229074 0 0 0 0 0 0 0.03272497 0.229074 0 0 0 0 0 0 0 0 0 0 0 0 0 0 0 0 0 0 0 0 0 0 0 0 5.540106 -0.392699 0 0 0 0 5.540106 -0.392699 0 0 0 0 0 0 0 0 5.540106 -0.392699 0 0 5.540106 -0.392699 -5.540106 -0.392699 0 0 -5.540106 -0.392699 -5.541871 0.359974 0 0 -5.541871 0.359974 -5.547043 0.327249 0 0 -5.547043 0.327249 0 0 0 0 0 0 0 0 0 0 0 0 0 0 0 0 0 0 0 0 0 0 0 0 0 0 0 0 0 0 0 0 0 0 0 0 0 0 0 0 0 0 0 0 0 0 0 0 0 -0.589049 -5.540106 -0.392699 0 -0.589049 0 0 -5.540106 -0.392699 0 0 0 0 5.540106 -0.392699 0 0.08354097 0 0.08354097 0 0.09872996 -5.591324 0.1063269 -5.591324 0.07594799 -5.591324 0.045569 -5.591324 0.045569 -5.591324 0.01518994 -5.591324 -0.01518994 -5.591324 -0.045569 -5.591324 -0.07594799 -5.591324 -0.1063269 -5.591324 0.045569 -5.591324 -0.01518994 -5.591324 -0.045569 -5.591324 0.045569 -5.591324 -0.045569 -5.591324 -0.1063269 -5.591324 0.1063269 -5.591324 0.045569 -0.09817498 -0.687224 -0.06544995 -0.687224 -0.09817498 -0.687224 -5.591324 0.045569 -5.591324 0.045569 -5.591324 -0.1063269 -0.03272497 -0.687224 -5.591324 -0.1063269 -5.591324 -0.1367059 -0.03272497 -0.687224 0.03272497 -0.687224 0 -0.687224 -0.03272497 -0.687224 -5.591324 -0.1367059 -5.591324 -0.167085 0 0 -5.591324 -0.167085 -5.591324 -0.197464 -5.591229 -0.198237 -5.591229 -0.198237 -5.591018 -0.199023 -5.590523 -0.200485 -5.591324 -0.167085 -5.591229 -0.198237 -5.587023 -0.209294 0 0 -5.591324 -0.167085 -5.587023 -0.209294 0.03272497 -0.687224 -0.03272497 -0.687224 -5.591324 -0.1367059 0.03272497 -0.687224 -5.591324 -0.1367059 0 0 -5.591229 -0.198237 -5.590523 -0.200485 -5.587023 -0.209294 -5.590523 -0.200485 -5.589358 -0.203525 -5.587023 -0.209294 -5.582132 -0.2213349 5.577923 -0.22907 0 0 -5.582132 -0.2213349 0 0 0.09817498 -0.687224 0 0 0.163625 -0.687224 0.09817498 -0.687224 0.163625 -0.687224 0.1309 -0.687224 0.09817498 -0.687224 0.06544995 -0.687224 0.03272497 -0.687224 0 0 0 0 -5.582132 -0.2213349 0.09817498 -0.687224 0 0 0 0 0 0 -5.549845 -0.317092 -5.55632 -0.292832 0 0 0 0 -5.55632 0.292832 -5.549845 0.317092 0 0 0 0 0 0 0 0 0 0 0 0 0 0 0 0 0 0 -0.03272497 -0.06544995 0 -0.06544995 0 0 -0.03272497 -0.06544995 0 0 0 0 0 0 0 0 -0.03272497 -0.06544995 0 0 -0.03272497 -0.06544995 0 0 0 0 0 0 0 0 0 0 0 0 0 0 0 0 0 0 0 -0.1309 0 0 0 0 0 0 0 0 0 0 5.540106 -0.392699 0 0 0 0 5.540106 -0.392699 0 0 0 0 5.540106 -0.392699 5.591883 0 0 0 0 0 0 0 0 0 5.540106 -0.392699 0 0 0 0 5.540106 -0.392699 0 0 0 0 0 0 0 0 0 0 0 0 0 0 0 0 0 0 0 0 0 0 0 0 0 0 0 0 0 0 0 0 0 0 0 0 0 0 0 0 0 0 0 0 0 0 0 0 5.540106 -0.392699 -5.540106 -0.392699 0 0 -5.540106 -0.392699 0 0 0 0 -5.540106 -0.392699 0 0 0 0 0 0 5.540106 -0.392699 0 0 0 0 0 0 0 0 0 0 0 0 0 0 -0.03272497 -0.163625 0 -0.163625 0 0 0 -0.163625 0 0 0 0 0 0 0 0 -0.03272497 -0.163625 0 0 -0.03272497 -0.163625 0 0 0 0 0 0 0 0 0 0 -5.540106 -0.392699 0 0 -5.540106 -0.392699 5.540106 -0.392699 0 -0.19635 0 0 -5.540106 -0.392699 0 0 5.540106 -0.392699 0 0 0 0 0 0 0 0 5.540106 -0.392699 0 0 0 0 0 0 5.540106 -0.392699 0 0 0 0 0 0 0 0 0 0 0 0 0 0 0 0 5.591883 0.03272497 5.540106 -0.392699 0 0 0 0 0 0 0 0 0 0 0 0 0 0 5.540106 -0.392699 5.591883 0.03272497 5.591883 0 -5.540106 -0.392699 0 -0.19635 0 0 0 0 0 0 0 0 0 0 0 0 5.591883 0.03272497 0 0 0 0 0 0 0 0 0 0 0 -0.19635 0 0 0 0 -5.540106 -0.392699 0 -0.19635 0 0 0 0 5.591883 0 0 -0.19635 5.540106 -0.392699 0 0 0 0 0 0 0 0 0 0 0 -0.229074 0 0 0 0 0 -0.229074 0 0 0 0 0 0 0 0 0 0 0 0 0 0 0 0 0 0 0 -0.261799 0 0 0 0 0 0 0 0 0 0 0 -0.261799 0 0 0 0 -5.541871 0.359974 -5.547043 -0.327249 -5.541871 -0.359974 0 0 0 0 0 0 0 0 0 0 0 0 0 0 0 0 0 0 0.06544995 -0.327249 0 0 0 0 0 0 0 0 0 0 0 0 0 0 0 0 0.03272497 -0.327249 0.06544995 -0.327249 0 0 0 0 0 0 0 0 0 0 -5.540106 -0.392699 0 0 -5.540106 -0.392699 0 0 0 0 -5.540106 -0.392699 0 0 0 0 0 0 0 0 0 0 -5.540106 -0.392699 0 0 0 0 0 0 0 0 0 0 0 0 0 0 0 0 0 0 0 0 0 0 0 0 -5.540106 -0.392699 0 0 0.03272497 -0.327249 0 0 0 0 0 0 0 0 0 0 0 0 0 0 0 0 0 0 0 0 0 0 0 0 0 -0.294524 0 0 0 -0.294524 0 0 0 0 0 0 0 0 0 0 0 -0.327249 0.03272497 -0.327249 0 0 0.03272497 -0.327249 0 0 0 0 0 0 0 0 0 -0.327249 0 0 0 0 0 0 0 -0.621774 -0.03272497 -0.621774 0 0 0 -0.621774 0 0 0 0 0 0 0 0 0 -0.621774 0 0 0 -0.621774 0 0 0 -0.359974 0 0 0 0 0 0 0 0 0 0 0 0 0 0 0 0 0 -0.359974 0 0 0 0 0 0 0 0 0 0 0 0 0 0 0 0 0.03272497 -0.458149 0 -0.458149 0 0 0 -0.458149 0 0 0 0 0 -0.458149 0 0 0 0 0 0 0 0 0 -0.458149 0 0 0 0 0 0 0 0 0 0 0 0 0 0 0 0 0 0 0.03272497 0.229074 0 0.229074 0 0 0 0.229074 0 0 0 0 0 0 0 0 0.03272497 0.229074 0 0 0.03272497 0.229074 0 0 0 0 0 0 0 0 0 0 5.591883 0 0 0 5.591883 0 0 -0.589049 0 0 0 0 0 0 0 0 0 0 0 0 0 0 5.591883 0 0 0 5.540106 -0.392699 0 0 0 0 5.591883 0 5.591883 0 5.540106 -0.392699 0 0 0 0 0 0 0 0 0 0 0 0 0 0 0 0 0 0 0 0 0 0 0 0 5.540106 -0.392699 0 0 0 0 0 0 0 0 0 0 5.540106 -0.392699 0 0 0 0 0 0 0 0 0 0 -5.547043 0.327249 -5.547043 0.327249 -5.541871 0.359974 -5.540106 -0.392699 -5.540106 -0.392699 5.540106 -0.392699 0 0 5.540106 -0.392699 0 0 0 0 0 0 0 0 -5.547043 0.327249 0 0 0 0 -5.540106 -0.392699 -5.591324 0.07594799 -5.591324 0.1063269 -5.591324 0.1367059 -5.591324 0.1367059 5.591324 0.130897 -0.09817498 -0.687224 -0.06544995 -0.687224 -0.03272497 -0.687224 0 -0.687224 -5.591324 0.1367059 -0.09817498 -0.687224 -5.591324 0.07594799 -0.09817498 -0.687224 -0.06544995 -0.687224 0 0 -5.591324 0.07594799 -0.09817498 -0.687224 0 0 -5.591324 0.01518994 -5.591324 0.045569 -5.591324 0.07594799 -0.06544995 -0.687224 0 -0.687224 0 0 0 -0.687224 0.03272497 -0.687224 0 0 0.06544995 -0.687224 0.09817498 -0.687224 0 0 0.09817498 -0.687224 0.1309 -0.687224 0 0 0.03272497 -0.687224 0.06544995 -0.687224 0 0 -5.591324 0.01518994 -5.591324 0.07594799 -5.582132 -0.2213349 -5.591324 0.01518994 -5.582132 -0.2213349 -5.591324 -0.01518994 -5.591324 -0.07594799 -5.591324 -0.045569 -5.582132 -0.2213349 -5.591324 -0.045569 -5.591324 -0.01518994 -5.582132 -0.2213349 0.1309 -0.687224 0.163625 -0.687224 0 0 -5.591324 0.07594799 0 0 -5.582132 -0.2213349 0 0 5.577923 -0.22907 -5.582132 -0.2213349 0 0 -5.587023 -0.209294 -5.591324 -0.167085 -5.587023 -0.209294 -5.589358 -0.203525 -5.591324 -0.167085 -5.589358 -0.203525 -5.590523 -0.200485 -5.591324 -0.167085 -5.590523 -0.200485 -5.591018 -0.199023 -5.591229 -0.198237 -5.591324 -0.167085 -5.590523 -0.200485 -5.591324 -0.197464 -5.591324 -0.1063269 -5.591324 -0.07594799 -5.582132 -0.2213349 -5.590523 -0.200485 -5.591229 -0.198237 -5.591324 -0.197464 -5.591324 -0.1367059 -5.591324 -0.1063269 -5.582132 -0.2213349 -5.591324 -0.167085 -5.591324 -0.1367059 -5.582132 -0.2213349 0 0 0 0 0 0 0 0 0 0 0 0 0 0 0 0 0 0 0 0 0 0 0.03272497 0 0 -0.621774 0 -0.621774 0 0 0 0 0 0 0 0 0 0 0 0 0 0 0 0 0 0 -0.03272497 -0.621774 0 0 0 0 0 0 0 0 0 0 0 0 0 0 0 0 0 0 0 0 0 0 0 0 0 0 0 0 0 0 0 0 0 0 0 0 0 0 0 0 -0.03272497 -0.425424 0 0 0 0 0 0 0 0 0 0 0 0 0 0 0 0 0 0 0 0 0 0 0 0 0 -0.229074 0 -0.229074 0 0 0 0 0 0 0 0 0 0 0 0 0 0 0.03272497 -0.229074 0 0 0 0 0 0 0 0 0 0 0 0 0 0 0 0 0 0 0 0 0 0 0 0 0 0 0 0 0 0 0 0 0.03272497 -0.03272497 0 0 0 0 0 0 0 0 0 0 0 0 0 0 0 0 0 0 0 0 0 0 0 0 0 0 0 0 0 0 0 0 0 0 0 0 0 0 0 0 0 0 0 0 0 0 0 0 0 0 0 0 0 0 0 0 0 0 0 0 0 0 0 0 0 0 0 0 0 0 0 0 0 0 0 0 0 0 0 0 0 0 0 0 0 0 0 0 0 0 0 0 0 0 0 0 0 0 0 0 0 0 0 0 0 0 0 0 0 0 0 0 0 0 0 0 0 0 0 0 0 0 0 0 0 0 0 0 0 0 0 0 0 0 0 0 0 0 0 0 0 0 0 0 0 0 0 0 0 0 0 0 0 0 0 0 0 0 0 0 0 0 0 0 0 0 0 0 0 0 0 0 0 0 0 0 0 0 0 0 0 0 0 0 0 0 0 0 0 0 0 0 0 0 -5.540106 -0.392699 -5.540106 -0.392699 0 0 0 0 0 0 0 0 0 0 0 0 -5.541871 -0.359974 0 0 0 0 0 0 0 0 0 0 0 0 0 0 0 0 0 0 0 0 0 0 0 0 0 0 0 0 0 0 0 0 0 0 0 0 0 0 0 0 -5.541871 -0.359974 0 0 0 0 0 0 -5.547043 0.327249 -5.547043 0.327249 0 0 0 0 0 0 0 0 0 0 0 0 0 0 0 0 0 0 -5.547043 -0.327249 -5.547043 -0.327249 -5.541871 0.359974 0 0 0 0 0 0 0 0 0 0 0 0 0 0 0 0 0 0 0 0 0 0 0 0 0 0 0 0 0 0 0 0 0 0 0 0 0 0 0 0 0 0 0 0 0 0 0 0 0 0 0 0 0 0 0 0 0 0 0 0 0 0 0 0 0 0 0 0 0 0 0 0 0 0 5.541871 -0.359974 5.541871 -0.359974 0 0 0 0 0 0 0 0 0 0 0 0 0 0 0 0 0 0 0 0 0 0 0 0 0 0 0 0 0 0 0 0 0 0 0 0 0 0 0 0 0 0 0 0 0 0 0 0 0 0 0 0 0 0 0 0 0 0 0 0 0 0 0 0 0 0 0 0 0 0 0 0 0 0 0 0 0 0 0 0 0 0 0 0 0 0 0 0 0 0 0 0 0 0 0 0 0 0 0 0 0 0 0 0 0 0 0 0 0 0 0 0 0 0 0 0 0 0 0 0 0 0 0 0 0 0 0 0 0 0 0 0 0 0 0.03272497 -0.654499 0.03272497 -0.654499 0 0 0 0 0 0 0 0 0 0 0 0 0 0 0 0 0 0 0 0 0 0 0 0 0 0 0 0 0 0 0 0 0 0 0 0 0 0 0 0 0 0 0 0 0 0 0 0 0 0 0 0 0 0 0 0 0 0 0 0 0 0 0 0 0 0 0 0 0 0 0 0 0 0 0 0 0 0 0 0 0 0 0 0 0 0 0.03272497 -0.458149 0.03272497 -0.458149 0 0 0 0 0 0 0 0 0 0 0 0 0 0 0 0 0 -0.458149 0 0 0 0 0 0 0 0 0 0 0 0 0 0 0 0 0 0 0 0 0 0 0 0 0 0 -0.03272497 -0.261799 -0.03272497 -0.261799 0 0 0 0 0 0 0 0 0 0 0 0 0 0 0 0 0 0 0 -0.261799 0 0 0 0 0 0 0 0 0 0 0 0 0 0 0 0 0 0 0 0 0 0 0 0 -0.03272497 -0.06544995 -0.03272497 -0.06544995 0 0 0 0 0 0 0 0 0 0 0 0 0 0 0 0 0 -0.06544995 0 0 0 0 0 0 0 0 0 0 0 0 0 0 0 0 0 0 0 0 0 0 0 0 0 0 0 0 0 0 0 0 0 0 0 0 0 0 0 0 0 0 0 0 0 0 0 0 0.03272497 -0.490874 0.03272497 -0.490874 0 0 0 0 0 0 0 0 0 0 0 0 0 0 0 0 0 0 -0.03272497 0.294524 0 0 0 0 0 0 0 0 0 0 0 0 0 0 0 0 0 0 -0.03272497 -0.294524 -0.03272497 -0.294524 0 0 0 0 0 0 0 0 0 0 0 0 0 0 0.03272497 -0.294524 0 0 0 0 0 0 0 0 0 0 0 0 0 0 0 0 0 0 0 0 0 0 -0.03272497 -0.09817498 -0.03272497 -0.09817498 0 0 0 0 0 0 0 0 0 0 0 0 0 0 0 0 0 0 0 0 0.03272497 -0.09817498 0 0 0 0 0 0 0 0 0 0 0 0 0 0 0 0 0 0 0 0 0 0 0 0 0 0 0 0 0 0 0 0 0 0 0 0 0 0 0 0 0 0 0 0 0 0 0 0 0 0 0 0 0 0 0 0 0 0 0 0 0 0 0 0 0 0 0 0 -0.03272497 0.261799 0 0 0 0 0 0 0 0 0 0 0 0 0 0 0 0 0 0 0 0 0 0 0 0 0 0 0 -0.327249 0 -0.327249 0 0 0 0 0 0 0 0 0 0 0 0 0 0 0 0 0 0 0.03272497 -0.327249 0.03272497 -0.327249 -0.03272497 -0.327249 0 0 0 0 0 0 0 0 -5.591018 0.199023 -5.591018 0.199023 0 0 0 0 0.06544995 -0.327249 0 -0.1309 0 -0.1309 0 0 0 0 0 0 -5.590523 0.200485 0 0 0 0 0 0 0.03272497 -0.1309 0 0 0 0 0 0 0 0 0 0 0 0 0 0 0 0 0 0 0 0 0 0 0 0 0 0 0 0 0 0 0 0 0 0 0 0 0 0 0 0 0 0 0 0 0 0 0 0 0 0 0 0 0 0 0 0 0 0 0 0 0 0 0 0 -5.549845 -0.317092 -5.549845 -0.317092 -5.549845 0.317092 0 0 0 0 0 0 0 0 0 0 0 0 0 0 0 0 0 0 -5.55632 -0.292832 0 0 0 0 0 0 0 0 0 0 0 0 0 0 0 0 0 0 0 0 0 0 0 0 0 0 0 0 0 0 0 0 0 0 0 0 0 0 0 0 0 0 0 0 0 0 0 0 0 0 0 0 0 0 0 0 0 0 0 0 0 0 0 0 0 0 0 0 0 0 0 0 0 0 0 0 0 0 0 0 0 0 0 0 0 0 0 0 0 0 0 0 0 0 0 0 0 0 0 0 0 0 0 0 0 0 0 0 0 0 0 0 0 0 0 0 0 0 0 0 0 0 0 0 0 0 0 0 0 0 0 0 0 0 0 0 0 0 0 0 0 0 0 0 5.540106 -0.392699 5.540106 -0.392699 0 0 0 0 0 0 5.541871 -0.359974 0 0 0 0 0 0 0 0 0 0 0 0 0 0 0 0 0 0 0 0 0 0 0 0 0 0 0 0 0 0 0 0 0 0 0 0 0 0 0 0 0 0 0 0 0 0 0 0 0 0 0 0 0 0 0 0 0 0 0 0 0 0 0 0 0 0 5.541871 -0.359974 5.541871 -0.359974 0 0 0 0 0 0 0 0 0 0 0 0 5.540106 -0.392699 0 0 0 0 0 0 0 0 0 0 0 0 0 0 0 0 0 0 0 0 0 0 0 0 0 0 0 0 0 0 0 0 0 0 0 0 0 0 0 0 0 0 0 0 0 0 0 0 0 0 0 0 0 0 0 0 0 0 0 0 0 0 0 0 0 0 0 0 0 0 0 0 -0.09412598 -0.04274898 -0.09412598 -0.04274898 0 0 0 0 0 0 0 0 0 0 0 0 0 0 0 0 0 0 0 0 0 0 0.163625 -0.687224 0 0 0 0 0 0 0 0 0 0 0 0 0 0 0 0 0 0 0 0 -5.591883 -0.19635 -5.591883 -0.19635 0 0 0 0 0 0 0 0 0 0 0 0 0 0 0 0 0 0 0 0 0 0 0 0 0 0 0 0 0 0 0 0 0 0 0 0 0 0 0 0 0 0 0 0 0 0 0 0 0 0 0 0 0 0 0 0 0 0 0 0 0 0 0 0 0 0 0 0 0 0 0 0 0 0 0 0 0 0 0 0 0.03272497 0.229074 0.03272497 0.229074 0 0 0 0 0 0 0 0 0 0 0 0 0 0 0 0 0 0.229074 0 0 0 0 0 0 0 0 0 0 0 0 0 0 0 0 0 0 0.03272497 -0.359974 0.03272497 -0.359974 0 0 0 0 0 0 0 0 0 0 0 0 0 0 0 -0.359974 0 0 0 0 0 0 0 0 0 0 0 0 0 0 0 0 0 0 0 0 0 0 -0.03272497 -0.163625 -0.03272497 -0.163625 0 0 0 0 0 0 0 0 0 0 0 0 0 0 0 -0.163625 0 0 0 0 0 0 0 0 0 0 0 0 0 0 0 0 0 0 0 0 0 0 0 0 0 0 0 0 0 0 0 0 0 0 0 0 0 0 0 0 0 0 0.03272497 0.19635 0.03272497 0.19635 0 0 0 0 0 0 0 0 0 0 0 0 -0.03272497 -0.589049 0 0 0 0 0 0 0 0 0 0 0 0 0 0 0 0 0 0 5.591883 0.03272497 5.591883 0.03272497 0 0 0 0 0 0 0 0 0 0 0 0 0 0 0 0 -0.03272497 -0.392699 0 0 0 0 0 0 0 0 0 0 0 0 0 0 0 0 0 0 0 0 5.591883 0.03272497 5.591883 0.03272497 0 0 0 0 0 0 0 0 0 0 0 0 0.03272497 -0.19635 0 0 0 0 0 0 0 0 0 0 0 0 0 0 0 0 0 0 0 0 0 0 0 0 0 0 0 0 0 0 0 -0.425424 0 0 0 0 0 0 0 0 0 0 0 0 0 0 0 0 0 0 0 0 0 0 0 0 0 0 0 0 0 0 0 0 0 0 0 0 0 0 0 0 0 0 0 0 0 0 0 0 0 0 0 0 0 0 0 0 0 0 0 0 0 0 0 0 0 0 0 0 0 0 0 -0.392699 5.591883 0 5.591883 0 0 0 0 0 0 0 0 0 0 0 0 0 0 0 0 0 0 0 5.591883 0 0 0 0 0 5.591883 0 0 0 0 0 5.591883 0 0 0 5.540106 -0.392699 0 0 0 0 0 0 0 0 0 0 0 0 0 0 0 0 0 0 0 0 5.540106 -0.392699 5.540106 -0.392699 0 0 5.540106 -0.392699 -5.540106 -0.392699 5.540106 -0.392699 5.540106 -0.392699 0 0 0 0 0 0 0 0 0 0 0 0 -5.540106 -0.392699 5.540106 -0.392699 0 0 0 0 0 0 0 0 0 0 0 0 0 0 0 0 0 0 0 0 0 0 0 0 0 0 0 0 0 0 0 0 0 0 0 0 0 0 0 0 0 0 0 0 0 0 0 0 0 0 0 0 0 0 0 0 0 0 0 0 0 0 0 0 -5.540106 -0.392699 5.540106 -0.392699 0 0 5.540106 -0.392699 -5.540106 -0.392699 5.540106 -0.392699 -5.540106 -0.392699 -5.540106 -0.392699 0 0 0 0 0 0 0 0 0 0 0 0 0 0 -5.540106 -0.392699 0 0 -5.540106 -0.392699 -5.540106 -0.392699 0 0 -5.540106 -0.392699 0 0 0 0 0 0 0 0 0 0 0 0 0 0 0 0 0 0 0 0 0 0 0 0 0 0 0 0 0 0 0 0 0 0 0 0 0 -0.03272497 0 0 0 0 0 0 0 0 0 0 0 0 -5.540106 -0.392699 0 0 0 0 -5.540106 -0.392699 0 0 0 0 0 0 0 0 -0.01518797 -9.26e-4 -5.540106 -0.392699 0 0 -5.540106 -0.392699 0 0 0 0 -5.540106 -0.392699 0 0 -0.01518797 -9.26e-4 0.044667 -0.008252978 0.07150799 -0.02247399 0.09412598 -0.04274898 0 0 -5.540106 -0.392699 0 0 0 0 -5.540106 -0.392699 0.09412598 -0.04274898 -5.540106 -0.392699 -0.01518797 -9.26e-4 -0.01518797 -9.26e-4 0.07150799 -0.02247399 0.09412598 -0.04274898 0 0 0 0 0 0 0 0 0 0 0 0 0 0 0 0 0 0 0 0 0 0 0 0 0 0 0 -0.654499 0 0 0 0 0 0 0 0 0 0 0 0 0 0 0 0 -5.540106 -0.392699 0 0 0 0 0 0 0 0 0 0 0 0 0 0 0 0 0 0 0 0 0 0 0 0 -5.591324 0.01518994 0 0 0 0 0 0 0 0 -5.591324 0.01518994 -5.591324 -0.01518994 0 0 0 0 0 0 0 0 0 0 0 0 0 0 0 0 -5.591324 -0.01518994 0 0 0 0 -5.591324 -0.01518994 -5.540106 -0.392699 0 0 0 0 -5.540106 -0.392699 0 0 0 0 0 0 0 0 0 0 0 0 0 0 0 0 -5.540106 -0.392699 0 0 0 0 -5.591324 -0.01518994 0.03272497 -0.687224 0 0 0 0 0 0 0 0 0.163625 -0.359974 0.163625 -0.359974 0.1309 -0.359974 0 0 0 0 0 0 0 0 0 0 0 0 0 0 0 0 0 0 0 0 0 0 0 0 0 0 0 0 0 0 -5.540106 0.392699 5.540106 0.392699 5.540106 0.392699 0 0 0 0 0 0 0 0 0 0 0 0 5.540106 -0.392699 5.540106 -0.392699 -5.540106 -0.392699 0 0 0 0 0 0 5.591883 -0.01522499 5.591883 -0.01522499 -5.591883 0 -0.09817498 -0.392699 -0.09817498 -0.392699 -0.06544995 -0.392699 0 0 0 0 0 0 0 0 0 0 0 0 0 0 0 0 0 0 0 0 0 0 0 0 0 0 0 0 0 0 0 0 0 0 0 0 0 0 0 0 0 0 0 0 0 0 0 0 -5.540106 0.392699 -5.541871 0.359974 -5.541871 0.359974 -0.1309 -0.392699 -0.1309 -0.392699 -0.09817498 -0.392699 -5.591324 -0.01518994 5.591324 -0.03272396 5.591324 -0.03272396 0 0 0 0 0 0 -0.06544995 -0.687224 -0.06544995 -0.687224 -0.03272497 -0.687224 -5.541871 -0.359974 -5.541871 -0.359974 -5.547043 -0.327249 -5.591883 0 -5.591883 0 -5.591883 0.03272497 -5.591324 0.01518994 -5.591324 -0.01518994 -5.591324 -0.01518994 -5.547043 -0.327249 -5.555271 -0.294524 -5.555271 -0.294524 0 0 0 0 0 0 0 0 0 0 0 0 0 -0.03272497 0 -0.03272497 -0.03272497 -0.03272497 -0.163625 -0.392699 -0.163625 -0.392699 -0.1309 -0.392699 -5.591883 -0.09817498 -5.591883 -0.06544995 -5.591883 -0.06544995 0 0 0 0 0 0 0 0 0 0 0 0 -5.578482 -0.229074 -5.591883 -0.19635 -5.591883 -0.19635 0 0 0 0 0 0 -5.547043 -0.327249 -5.547043 -0.327249 -5.555271 -0.294524 0 0 0 0 0 0 0 0 0 0 0 0 0 0 0 0 0 0 -5.555271 -0.294524 -5.565995 -0.261799 -5.565995 -0.261799 0 0 0 0 0 0 -5.591883 0.03272497 -5.591883 0.03272497 -5.591883 0.06544995 0 0 0 0 0 0 -0.03272497 -0.03272497 -0.03272497 -0.03272497 -0.06544995 -0.03272497 5.591883 0.07612699 5.591883 0.106578 5.591883 0.106578 -5.565995 -0.261799 -5.578482 -0.229074 -5.578482 -0.229074 -5.591883 -0.06544995 -5.591883 -0.03272497 -5.591883 -0.03272497 -0.09817498 -0.654499 -0.1309 -0.654499 -0.1309 -0.654499 0 0 0 0 0 0 -5.591324 0.07594799 -5.591324 0.045569 -5.591324 0.045569 0 0 5.540106 -0.392699 5.540106 -0.392699 0 0 0 0 0 0 0.06544995 -0.425424 0.03272497 -0.425424 0.03272497 -0.425424 -0.1309 -0.687224 -0.1309 -0.687224 -0.09817498 -0.687224 0 0 0 0 0 0 5.591883 0.04567599 5.591883 0.07612699 5.591883 0.07612699 0 0 0 0 0 0 0 0 0 0 0 0 0 0 0 0 0 0 -5.591883 0.06544995 -5.591883 0.06544995 -5.591883 0.09817498 0 0 0 0 0 0 5.540106 -0.392699 5.540106 -0.392699 -5.540106 -0.392699 0 0 0 0 0 0 0 0 0 0 0 0 -0.01518797 -9.26e-4 0.044667 -0.008252978 0.044667 -0.008252978 -5.591883 -0.03272497 -5.591883 0 -5.591883 0 0.03272497 -0.425424 0 -0.425424 0 -0.425424 0 0 0 0 0 0 -5.591883 0 5.591883 0 5.591883 0 0 0 0 0 0 0 0.03272497 -0.392699 0.03272497 -0.392699 0 -0.392699 5.591883 0.16748 5.591883 0.197931 5.591883 0.197931 0 0 0 0 0 0 0 0 0 0 0 0 0 0 0 0 0 0 -0.1309 -0.03272497 -0.163625 0 -0.163625 0 0 0.08354097 0 0.06835198 0 0.06835198 5.591883 0.137029 5.591883 0.16748 5.591883 0.16748 0.1309 -0.359974 0.1309 -0.359974 0.09817498 -0.359974 0 0 0 0 0 0 5.591883 0.106578 5.591883 0.137029 5.591883 0.137029 5.540106 -0.392699 5.540106 -0.392699 -5.540106 -0.392699 0 0 0 0 0 0 -5.591883 -0.19635 -5.591883 -0.163625 -5.591883 -0.163625 0 -0.654499 -0.03272497 -0.654499 -0.03272497 -0.654499 -5.540106 0.392699 -5.541871 0.359974 -5.541871 0.359974</float_array>
          <technique_common>
            <accessor source="#octagon_v1_002-mesh-map-0-array" count="9372" stride="2">
              <param name="S" type="float"/>
              <param name="T" type="float"/>
            </accessor>
          </technique_common>
        </source>
        <vertices id="octagon_v1_002-mesh-vertices">
          <input semantic="POSITION" source="#octagon_v1_002-mesh-positions"/>
        </vertices>
        <triangles material="white_002-material" count="3124">
          <input semantic="VERTEX" source="#octagon_v1_002-mesh-vertices" offset="0"/>
          <input semantic="NORMAL" source="#octagon_v1_002-mesh-normals" offset="1"/>
          <input semantic="TEXCOORD" source="#octagon_v1_002-mesh-map-0" offset="2" set="0"/>
          <p>5 0 0 6 1 1 7 2 2 7 2 3 6 1 4 8 3 5 7 2 6 8 3 7 9 4 8 9 4 9 8 3 10 10 5 11 9 4 12 10 5 13 11 6 14 11 6 15 10 5 16 12 7 17 11 6 18 12 7 19 13 8 20 13 8 21 12 7 22 14 9 23 13 8 24 14 9 25 15 10 26 15 10 27 14 9 28 16 11 29 15 12 30 16 13 31 17 14 32 17 15 33 16 16 34 18 17 35 18 18 36 19 19 37 20 20 38 20 21 39 19 22 40 21 23 41 20 21 42 21 23 43 22 24 44 22 24 45 21 23 46 23 25 47 22 24 48 23 25 49 24 26 50 24 26 51 23 25 52 25 27 53 24 26 54 25 27 55 26 28 56 26 28 57 25 27 58 27 29 59 26 28 60 27 29 61 28 30 62 28 30 63 27 29 64 29 31 65 28 30 66 29 31 67 30 32 68 30 32 69 29 31 70 31 33 71 30 32 72 31 33 73 32 34 74 32 34 75 31 33 76 4 35 77 17 15 78 18 17 79 20 36 80 20 36 81 22 37 82 17 15 83 17 15 84 22 37 85 15 38 86 22 37 87 24 26 88 15 38 89 15 38 90 24 26 91 13 8 92 24 26 93 26 28 94 13 8 95 13 8 96 26 28 97 11 6 98 26 28 99 28 39 100 11 6 101 11 6 102 28 39 103 9 40 104 28 39 105 30 41 106 9 40 107 9 40 108 30 41 109 7 2 110 30 41 111 32 34 112 7 2 113 7 2 114 32 34 115 5 0 116 32 34 117 4 35 118 5 0 119 37 42 120 38 43 121 39 44 122 39 44 123 38 43 124 40 45 125 39 44 126 40 45 127 41 46 128 41 46 129 40 45 130 42 47 131 41 46 132 42 47 133 43 48 134 43 48 135 42 47 136 44 49 137 43 48 138 44 49 139 45 50 140 45 50 141 44 49 142 46 51 143 45 50 144 46 51 145 47 52 146 47 52 147 46 51 148 48 53 149 47 52 150 48 53 151 49 54 152 49 54 153 48 53 154 50 55 155 49 56 156 50 57 157 51 58 158 51 59 159 50 60 160 52 61 161 52 62 162 53 63 163 54 64 164 54 65 165 53 66 166 55 67 167 54 65 168 55 67 169 56 68 170 56 68 171 55 67 172 57 69 173 56 68 174 57 69 175 58 70 176 58 70 177 57 69 178 59 71 179 58 70 180 59 71 181 60 72 182 60 72 183 59 71 184 61 73 185 60 72 186 61 73 187 62 74 188 62 74 189 61 73 190 63 75 191 62 74 192 63 75 193 64 76 194 64 76 195 63 75 196 65 77 197 64 76 198 65 77 199 66 78 200 66 78 201 65 77 202 39 44 203 51 59 204 52 61 205 54 79 206 54 79 207 56 80 208 51 59 209 51 59 210 56 80 211 49 81 212 56 80 213 58 70 214 49 81 215 49 81 216 58 70 217 47 52 218 58 70 219 60 72 220 47 52 221 47 52 222 60 72 223 45 50 224 60 72 225 62 82 226 45 50 227 45 50 228 62 82 229 43 83 230 62 82 231 64 84 232 43 83 233 43 83 234 64 84 235 41 46 236 64 84 237 66 78 238 41 46 239 41 46 240 66 78 241 39 44 242 39 44 243 36 85 244 37 42 245 71 86 246 72 87 247 73 88 248 73 88 249 72 87 250 74 89 251 73 88 252 74 89 253 75 90 254 75 90 255 74 89 256 76 91 257 75 90 258 76 92 259 77 93 260 77 93 261 76 92 262 78 94 263 77 95 264 78 94 265 79 96 266 79 96 267 78 94 268 80 97 269 80 97 270 78 94 271 81 98 272 80 97 273 81 98 274 82 99 275 82 99 276 81 98 277 83 100 278 82 99 279 83 100 280 84 101 281 84 101 282 83 100 283 85 102 284 84 101 285 85 102 286 86 103 287 86 103 288 85 102 289 87 104 290 86 103 291 87 104 292 88 105 293 88 105 294 87 104 295 89 106 296 74 89 297 90 107 298 76 91 299 76 91 300 90 107 301 91 108 302 76 92 303 91 108 304 78 94 305 78 94 306 91 108 307 81 98 308 90 107 309 92 109 310 91 108 311 91 108 312 92 109 313 93 110 314 91 108 315 93 110 316 81 98 317 81 98 318 93 110 319 83 100 320 92 109 321 94 111 322 93 110 323 93 110 324 94 111 325 95 112 326 93 110 327 95 113 328 83 100 329 83 100 330 95 113 331 85 102 332 94 111 333 96 114 334 95 112 335 95 112 336 96 114 337 97 115 338 95 113 339 97 116 340 85 102 341 85 102 342 97 116 343 87 104 344 96 114 345 98 117 346 97 115 347 97 118 348 98 119 349 89 120 350 77 95 351 79 96 352 99 121 353 99 121 354 79 96 355 100 122 356 99 121 357 100 122 358 71 86 359 71 86 360 100 122 361 101 123 362 71 86 363 101 123 364 70 124 365 70 124 366 101 123 367 102 125 368 70 124 369 102 125 370 69 126 371 69 126 372 102 125 373 103 127 374 69 126 375 103 127 376 68 128 377 68 128 378 103 127 379 104 129 380 68 128 381 104 129 382 67 130 383 97 116 384 89 106 385 87 104 386 77 93 387 99 121 388 75 90 389 75 90 390 99 121 391 73 88 392 99 121 393 71 86 394 73 88 395 105 131 396 106 132 397 67 130 398 67 130 399 106 132 400 52 61 401 67 130 402 52 61 403 68 128 404 68 128 405 52 61 406 50 60 407 68 128 408 50 60 409 69 126 410 69 126 411 50 60 412 48 133 413 69 126 414 48 133 415 70 124 416 70 124 417 48 133 418 46 134 419 70 124 420 46 134 421 71 86 422 71 86 423 46 134 424 44 49 425 71 86 426 44 49 427 72 87 428 72 87 429 44 49 430 42 47 431 72 87 432 42 47 433 74 135 434 74 135 435 42 47 436 40 136 437 74 135 438 40 136 439 38 137 440 106 132 441 105 131 442 107 138 443 107 138 444 105 131 445 108 139 446 107 138 447 108 139 448 109 140 449 109 140 450 108 139 451 110 141 452 109 140 453 110 141 454 111 142 455 111 142 456 110 141 457 112 143 458 111 142 459 112 143 460 113 144 461 113 144 462 112 143 463 114 145 464 113 144 465 114 145 466 115 146 467 115 146 468 114 145 469 116 147 470 115 148 471 116 149 472 117 150 473 115 148 474 117 150 475 118 151 476 118 151 477 117 150 478 119 152 479 118 151 480 119 152 481 120 153 482 120 153 483 119 152 484 121 154 485 120 153 486 121 154 487 122 155 488 122 155 489 121 154 490 123 156 491 122 155 492 123 156 493 124 157 494 124 157 495 123 156 496 125 158 497 124 157 498 125 158 499 126 159 500 126 159 501 125 158 502 89 160 503 126 159 504 89 160 505 33 161 506 33 161 507 89 160 508 98 162 509 33 161 510 98 162 511 34 163 512 34 163 513 98 162 514 96 164 515 34 163 516 96 164 517 35 165 518 35 165 519 96 164 520 94 166 521 35 165 522 94 166 523 36 85 524 36 85 525 94 166 526 92 109 527 36 85 528 92 109 529 37 42 530 37 42 531 92 109 532 90 107 533 37 42 534 90 107 535 38 43 536 38 43 537 90 107 538 74 167 539 125 168 540 127 169 541 89 106 542 89 106 543 127 169 544 128 170 545 89 106 546 128 170 547 129 171 548 123 172 549 130 173 550 125 168 551 125 168 552 130 173 553 131 174 554 125 168 555 131 174 556 127 169 557 130 173 558 123 172 559 132 175 560 132 175 561 123 172 562 121 176 563 132 175 564 121 176 565 133 177 566 133 177 567 121 176 568 134 178 569 134 178 570 121 176 571 119 179 572 134 178 573 119 179 574 135 180 575 135 180 576 119 179 577 117 181 578 135 180 579 117 181 580 136 182 581 136 182 582 117 181 583 116 183 584 136 182 585 116 183 586 137 184 587 137 184 588 116 183 589 138 185 590 138 185 591 116 183 592 114 186 593 138 185 594 114 186 595 112 187 596 138 185 597 112 187 598 139 188 599 139 188 600 112 187 601 110 189 602 139 188 603 110 189 604 140 190 605 140 190 606 110 189 607 141 191 608 141 191 609 110 189 610 108 192 611 141 191 612 108 192 613 142 193 614 142 193 615 108 192 616 105 194 617 142 193 618 105 194 619 143 195 620 143 196 621 105 197 622 144 198 623 144 198 624 105 197 625 67 130 626 144 198 627 67 130 628 145 199 629 145 199 630 67 130 631 146 200 632 146 200 633 67 130 634 147 201 635 147 201 636 67 130 637 148 202 638 148 202 639 67 130 640 149 203 641 149 203 642 67 130 643 150 204 644 150 204 645 67 130 646 104 129 647 150 204 648 104 129 649 151 205 650 151 205 651 104 129 652 103 206 653 151 205 654 103 206 655 152 207 656 152 207 657 103 206 658 102 208 659 152 207 660 102 208 661 153 209 662 153 209 663 102 208 664 101 210 665 153 209 666 101 210 667 154 211 668 154 211 669 101 210 670 100 212 671 154 211 672 100 212 673 155 213 674 155 214 675 100 215 676 79 216 677 155 214 678 79 216 679 156 217 680 156 217 681 79 216 682 80 218 683 156 217 684 80 218 685 157 219 686 157 220 687 80 221 688 82 222 689 157 223 690 82 224 691 158 225 692 158 225 693 82 224 694 84 226 695 158 225 696 84 226 697 159 227 698 159 228 699 84 229 700 86 103 701 159 228 702 86 103 703 160 230 704 160 230 705 86 103 706 88 105 707 160 230 708 88 105 709 161 231 710 161 231 711 88 105 712 89 106 713 161 231 714 89 106 715 162 232 716 162 232 717 89 106 718 163 233 719 163 233 720 89 106 721 164 234 722 164 234 723 89 106 724 129 171 725 106 235 726 165 236 727 52 237 728 52 237 729 165 236 730 18 17 731 52 237 732 18 17 733 53 238 734 53 238 735 18 17 736 16 16 737 53 238 738 16 16 739 55 239 740 55 239 741 16 16 742 14 240 743 55 239 744 14 240 745 57 241 746 57 241 747 14 240 748 12 242 749 57 241 750 12 242 751 59 243 752 59 243 753 12 242 754 10 244 755 59 243 756 10 244 757 61 245 758 61 245 759 10 244 760 8 246 761 61 245 762 8 246 763 63 247 764 63 247 765 8 246 766 6 248 767 63 249 768 6 1 769 65 77 770 65 77 771 6 1 772 5 0 773 65 77 774 5 0 775 39 44 776 39 44 777 5 0 778 4 35 779 39 44 780 4 35 781 36 85 782 36 85 783 4 35 784 3 250 785 36 85 786 3 250 787 35 165 788 35 165 789 3 250 790 2 251 791 35 165 792 2 251 793 34 163 794 34 163 795 2 251 796 1 252 797 34 163 798 1 252 799 33 161 800 33 161 801 1 252 802 0 253 803 33 161 804 0 253 805 126 254 806 126 254 807 0 253 808 166 255 809 126 254 810 166 255 811 124 256 812 124 256 813 166 255 814 167 257 815 124 256 816 167 257 817 122 258 818 122 258 819 167 257 820 168 259 821 122 258 822 168 259 823 120 260 824 120 260 825 168 259 826 169 261 827 120 260 828 169 261 829 118 262 830 118 262 831 169 261 832 170 263 833 118 262 834 170 263 835 115 264 836 115 264 837 170 263 838 171 265 839 115 264 840 171 265 841 113 266 842 113 266 843 171 265 844 172 267 845 113 266 846 172 267 847 111 268 848 111 268 849 172 267 850 173 269 851 111 268 852 173 269 853 109 270 854 109 270 855 173 269 856 174 271 857 109 270 858 174 271 859 107 272 860 107 272 861 174 271 862 175 273 863 107 272 864 175 273 865 106 235 866 106 235 867 175 273 868 165 236 869 149 274 870 150 275 871 176 276 872 150 275 873 151 277 874 176 276 875 151 277 876 152 278 877 176 276 878 152 278 879 153 279 880 176 276 881 153 279 882 154 280 883 176 276 884 154 280 885 155 281 886 176 276 887 155 282 888 156 283 889 176 284 890 156 283 891 157 285 892 176 284 893 157 285 894 158 286 895 176 284 896 158 286 897 159 287 898 176 284 899 159 287 900 160 288 901 176 284 902 160 288 903 161 289 904 176 284 905 161 289 906 162 290 907 176 284 908 149 291 909 176 291 910 177 291 911 177 292 912 176 293 913 178 292 914 178 292 915 176 293 916 179 294 917 179 294 918 176 293 919 180 295 920 179 296 921 180 297 922 181 298 923 181 298 924 180 297 925 182 299 926 181 298 927 182 299 928 183 300 929 181 298 930 183 300 931 184 301 932 184 302 933 183 302 934 185 302 935 162 303 936 186 303 937 176 303 938 176 293 939 186 304 940 187 305 941 176 293 942 187 305 943 180 295 944 165 306 945 188 307 946 18 308 947 18 308 948 188 307 949 189 309 950 18 308 951 189 309 952 19 22 953 19 22 954 189 309 955 190 310 956 19 22 957 190 310 958 21 23 959 21 23 960 190 310 961 191 311 962 21 23 963 191 311 964 23 25 965 23 25 966 191 311 967 192 312 968 23 25 969 192 312 970 25 313 971 25 313 972 192 312 973 193 314 974 25 313 975 193 314 976 27 315 977 27 315 978 193 314 979 194 316 980 27 315 981 194 316 982 29 317 983 29 317 984 194 316 985 195 318 986 29 319 987 195 320 988 31 33 989 31 33 990 195 320 991 196 321 992 31 33 993 196 321 994 4 35 995 4 35 996 196 321 997 197 322 998 4 35 999 197 322 1000 3 250 1001 3 250 1002 197 322 1003 198 323 1004 3 250 1005 198 323 1006 2 251 1007 2 251 1008 198 323 1009 199 324 1010 2 251 1011 199 324 1012 1 252 1013 1 252 1014 199 324 1015 200 325 1016 1 252 1017 200 325 1018 0 253 1019 0 253 1020 200 325 1021 201 326 1022 0 253 1023 201 326 1024 166 327 1025 166 327 1026 201 326 1027 202 328 1028 166 327 1029 202 328 1030 167 329 1031 167 329 1032 202 328 1033 203 330 1034 167 329 1035 203 330 1036 168 331 1037 168 331 1038 203 330 1039 169 332 1040 169 332 1041 203 330 1042 204 333 1043 169 332 1044 204 333 1045 170 334 1046 170 334 1047 204 333 1048 205 335 1049 170 334 1050 205 335 1051 171 336 1052 171 336 1053 205 335 1054 206 337 1055 171 336 1056 206 337 1057 172 338 1058 172 338 1059 206 337 1060 207 339 1061 172 338 1062 207 339 1063 173 340 1064 173 340 1065 207 339 1066 208 341 1067 173 340 1068 208 341 1069 174 342 1070 174 342 1071 208 341 1072 209 343 1073 174 342 1074 209 343 1075 175 344 1076 175 344 1077 209 343 1078 188 307 1079 175 344 1080 188 307 1081 165 306 1082 211 345 1083 212 346 1084 213 347 1085 213 347 1086 212 346 1087 214 348 1088 213 347 1089 214 348 1090 215 349 1091 215 349 1092 214 348 1093 216 350 1094 215 349 1095 216 350 1096 217 351 1097 217 351 1098 216 350 1099 218 352 1100 217 351 1101 218 352 1102 219 353 1103 219 353 1104 218 352 1105 220 354 1106 219 353 1107 220 354 1108 221 355 1109 221 355 1110 220 354 1111 222 356 1112 221 355 1113 222 356 1114 223 357 1115 223 357 1116 222 356 1117 224 358 1118 223 357 1119 224 358 1120 225 359 1121 225 359 1122 224 358 1123 226 360 1124 225 361 1125 226 362 1126 227 363 1127 227 364 1128 226 360 1129 201 326 1130 201 326 1131 200 325 1132 228 365 1133 228 365 1134 200 325 1135 199 366 1136 228 365 1137 199 366 1138 229 367 1139 229 367 1140 199 366 1141 198 368 1142 229 367 1143 198 368 1144 230 369 1145 230 369 1146 198 368 1147 197 322 1148 230 369 1149 197 322 1150 221 355 1151 221 355 1152 197 322 1153 196 321 1154 221 355 1155 196 321 1156 231 370 1157 231 370 1158 196 321 1159 195 371 1160 231 370 1161 195 371 1162 232 372 1163 232 372 1164 195 371 1165 194 316 1166 232 372 1167 194 316 1168 233 373 1169 233 373 1170 194 316 1171 193 314 1172 233 373 1173 193 314 1174 234 374 1175 234 374 1176 193 314 1177 192 312 1178 234 374 1179 192 312 1180 235 375 1181 235 375 1182 192 312 1183 191 311 1184 235 375 1185 191 311 1186 236 376 1187 236 376 1188 191 311 1189 190 310 1190 236 376 1191 190 310 1192 237 377 1193 237 377 1194 190 310 1195 189 309 1196 227 364 1197 201 326 1198 228 365 1199 228 365 1200 229 367 1201 227 364 1202 227 364 1203 229 367 1204 225 378 1205 229 367 1206 230 369 1207 225 378 1208 225 378 1209 230 369 1210 223 357 1211 230 369 1212 221 355 1213 223 357 1214 221 355 1215 231 370 1216 219 353 1217 231 370 1218 232 372 1219 219 353 1220 219 353 1221 232 372 1222 217 379 1223 232 372 1224 233 380 1225 217 379 1226 217 379 1227 233 380 1228 215 381 1229 233 380 1230 234 374 1231 215 381 1232 215 381 1233 234 374 1234 213 347 1235 234 374 1236 235 375 1237 213 347 1238 213 347 1239 235 375 1240 211 345 1241 237 377 1242 189 309 1243 210 382 1244 235 375 1245 236 383 1246 211 345 1247 211 345 1248 236 383 1249 210 382 1250 236 383 1251 237 377 1252 210 382 1253 239 384 1254 238 385 1255 240 386 1256 242 387 1257 243 388 1258 244 389 1259 244 389 1260 243 388 1261 245 390 1262 244 389 1263 245 390 1264 246 391 1265 246 391 1266 245 390 1267 247 392 1268 246 391 1269 247 392 1270 248 393 1271 248 393 1272 247 392 1273 249 394 1274 248 395 1275 249 394 1276 250 396 1277 250 396 1278 249 394 1279 251 397 1280 250 396 1281 251 397 1282 252 398 1283 252 398 1284 251 397 1285 253 399 1286 253 399 1287 251 397 1288 254 400 1289 253 399 1290 254 400 1291 255 401 1292 255 401 1293 254 400 1294 256 402 1295 255 401 1296 256 402 1297 257 403 1298 257 403 1299 256 402 1300 258 404 1301 257 403 1302 258 404 1303 259 405 1304 259 406 1305 258 407 1306 260 408 1307 247 392 1308 261 409 1309 249 394 1310 249 394 1311 261 409 1312 262 410 1313 249 394 1314 262 410 1315 251 397 1316 251 397 1317 262 410 1318 254 400 1319 261 409 1320 263 411 1321 262 410 1322 262 410 1323 263 411 1324 264 412 1325 262 410 1326 264 413 1327 254 400 1328 254 400 1329 264 413 1330 256 414 1331 263 411 1332 265 415 1333 264 412 1334 264 412 1335 265 415 1336 266 416 1337 264 413 1338 266 417 1339 256 414 1340 256 414 1341 266 417 1342 258 418 1343 265 415 1344 267 419 1345 266 416 1346 266 417 1347 267 420 1348 260 421 1349 252 398 1350 268 422 1351 250 396 1352 250 396 1353 268 422 1354 269 423 1355 250 396 1356 269 424 1357 248 395 1358 248 395 1359 269 424 1360 246 425 1361 268 422 1362 270 426 1363 269 423 1364 269 423 1365 270 426 1366 271 427 1367 269 424 1368 271 428 1369 246 425 1370 246 425 1371 271 428 1372 244 389 1373 270 426 1374 242 387 1375 271 427 1376 271 428 1377 242 387 1378 244 389 1379 266 417 1380 260 421 1381 258 418 1382 267 420 1383 272 429 1384 260 421 1385 260 421 1386 272 429 1387 273 430 1388 260 421 1389 273 430 1390 274 431 1391 274 431 1392 273 430 1393 275 432 1394 274 431 1395 275 432 1396 276 433 1397 276 433 1398 275 432 1399 277 434 1400 276 433 1401 277 434 1402 278 435 1403 278 435 1404 277 434 1405 279 436 1406 278 435 1407 279 436 1408 280 437 1409 280 437 1410 279 436 1411 281 438 1412 280 437 1413 281 438 1414 282 439 1415 282 439 1416 281 438 1417 283 440 1418 283 440 1419 281 438 1420 284 441 1421 283 442 1422 284 443 1423 285 444 1424 285 444 1425 284 443 1426 286 445 1427 285 444 1428 286 445 1429 287 446 1430 287 446 1431 286 445 1432 288 447 1433 287 446 1434 288 447 1435 289 448 1436 289 448 1437 288 447 1438 290 449 1439 289 448 1440 290 449 1441 291 450 1442 291 450 1443 290 449 1444 292 451 1445 291 450 1446 292 451 1447 293 452 1448 293 452 1449 292 451 1450 294 453 1451 293 452 1452 294 453 1453 238 385 1454 238 385 1455 294 453 1456 295 454 1457 238 385 1458 295 454 1459 296 455 1460 238 385 1461 296 455 1462 240 386 1463 240 386 1464 296 455 1465 304 456 1466 240 386 1467 304 456 1468 241 457 1469 241 457 1470 304 456 1471 305 458 1472 241 457 1473 305 458 1474 242 387 1475 242 387 1476 305 458 1477 306 459 1478 242 387 1479 306 459 1480 243 388 1481 243 388 1482 306 459 1483 297 460 1484 243 388 1485 297 460 1486 245 461 1487 245 461 1488 297 460 1489 298 462 1490 245 463 1491 298 464 1492 247 465 1493 247 465 1494 298 464 1495 299 466 1496 247 465 1497 299 466 1498 300 467 1499 272 429 1500 267 420 1501 301 468 1502 301 468 1503 267 420 1504 265 469 1505 301 468 1506 265 469 1507 302 470 1508 302 470 1509 265 469 1510 263 471 1511 302 470 1512 263 471 1513 303 472 1514 303 472 1515 263 471 1516 261 473 1517 303 472 1518 261 473 1519 300 467 1520 300 467 1521 261 473 1522 247 465 1523 188 474 1524 238 385 1525 189 475 1526 189 475 1527 238 385 1528 239 384 1529 189 475 1530 239 384 1531 240 386 1532 189 475 1533 240 386 1534 210 382 1535 210 382 1536 240 386 1537 241 457 1538 210 382 1539 241 457 1540 211 345 1541 211 345 1542 241 457 1543 242 387 1544 211 345 1545 242 387 1546 212 346 1547 212 346 1548 242 387 1549 270 426 1550 212 346 1551 270 426 1552 214 348 1553 214 348 1554 270 426 1555 216 476 1556 216 476 1557 270 426 1558 268 477 1559 216 478 1560 268 479 1561 218 480 1562 218 480 1563 268 479 1564 252 398 1565 218 480 1566 252 398 1567 220 481 1568 220 481 1569 252 398 1570 253 399 1571 220 481 1572 253 399 1573 222 356 1574 222 356 1575 253 399 1576 255 482 1577 222 356 1578 255 482 1579 224 358 1580 224 358 1581 255 482 1582 257 483 1583 224 358 1584 257 483 1585 226 360 1586 226 360 1587 257 483 1588 259 484 1589 226 360 1590 259 484 1591 201 326 1592 201 326 1593 259 484 1594 260 485 1595 201 326 1596 260 485 1597 202 486 1598 202 486 1599 260 485 1600 274 487 1601 202 486 1602 274 487 1603 203 488 1604 203 488 1605 274 487 1606 276 489 1607 203 488 1608 276 489 1609 278 490 1610 203 488 1611 278 490 1612 204 491 1613 204 491 1614 278 490 1615 280 492 1616 204 491 1617 280 492 1618 205 493 1619 205 493 1620 280 492 1621 282 494 1622 205 493 1623 282 494 1624 206 495 1625 206 495 1626 282 494 1627 283 496 1628 206 497 1629 283 498 1630 207 499 1631 207 499 1632 283 498 1633 285 500 1634 207 499 1635 285 500 1636 287 501 1637 238 385 1638 188 474 1639 293 502 1640 293 502 1641 188 474 1642 291 503 1643 291 503 1644 188 474 1645 209 504 1646 291 503 1647 209 504 1648 289 505 1649 289 505 1650 209 504 1651 208 506 1652 289 505 1653 208 506 1654 287 501 1655 287 501 1656 208 506 1657 207 499 1658 296 455 1659 295 454 1660 304 456 1661 306 459 1662 307 507 1663 308 508 1664 308 508 1665 307 507 1666 309 509 1667 308 508 1668 309 509 1669 310 510 1670 310 510 1671 309 509 1672 311 511 1673 310 510 1674 311 511 1675 312 512 1676 312 512 1677 311 511 1678 313 513 1679 312 512 1680 313 513 1681 314 514 1682 314 514 1683 313 513 1684 315 515 1685 314 514 1686 315 515 1687 316 516 1688 316 516 1689 315 515 1690 317 517 1691 316 516 1692 317 517 1693 318 518 1694 318 518 1695 317 517 1696 319 519 1697 318 520 1698 319 521 1699 320 522 1700 320 523 1701 319 524 1702 272 525 1703 272 526 1704 301 527 1705 321 528 1706 321 529 1707 301 530 1708 302 531 1709 321 529 1710 302 531 1711 322 532 1712 322 532 1713 302 531 1714 303 533 1715 322 532 1716 303 533 1717 323 534 1718 323 534 1719 303 533 1720 300 535 1721 323 534 1722 300 535 1723 324 536 1724 324 536 1725 300 535 1726 299 537 1727 324 536 1728 299 537 1729 325 538 1730 325 538 1731 299 537 1732 298 462 1733 325 538 1734 298 462 1735 326 539 1736 326 539 1737 298 462 1738 297 460 1739 320 523 1740 272 525 1741 321 540 1742 321 540 1743 322 541 1744 320 523 1745 320 523 1746 322 541 1747 318 542 1748 322 541 1749 323 534 1750 318 542 1751 318 542 1752 323 534 1753 316 516 1754 323 534 1755 324 536 1756 316 516 1757 316 516 1758 324 536 1759 314 514 1760 324 536 1761 325 543 1762 314 514 1763 314 514 1764 325 543 1765 312 544 1766 325 543 1767 326 539 1768 312 544 1769 312 544 1770 326 539 1771 310 545 1772 326 539 1773 297 460 1774 310 545 1775 310 545 1776 297 460 1777 308 508 1778 297 460 1779 306 459 1780 308 508 1781 360 546 1782 327 547 1783 359 548 1784 329 549 1785 330 550 1786 331 551 1787 331 551 1788 330 550 1789 332 552 1790 331 551 1791 332 552 1792 333 553 1793 333 553 1794 332 552 1795 334 554 1796 333 553 1797 334 554 1798 335 555 1799 335 555 1800 334 554 1801 336 556 1802 335 555 1803 336 556 1804 337 557 1805 337 557 1806 336 556 1807 338 558 1808 337 557 1809 338 558 1810 339 559 1811 339 559 1812 338 558 1813 340 560 1814 339 559 1815 340 560 1816 341 561 1817 341 561 1818 340 560 1819 342 562 1820 341 563 1821 342 562 1822 343 564 1823 343 564 1824 342 562 1825 344 565 1826 344 566 1827 345 567 1828 346 568 1829 346 569 1830 345 570 1831 347 571 1832 346 569 1833 347 571 1834 348 572 1835 348 572 1836 347 571 1837 349 573 1838 348 572 1839 349 573 1840 350 574 1841 350 574 1842 349 573 1843 351 575 1844 350 574 1845 351 575 1846 352 576 1847 352 576 1848 351 575 1849 353 577 1850 352 576 1851 353 577 1852 354 578 1853 354 578 1854 353 577 1855 355 579 1856 354 578 1857 355 579 1858 356 580 1859 356 580 1860 355 579 1861 357 581 1862 356 580 1863 357 581 1864 358 582 1865 358 582 1866 357 581 1867 329 549 1868 343 564 1869 344 565 1870 346 583 1871 346 583 1872 348 584 1873 343 564 1874 343 564 1875 348 584 1876 341 563 1877 348 584 1878 350 574 1879 341 563 1880 341 563 1881 350 574 1882 339 559 1883 350 574 1884 352 576 1885 339 559 1886 339 559 1887 352 576 1888 337 557 1889 352 576 1890 354 585 1891 337 557 1892 337 557 1893 354 585 1894 335 586 1895 354 585 1896 356 580 1897 335 586 1898 335 586 1899 356 580 1900 333 587 1901 356 580 1902 358 582 1903 333 587 1904 333 587 1905 358 582 1906 331 551 1907 358 582 1908 329 549 1909 331 551 1910 186 588 1911 162 589 1912 344 565 1913 344 565 1914 162 589 1915 163 590 1916 344 565 1917 163 590 1918 164 591 1919 164 591 1920 129 592 1921 344 565 1922 344 565 1923 129 592 1924 128 593 1925 344 565 1926 128 593 1927 127 594 1928 344 565 1929 127 594 1930 361 595 1931 361 595 1932 127 594 1933 131 596 1934 361 595 1935 131 596 1936 130 597 1937 361 595 1938 130 597 1939 362 598 1940 362 598 1941 130 597 1942 132 599 1943 362 598 1944 132 599 1945 363 600 1946 363 600 1947 132 599 1948 133 601 1949 363 600 1950 133 601 1951 134 602 1952 363 600 1953 134 602 1954 364 603 1955 364 603 1956 134 602 1957 135 604 1958 364 603 1959 135 604 1960 365 605 1961 365 605 1962 135 604 1963 136 606 1964 365 605 1965 136 606 1966 366 607 1967 366 607 1968 136 606 1969 137 608 1970 366 607 1971 137 608 1972 138 609 1973 366 607 1974 138 609 1975 367 610 1976 367 610 1977 138 609 1978 368 611 1979 368 611 1980 138 609 1981 139 612 1982 368 611 1983 139 612 1984 369 613 1985 369 613 1986 139 612 1987 140 614 1988 369 613 1989 140 614 1990 141 615 1991 369 613 1992 141 615 1993 370 616 1994 370 616 1995 141 615 1996 142 617 1997 370 616 1998 142 617 1999 371 618 2000 371 618 2001 142 617 2002 143 619 2003 371 618 2004 143 619 2005 144 620 2006 371 618 2007 144 620 2008 327 547 2009 327 547 2010 144 620 2011 145 621 2012 327 547 2013 145 621 2014 146 622 2015 146 622 2016 147 623 2017 327 547 2018 327 547 2019 147 623 2020 148 624 2021 327 547 2022 148 624 2023 149 625 2024 149 625 2025 177 626 2026 327 547 2027 327 547 2028 177 626 2029 178 627 2030 327 547 2031 178 627 2032 359 548 2033 359 548 2034 178 627 2035 179 628 2036 359 548 2037 179 628 2038 328 629 2039 328 629 2040 179 628 2041 181 630 2042 328 629 2043 181 630 2044 329 549 2045 329 549 2046 181 630 2047 330 550 2048 330 550 2049 181 630 2050 184 631 2051 330 550 2052 184 631 2053 332 632 2054 332 633 2055 184 634 2056 185 635 2057 332 633 2058 185 635 2059 334 636 2060 334 636 2061 185 635 2062 183 637 2063 334 636 2064 183 637 2065 336 638 2066 336 638 2067 183 637 2068 182 639 2069 336 638 2070 182 639 2071 338 558 2072 338 558 2073 182 639 2074 180 640 2075 338 558 2076 180 640 2077 340 560 2078 340 560 2079 180 640 2080 187 641 2081 340 560 2082 187 641 2083 342 562 2084 342 562 2085 187 641 2086 186 588 2087 342 562 2088 186 588 2089 344 565 2090 361 642 2091 273 643 2092 344 644 2093 344 644 2094 273 643 2095 272 525 2096 344 644 2097 272 525 2098 345 645 2099 345 645 2100 272 525 2101 319 524 2102 345 645 2103 319 524 2104 347 646 2105 347 646 2106 319 524 2107 317 647 2108 347 646 2109 317 647 2110 349 648 2111 349 648 2112 317 647 2113 315 649 2114 349 648 2115 315 649 2116 351 575 2117 351 575 2118 315 649 2119 313 650 2120 351 575 2121 313 650 2122 353 577 2123 353 577 2124 313 650 2125 311 651 2126 353 577 2127 311 651 2128 355 652 2129 355 653 2130 311 654 2131 309 655 2132 355 653 2133 309 655 2134 357 581 2135 357 581 2136 309 655 2137 307 507 2138 357 581 2139 307 507 2140 329 549 2141 329 549 2142 307 507 2143 306 459 2144 329 549 2145 306 459 2146 328 629 2147 328 629 2148 306 459 2149 305 458 2150 328 629 2151 305 458 2152 359 548 2153 359 548 2154 305 458 2155 304 456 2156 359 548 2157 304 456 2158 360 546 2159 360 546 2160 304 456 2161 295 454 2162 360 546 2163 295 454 2164 327 547 2165 327 547 2166 295 454 2167 294 656 2168 273 643 2169 361 642 2170 275 657 2171 275 657 2172 361 642 2173 362 658 2174 275 657 2175 362 658 2176 277 659 2177 277 659 2178 362 658 2179 363 660 2180 277 659 2181 363 660 2182 279 661 2183 279 661 2184 363 660 2185 364 662 2186 279 661 2187 364 662 2188 281 663 2189 281 663 2190 364 662 2191 365 664 2192 281 663 2193 365 664 2194 284 665 2195 284 666 2196 365 667 2197 366 666 2198 284 668 2199 366 669 2200 367 670 2201 284 668 2202 367 670 2203 286 671 2204 286 671 2205 367 670 2206 368 672 2207 286 671 2208 368 672 2209 288 673 2210 288 673 2211 368 672 2212 369 674 2213 288 673 2214 369 674 2215 290 675 2216 290 675 2217 369 674 2218 370 676 2219 290 675 2220 370 676 2221 292 677 2222 292 677 2223 370 676 2224 371 678 2225 292 677 2226 371 678 2227 294 656 2228 294 656 2229 371 678 2230 327 547 2231 127 679 2232 132 680 2233 130 681 2234 128 682 2235 146 683 2236 129 684 2237 164 685 2238 147 686 2239 163 687 2240 176 688 2241 132 689 2242 133 690 2243 163 691 2244 148 692 2245 162 693 2246 162 694 2247 149 695 2248 161 696 2249 158 697 2250 153 698 2251 157 699 2252 139 700 2253 134 701 2254 133 702 2255 80 703 2256 101 704 2257 82 705 2258 138 706 2259 144 707 2260 142 708 2261 187 709 2262 178 710 2263 186 711 2264 180 712 2265 179 713 2266 187 714 2267 84 715 2268 103 716 2269 86 717 2270 77 718 2271 99 719 2272 78 720 2273 83 721 2274 69 722 2275 85 723 2276 161 724 2277 150 725 2278 160 726 2279 334 727 2280 330 728 2281 332 729 2282 336 730 2283 329 731 2284 334 727 2285 338 732 2286 328 733 2287 336 730 2288 335 734 2289 331 735 2290 333 736 2291 337 737 2292 329 738 2293 335 734 2294 341 739 2295 328 740 2296 342 741 2297 341 742 2298 359 743 2299 339 744 2300 365 745 2301 367 746 2302 366 747 2303 364 748 2304 368 749 2305 365 750 2306 363 751 2307 369 752 2308 364 753 2309 362 754 2310 370 755 2311 363 756 2312 361 757 2313 371 758 2314 362 759 2315 344 760 2316 327 761 2317 361 762 2318 346 763 2319 360 764 2320 344 765 2321 348 766 2322 359 767 2323 346 763 2324 350 768 2325 328 769 2326 348 766 2327 348 770 2328 345 771 2329 360 772 2330 354 773 2331 358 774 2332 352 775 2333 349 776 2334 328 777 2335 347 778 2336 354 779 2337 352 775 2338 359 780 2339 351 781 2340 329 782 2341 349 776 2342 355 783 2343 353 784 2344 357 785 2345 311 786 2346 307 787 2347 309 788 2348 313 789 2349 306 790 2350 311 786 2351 315 791 2352 305 792 2353 313 789 2354 317 793 2355 304 794 2356 315 791 2357 312 795 2358 308 796 2359 310 797 2360 314 798 2361 306 799 2362 312 795 2363 316 800 2364 319 801 2365 318 802 2366 314 798 2367 312 803 2368 310 804 2369 318 805 2370 304 806 2371 316 800 2372 281 807 2373 286 808 2374 284 809 2375 279 810 2376 288 811 2377 281 812 2378 277 813 2379 290 814 2380 279 815 2381 275 816 2382 292 817 2383 277 818 2384 273 819 2385 294 820 2386 275 821 2387 272 822 2388 295 823 2389 273 824 2390 321 825 2391 296 826 2392 272 827 2393 322 828 2394 304 829 2395 321 825 2396 322 830 2397 321 831 2398 301 832 2399 323 833 2400 305 834 2401 322 828 2402 325 835 2403 297 836 2404 324 837 2405 303 838 2406 305 839 2407 302 840 2408 306 841 2409 301 832 2410 302 840 2411 300 842 2412 306 843 2413 303 838 2414 299 844 2415 297 845 2416 300 842 2417 247 846 2418 243 847 2419 245 848 2420 261 849 2421 242 850 2422 247 846 2423 263 851 2424 241 852 2425 261 849 2426 265 853 2427 240 854 2428 263 851 2429 248 855 2430 244 856 2431 246 857 2432 249 858 2433 242 859 2434 248 855 2435 264 860 2436 262 861 2437 241 862 2438 267 863 2439 249 858 2440 248 864 2441 264 865 2442 240 866 2443 262 861 2444 282 867 2445 285 868 2446 283 869 2447 280 870 2448 287 871 2449 282 872 2450 278 873 2451 289 874 2452 280 875 2453 276 876 2454 291 877 2455 278 878 2456 274 879 2457 293 880 2458 276 881 2459 260 882 2460 238 883 2461 274 884 2462 258 885 2463 239 886 2464 260 887 2465 256 888 2466 240 889 2467 258 885 2468 256 890 2469 258 891 2470 259 892 2471 254 893 2472 241 894 2473 256 888 2474 269 895 2475 250 896 2476 271 897 2477 271 898 2478 242 899 2479 259 892 2480 255 900 2481 241 901 2482 257 902 2483 253 903 2484 242 904 2485 255 900 2486 268 905 2487 252 906 2488 270 907 2489 218 908 2490 214 909 2491 216 910 2492 220 911 2493 212 912 2494 218 908 2495 222 913 2496 211 914 2497 220 911 2498 114 915 2499 117 916 2500 116 917 2501 215 918 2502 219 919 2503 217 920 2504 119 921 2505 110 922 2506 121 923 2507 121 924 2508 108 925 2509 123 926 2510 123 927 2511 105 928 2512 125 929 2513 89 930 2514 68 931 2515 97 932 2516 97 932 2517 69 933 2518 95 934 2519 223 935 2520 226 936 2521 225 937 2522 225 938 2523 210 939 2524 223 935 2525 227 940 2526 189 941 2527 225 938 2528 95 934 2529 70 942 2530 93 943 2531 68 944 2532 98 945 2533 95 946 2534 280 947 2535 283 948 2536 270 907 2537 91 949 2538 73 950 2539 76 951 2540 96 952 2541 70 953 2542 94 954 2543 96 952 2544 98 945 2545 71 955 2546 94 954 2547 71 956 2548 92 957 2549 208 958 2550 204 959 2551 207 960 2552 209 961 2553 203 962 2554 208 963 2555 236 964 2556 229 965 2557 237 966 2558 235 967 2559 230 968 2560 236 964 2561 233 969 2562 231 970 2563 234 971 2564 198 972 2565 192 973 2566 199 974 2567 232 975 2568 233 976 2569 234 971 2570 197 977 2571 193 978 2572 198 972 2573 195 979 2574 196 980 2575 194 981 2576 27 982 2577 31 983 2578 29 984 2579 25 985 2580 4 986 2581 27 982 2582 23 987 2583 3 988 2584 25 985 2585 24 989 2586 3 990 2587 19 991 2588 28 992 2589 32 993 2590 30 994 2591 26 995 2592 4 996 2593 28 992 2594 22 997 2595 2 998 2596 24 989 2597 20 999 2598 1 1000 2599 22 997 2600 18 1001 2601 0 1002 2602 20 999 2603 165 1003 2604 166 1004 2605 18 1005 2606 175 1006 2607 167 1007 2608 165 1008 2609 174 1009 2610 168 1010 2611 175 1011 2612 173 1012 2613 169 1013 2614 174 1014 2615 171 1015 2616 172 1016 2617 170 1017 2618 15 1018 2619 2 1019 2620 17 1020 2621 13 1021 2622 3 1022 2623 15 1018 2624 9 1023 2625 5 1024 2626 11 1025 2627 12 1026 2628 3 1027 2629 14 1028 2630 9 1029 2631 11 1025 2632 2 1030 2633 10 1031 2634 4 1032 2635 12 1026 2636 16 1033 2637 13 1021 2638 15 1034 2639 8 1035 2640 5 1036 2641 10 1031 2642 61 1037 2643 65 1038 2644 63 1039 2645 59 1040 2646 39 1041 2647 61 1037 2648 57 1042 2649 36 1043 2650 59 1040 2651 62 1044 2652 66 1045 2653 64 1046 2654 60 1047 2655 39 1048 2656 62 1044 2657 16 1049 2658 1 1050 2659 171 1051 2660 58 1052 2661 36 1053 2662 53 1054 2663 56 1055 2664 35 1056 2665 58 1052 2666 54 1057 2667 34 1058 2668 56 1055 2669 52 1059 2670 33 1060 2671 54 1057 2672 106 1061 2673 126 1062 2674 52 1063 2675 107 1064 2676 124 1065 2677 106 1066 2678 109 1067 2679 122 1068 2680 107 1069 2681 111 1070 2682 120 1071 2683 109 1072 2684 115 1073 2685 113 1074 2686 118 1075 2687 49 1076 2688 35 1077 2689 51 1078 2690 47 1079 2691 36 1080 2692 49 1076 2693 43 1081 2694 39 1082 2695 45 1083 2696 46 1084 2697 36 1085 2698 48 1086 2699 37 1087 2700 50 1088 2701 48 1086 2702 44 1089 2703 37 1090 2704 46 1084 2705 40 1091 2706 42 1092 2707 38 1093 2708 72 1094 2709 90 1095 2710 74 1096 2711 50 1097 2712 47 1079 2713 49 1098 2714 116 1099 2715 67 1100 2716 72 1094 2717 161 1101 2718 771 1102 2719 162 1103 2720 105 1104 2721 67 1105 2722 108 1106 2723 142 1107 2724 102 1108 2725 101 1109 2726 372 1110 2727 373 1111 2728 374 1112 2729 373 1111 2730 375 1113 2731 374 1112 2732 373 1111 2733 376 1114 2734 375 1113 2735 376 1114 2736 377 1115 2737 375 1113 2738 376 1114 2739 378 1116 2740 377 1115 2741 378 1116 2742 379 1117 2743 377 1115 2744 378 1116 2745 380 1118 2746 379 1117 2747 380 1118 2748 381 1119 2749 379 1117 2750 380 1118 2751 382 1120 2752 381 1119 2753 382 1120 2754 383 1121 2755 381 1119 2756 382 1122 2757 384 1123 2758 383 1124 2759 384 1123 2760 385 1125 2761 383 1124 2762 385 1126 2763 386 1127 2764 387 1128 2765 386 1129 2766 388 1130 2767 387 1128 2768 386 1129 2769 389 1131 2770 388 1130 2771 389 1131 2772 390 1132 2773 388 1130 2774 389 1131 2775 391 1133 2776 390 1132 2777 391 1133 2778 392 1134 2779 390 1132 2780 391 1133 2781 393 1135 2782 392 1134 2783 393 1135 2784 394 1136 2785 392 1134 2786 393 1135 2787 395 1137 2788 394 1136 2789 395 1137 2790 396 1138 2791 394 1136 2792 395 1137 2793 397 1139 2794 396 1138 2795 397 1139 2796 398 1140 2797 396 1138 2798 397 1139 2799 399 1141 2800 398 1140 2801 399 1141 2802 400 1142 2803 398 1140 2804 384 1123 2805 386 1143 2806 385 1125 2807 386 1143 2808 384 1123 2809 389 1144 2810 384 1123 2811 382 1145 2812 389 1144 2813 389 1144 2814 382 1145 2815 391 1133 2816 382 1145 2817 380 1118 2818 391 1133 2819 391 1133 2820 380 1118 2821 393 1135 2822 380 1118 2823 378 1116 2824 393 1135 2825 393 1135 2826 378 1116 2827 395 1146 2828 378 1116 2829 376 1147 2830 395 1146 2831 395 1146 2832 376 1147 2833 397 1148 2834 376 1147 2835 373 1111 2836 397 1148 2837 397 1148 2838 373 1111 2839 399 1141 2840 373 1111 2841 372 1110 2842 399 1141 2843 399 1141 2844 372 1110 2845 400 1142 2846 401 1149 2847 402 1150 2848 403 1151 2849 402 1150 2850 404 1152 2851 403 1151 2852 402 1150 2853 405 1153 2854 404 1152 2855 405 1153 2856 406 1154 2857 404 1152 2858 405 1153 2859 407 1155 2860 406 1154 2861 407 1155 2862 408 1156 2863 406 1154 2864 407 1155 2865 409 1157 2866 408 1156 2867 409 1157 2868 410 1158 2869 408 1156 2870 409 1157 2871 411 1159 2872 410 1158 2873 411 1159 2874 412 1160 2875 410 1158 2876 411 1159 2877 413 1161 2878 412 1160 2879 413 1161 2880 414 1162 2881 412 1160 2882 413 1163 2883 415 1164 2884 414 1165 2885 415 1166 2886 416 1167 2887 414 1168 2888 416 1169 2889 417 1170 2890 418 1171 2891 417 1172 2892 419 1173 2893 418 1171 2894 417 1172 2895 420 1174 2896 419 1173 2897 420 1174 2898 421 1175 2899 419 1173 2900 420 1174 2901 422 1176 2902 421 1175 2903 422 1176 2904 423 1177 2905 421 1175 2906 422 1176 2907 424 1178 2908 423 1177 2909 424 1178 2910 425 1179 2911 423 1177 2912 424 1178 2913 426 1180 2914 425 1179 2915 426 1180 2916 427 1181 2917 425 1179 2918 426 1180 2919 428 1182 2920 427 1181 2921 428 1182 2922 429 1183 2923 427 1181 2924 428 1182 2925 430 1184 2926 429 1183 2927 430 1184 2928 402 1150 2929 429 1183 2930 415 1166 2931 417 1185 2932 416 1167 2933 417 1185 2934 415 1166 2935 420 1186 2936 415 1166 2937 413 1187 2938 420 1186 2939 420 1186 2940 413 1187 2941 422 1176 2942 413 1187 2943 411 1159 2944 422 1176 2945 422 1176 2946 411 1159 2947 424 1178 2948 411 1159 2949 409 1157 2950 424 1178 2951 424 1178 2952 409 1157 2953 426 1188 2954 409 1157 2955 407 1189 2956 426 1188 2957 426 1188 2958 407 1189 2959 428 1190 2960 407 1189 2961 405 1153 2962 428 1190 2963 428 1190 2964 405 1153 2965 430 1184 2966 405 1153 2967 402 1150 2968 430 1184 2969 402 1150 2970 401 1149 2971 431 1191 2972 432 1192 2973 433 1193 2974 434 1194 2975 433 1193 2976 435 1195 2977 434 1194 2978 433 1193 2979 436 1196 2980 435 1195 2981 436 1196 2982 437 1197 2983 435 1195 2984 436 1196 2985 438 1198 2986 437 1199 2987 438 1198 2988 439 1200 2989 437 1199 2990 438 1201 2991 440 1202 2992 439 1200 2993 440 1202 2994 441 1203 2995 439 1200 2996 441 1203 2997 442 1204 2998 439 1200 2999 441 1203 3000 443 1205 3001 442 1204 3002 443 1205 3003 444 1206 3004 442 1204 3005 443 1205 3006 445 1207 3007 444 1206 3008 445 1207 3009 446 1208 3010 444 1206 3011 445 1207 3012 447 1209 3013 446 1208 3014 447 1209 3015 448 1210 3016 446 1208 3017 447 1209 3018 449 1211 3019 448 1210 3020 449 1211 3021 450 1212 3022 448 1210 3023 435 1195 3024 437 1197 3025 451 1213 3026 437 1197 3027 452 1214 3028 451 1213 3029 437 1199 3030 439 1200 3031 452 1214 3032 439 1200 3033 442 1204 3034 452 1214 3035 451 1213 3036 452 1214 3037 453 1215 3038 452 1214 3039 454 1216 3040 453 1215 3041 452 1214 3042 442 1204 3043 454 1216 3044 442 1204 3045 444 1206 3046 454 1216 3047 453 1215 3048 454 1216 3049 455 1217 3050 454 1216 3051 456 1218 3052 455 1217 3053 454 1216 3054 444 1206 3055 456 1219 3056 444 1206 3057 446 1208 3058 456 1219 3059 455 1217 3060 456 1218 3061 457 1220 3062 456 1218 3063 458 1221 3064 457 1220 3065 456 1219 3066 446 1208 3067 458 1222 3068 446 1208 3069 448 1210 3070 458 1222 3071 457 1220 3072 458 1221 3073 459 1223 3074 458 1224 3075 450 1225 3076 459 1226 3077 438 1201 3078 460 1227 3079 440 1202 3080 460 1227 3081 461 1228 3082 440 1202 3083 460 1227 3084 432 1192 3085 461 1228 3086 432 1192 3087 462 1229 3088 461 1228 3089 432 1192 3090 463 1230 3091 462 1229 3092 463 1230 3093 464 1231 3094 462 1229 3095 463 1230 3096 465 1232 3097 464 1231 3098 465 1232 3099 466 1233 3100 464 1231 3101 465 1232 3102 467 1234 3103 466 1233 3104 467 1234 3105 468 1235 3106 466 1233 3107 467 1234 3108 469 1236 3109 468 1235 3110 458 1222 3111 448 1210 3112 450 1212 3113 438 1198 3114 436 1196 3115 460 1227 3116 436 1196 3117 433 1193 3118 460 1227 3119 460 1227 3120 433 1193 3121 432 1192 3122 470 1237 3123 469 1236 3124 471 1238 3125 469 1236 3126 416 1167 3127 471 1238 3128 469 1236 3129 467 1234 3130 416 1167 3131 467 1234 3132 414 1168 3133 416 1167 3134 467 1234 3135 465 1232 3136 414 1168 3137 465 1232 3138 412 1239 3139 414 1168 3140 465 1232 3141 463 1230 3142 412 1239 3143 463 1230 3144 410 1240 3145 412 1239 3146 463 1230 3147 432 1192 3148 410 1240 3149 432 1192 3150 408 1156 3151 410 1240 3152 432 1192 3153 434 1194 3154 408 1156 3155 434 1194 3156 406 1154 3157 408 1156 3158 434 1194 3159 435 1241 3160 406 1154 3161 435 1241 3162 404 1242 3163 406 1154 3164 435 1243 3165 403 1151 3166 404 1244 3167 471 1238 3168 472 1245 3169 470 1237 3170 472 1245 3171 473 1246 3172 470 1237 3173 472 1245 3174 474 1247 3175 473 1246 3176 474 1247 3177 475 1248 3178 473 1246 3179 474 1247 3180 476 1249 3181 475 1248 3182 476 1249 3183 477 1250 3184 475 1248 3185 476 1249 3186 478 1251 3187 477 1250 3188 478 1251 3189 479 1252 3190 477 1250 3191 478 1251 3192 480 1253 3193 479 1252 3194 480 1253 3195 481 1254 3196 479 1252 3197 480 1255 3198 482 1256 3199 481 1257 3200 480 1255 3201 483 1258 3202 482 1256 3203 483 1258 3204 484 1259 3205 482 1256 3206 483 1258 3207 485 1260 3208 484 1259 3209 485 1260 3210 486 1261 3211 484 1259 3212 485 1260 3213 487 1262 3214 486 1261 3215 487 1262 3216 488 1263 3217 486 1261 3218 487 1262 3219 489 1264 3220 488 1263 3221 489 1264 3222 490 1265 3223 488 1263 3224 489 1264 3225 491 1266 3226 490 1265 3227 491 1266 3228 450 1267 3229 490 1265 3230 491 1266 3231 492 1268 3232 450 1267 3233 492 1268 3234 459 1269 3235 450 1267 3236 492 1268 3237 493 1270 3238 459 1269 3239 493 1270 3240 457 1271 3241 459 1269 3242 493 1270 3243 494 1272 3244 457 1271 3245 494 1272 3246 455 1273 3247 457 1271 3248 494 1272 3249 431 1191 3250 455 1273 3251 431 1191 3252 453 1215 3253 455 1273 3254 431 1191 3255 401 1149 3256 453 1215 3257 401 1149 3258 451 1213 3259 453 1215 3260 401 1149 3261 403 1151 3262 451 1213 3263 403 1151 3264 435 1243 3265 451 1213 3266 490 1274 3267 450 1212 3268 495 1275 3269 450 1212 3270 496 1276 3271 495 1275 3272 450 1212 3273 497 1277 3274 496 1276 3275 488 1278 3276 490 1274 3277 498 1279 3278 490 1274 3279 499 1280 3280 498 1279 3281 490 1274 3282 495 1275 3283 499 1280 3284 498 1279 3285 500 1281 3286 488 1278 3287 500 1281 3288 486 1282 3289 488 1278 3290 500 1281 3291 501 1283 3292 486 1282 3293 501 1283 3294 502 1284 3295 486 1282 3296 502 1284 3297 484 1285 3298 486 1282 3299 502 1284 3300 503 1286 3301 484 1285 3302 503 1286 3303 482 1287 3304 484 1285 3305 503 1286 3306 504 1288 3307 482 1287 3308 504 1288 3309 481 1289 3310 482 1287 3311 504 1288 3312 505 1290 3313 481 1289 3314 505 1290 3315 506 1291 3316 481 1289 3317 506 1291 3318 479 1292 3319 481 1289 3320 506 1291 3321 477 1293 3322 479 1292 3323 506 1291 3324 507 1294 3325 477 1293 3326 507 1294 3327 475 1295 3328 477 1293 3329 507 1294 3330 508 1296 3331 475 1295 3332 508 1296 3333 509 1297 3334 475 1295 3335 509 1297 3336 473 1298 3337 475 1295 3338 509 1297 3339 510 1299 3340 473 1298 3341 510 1299 3342 470 1300 3343 473 1298 3344 510 1299 3345 511 1301 3346 470 1300 3347 511 1302 3348 512 1303 3349 470 1304 3350 512 1303 3351 469 1236 3352 470 1304 3353 512 1303 3354 513 1305 3355 469 1236 3356 513 1305 3357 514 1306 3358 469 1236 3359 514 1306 3360 515 1307 3361 469 1236 3362 515 1307 3363 516 1308 3364 469 1236 3365 516 1308 3366 517 1309 3367 469 1236 3368 517 1309 3369 518 1310 3370 469 1236 3371 518 1310 3372 468 1235 3373 469 1236 3374 518 1310 3375 519 1311 3376 468 1235 3377 519 1311 3378 466 1312 3379 468 1235 3380 519 1311 3381 520 1313 3382 466 1312 3383 520 1313 3384 464 1314 3385 466 1312 3386 520 1313 3387 521 1315 3388 464 1314 3389 521 1315 3390 462 1316 3391 464 1314 3392 521 1315 3393 522 1317 3394 462 1316 3395 522 1317 3396 461 1318 3397 462 1316 3398 522 1317 3399 523 1319 3400 461 1318 3401 523 1319 3402 440 1320 3403 461 1318 3404 523 1319 3405 524 1321 3406 440 1320 3407 524 1321 3408 441 1322 3409 440 1320 3410 524 1321 3411 525 1323 3412 441 1322 3413 525 1323 3414 443 1324 3415 441 1322 3416 525 1323 3417 526 1325 3418 443 1324 3419 526 1325 3420 445 1326 3421 443 1324 3422 526 1327 3423 527 1328 3424 445 1329 3425 527 1328 3426 447 1330 3427 445 1329 3428 527 1328 3429 528 1331 3430 447 1330 3431 528 1332 3432 449 1211 3433 447 1209 3434 528 1332 3435 529 1333 3436 449 1211 3437 529 1333 3438 450 1212 3439 449 1211 3440 529 1333 3441 530 1334 3442 450 1212 3443 530 1334 3444 531 1335 3445 450 1212 3446 531 1335 3447 532 1336 3448 450 1212 3449 532 1336 3450 497 1277 3451 450 1212 3452 471 1337 3453 416 1169 3454 533 1338 3455 416 1169 3456 385 1125 3457 533 1338 3458 416 1169 3459 418 1171 3460 385 1125 3461 418 1171 3462 383 1124 3463 385 1125 3464 418 1171 3465 419 1173 3466 383 1124 3467 419 1173 3468 381 1339 3469 383 1124 3470 419 1173 3471 421 1175 3472 381 1339 3473 421 1175 3474 379 1340 3475 381 1339 3476 421 1175 3477 423 1341 3478 379 1340 3479 423 1341 3480 377 1342 3481 379 1340 3482 423 1341 3483 425 1343 3484 377 1342 3485 425 1343 3486 375 1113 3487 377 1342 3488 425 1343 3489 427 1344 3490 375 1113 3491 427 1344 3492 374 1112 3493 375 1113 3494 427 1344 3495 429 1183 3496 374 1112 3497 429 1183 3498 372 1110 3499 374 1112 3500 429 1183 3501 402 1150 3502 372 1110 3503 402 1150 3504 400 1142 3505 372 1110 3506 402 1150 3507 431 1191 3508 400 1142 3509 431 1191 3510 534 1345 3511 400 1142 3512 431 1191 3513 494 1272 3514 534 1345 3515 494 1272 3516 535 1346 3517 534 1345 3518 494 1272 3519 493 1270 3520 535 1346 3521 493 1270 3522 536 1347 3523 535 1346 3524 493 1270 3525 492 1268 3526 536 1347 3527 492 1268 3528 537 1348 3529 536 1347 3530 492 1268 3531 491 1349 3532 537 1348 3533 491 1349 3534 538 1350 3535 537 1348 3536 491 1349 3537 489 1351 3538 538 1350 3539 489 1351 3540 539 1352 3541 538 1350 3542 489 1351 3543 487 1353 3544 539 1352 3545 487 1353 3546 540 1354 3547 539 1352 3548 487 1353 3549 485 1355 3550 540 1354 3551 485 1355 3552 541 1356 3553 540 1354 3554 485 1355 3555 483 1357 3556 541 1356 3557 483 1357 3558 542 1358 3559 541 1356 3560 483 1357 3561 480 1359 3562 542 1358 3563 480 1359 3564 543 1360 3565 542 1358 3566 480 1359 3567 478 1361 3568 543 1360 3569 478 1361 3570 544 1362 3571 543 1360 3572 478 1361 3573 476 1363 3574 544 1362 3575 476 1363 3576 545 1364 3577 544 1362 3578 476 1363 3579 474 1365 3580 545 1364 3581 474 1365 3582 546 1366 3583 545 1364 3584 474 1365 3585 472 1367 3586 546 1366 3587 472 1367 3588 547 1368 3589 546 1366 3590 472 1367 3591 471 1337 3592 547 1368 3593 471 1337 3594 533 1338 3595 547 1368 3596 517 1369 3597 548 1370 3598 518 1371 3599 518 1371 3600 548 1370 3601 519 1372 3602 519 1372 3603 548 1370 3604 520 1373 3605 520 1373 3606 548 1370 3607 521 1374 3608 521 1374 3609 548 1370 3610 522 1375 3611 522 1375 3612 548 1370 3613 523 1376 3614 523 1377 3615 548 1378 3616 524 1379 3617 524 1379 3618 548 1378 3619 525 1380 3620 525 1380 3621 548 1378 3622 526 1381 3623 526 1381 3624 548 1378 3625 527 1382 3626 527 1382 3627 548 1378 3628 528 1383 3629 528 1383 3630 548 1378 3631 529 1384 3632 529 1384 3633 548 1378 3634 530 1385 3635 517 1386 3636 549 1387 3637 548 1388 3638 549 1387 3639 550 1389 3640 548 1388 3641 550 1389 3642 551 1390 3643 548 1388 3644 551 1390 3645 552 1391 3646 548 1388 3647 551 1392 3648 553 1393 3649 552 1394 3650 553 1393 3651 554 1395 3652 552 1394 3653 553 1393 3654 555 1396 3655 554 1395 3656 553 1393 3657 556 1397 3658 555 1396 3659 556 1397 3660 557 1398 3661 555 1396 3662 530 1399 3663 548 1388 3664 558 1400 3665 548 1388 3666 559 1401 3667 558 1400 3668 548 1388 3669 552 1391 3670 559 1401 3671 533 1402 3672 385 1126 3673 560 1403 3674 385 1126 3675 561 1404 3676 560 1403 3677 385 1126 3678 387 1128 3679 561 1404 3680 387 1128 3681 562 1405 3682 561 1404 3683 387 1128 3684 388 1130 3685 562 1405 3686 388 1130 3687 563 1406 3688 562 1405 3689 388 1130 3690 390 1132 3691 563 1406 3692 390 1132 3693 564 1407 3694 563 1406 3695 390 1132 3696 392 1408 3697 564 1407 3698 392 1408 3699 565 1409 3700 564 1407 3701 392 1408 3702 394 1410 3703 565 1409 3704 394 1410 3705 566 1411 3706 565 1409 3707 394 1410 3708 396 1412 3709 566 1411 3710 396 1412 3711 567 1413 3712 566 1411 3713 396 1412 3714 398 1140 3715 567 1413 3716 398 1140 3717 568 1414 3718 567 1413 3719 398 1140 3720 400 1142 3721 568 1414 3722 400 1142 3723 569 1415 3724 568 1414 3725 400 1142 3726 534 1345 3727 569 1415 3728 534 1345 3729 570 1416 3730 569 1415 3731 534 1345 3732 535 1346 3733 570 1416 3734 535 1346 3735 571 1417 3736 570 1416 3737 535 1346 3738 536 1347 3739 571 1417 3740 536 1347 3741 572 1418 3742 571 1417 3743 536 1347 3744 537 1348 3745 572 1418 3746 537 1348 3747 573 1419 3748 572 1418 3749 537 1348 3750 538 1420 3751 573 1419 3752 538 1420 3753 574 1421 3754 573 1419 3755 538 1420 3756 539 1422 3757 574 1421 3758 539 1422 3759 575 1423 3760 574 1421 3761 539 1422 3762 540 1424 3763 575 1423 3764 540 1424 3765 541 1425 3766 575 1423 3767 541 1425 3768 576 1426 3769 575 1423 3770 541 1425 3771 542 1427 3772 576 1426 3773 542 1427 3774 577 1428 3775 576 1426 3776 542 1427 3777 543 1429 3778 577 1428 3779 543 1429 3780 578 1430 3781 577 1428 3782 543 1429 3783 544 1431 3784 578 1430 3785 544 1431 3786 579 1432 3787 578 1430 3788 544 1431 3789 545 1433 3790 579 1432 3791 545 1433 3792 580 1434 3793 579 1432 3794 545 1433 3795 546 1435 3796 580 1434 3797 546 1435 3798 581 1436 3799 580 1434 3800 546 1435 3801 547 1437 3802 581 1436 3803 547 1437 3804 560 1403 3805 581 1436 3806 547 1437 3807 533 1402 3808 560 1403 3809 582 1438 3810 583 1439 3811 584 1440 3812 583 1439 3813 585 1441 3814 584 1440 3815 583 1439 3816 586 1442 3817 585 1441 3818 586 1442 3819 587 1443 3820 585 1441 3821 586 1442 3822 588 1444 3823 587 1443 3824 588 1444 3825 589 1445 3826 587 1443 3827 588 1444 3828 590 1446 3829 589 1445 3830 590 1446 3831 591 1447 3832 589 1445 3833 590 1446 3834 592 1448 3835 591 1447 3836 592 1448 3837 593 1449 3838 591 1447 3839 592 1448 3840 594 1450 3841 593 1449 3842 594 1450 3843 595 1451 3844 593 1449 3845 594 1450 3846 596 1452 3847 595 1451 3848 596 1452 3849 597 1453 3850 595 1451 3851 596 1454 3852 598 1455 3853 597 1456 3854 598 1457 3855 573 1419 3856 597 1453 3857 573 1419 3858 599 1458 3859 572 1418 3860 599 1458 3861 571 1459 3862 572 1418 3863 599 1458 3864 600 1460 3865 571 1459 3866 600 1460 3867 570 1461 3868 571 1459 3869 600 1460 3870 601 1462 3871 570 1461 3872 601 1462 3873 569 1415 3874 570 1461 3875 601 1462 3876 592 1448 3877 569 1415 3878 592 1448 3879 568 1414 3880 569 1415 3881 592 1448 3882 602 1463 3883 568 1414 3884 602 1463 3885 567 1464 3886 568 1414 3887 602 1463 3888 603 1465 3889 567 1464 3890 603 1465 3891 566 1411 3892 567 1464 3893 603 1465 3894 604 1466 3895 566 1411 3896 604 1466 3897 565 1409 3898 566 1411 3899 604 1466 3900 605 1467 3901 565 1409 3902 605 1467 3903 564 1407 3904 565 1409 3905 605 1467 3906 606 1468 3907 564 1407 3908 606 1468 3909 563 1406 3910 564 1407 3911 606 1468 3912 607 1469 3913 563 1406 3914 607 1469 3915 562 1405 3916 563 1406 3917 607 1469 3918 608 1470 3919 562 1405 3920 608 1470 3921 561 1404 3922 562 1405 3923 598 1457 3924 599 1458 3925 573 1419 3926 599 1458 3927 598 1457 3928 600 1460 3929 598 1457 3930 596 1471 3931 600 1460 3932 600 1460 3933 596 1471 3934 601 1462 3935 596 1471 3936 594 1450 3937 601 1462 3938 601 1462 3939 594 1450 3940 592 1448 3941 592 1448 3942 590 1446 3943 602 1463 3944 602 1463 3945 590 1446 3946 603 1465 3947 590 1446 3948 588 1472 3949 603 1465 3950 603 1465 3951 588 1472 3952 604 1473 3953 588 1472 3954 586 1474 3955 604 1473 3956 604 1473 3957 586 1474 3958 605 1467 3959 586 1474 3960 583 1439 3961 605 1467 3962 605 1467 3963 583 1439 3964 606 1468 3965 583 1439 3966 582 1438 3967 606 1468 3968 608 1470 3969 609 1475 3970 561 1404 3971 606 1468 3972 582 1438 3973 607 1476 3974 582 1438 3975 609 1475 3976 607 1476 3977 607 1476 3978 609 1475 3979 608 1470 3980 610 1477 3981 611 1478 3982 612 1479 3983 613 1480 3984 614 1481 3985 615 1482 3986 614 1481 3987 616 1483 3988 615 1482 3989 614 1481 3990 617 1484 3991 616 1483 3992 617 1484 3993 618 1485 3994 616 1483 3995 617 1484 3996 619 1486 3997 618 1485 3998 619 1486 3999 620 1487 4000 618 1485 4001 619 1488 4002 621 1489 4003 620 1487 4004 621 1489 4005 622 1490 4006 620 1487 4007 621 1489 4008 623 1491 4009 622 1490 4010 623 1491 4011 624 1492 4012 622 1490 4013 624 1492 4014 625 1493 4015 622 1490 4016 624 1492 4017 626 1494 4018 625 1493 4019 626 1494 4020 627 1495 4021 625 1493 4022 626 1494 4023 628 1496 4024 627 1495 4025 628 1496 4026 629 1497 4027 627 1495 4028 628 1496 4029 630 1498 4030 629 1497 4031 630 1499 4032 631 1500 4033 629 1501 4034 618 1485 4035 620 1487 4036 632 1502 4037 620 1487 4038 633 1503 4039 632 1502 4040 620 1487 4041 622 1490 4042 633 1503 4043 622 1490 4044 625 1493 4045 633 1503 4046 632 1502 4047 633 1503 4048 634 1504 4049 633 1503 4050 635 1505 4051 634 1504 4052 633 1503 4053 625 1493 4054 635 1506 4055 625 1493 4056 627 1507 4057 635 1506 4058 634 1504 4059 635 1505 4060 636 1508 4061 635 1505 4062 637 1509 4063 636 1508 4064 635 1506 4065 627 1507 4066 637 1510 4067 627 1507 4068 629 1511 4069 637 1510 4070 636 1508 4071 637 1509 4072 638 1512 4073 637 1510 4074 631 1513 4075 638 1514 4076 623 1491 4077 621 1489 4078 639 1515 4079 621 1489 4080 640 1516 4081 639 1515 4082 621 1489 4083 619 1488 4084 640 1517 4085 619 1488 4086 617 1518 4087 640 1517 4088 639 1515 4089 640 1516 4090 641 1519 4091 640 1516 4092 642 1520 4093 641 1519 4094 640 1517 4095 617 1518 4096 642 1521 4097 617 1518 4098 614 1481 4099 642 1521 4100 641 1519 4101 642 1520 4102 613 1480 4103 642 1521 4104 614 1481 4105 613 1480 4106 637 1510 4107 629 1511 4108 631 1513 4109 638 1514 4110 631 1513 4111 643 1522 4112 631 1513 4113 644 1523 4114 643 1522 4115 631 1513 4116 645 1524 4117 644 1523 4118 645 1524 4119 646 1525 4120 644 1523 4121 645 1524 4122 647 1526 4123 646 1525 4124 647 1526 4125 648 1527 4126 646 1525 4127 647 1526 4128 649 1528 4129 648 1527 4130 649 1528 4131 650 1529 4132 648 1527 4133 649 1528 4134 651 1530 4135 650 1529 4136 651 1530 4137 652 1531 4138 650 1529 4139 651 1530 4140 653 1532 4141 652 1531 4142 653 1532 4143 654 1533 4144 652 1531 4145 654 1533 4146 655 1534 4147 652 1531 4148 654 1535 4149 656 1536 4150 655 1537 4151 656 1536 4152 657 1538 4153 655 1537 4154 656 1536 4155 658 1539 4156 657 1538 4157 658 1539 4158 659 1540 4159 657 1538 4160 658 1539 4161 660 1541 4162 659 1540 4163 660 1541 4164 661 1542 4165 659 1540 4166 660 1541 4167 662 1543 4168 661 1542 4169 662 1543 4170 663 1544 4171 661 1542 4172 662 1543 4173 664 1545 4174 663 1544 4175 664 1545 4176 665 1546 4177 663 1544 4178 664 1545 4179 612 1479 4180 665 1546 4181 612 1479 4182 666 1547 4183 665 1546 4184 612 1479 4185 667 1548 4186 666 1547 4187 612 1479 4188 611 1478 4189 667 1548 4190 611 1478 4191 668 1549 4192 667 1548 4193 611 1478 4194 669 1550 4195 668 1549 4196 669 1550 4197 670 1551 4198 668 1549 4199 669 1550 4200 613 1480 4201 670 1551 4202 613 1480 4203 671 1552 4204 670 1551 4205 613 1480 4206 615 1482 4207 671 1552 4208 615 1482 4209 672 1553 4210 671 1552 4211 615 1482 4212 616 1554 4213 672 1553 4214 616 1554 4215 673 1555 4216 672 1553 4217 616 1556 4218 618 1557 4219 673 1558 4220 618 1557 4221 674 1559 4222 673 1558 4223 618 1557 4224 675 1560 4225 674 1559 4226 643 1522 4227 676 1561 4228 638 1514 4229 676 1561 4230 636 1562 4231 638 1514 4232 676 1561 4233 677 1563 4234 636 1562 4235 677 1563 4236 634 1564 4237 636 1562 4238 677 1563 4239 678 1565 4240 634 1564 4241 678 1565 4242 632 1566 4243 634 1564 4244 678 1565 4245 675 1560 4246 632 1566 4247 675 1560 4248 618 1557 4249 632 1566 4250 560 1567 4251 561 1404 4252 612 1479 4253 561 1404 4254 610 1477 4255 612 1479 4256 561 1404 4257 611 1478 4258 610 1477 4259 561 1404 4260 609 1475 4261 611 1478 4262 609 1475 4263 669 1550 4264 611 1478 4265 609 1475 4266 582 1438 4267 669 1550 4268 582 1438 4269 613 1480 4270 669 1550 4271 582 1438 4272 584 1440 4273 613 1480 4274 584 1440 4275 641 1519 4276 613 1480 4277 584 1440 4278 585 1441 4279 641 1519 4280 585 1441 4281 587 1568 4282 641 1519 4283 587 1569 4284 639 1570 4285 641 1571 4286 587 1569 4287 589 1572 4288 639 1570 4289 589 1572 4290 623 1491 4291 639 1570 4292 589 1572 4293 591 1573 4294 623 1491 4295 591 1573 4296 624 1492 4297 623 1491 4298 591 1573 4299 593 1449 4300 624 1492 4301 593 1449 4302 626 1574 4303 624 1492 4304 593 1449 4305 595 1451 4306 626 1574 4307 595 1451 4308 628 1575 4309 626 1574 4310 595 1451 4311 597 1453 4312 628 1575 4313 597 1453 4314 630 1576 4315 628 1575 4316 597 1453 4317 573 1419 4318 630 1576 4319 573 1419 4320 631 1577 4321 630 1576 4322 573 1419 4323 574 1578 4324 631 1577 4325 574 1578 4326 645 1579 4327 631 1577 4328 574 1578 4329 575 1580 4330 645 1579 4331 575 1580 4332 647 1581 4333 645 1579 4334 575 1580 4335 649 1582 4336 647 1581 4337 575 1580 4338 576 1583 4339 649 1582 4340 576 1583 4341 651 1584 4342 649 1582 4343 576 1583 4344 577 1585 4345 651 1584 4346 577 1585 4347 653 1586 4348 651 1584 4349 577 1585 4350 578 1587 4351 653 1586 4352 578 1587 4353 654 1588 4354 653 1586 4355 578 1589 4356 579 1590 4357 654 1591 4358 579 1590 4359 656 1592 4360 654 1591 4361 579 1590 4362 658 1593 4363 656 1592 4364 612 1479 4365 664 1594 4366 560 1567 4367 664 1594 4368 662 1595 4369 560 1567 4370 662 1595 4371 581 1596 4372 560 1567 4373 662 1595 4374 660 1597 4375 581 1596 4376 660 1597 4377 580 1598 4378 581 1596 4379 660 1597 4380 658 1593 4381 580 1598 4382 658 1593 4383 579 1590 4384 580 1598 4385 667 1548 4386 668 1549 4387 666 1547 4388 671 1552 4389 679 1599 4390 680 1600 4391 679 1599 4392 681 1601 4393 680 1600 4394 679 1599 4395 682 1602 4396 681 1601 4397 682 1602 4398 683 1603 4399 681 1601 4400 682 1602 4401 684 1604 4402 683 1603 4403 684 1604 4404 685 1605 4405 683 1603 4406 684 1604 4407 686 1606 4408 685 1605 4409 686 1606 4410 687 1607 4411 685 1605 4412 686 1606 4413 688 1608 4414 687 1607 4415 688 1608 4416 689 1609 4417 687 1607 4418 688 1608 4419 690 1610 4420 689 1609 4421 690 1610 4422 691 1611 4423 689 1609 4424 690 1612 4425 692 1613 4426 691 1614 4427 692 1615 4428 643 1616 4429 691 1617 4430 643 1618 4431 693 1619 4432 676 1620 4433 693 1621 4434 677 1622 4435 676 1623 4436 693 1621 4437 694 1624 4438 677 1622 4439 694 1624 4440 678 1625 4441 677 1622 4442 694 1624 4443 695 1626 4444 678 1625 4445 695 1626 4446 675 1627 4447 678 1625 4448 695 1626 4449 696 1628 4450 675 1627 4451 696 1628 4452 674 1629 4453 675 1627 4454 696 1628 4455 697 1630 4456 674 1629 4457 697 1630 4458 673 1555 4459 674 1629 4460 697 1630 4461 698 1631 4462 673 1555 4463 698 1631 4464 672 1553 4465 673 1555 4466 692 1615 4467 693 1632 4468 643 1616 4469 693 1632 4470 692 1615 4471 694 1633 4472 692 1615 4473 690 1634 4474 694 1633 4475 694 1633 4476 690 1634 4477 695 1626 4478 690 1634 4479 688 1608 4480 695 1626 4481 695 1626 4482 688 1608 4483 696 1628 4484 688 1608 4485 686 1606 4486 696 1628 4487 696 1628 4488 686 1606 4489 697 1635 4490 686 1606 4491 684 1636 4492 697 1635 4493 697 1635 4494 684 1636 4495 698 1631 4496 684 1636 4497 682 1637 4498 698 1631 4499 698 1631 4500 682 1637 4501 672 1553 4502 682 1637 4503 679 1599 4504 672 1553 4505 672 1553 4506 679 1599 4507 671 1552 4508 699 1638 4509 700 1639 4510 701 1640 4511 702 1641 4512 703 1642 4513 704 1643 4514 703 1642 4515 705 1644 4516 704 1643 4517 703 1642 4518 706 1645 4519 705 1644 4520 706 1645 4521 707 1646 4522 705 1644 4523 706 1645 4524 708 1647 4525 707 1646 4526 708 1647 4527 709 1648 4528 707 1646 4529 708 1647 4530 710 1649 4531 709 1648 4532 710 1649 4533 711 1650 4534 709 1648 4535 710 1649 4536 712 1651 4537 711 1650 4538 712 1651 4539 713 1652 4540 711 1650 4541 712 1651 4542 714 1653 4543 713 1652 4544 714 1653 4545 715 1654 4546 713 1652 4547 714 1655 4548 716 1656 4549 715 1654 4550 716 1656 4551 717 1657 4552 715 1654 4553 717 1658 4554 718 1659 4555 719 1660 4556 718 1661 4557 720 1662 4558 719 1663 4559 718 1661 4560 721 1664 4561 720 1662 4562 721 1664 4563 722 1665 4564 720 1662 4565 721 1664 4566 723 1666 4567 722 1665 4568 723 1666 4569 724 1667 4570 722 1665 4571 723 1666 4572 725 1668 4573 724 1667 4574 725 1668 4575 726 1669 4576 724 1667 4577 725 1668 4578 727 1670 4579 726 1669 4580 727 1670 4581 728 1671 4582 726 1669 4583 727 1670 4584 729 1672 4585 728 1671 4586 729 1672 4587 730 1673 4588 728 1671 4589 729 1672 4590 731 1674 4591 730 1673 4592 731 1674 4593 702 1641 4594 730 1673 4595 716 1656 4596 718 1675 4597 717 1657 4598 718 1675 4599 716 1656 4600 721 1676 4601 716 1656 4602 714 1655 4603 721 1676 4604 721 1676 4605 714 1655 4606 723 1666 4607 714 1655 4608 712 1651 4609 723 1666 4610 723 1666 4611 712 1651 4612 725 1668 4613 712 1651 4614 710 1649 4615 725 1668 4616 725 1668 4617 710 1649 4618 727 1677 4619 710 1649 4620 708 1678 4621 727 1677 4622 727 1677 4623 708 1678 4624 729 1672 4625 708 1678 4626 706 1679 4627 729 1672 4628 729 1672 4629 706 1679 4630 731 1674 4631 706 1679 4632 703 1642 4633 731 1674 4634 731 1674 4635 703 1642 4636 702 1641 4637 558 1680 4638 717 1657 4639 530 1681 4640 717 1657 4641 531 1682 4642 530 1681 4643 717 1657 4644 532 1683 4645 531 1682 4646 532 1683 4647 717 1657 4648 497 1684 4649 717 1657 4650 496 1685 4651 497 1684 4652 717 1657 4653 495 1686 4654 496 1685 4655 717 1657 4656 732 1687 4657 495 1686 4658 732 1687 4659 499 1688 4660 495 1686 4661 732 1687 4662 498 1689 4663 499 1688 4664 732 1687 4665 733 1690 4666 498 1689 4667 733 1690 4668 500 1691 4669 498 1689 4670 733 1690 4671 734 1692 4672 500 1691 4673 734 1692 4674 501 1693 4675 500 1691 4676 734 1692 4677 502 1694 4678 501 1693 4679 734 1692 4680 735 1695 4681 502 1694 4682 735 1695 4683 503 1696 4684 502 1694 4685 735 1695 4686 736 1697 4687 503 1696 4688 736 1697 4689 504 1698 4690 503 1696 4691 736 1697 4692 737 1699 4693 504 1698 4694 737 1699 4695 505 1700 4696 504 1698 4697 737 1699 4698 506 1701 4699 505 1700 4700 737 1699 4701 738 1702 4702 506 1701 4703 738 1702 4704 739 1703 4705 506 1701 4706 739 1703 4707 507 1704 4708 506 1701 4709 739 1703 4710 740 1705 4711 507 1704 4712 740 1705 4713 508 1706 4714 507 1704 4715 740 1705 4716 509 1707 4717 508 1706 4718 740 1705 4719 741 1708 4720 509 1707 4721 741 1708 4722 510 1709 4723 509 1707 4724 741 1708 4725 742 1710 4726 510 1709 4727 742 1710 4728 511 1711 4729 510 1709 4730 742 1710 4731 512 1712 4732 511 1711 4733 742 1710 4734 701 1640 4735 512 1712 4736 701 1640 4737 513 1713 4738 512 1712 4739 701 1640 4740 514 1714 4741 513 1713 4742 514 1714 4743 701 1640 4744 515 1715 4745 701 1640 4746 516 1716 4747 515 1715 4748 701 1640 4749 517 1717 4750 516 1716 4751 517 1717 4752 701 1640 4753 549 1718 4754 701 1640 4755 550 1719 4756 549 1718 4757 701 1640 4758 700 1639 4759 550 1719 4760 700 1639 4761 551 1720 4762 550 1719 4763 700 1639 4764 743 1721 4765 551 1720 4766 743 1721 4767 553 1722 4768 551 1720 4769 743 1721 4770 702 1641 4771 553 1722 4772 702 1641 4773 704 1643 4774 553 1722 4775 704 1643 4776 556 1723 4777 553 1722 4778 704 1643 4779 705 1724 4780 556 1723 4781 705 1724 4782 557 1725 4783 556 1723 4784 705 1724 4785 707 1726 4786 557 1725 4787 707 1726 4788 555 1727 4789 557 1725 4790 707 1726 4791 709 1728 4792 555 1727 4793 709 1728 4794 554 1729 4795 555 1727 4796 709 1728 4797 711 1650 4798 554 1729 4799 711 1650 4800 552 1730 4801 554 1729 4802 711 1650 4803 713 1652 4804 552 1730 4805 713 1652 4806 559 1731 4807 552 1730 4808 713 1652 4809 715 1654 4810 559 1731 4811 715 1654 4812 558 1680 4813 559 1731 4814 715 1654 4815 717 1657 4816 558 1680 4817 732 1732 4818 717 1733 4819 644 1734 4820 717 1733 4821 643 1616 4822 644 1734 4823 717 1733 4824 719 1735 4825 643 1616 4826 719 1735 4827 691 1617 4828 643 1616 4829 719 1735 4830 720 1736 4831 691 1617 4832 720 1736 4833 689 1737 4834 691 1617 4835 720 1736 4836 722 1738 4837 689 1737 4838 722 1738 4839 687 1739 4840 689 1737 4841 722 1738 4842 724 1667 4843 687 1739 4844 724 1667 4845 685 1740 4846 687 1739 4847 724 1667 4848 726 1669 4849 685 1740 4850 726 1669 4851 683 1741 4852 685 1740 4853 726 1669 4854 728 1742 4855 683 1741 4856 728 1743 4857 681 1744 4858 683 1745 4859 728 1743 4860 730 1673 4861 681 1744 4862 730 1673 4863 680 1600 4864 681 1744 4865 730 1673 4866 702 1641 4867 680 1600 4868 702 1641 4869 671 1552 4870 680 1600 4871 702 1641 4872 743 1721 4873 671 1552 4874 743 1721 4875 670 1551 4876 671 1552 4877 743 1721 4878 700 1639 4879 670 1551 4880 700 1639 4881 668 1549 4882 670 1551 4883 700 1639 4884 699 1638 4885 668 1549 4886 699 1638 4887 666 1547 4888 668 1549 4889 699 1638 4890 701 1640 4891 666 1547 4892 701 1640 4893 665 1746 4894 666 1547 4895 644 1734 4896 646 1747 4897 732 1732 4898 646 1747 4899 733 1748 4900 732 1732 4901 646 1747 4902 648 1749 4903 733 1748 4904 648 1749 4905 734 1750 4906 733 1748 4907 648 1749 4908 650 1751 4909 734 1750 4910 650 1751 4911 735 1752 4912 734 1750 4913 650 1751 4914 652 1753 4915 735 1752 4916 652 1753 4917 736 1754 4918 735 1752 4919 652 1753 4920 655 1755 4921 736 1754 4922 655 1755 4923 737 1756 4924 736 1754 4925 655 1757 4926 738 1758 4927 737 1759 4928 655 1757 4929 657 1760 4930 738 1758 4931 657 1760 4932 739 1761 4933 738 1758 4934 657 1760 4935 659 1762 4936 739 1761 4937 659 1762 4938 740 1763 4939 739 1761 4940 659 1762 4941 661 1764 4942 740 1763 4943 661 1764 4944 741 1765 4945 740 1763 4946 661 1764 4947 663 1766 4948 741 1765 4949 663 1766 4950 742 1767 4951 741 1765 4952 663 1766 4953 665 1746 4954 742 1767 4955 665 1746 4956 701 1640 4957 742 1767 4958 500 1768 4959 495 1769 4960 498 1770 4961 496 1771 4962 497 1772 4963 514 1773 4964 532 1774 4965 531 1775 4966 515 1776 4967 531 1777 4968 530 1778 4969 516 1779 4970 530 1780 4971 529 1781 4972 517 1782 4973 526 1783 4974 525 1784 4975 521 1785 4976 500 1786 4977 502 1787 4978 507 1788 4979 441 1789 4980 443 1790 4981 462 1791 4982 559 1792 4983 558 1793 4984 550 1794 4985 552 1795 4986 559 1796 4987 551 1797 4988 445 1798 4989 447 1799 4990 466 1800 4991 438 1801 4992 439 1802 4993 460 1803 4994 444 1804 4995 446 1805 4996 465 1806 4997 529 1807 4998 528 1808 4999 518 1809 5000 707 1810 5001 705 1811 5002 704 1812 5003 709 1813 5004 707 1810 5005 702 1814 5006 711 1815 5007 709 1813 5008 743 1816 5009 708 1817 5010 706 1818 5011 703 1819 5012 710 1820 5013 708 1817 5014 702 1821 5015 715 1822 5016 712 1823 5017 714 1824 5018 714 1825 5019 712 1823 5020 700 1826 5021 736 1827 5022 737 1828 5023 738 1829 5024 735 1830 5025 736 1831 5026 739 1832 5027 734 1833 5028 735 1834 5029 740 1835 5030 733 1836 5031 734 1837 5032 741 1838 5033 732 1839 5034 733 1840 5035 742 1841 5036 717 1842 5037 732 1843 5038 701 1844 5039 718 1845 5040 717 1846 5041 699 1847 5042 721 1848 5043 718 1845 5044 700 1849 5045 723 1850 5046 721 1848 5047 743 1851 5048 719 1852 5049 718 1853 5050 721 1854 5051 727 1855 5052 725 1856 5053 731 1857 5054 722 1858 5055 720 1859 5056 743 1860 5057 727 1861 5058 720 1859 5059 719 1852 5060 724 1862 5061 722 1858 5062 702 1863 5063 728 1864 5064 730 1865 5065 726 1866 5066 683 1867 5067 681 1868 5068 680 1869 5069 685 1870 5070 683 1867 5071 671 1871 5072 687 1872 5073 685 1870 5074 670 1873 5075 689 1874 5076 687 1872 5077 668 1875 5078 684 1876 5079 682 1877 5080 679 1878 5081 686 1879 5082 684 1876 5083 671 1880 5084 691 1881 5085 688 1882 5086 690 1883 5087 691 1881 5088 682 1884 5089 684 1885 5090 690 1886 5091 688 1882 5092 668 1887 5093 734 1888 5094 730 1865 5095 737 1889 5096 652 1890 5097 655 1891 5098 657 1892 5099 650 1893 5100 652 1894 5101 659 1895 5102 648 1896 5103 650 1897 5104 661 1898 5105 646 1899 5106 648 1900 5107 663 1901 5108 644 1902 5109 646 1903 5110 665 1904 5111 643 1905 5112 644 1906 5113 666 1907 5114 693 1908 5115 643 1909 5116 667 1910 5117 694 1911 5118 693 1908 5119 668 1912 5120 676 1913 5121 693 1914 5122 694 1915 5123 695 1916 5124 694 1911 5125 670 1917 5126 697 1918 5127 696 1919 5128 672 1920 5129 678 1921 5130 677 1922 5131 670 1923 5132 697 1924 5133 677 1922 5134 676 1913 5135 675 1925 5136 678 1921 5137 671 1926 5138 674 1927 5139 675 1925 5140 672 1928 5141 618 1929 5142 616 1930 5143 615 1931 5144 632 1932 5145 618 1929 5146 613 1933 5147 634 1934 5148 632 1932 5149 669 1935 5150 636 1936 5151 634 1934 5152 611 1937 5153 619 1938 5154 617 1939 5155 614 1940 5156 620 1941 5157 619 1938 5158 613 1942 5159 635 1943 5160 638 1944 5161 669 1945 5162 620 1941 5163 617 1946 5164 619 1947 5165 635 1948 5166 633 1949 5167 611 1950 5168 653 1951 5169 654 1952 5170 656 1953 5171 651 1954 5172 653 1955 5173 658 1956 5174 649 1957 5175 651 1958 5176 660 1959 5177 647 1960 5178 649 1961 5179 662 1962 5180 645 1963 5181 647 1964 5182 664 1965 5183 631 1966 5184 645 1967 5185 612 1968 5186 629 1969 5187 631 1970 5188 610 1971 5189 627 1972 5190 629 1969 5191 611 1973 5192 630 1974 5193 629 1975 5194 627 1976 5195 625 1977 5196 627 1972 5197 669 1978 5198 640 1979 5199 642 1980 5200 621 1981 5201 630 1974 5202 642 1982 5203 640 1983 5204 626 1984 5205 628 1985 5206 669 1986 5207 624 1987 5208 626 1984 5209 613 1988 5210 639 1989 5211 641 1990 5212 623 1991 5213 589 1992 5214 587 1993 5215 585 1994 5216 591 1995 5217 589 1992 5218 584 1996 5219 593 1997 5220 591 1995 5221 582 1998 5222 482 1999 5223 479 2000 5224 481 2001 5225 586 2002 5226 588 2003 5227 590 2004 5228 484 2005 5229 486 2006 5230 475 2007 5231 486 2008 5232 488 2009 5233 473 2010 5234 488 2011 5235 490 2012 5236 470 2013 5237 450 2014 5238 458 2015 5239 467 2016 5240 458 2015 5241 456 2017 5242 465 2018 5243 597 2019 5244 594 2020 5245 596 2021 5246 596 2022 5247 594 2020 5248 609 2023 5249 598 2024 5250 596 2022 5251 561 2025 5252 456 2017 5253 454 2026 5254 463 2027 5255 459 2028 5256 467 2029 5257 454 2026 5258 589 2030 5259 609 2031 5260 586 2032 5261 452 2033 5262 437 2034 5263 433 2035 5264 457 2036 5265 455 2037 5266 463 2038 5267 436 2039 5268 432 2040 5269 459 2028 5270 455 2037 5271 453 2041 5272 432 2042 5273 580 2043 5274 579 2044 5275 576 2045 5276 581 2046 5277 580 2047 5278 575 2048 5279 607 2049 5280 608 2050 5281 600 2051 5282 606 2052 5283 607 2049 5284 601 2053 5285 604 2054 5286 605 2055 5287 602 2056 5288 570 2057 5289 571 2058 5290 564 2059 5291 603 2060 5292 605 2055 5293 604 2061 5294 569 2062 5295 570 2057 5296 565 2063 5297 567 2064 5298 566 2065 5299 568 2066 5300 394 2067 5301 396 2068 5302 398 2069 5303 392 2070 5304 394 2067 5305 400 2071 5306 390 2072 5307 392 2070 5308 534 2073 5309 387 2074 5310 534 2075 5311 391 2076 5312 395 2077 5313 397 2078 5314 399 2079 5315 393 2080 5316 395 2077 5317 400 2081 5318 389 2082 5319 391 2076 5320 535 2083 5321 386 2084 5322 389 2082 5323 536 2085 5324 385 2086 5325 386 2084 5326 537 2087 5327 533 2088 5328 385 2089 5329 538 2090 5330 547 2091 5331 533 2092 5332 539 2093 5333 546 2094 5334 547 2095 5335 540 2096 5336 545 2097 5337 546 2098 5338 541 2099 5339 543 2100 5340 542 2101 5341 544 2102 5342 382 2103 5343 384 2104 5344 535 2105 5345 380 2106 5346 382 2103 5347 534 2107 5348 376 2108 5349 378 2109 5350 372 2110 5351 379 2111 5352 381 2112 5353 534 2113 5354 381 2112 5355 383 2114 5356 400 2115 5357 377 2116 5358 379 2111 5359 400 2117 5360 383 2114 5361 380 2106 5362 536 2118 5363 375 2119 5364 377 2116 5365 372 2120 5366 425 2121 5367 427 2122 5368 429 2123 5369 423 2124 5370 425 2121 5371 402 2125 5372 421 2126 5373 423 2124 5374 431 2127 5375 426 2128 5376 428 2129 5377 430 2130 5378 424 2131 5379 426 2128 5380 402 2132 5381 418 2133 5382 431 2134 5383 422 2135 5384 420 2136 5385 422 2135 5386 494 2137 5387 417 2138 5388 420 2136 5389 493 2139 5390 416 2140 5391 417 2138 5392 492 2141 5393 471 2142 5394 416 2143 5395 491 2144 5396 472 2145 5397 471 2146 5398 489 2147 5399 474 2148 5400 472 2149 5401 487 2150 5402 476 2151 5403 474 2152 5404 485 2153 5405 480 2154 5406 483 2155 5407 478 2156 5408 413 2157 5409 415 2158 5410 494 2159 5411 411 2160 5412 413 2157 5413 431 2161 5414 407 2162 5415 409 2163 5416 402 2164 5417 410 2165 5418 412 2166 5419 431 2167 5420 407 2168 5421 412 2166 5422 414 2169 5423 408 2170 5424 410 2165 5425 401 2171 5426 404 2172 5427 403 2173 5428 406 2174 5429 434 2175 5430 435 2176 5431 451 2177 5432 414 2178 5433 411 2160 5434 493 2179 5435 481 2180 5436 469 2181 5437 484 2182 5438 470 2183 5439 473 2184 5440 469 2185 5441 511 2186 5442 510 2187 5443 518 2188 5444 69 2189 5445 457 2036 5446 96 952 5447 23 987 5448 534 2073 5449 3 988 5450 261 849 5451 613 1933 5452 242 850 5453 334 727 5454 704 1812 5455 330 728 5456 75 2190 5457 465 2191 5458 69 2189 5459 261 849 5460 669 1935 5461 632 1932 5462 334 727 5463 702 1814 5464 707 1810 5465 73 950 5466 437 2034 5467 76 951 5468 241 852 5469 634 1934 5470 669 1935 5471 336 730 5472 702 1814 5473 329 731 5474 73 950 5475 452 2033 5476 433 2035 5477 240 854 5478 634 1934 5479 263 851 5480 336 730 5481 743 1816 5482 709 1813 5483 71 955 5484 452 2033 5485 91 949 5486 28 992 5487 399 2079 5488 32 993 5489 240 854 5490 636 1936 5491 611 1937 5492 338 732 5493 743 1816 5494 328 733 5495 71 955 5496 459 2028 5497 432 2040 5498 28 992 5499 400 2081 5500 395 2077 5501 246 2192 5502 636 1936 5503 265 853 5504 68 944 5505 459 2028 5506 98 945 5507 26 995 5508 400 2081 5509 4 996 5510 244 856 5511 619 1938 5512 614 1940 5513 68 944 5514 454 2026 5515 467 2029 5516 248 855 5517 613 1942 5518 619 1938 5519 70 942 5520 454 2026 5521 93 943 5522 249 858 5523 613 1942 5524 242 859 5525 335 734 5526 703 1819 5527 331 735 5528 70 942 5529 456 2017 5530 463 2027 5531 19 991 5532 534 2075 5533 387 2074 5534 238 2193 5535 620 1941 5536 249 858 5537 335 734 5538 702 1821 5539 708 1817 5540 69 933 5541 456 2017 5542 95 934 5543 3 990 5544 391 2076 5545 534 2075 5546 267 863 5547 612 2194 5548 238 2193 5549 337 737 5550 702 1821 5551 329 738 5552 69 933 5553 458 2015 5554 465 2018 5555 2 998 5556 391 2076 5557 24 989 5558 267 863 5559 669 1945 5560 638 1944 5561 68 931 5562 458 2015 5563 97 932 5564 2 998 5565 389 2082 5566 535 2083 5567 241 862 5568 633 1949 5569 669 1945 5570 68 931 5571 450 2014 5572 467 2016 5573 1 1000 5574 389 2082 5575 22 997 5576 240 866 5577 633 1949 5578 262 861 5579 342 741 5580 743 2195 5581 715 1822 5582 67 1100 5583 450 2196 5584 89 2197 5585 1 1000 5586 386 2084 5587 536 2085 5588 240 866 5589 635 1948 5590 611 1950 5591 328 740 5592 712 1823 5593 743 2195 5594 67 1100 5595 490 2198 5596 469 2181 5597 0 1002 5598 386 2084 5599 20 999 5600 239 2199 5601 635 1948 5602 264 865 5603 359 743 5604 712 1823 5605 339 744 5606 105 928 5607 490 2012 5608 125 929 5609 18 1001 5610 537 2087 5611 0 1002 5612 266 2200 5613 610 2201 5614 239 2199 5615 341 742 5616 700 1826 5617 359 743 5618 105 928 5619 488 2011 5620 470 2013 5621 18 1005 5622 538 2090 5623 385 2089 5624 266 2200 5625 654 2202 5626 637 2203 5627 108 925 5628 488 2009 5629 123 926 5630 165 1003 5631 538 2090 5632 166 1004 5633 285 868 5634 653 1951 5635 656 1953 5636 108 925 5637 486 2008 5638 473 2010 5639 165 1008 5640 539 2093 5641 533 2092 5642 287 871 5643 653 1955 5644 282 872 5645 110 922 5646 486 2006 5647 121 923 5648 175 1006 5649 539 2093 5650 167 1007 5651 287 871 5652 651 1954 5653 658 1956 5654 367 746 5655 736 1827 5656 738 1829 5657 110 922 5658 484 2005 5659 475 2007 5660 175 1011 5661 540 2096 5662 547 2095 5663 289 874 5664 651 1958 5665 280 875 5666 368 749 5667 736 1831 5668 365 750 5669 112 2204 5670 482 1999 5671 117 916 5672 174 1009 5673 540 2096 5674 168 1010 5675 289 874 5676 649 1957 5677 660 1959 5678 368 749 5679 735 1830 5680 739 1832 5681 174 1014 5682 541 2099 5683 546 2098 5684 291 877 5685 649 1961 5686 278 878 5687 369 752 5688 735 1834 5689 364 753 5690 173 1012 5691 541 2099 5692 169 1013 5693 291 877 5694 647 1960 5695 662 1962 5696 369 752 5697 734 1833 5698 740 1835 5699 293 880 5700 647 1964 5701 276 881 5702 370 755 5703 734 1837 5704 363 756 5705 85 723 5706 465 1806 5707 446 1805 5708 170 1017 5709 544 2102 5710 542 2101 5711 293 880 5712 645 1963 5713 664 1965 5714 370 755 5715 733 1836 5716 741 1838 5717 83 721 5718 465 1806 5719 69 722 5720 238 883 5721 645 1967 5722 274 884 5723 371 758 5724 733 1840 5725 362 759 5726 238 883 5727 631 1966 5728 612 1968 5729 371 758 5730 732 1839 5731 742 1841 5732 2 1019 5733 384 2104 5734 17 1020 5735 239 886 5736 631 1970 5737 260 887 5738 327 761 5739 732 1843 5740 361 762 5741 2 1019 5742 382 2103 5743 535 2105 5744 239 886 5745 629 1969 5746 610 1971 5747 327 761 5748 717 1842 5749 701 1844 5750 3 1022 5751 382 2103 5752 15 1018 5753 240 889 5754 629 1969 5755 258 885 5756 360 764 5757 717 1846 5758 344 765 5759 3 1022 5760 380 2106 5761 534 2107 5762 256 888 5763 611 1973 5764 240 889 5765 360 764 5766 718 1845 5767 699 1847 5768 1 2205 5769 380 2106 5770 13 1021 5771 256 888 5772 669 1978 5773 627 1972 5774 359 767 5775 718 1845 5776 346 763 5777 78 720 5778 460 1803 5779 439 1802 5780 1 2206 5781 383 2114 5782 536 2118 5783 241 894 5784 625 1977 5785 669 1978 5786 359 767 5787 721 1848 5788 700 1849 5789 4 2207 5790 383 2114 5791 16 2208 5792 239 2209 5793 625 1977 5794 254 893 5795 348 766 5796 743 1851 5797 721 1848 5798 86 717 5799 466 1800 5800 447 1799 5801 4 2207 5802 378 2109 5803 400 2115 5804 239 2209 5805 630 1974 5806 610 2210 5807 328 769 5808 723 1850 5809 743 1851 5810 84 715 5811 466 1800 5812 103 716 5813 5 1024 5814 378 2109 5815 11 1025 5816 242 899 5817 630 1974 5818 259 892 5819 360 772 5820 723 1850 5821 350 768 5822 5 1024 5823 376 2108 5824 372 2110 5825 251 2211 5826 613 2212 5827 242 2213 5828 360 772 5829 719 1852 5830 699 2214 5831 2 1030 5832 373 2215 5833 7 2216 5834 271 897 5835 622 2217 5836 251 2211 5837 329 2218 5838 719 1852 5839 345 771 5840 82 705 5841 462 1791 5842 443 1790 5843 2 1030 5844 381 2112 5845 535 2219 5846 271 897 5847 621 1981 5848 642 1980 5849 352 775 5850 702 2220 5851 329 2218 5852 80 703 5853 462 1791 5854 101 704 5855 3 1027 5856 381 2112 5857 14 1028 5858 269 2221 5859 611 2222 5860 640 1983 5861 358 774 5862 725 1856 5863 352 775 5864 3 1027 5865 379 2111 5866 534 2113 5867 240 2223 5868 628 1985 5869 611 2222 5870 358 774 5871 727 1855 5872 731 1857 5873 4 1032 5874 379 2111 5875 12 1026 5876 241 901 5877 628 1985 5878 257 902 5879 359 780 5880 729 2224 5881 356 2225 5882 4 1032 5883 377 2116 5884 400 2117 5885 255 900 5886 669 1986 5887 241 901 5888 359 780 5889 720 1859 5890 700 2226 5891 157 699 5892 521 1785 5893 525 1784 5894 10 1031 5895 372 2120 5896 377 2116 5897 255 900 5898 613 1988 5899 626 1984 5900 347 778 5901 743 1860 5902 720 1859 5903 158 697 5904 521 1785 5905 153 698 5906 8 1035 5907 372 2120 5908 5 1036 5909 253 903 5910 613 1988 5911 242 904 5912 349 776 5913 743 1860 5914 328 777 5915 61 1037 5916 429 2123 5917 65 1038 5918 270 907 5919 624 1987 5920 253 903 5921 349 776 5922 702 1863 5923 722 1858 5924 39 1041 5925 425 2121 5926 61 1037 5927 252 906 5928 641 1990 5929 270 907 5930 351 781 5931 702 1863 5932 329 782 5933 39 1041 5934 423 2124 5935 402 2125 5936 214 909 5937 589 1992 5938 585 1994 5939 357 785 5940 724 1862 5941 351 781 5942 36 1043 5943 423 2124 5944 59 1040 5945 212 912 5946 589 1992 5947 218 908 5948 353 784 5949 730 1865 5950 357 785 5951 160 726 5952 518 1809 5953 528 1808 5954 36 1043 5955 421 2126 5956 431 2127 5957 212 912 5958 591 1995 5959 584 1996 5960 307 787 5961 683 1867 5962 680 1869 5963 161 724 5964 518 1809 5965 150 725 5966 211 914 5967 591 1995 5968 220 911 5969 311 786 5970 671 1871 5971 683 1867 5972 161 696 5973 517 1782 5974 529 1781 5975 211 914 5976 593 1997 5977 582 1998 5978 313 789 5979 671 1871 5980 306 790 5981 162 694 5982 517 1782 5983 149 695 5984 210 2227 5985 593 1997 5986 222 913 5987 313 789 5988 670 1873 5989 685 1870 5990 162 693 5991 516 1779 5992 530 1778 5993 62 1044 5994 430 2130 5995 66 1045 5996 224 2228 5997 609 2031 5998 210 2229 5999 315 791 6000 670 1873 6001 305 792 6002 148 692 6003 531 1777 6004 516 1779 6005 39 1048 6006 426 2128 6007 62 1044 6008 224 2228 6009 588 2230 6010 595 2231 6011 304 794 6012 687 1872 6013 315 791 6014 147 686 6015 531 1775 6016 163 687 6017 39 1048 6018 424 2131 6019 402 2132 6020 215 918 6021 590 2004 6022 219 919 6023 304 794 6024 689 1874 6025 668 1875 6026 147 686 6027 532 1774 6028 515 1776 6029 221 2232 6030 583 2233 6031 213 2234 6032 310 804 6033 689 1874 6034 317 793 6035 146 683 6036 497 1772 6037 129 684 6038 189 2235 6039 592 2236 6040 221 2232 6041 308 796 6042 684 1876 6043 679 1878 6044 146 683 6045 496 1771 6046 514 1773 6047 36 1053 6048 418 2133 6049 53 1054 6050 189 2237 6051 597 2019 6052 561 2238 6053 312 795 6054 671 1880 6055 684 1876 6056 36 1053 6057 422 2135 6058 431 2134 6059 211 2239 6060 597 2019 6061 226 936 6062 314 798 6063 671 1880 6064 306 799 6065 35 1056 6066 422 2135 6067 58 1052 6068 211 2239 6069 594 2020 6070 582 2240 6071 295 2241 6072 686 1879 6073 314 798 6074 139 700 6075 502 1787 6076 134 701 6077 35 1056 6078 420 2136 6079 494 2137 6080 210 939 6081 594 2020 6082 223 935 6083 295 2241 6084 691 1881 6085 666 2242 6086 140 2243 6087 500 1786 6088 508 2244 6089 34 1058 6090 420 2136 6091 56 1055 6092 210 939 6093 596 2022 6094 609 2023 6095 305 2245 6096 691 1881 6097 319 801 6098 141 2246 6099 500 1768 6100 132 680 6101 34 1058 6102 417 2138 6103 493 2139 6104 189 941 6105 596 2022 6106 225 938 6107 305 2245 6108 688 1882 6109 670 2247 6110 141 2246 6111 495 1769 6112 509 2248 6113 33 1060 6114 417 2138 6115 54 1057 6116 189 941 6117 598 2024 6118 561 2025 6119 304 806 6120 688 1882 6121 316 800 6122 127 679 6123 498 1770 6124 495 1769 6125 33 1060 6126 416 2140 6127 492 2141 6128 188 2249 6129 598 2024 6130 227 940 6131 318 805 6132 668 1887 6133 304 806 6134 126 1062 6135 416 2143 6136 52 1063 6137 188 2249 6138 574 2250 6139 560 2251 6140 296 2252 6141 690 1886 6142 318 805 6143 144 2253 6144 510 2187 6145 142 2254 6146 126 1062 6147 471 2142 6148 491 2144 6149 202 2255 6150 578 2256 6151 574 2250 6152 320 2257 6153 667 2258 6154 296 2252 6155 124 1065 6156 471 2146 6157 106 1066 6158 320 2257 6159 655 2259 6160 692 2260 6161 124 1065 6162 472 2145 6163 489 2147 6164 286 808 6165 652 1890 6166 657 1892 6167 122 1068 6168 472 2149 6169 107 1069 6170 288 811 6171 652 1894 6172 281 812 6173 122 1068 6174 474 2148 6175 487 2150 6176 288 811 6177 650 1893 6178 659 1895 6179 120 1071 6180 474 2152 6181 109 1072 6182 290 814 6183 650 1897 6184 279 815 6185 120 1071 6186 476 2151 6187 485 2153 6188 290 814 6189 648 1896 6190 661 1898 6191 207 960 6192 576 2045 6193 579 2044 6194 292 817 6195 648 1900 6196 277 818 6197 118 1075 6198 478 2156 6199 483 2155 6200 208 958 6201 576 2045 6202 204 959 6203 292 817 6204 646 1899 6205 663 1901 6206 115 2261 6207 493 2262 6208 480 2263 6209 203 962 6210 580 2047 6211 208 963 6212 294 820 6213 646 1903 6214 275 821 6215 34 2264 6216 415 2158 6217 493 2265 6218 203 962 6219 581 2046 6220 575 2048 6221 294 820 6222 644 1902 6223 665 1904 6224 186 711 6225 550 1794 6226 558 1793 6227 35 1077 6228 415 2158 6229 51 1078 6230 295 823 6231 644 1906 6232 273 824 6233 187 709 6234 550 1794 6235 178 710 6236 35 1077 6237 413 2157 6238 494 2159 6239 295 823 6240 643 1905 6241 666 1907 6242 187 714 6243 551 1797 6244 559 1796 6245 36 1080 6246 413 2157 6247 49 1076 6248 237 966 6249 600 2051 6250 608 2050 6251 296 826 6252 643 1909 6253 272 827 6254 108 2266 6255 468 2267 6256 104 2268 6257 36 1080 6258 411 2160 6259 431 2161 6260 236 964 6261 600 2051 6262 229 965 6263 296 826 6264 693 1908 6265 667 1910 6266 108 1106 6267 469 2185 6268 473 2184 6269 34 2269 6270 411 2160 6271 47 1079 6272 236 964 6273 601 2053 6274 607 2049 6275 304 829 6276 693 1908 6277 321 825 6278 34 2270 6279 414 2169 6280 493 2271 6281 235 967 6282 601 2053 6283 230 968 6284 304 829 6285 694 1911 6286 668 1912 6287 37 1087 6288 414 2169 6289 50 1088 6290 322 828 6291 670 1917 6292 694 1911 6293 37 1087 6294 409 2163 6295 401 2272 6296 305 834 6297 695 1916 6298 670 1917 6299 39 1082 6300 409 2163 6301 45 1083 6302 200 2273 6303 592 2274 6304 572 2275 6305 296 2276 6306 695 1916 6307 323 833 6308 39 1082 6309 407 2162 6310 402 2164 6311 221 2277 6312 605 2055 6313 592 2274 6314 296 2276 6315 676 1913 6316 667 2278 6317 35 2279 6318 405 2280 6319 41 2281 6320 231 970 6321 605 2055 6322 234 971 6323 306 841 6324 676 1913 6325 301 832 6326 35 2279 6327 412 2166 6328 494 2282 6329 233 969 6330 602 2056 6331 231 970 6332 324 837 6333 671 2283 6334 306 841 6335 48 1086 6336 431 2167 6337 412 2166 6338 232 975 6339 563 2284 6340 603 2060 6341 324 837 6342 672 1920 6343 696 1919 6344 46 1084 6345 431 2167 6346 36 1085 6347 199 974 6348 563 2284 6349 191 2285 6350 325 835 6351 672 1920 6352 297 836 6353 46 1084 6354 401 2171 6355 410 2165 6356 199 974 6357 564 2059 6358 571 2058 6359 326 2286 6360 668 2287 6361 698 2288 6362 37 1090 6363 408 2170 6364 401 2171 6365 198 972 6366 564 2059 6367 192 973 6368 304 2289 6369 677 1922 6370 668 2287 6371 38 1093 6372 408 2170 6373 44 1089 6374 198 972 6375 565 2063 6376 570 2057 6377 302 840 6378 670 1923 6379 677 1922 6380 38 1093 6381 406 2174 6382 403 2173 6383 197 977 6384 565 2063 6385 193 978 6386 303 838 6387 670 1923 6388 305 839 6389 90 1095 6390 434 2175 6391 451 2177 6392 303 838 6393 671 1926 6394 678 1921 6395 72 1094 6396 453 2041 6397 434 2175 6398 194 981 6399 568 2066 6400 566 2065 6401 300 842 6402 671 1926 6403 306 843 6404 71 956 6405 453 2041 6406 92 957 6407 27 982 6408 398 2069 6409 31 983 6410 297 845 6411 675 1925 6412 300 842 6413 71 956 6414 455 2037 6415 432 2042 6416 27 982 6417 400 2071 6418 394 2067 6419 297 845 6420 674 1927 6421 672 1928 6422 70 953 6423 455 2037 6424 94 954 6425 25 985 6426 400 2071 6427 4 986 6428 243 847 6429 618 1929 6430 615 1931 6431 70 953 6432 457 2036 6433 463 2038 6434 25 985 6435 534 2073 6436 392 2070 6437 247 846 6438 613 1933 6439 618 1929 6440 755 2290 6441 756 2291 6442 769 2292 6443 206 2293 6444 814 2293 6445 189 2293 6446 237 2294 6447 794 2295 6448 236 2296 6449 341 2297 6450 812 2297 6451 360 2297 6452 189 2298 6453 815 2298 6454 201 2298 6455 343 2299 6456 812 2299 6457 813 2299 6458 158 2300 6459 833 2300 6460 152 2300 6461 197 2301 6462 785 2301 6463 194 2301 6464 116 2302 6465 761 2303 6466 762 2304 6467 203 2305 6468 815 2305 6469 816 2305 6470 343 2306 6471 808 2306 6472 366 2306 6473 283 2307 6474 798 2308 6475 206 2309 6476 159 2310 6477 833 2310 6478 834 2310 6479 184 2311 6480 799 2312 6481 332 2313 6482 198 2314 6483 786 2315 6484 197 2316 6485 203 2317 6486 817 2317 6487 188 2317 6488 159 2318 6489 835 2318 6490 151 2318 6491 87 2319 6492 762 2319 6493 824 2319 6494 205 2320 6495 817 2320 6496 818 2320 6497 151 2321 6498 769 2321 6499 160 2321 6500 87 2322 6501 825 2322 6502 68 2322 6503 205 2323 6504 790 2323 6505 207 2323 6506 85 2324 6507 825 2324 6508 758 2324 6509 115 2325 6510 763 2326 6511 761 2303 6512 199 2327 6513 787 2328 6514 198 2314 6515 155 2329 6516 764 2330 6517 765 2331 6518 170 2332 6519 775 2332 6520 773 2332 6521 82 2333 6522 755 2290 6523 80 2334 6524 207 2335 6525 791 2336 6526 208 2337 6527 332 2313 6528 800 2338 6529 334 2339 6530 156 2340 6531 765 2331 6532 766 2341 6533 173 2342 6534 776 2343 6535 775 2344 6536 83 2345 6537 826 2345 6538 70 2345 6539 2 2346 6540 746 2346 6541 821 2346 6542 333 2347 6543 802 2348 6544 335 2349 6545 200 2350 6546 788 2351 6547 199 2327 6548 23 2352 6549 747 2353 6550 746 2354 6551 88 2355 6552 826 2355 6553 827 2355 6554 2 2356 6555 822 2356 6556 21 2356 6557 165 2357 6558 744 2358 6559 772 2359 6560 209 2360 6561 819 2360 6562 228 2360 6563 208 2337 6564 792 2361 6565 209 2362 6566 88 2363 6567 828 2363 6568 104 2363 6569 21 2364 6570 752 2364 6571 30 2364 6572 237 2365 6573 819 2365 6574 795 2365 6575 174 2366 6576 777 2367 6577 776 2343 6578 81 2368 6579 828 2368 6580 829 2368 6581 334 2339 6582 803 2369 6583 336 2370 6584 81 2371 6585 830 2371 6586 71 2371 6587 335 2349 6588 804 2372 6589 337 2373 6590 182 2374 6591 778 2375 6592 779 2376 6593 175 2377 6594 772 2359 6595 777 2367 6596 25 2378 6597 748 2379 6598 747 2353 6599 83 2380 6600 758 2381 6601 757 2382 6602 78 2383 6603 830 2383 6604 754 2383 6605 158 2384 6606 767 2385 6607 768 2386 6608 118 2387 6609 774 2388 6610 763 2326 6611 338 2389 6612 809 2389 6613 359 2389 6614 26 2390 6615 750 2391 6616 749 2392 6617 86 2393 6618 759 2394 6619 84 2395 6620 1 2396 6621 749 2396 6622 823 2396 6623 183 2397 6624 779 2376 6625 780 2398 6626 340 2399 6627 809 2399 6628 810 2399 6629 77 2400 6630 760 2400 6631 86 2400 6632 1 2401 6633 745 2401 6634 19 2401 6635 336 2370 6636 805 2402 6637 338 2403 6638 190 2404 6639 793 2404 6640 820 2404 6641 284 2405 6642 796 2406 6643 283 2307 6644 333 2407 6645 810 2407 6646 801 2407 6647 190 2408 6648 789 2408 6649 200 2408 6650 184 2311 6651 780 2398 6652 781 2409 6653 27 2410 6654 751 2411 6655 748 2379 6656 28 2412 6657 752 2413 6658 750 2391 6659 84 2414 6660 831 2414 6661 102 2414 6662 29 2415 6663 784 2416 6664 751 2411 6665 82 2417 6666 831 2417 6667 756 2417 6668 194 2418 6669 784 2416 6670 195 2419 6671 186 2420 6672 771 1102 6673 782 2421 6674 337 2422 6675 811 2422 6676 327 2422 6677 342 2423 6678 811 2423 6679 807 2423 6680 80 2424 6681 764 2424 6682 100 2424 6683 341 2425 6684 807 2426 6685 806 2427 6686 161 1101 6687 769 2428 6688 770 2429 6689 187 2430 6690 782 2421 6691 783 2431 6692 236 2296 6693 793 2432 6694 235 2433 6695 156 2434 6696 832 2434 6697 154 2434 6698 180 2435 6699 783 2431 6700 778 2375 6701 366 2436 6702 797 2437 6703 284 2405 6704 157 2438 6705 832 2438 6706 767 2438 6707 18 2439 6708 745 2440 6709 744 2358 6710 77 2441 6711 754 2442 6712 753 2443 6713 171 1051 6714 773 2444 6715 774 2388 6716 127 679 6717 141 2246 6718 132 680 6719 145 2445 6720 128 2446 6721 162 2447 6722 128 2446 6723 129 2448 6724 162 2447 6725 129 2448 6726 164 2449 6727 163 2450 6728 129 2448 6729 163 2450 6730 162 2447 6731 186 2451 6732 177 2451 6733 176 2451 6734 177 2452 6735 138 2452 6736 176 2452 6737 138 2453 6738 136 2453 6739 176 2453 6740 145 2445 6741 162 2447 6742 176 688 6743 145 2445 6744 176 688 6745 133 690 6746 132 2454 6747 140 2243 6748 133 702 6749 140 2243 6750 139 700 6751 133 702 6752 176 2455 6753 137 2456 6754 143 2457 6755 143 2457 6756 131 2458 6757 138 2459 6758 176 2455 6759 143 2457 6760 138 2459 6761 130 2460 6762 132 689 6763 176 688 6764 142 708 6765 130 2460 6766 176 688 6767 142 708 6768 176 688 6769 138 706 6770 138 706 6771 135 2461 6772 144 707 6773 341 739 6774 339 744 6775 328 740 6776 360 772 6777 350 768 6778 348 770 6779 348 770 6780 346 2462 6781 345 771 6782 352 775 6783 329 2218 6784 345 771 6785 345 771 6786 347 778 6787 359 780 6788 352 775 6789 345 771 6790 359 780 6791 359 780 6792 356 2225 6793 354 779 6794 316 800 6795 305 2245 6796 319 801 6797 310 804 6798 317 793 6799 319 801 6800 319 801 6801 295 2241 6802 314 798 6803 310 804 6804 319 801 6805 314 798 6806 317 2463 6807 315 2464 6808 284 2465 6809 315 2464 6810 313 2466 6811 284 2465 6812 313 2466 6813 311 2467 6814 355 2468 6815 357 785 6816 351 781 6817 349 2469 6818 313 2466 6819 355 2468 6820 365 2470 6821 355 2468 6822 357 785 6823 364 2471 6824 365 2470 6825 355 2468 6826 364 2471 6827 357 785 6828 349 2469 6829 363 2472 6830 349 2469 6831 347 2473 6832 362 2474 6833 363 2472 6834 349 2469 6835 362 2474 6836 347 2473 6837 345 2475 6838 361 2476 6839 345 2475 6840 344 2477 6841 361 2476 6842 313 2466 6843 365 2470 6844 284 2465 6845 319 2478 6846 317 2463 6847 284 2465 6848 347 2473 6849 361 2476 6850 362 2474 6851 357 785 6852 363 2472 6853 364 2471 6854 320 2257 6855 296 2252 6856 318 805 6857 284 2465 6858 320 2257 6859 319 2478 6860 296 2276 6861 323 833 6862 301 832 6863 323 833 6864 322 830 6865 301 832 6866 304 2289 6867 326 2286 6868 325 2479 6869 325 2479 6870 324 837 6871 306 841 6872 304 2289 6873 325 2479 6874 306 841 6875 302 840 6876 304 2289 6877 306 841 6878 265 2480 6879 263 2481 6880 283 2482 6881 263 2481 6882 261 2483 6883 283 2482 6884 247 2484 6885 245 2485 6886 283 2482 6887 245 2485 6888 298 2486 6889 283 2482 6890 267 2487 6891 265 2480 6892 283 2482 6893 261 2483 6894 247 2484 6895 283 2482 6896 298 2486 6897 299 2488 6898 279 2489 6899 299 2488 6900 300 2490 6901 279 2489 6902 303 2491 6903 302 2492 6904 275 2493 6905 302 2492 6906 301 2494 6907 273 2495 6908 303 2491 6909 275 2493 6910 277 2496 6911 300 2490 6912 303 2491 6913 277 2496 6914 298 2486 6915 279 2489 6916 281 2497 6917 301 2494 6918 272 2498 6919 273 2495 6920 298 2486 6921 281 2497 6922 284 2499 6923 279 2489 6924 300 2490 6925 277 2496 6926 273 2495 6927 275 2493 6928 302 2492 6929 284 2499 6930 283 2482 6931 298 2486 6932 266 2200 6933 239 2199 6934 264 865 6935 283 2482 6936 266 2200 6937 267 2487 6938 267 863 6939 266 2500 6940 264 860 6941 241 862 6942 267 863 6943 264 860 6944 246 2192 6945 265 853 6946 267 863 6947 267 863 6948 238 2193 6949 249 858 6950 246 2192 6951 267 863 6952 248 864 6953 239 2209 6954 254 893 6955 259 892 6956 254 893 6957 256 890 6958 259 892 6959 257 902 6960 240 2223 6961 269 2221 6962 271 897 6963 251 2211 6964 242 2213 6965 259 892 6966 257 902 6967 271 898 6968 257 902 6969 269 2221 6970 271 898 6971 114 915 6972 112 2204 6973 117 916 6974 223 935 6975 211 2239 6976 226 936 6977 97 2501 6978 95 946 6979 98 945 6980 95 946 6981 93 943 6982 68 944 6983 189 2235 6984 221 2232 6985 213 2234 6986 213 2234 6987 215 2502 6988 224 2228 6989 215 2502 6990 217 2503 6991 224 2228 6992 224 2228 6993 210 2229 6994 213 2234 6995 210 2227 6996 222 913 6997 189 2504 6998 189 2235 6999 213 2234 7000 210 2229 7001 222 913 7002 220 2505 7003 189 2504 7004 218 2506 7005 216 2507 7006 189 2504 7007 216 2507 7008 268 2508 7009 189 2504 7010 220 2505 7011 218 2506 7012 189 2504 7013 270 907 7014 253 903 7015 278 2509 7016 253 903 7017 255 2510 7018 278 2509 7019 270 907 7020 278 2509 7021 280 947 7022 268 2508 7023 270 907 7024 283 948 7025 189 2504 7026 268 2508 7027 283 948 7028 255 2510 7029 257 2511 7030 276 2512 7031 257 2511 7032 259 2513 7033 274 2514 7034 259 2513 7035 260 2515 7036 274 2514 7037 274 2514 7038 276 2512 7039 257 2511 7040 276 2512 7041 278 2509 7042 255 2510 7043 280 947 7044 282 2516 7045 283 948 7046 283 948 7047 206 2517 7048 189 2504 7049 206 2518 7050 202 2255 7051 189 2237 7052 202 2255 7053 188 2249 7054 227 940 7055 226 936 7056 189 2237 7057 202 2255 7058 202 2255 7059 227 940 7060 226 936 7061 91 949 7062 76 2519 7063 71 955 7064 76 2519 7065 75 2190 7066 71 955 7067 71 955 7068 75 2190 7069 69 2189 7070 71 955 7071 69 2189 7072 96 952 7073 221 2277 7074 200 2273 7075 199 974 7076 199 974 7077 191 2285 7078 232 975 7079 221 2277 7080 199 974 7081 232 975 7082 234 971 7083 221 2277 7084 232 975 7085 20 2520 7086 22 2521 7087 19 991 7088 22 2521 7089 24 989 7090 19 991 7091 11 1025 7092 4 2207 7093 14 1028 7094 4 2207 7095 16 2208 7096 14 1028 7097 14 1028 7098 2 1030 7099 11 1025 7100 2 1030 7101 7 2216 7102 9 1029 7103 16 1033 7104 1 2205 7105 13 1021 7106 62 2522 7107 64 2523 7108 55 2524 7109 55 2525 7110 35 2525 7111 57 2525 7112 57 2526 7113 59 2527 7114 109 2528 7115 59 2527 7116 61 2529 7117 109 2528 7118 109 2528 7119 61 2529 7120 111 2530 7121 61 2529 7122 63 2531 7123 6 2532 7124 8 2533 7125 10 2534 7126 171 1051 7127 10 2534 7128 12 2535 7129 171 1051 7130 61 2529 7131 6 2532 7132 171 1051 7133 6 2532 7134 8 2533 7135 171 1051 7136 55 2536 7137 57 2526 7138 107 2537 7139 111 2530 7140 61 2529 7141 118 2387 7142 60 2538 7143 62 2522 7144 55 2524 7145 53 2539 7146 34 2540 7147 55 2524 7148 34 2540 7149 60 2538 7150 55 2524 7151 106 2541 7152 52 2542 7153 53 2543 7154 107 2537 7155 106 2541 7156 55 2536 7157 106 2541 7158 53 2543 7159 55 2536 7160 61 2529 7161 171 1051 7162 118 2387 7163 109 2528 7164 107 2537 7165 57 2526 7166 12 2535 7167 14 2544 7168 171 1051 7169 16 2545 7170 17 2545 7171 1 2545 7172 14 2544 7173 16 1049 7174 171 1051 7175 54 2546 7176 56 2547 7177 53 1054 7178 56 2547 7179 58 1052 7180 53 1054 7181 35 2279 7182 41 2281 7183 43 2548 7184 43 2548 7185 45 1083 7186 37 1087 7187 35 2279 7188 43 2548 7189 37 1087 7190 48 1086 7191 35 2279 7192 37 1087 7193 50 1097 7194 34 2269 7195 47 1079 7196 38 1093 7197 44 1089 7198 46 2549 7199 46 2549 7200 48 2550 7201 115 2261 7202 48 2550 7203 50 2551 7204 115 2261 7205 50 2552 7206 51 1078 7207 34 2264 7208 34 2553 7209 115 2261 7210 50 2551 7211 115 2261 7212 116 1099 7213 38 1093 7214 116 1099 7215 117 2554 7216 67 1100 7217 117 2554 7218 119 2555 7219 67 1100 7220 119 2555 7221 121 2556 7222 67 1100 7223 121 2556 7224 123 2557 7225 67 1100 7226 123 2557 7227 125 2558 7228 67 1100 7229 67 1100 7230 89 2197 7231 98 2559 7232 98 2559 7233 96 2560 7234 67 1100 7235 96 2560 7236 94 2561 7237 67 1100 7238 94 2561 7239 92 957 7240 67 1100 7241 92 957 7242 72 1094 7243 67 1100 7244 72 1094 7245 74 2562 7246 116 1099 7247 74 2562 7248 38 1093 7249 116 1099 7250 38 1093 7251 46 2549 7252 115 2261 7253 161 1101 7254 770 2429 7255 771 1102 7256 159 2563 7257 158 2564 7258 157 2565 7259 157 2566 7260 156 2567 7261 155 2568 7262 154 2569 7263 153 2570 7264 152 2571 7265 157 2566 7266 155 2568 7267 154 2572 7268 157 2573 7269 154 2569 7270 152 2571 7271 159 2563 7272 157 2565 7273 84 2574 7274 82 2575 7275 84 2574 7276 157 2565 7277 157 2573 7278 152 2571 7279 80 2576 7280 152 2571 7281 151 2577 7282 80 2576 7283 100 2578 7284 79 2579 7285 80 2580 7286 151 2577 7287 150 2581 7288 142 1107 7289 150 2581 7290 149 2582 7291 148 2583 7292 148 2583 7293 147 2584 7294 146 2585 7295 150 2581 7296 148 2583 7297 144 2586 7298 142 1107 7299 150 2581 7300 144 2586 7301 100 2587 7302 80 2576 7303 151 2577 7304 100 2587 7305 151 2577 7306 142 1107 7307 148 2583 7308 146 2585 7309 144 2586 7310 146 2585 7311 145 2588 7312 144 2586 7313 143 2589 7314 105 2590 7315 108 2266 7316 143 2589 7317 108 2266 7318 102 1108 7319 108 2266 7320 104 2268 7321 102 1108 7322 104 2268 7323 103 2591 7324 102 1108 7325 101 1109 7326 100 2587 7327 142 1107 7328 142 1107 7329 143 2589 7330 102 1108 7331 500 1768 7332 509 2248 7333 495 1769 7334 507 1788 7335 508 2244 7336 500 1786 7337 500 1786 7338 501 2592 7339 502 1787 7340 715 1822 7341 743 2195 7342 712 1823 7343 721 1854 7344 723 1850 7345 719 1852 7346 723 1850 7347 699 2214 7348 719 1852 7349 727 1861 7350 729 2224 7351 700 2226 7352 727 1861 7353 700 2226 7354 720 1859 7355 702 2220 7356 725 1856 7357 727 1861 7358 702 2220 7359 727 1861 7360 719 1852 7361 691 1881 7362 670 2247 7363 688 1882 7364 686 1879 7365 666 2242 7366 691 1881 7367 691 1881 7368 689 1874 7369 682 1884 7370 686 1879 7371 691 1881 7372 684 1885 7373 685 2593 7374 687 2594 7375 655 2259 7376 687 2594 7377 689 2595 7378 655 2259 7379 689 2595 7380 691 2596 7381 655 2259 7382 728 2597 7383 683 2598 7384 730 1865 7385 683 2598 7386 685 2593 7387 655 2259 7388 730 1865 7389 683 2598 7390 655 2259 7391 722 2599 7392 724 1862 7393 730 1865 7394 720 2600 7395 722 2599 7396 719 2601 7397 722 2599 7398 730 1865 7399 734 1888 7400 719 2601 7401 722 2599 7402 733 2602 7403 733 2602 7404 722 2599 7405 734 1888 7406 733 2602 7407 732 2603 7408 717 2604 7409 717 2604 7410 719 2601 7411 733 2602 7412 690 1886 7413 667 2258 7414 692 2260 7415 655 2259 7416 737 1889 7417 730 1865 7418 737 1889 7419 736 2605 7420 735 2606 7421 737 1889 7422 735 2606 7423 734 1888 7424 692 2260 7425 655 2259 7426 691 2596 7427 694 1915 7428 695 1916 7429 676 1913 7430 695 1916 7431 667 2278 7432 676 1913 7433 697 1924 7434 698 2288 7435 677 1922 7436 698 2288 7437 668 2287 7438 677 1922 7439 671 2283 7440 696 1919 7441 697 1924 7442 671 2283 7443 697 1924 7444 676 1913 7445 635 1948 7446 610 2201 7447 637 2203 7448 637 2203 7449 654 2202 7450 638 2607 7451 654 2202 7452 655 2608 7453 616 2609 7454 638 2607 7455 654 2202 7456 636 2610 7457 655 2608 7458 652 2611 7459 650 2612 7460 650 2612 7461 648 2613 7462 655 2608 7463 648 2613 7464 646 2614 7465 678 2615 7466 655 2608 7467 648 2613 7468 678 2615 7469 644 2616 7470 643 2617 7471 676 2618 7472 646 2614 7473 644 2616 7474 676 2618 7475 674 2619 7476 655 2608 7477 678 2615 7478 633 1949 7479 635 1943 7480 669 1945 7481 635 1943 7482 637 2620 7483 638 1944 7484 655 2608 7485 674 2619 7486 673 2621 7487 654 2202 7488 616 2609 7489 634 2622 7490 676 2618 7491 677 2623 7492 646 2614 7493 678 2615 7494 675 2624 7495 674 2619 7496 677 2623 7497 678 2615 7498 646 2614 7499 632 2625 7500 634 2622 7501 616 2609 7502 634 2622 7503 636 2610 7504 654 2202 7505 616 2609 7506 618 2626 7507 632 2625 7508 673 2621 7509 616 2609 7510 655 2608 7511 620 1941 7512 612 2194 7513 638 1944 7514 638 1944 7515 636 1936 7516 617 1946 7517 620 1941 7518 638 1944 7519 617 1946 7520 627 1976 7521 625 1977 7522 630 1974 7523 625 1977 7524 610 2210 7525 630 1974 7526 613 2212 7527 622 2217 7528 642 1980 7529 640 1983 7530 611 2222 7531 628 1985 7532 630 1974 7533 613 2627 7534 642 1982 7535 640 1983 7536 628 1985 7537 630 1974 7538 482 1999 7539 477 2628 7540 479 2000 7541 597 2019 7542 582 2240 7543 594 2020 7544 454 2026 7545 456 2629 7546 459 2028 7547 456 2629 7548 458 2630 7549 459 2028 7550 583 2233 7551 592 2236 7552 561 2238 7553 597 2019 7554 598 2024 7555 574 2250 7556 598 2024 7557 560 2251 7558 574 2250 7559 586 2032 7560 583 2233 7561 561 2238 7562 574 2250 7563 578 2256 7564 561 2238 7565 578 2256 7566 654 2631 7567 561 2238 7568 654 2631 7569 653 2632 7570 651 2633 7571 654 2631 7572 651 2633 7573 649 2634 7574 597 2019 7575 574 2250 7576 561 2238 7577 654 2631 7578 649 2634 7579 647 2635 7580 647 2635 7581 645 2636 7582 630 2637 7583 645 2636 7584 631 2638 7585 630 2637 7586 630 2637 7587 628 2639 7588 626 2640 7589 561 2238 7590 654 2631 7591 647 2635 7592 586 2032 7593 561 2238 7594 647 2635 7595 647 2635 7596 630 2637 7597 626 2640 7598 626 2640 7599 624 1987 7600 641 1990 7601 589 2030 7602 591 2641 7603 593 1997 7604 641 1990 7605 587 2642 7606 647 2635 7607 587 2642 7608 589 2030 7609 647 2635 7610 647 2635 7611 626 2640 7612 641 1990 7613 588 2230 7614 586 2032 7615 609 2031 7616 586 2032 7617 647 2635 7618 589 2030 7619 609 2031 7620 595 2231 7621 588 2230 7622 589 2030 7623 593 1997 7624 609 2031 7625 436 2039 7626 437 2643 7627 452 2033 7628 436 2039 7629 452 2033 7630 432 2040 7631 457 2036 7632 465 2191 7633 436 2039 7634 457 2036 7635 436 2039 7636 459 2028 7637 603 2060 7638 563 2284 7639 571 2058 7640 571 2058 7641 572 2275 7642 592 2274 7643 571 2058 7644 592 2274 7645 605 2055 7646 603 2060 7647 571 2058 7648 605 2055 7649 391 2076 7650 389 2644 7651 387 2074 7652 389 2644 7653 386 2645 7654 387 2074 7655 376 2646 7656 373 2215 7657 378 2109 7658 373 2215 7659 535 2219 7660 381 2112 7661 373 2215 7662 381 2112 7663 400 2115 7664 400 2115 7665 378 2109 7666 373 2215 7667 383 2114 7668 382 2647 7669 380 2106 7670 422 2135 7671 420 2648 7672 418 2133 7673 420 2648 7674 417 2649 7675 418 2133 7676 407 2168 7677 405 2280 7678 412 2166 7679 405 2280 7680 494 2282 7681 412 2166 7682 401 2272 7683 409 2163 7684 407 2168 7685 401 2272 7686 407 2168 7687 414 2169 7688 414 2178 7689 413 2650 7690 411 2160 7691 403 2173 7692 404 2651 7693 408 2170 7694 404 2651 7695 435 2652 7696 434 2175 7697 434 2175 7698 453 2041 7699 469 2181 7700 453 2041 7701 455 2653 7702 469 2181 7703 404 2651 7704 434 2175 7705 480 2263 7706 410 2654 7707 408 2170 7708 404 2651 7709 404 2651 7710 480 2263 7711 410 2654 7712 455 2653 7713 457 2655 7714 469 2181 7715 459 2656 7716 450 2196 7717 469 2181 7718 457 2655 7719 459 2656 7720 469 2181 7721 412 2657 7722 410 2654 7723 480 2263 7724 493 2265 7725 415 2158 7726 414 2658 7727 414 2659 7728 412 2657 7729 480 2263 7730 469 2181 7731 490 2198 7732 488 2660 7733 488 2660 7734 486 2661 7735 484 2182 7736 484 2182 7737 482 2662 7738 481 2180 7739 481 2180 7740 480 2263 7741 434 2175 7742 480 2263 7743 493 2262 7744 414 2659 7745 469 2181 7746 488 2660 7747 484 2182 7748 434 2175 7749 469 2181 7750 481 2180 7751 526 2663 7752 527 2664 7753 528 2665 7754 528 2665 7755 447 2666 7756 445 2667 7757 443 2668 7758 441 2669 7759 440 2670 7760 528 2665 7761 445 2667 7762 526 2663 7763 445 2671 7764 443 2668 7765 473 2672 7766 526 2673 7767 445 2671 7768 473 2672 7769 524 2674 7770 525 2675 7771 526 2673 7772 443 2668 7773 440 2670 7774 473 2672 7775 440 2670 7776 461 2676 7777 473 2672 7778 462 2677 7779 464 2678 7780 473 2672 7781 464 2678 7782 466 2679 7783 473 2672 7784 461 2676 7785 462 2677 7786 473 2672 7787 524 2674 7788 526 2673 7789 511 2186 7790 524 2674 7791 511 2186 7792 523 2680 7793 521 2681 7794 522 2682 7795 511 2186 7796 522 2682 7797 523 2680 7798 511 2186 7799 466 2679 7800 468 2267 7801 473 2672 7802 526 2673 7803 473 2672 7804 511 2186 7805 473 2672 7806 470 2683 7807 511 2186 7808 510 2187 7809 512 2684 7810 518 2188 7811 512 2684 7812 513 2685 7813 518 2188 7814 513 2685 7815 514 2686 7816 518 2188 7817 514 2686 7818 515 2687 7819 516 2688 7820 518 2188 7821 514 2686 7822 517 2689 7823 520 2690 7824 521 2681 7825 511 2186 7826 514 2686 7827 516 2688 7828 517 2689 7829 519 2691 7830 520 2690 7831 511 2186 7832 518 2188 7833 519 2691 7834 511 2186 7835 69 2189 7836 465 2191 7837 457 2036 7838 23 987 7839 390 2072 7840 534 2073 7841 261 849 7842 632 1932 7843 613 1933 7844 334 727 7845 707 1810 7846 704 1812 7847 75 2190 7848 436 2039 7849 465 2191 7850 261 849 7851 241 852 7852 669 1935 7853 334 727 7854 329 731 7855 702 1814 7856 73 950 7857 433 2035 7858 437 2034 7859 241 852 7860 263 851 7861 634 1934 7862 336 730 7863 709 1813 7864 702 1814 7865 73 950 7866 91 949 7867 452 2033 7868 240 854 7869 611 1937 7870 634 1934 7871 336 730 7872 328 733 7873 743 1816 7874 71 955 7875 432 2040 7876 452 2033 7877 28 992 7878 395 2077 7879 399 2079 7880 240 854 7881 265 853 7882 636 1936 7883 338 732 7884 711 1815 7885 743 1816 7886 71 955 7887 98 945 7888 459 2028 7889 28 992 7890 4 996 7891 400 2081 7892 246 2192 7893 617 1946 7894 636 1936 7895 68 944 7896 467 2029 7897 459 2028 7898 26 995 7899 393 2080 7900 400 2081 7901 244 856 7902 248 855 7903 619 1938 7904 68 944 7905 93 943 7906 454 2026 7907 248 855 7908 242 859 7909 613 1942 7910 70 942 7911 463 2027 7912 454 2026 7913 249 858 7914 620 1941 7915 613 1942 7916 335 734 7917 708 1817 7918 703 1819 7919 70 942 7920 95 934 7921 456 2017 7922 19 991 7923 3 990 7924 534 2075 7925 238 2193 7926 612 2194 7927 620 1941 7928 335 734 7929 329 738 7930 702 1821 7931 69 933 7932 465 2018 7933 456 2017 7934 3 990 7935 24 989 7936 391 2076 7937 267 863 7938 638 1944 7939 612 2194 7940 337 737 7941 710 1820 7942 702 1821 7943 69 933 7944 97 932 7945 458 2015 7946 2 998 7947 535 2083 7948 391 2076 7949 267 863 7950 241 862 7951 669 1945 7952 68 931 7953 467 2016 7954 458 2015 7955 2 998 7956 22 997 7957 389 2082 7958 241 862 7959 262 861 7960 633 1949 7961 68 931 7962 89 930 7963 450 2014 7964 1 1000 7965 536 2085 7966 389 2082 7967 240 866 7968 611 1950 7969 633 1949 7970 342 741 7971 328 740 7972 743 2195 7973 67 1100 7974 469 2181 7975 450 2196 7976 1 1000 7977 20 999 7978 386 2084 7979 240 866 7980 264 865 7981 635 1948 7982 328 740 7983 339 744 7984 712 1823 7985 67 1100 7986 125 2558 7987 490 2198 7988 0 1002 7989 537 2087 7990 386 2084 7991 239 2199 7992 610 2201 7993 635 1948 7994 359 743 7995 700 1826 7996 712 1823 7997 105 928 7998 470 2013 7999 490 2012 8000 18 1001 8001 385 2086 8002 537 2087 8003 266 2200 8004 637 2203 8005 610 2201 8006 341 742 8007 714 1825 8008 700 1826 8009 105 928 8010 123 927 8011 488 2011 8012 18 1005 8013 166 1004 8014 538 2090 8015 266 2200 8016 283 2482 8017 654 2202 8018 108 925 8019 473 2010 8020 488 2009 8021 165 1003 8022 533 2088 8023 538 2090 8024 285 868 8025 282 867 8026 653 1951 8027 108 925 8028 121 924 8029 486 2008 8030 165 1008 8031 167 1007 8032 539 2093 8033 287 871 8034 658 1956 8035 653 1955 8036 110 922 8037 475 2007 8038 486 2006 8039 175 1006 8040 547 2091 8041 539 2093 8042 287 871 8043 280 870 8044 651 1954 8045 367 746 8046 365 745 8047 736 1827 8048 110 922 8049 119 921 8050 484 2005 8051 175 1011 8052 168 1010 8053 540 2096 8054 289 874 8055 660 1959 8056 651 1958 8057 368 749 8058 739 1832 8059 736 1831 8060 112 2204 8061 477 2628 8062 482 1999 8063 174 1009 8064 546 2094 8065 540 2096 8066 289 874 8067 278 873 8068 649 1957 8069 368 749 8070 364 748 8071 735 1830 8072 174 1014 8073 169 1013 8074 541 2099 8075 291 877 8076 662 1962 8077 649 1961 8078 369 752 8079 740 1835 8080 735 1834 8081 173 1012 8082 545 2097 8083 541 2099 8084 291 877 8085 276 876 8086 647 1960 8087 369 752 8088 363 751 8089 734 1833 8090 293 880 8091 664 1965 8092 647 1964 8093 370 755 8094 741 1838 8095 734 1837 8096 85 723 8097 69 722 8098 465 1806 8099 170 1017 8100 172 1016 8101 544 2102 8102 293 880 8103 274 879 8104 645 1963 8105 370 755 8106 362 754 8107 733 1836 8108 83 721 8109 444 1804 8110 465 1806 8111 238 883 8112 612 1968 8113 645 1967 8114 371 758 8115 742 1841 8116 733 1840 8117 238 883 8118 260 882 8119 631 1966 8120 371 758 8121 361 757 8122 732 1839 8123 2 1019 8124 535 2105 8125 384 2104 8126 239 886 8127 610 1971 8128 631 1970 8129 327 761 8130 701 1844 8131 732 1843 8132 2 1019 8133 15 1018 8134 382 2103 8135 239 886 8136 258 885 8137 629 1969 8138 327 761 8139 344 760 8140 717 1842 8141 3 1022 8142 534 2107 8143 382 2103 8144 240 889 8145 611 1973 8146 629 1969 8147 360 764 8148 699 1847 8149 717 1846 8150 3 1022 8151 13 1021 8152 380 2106 8153 256 888 8154 627 1972 8155 611 1973 8156 360 764 8157 346 763 8158 718 1845 8159 1 2205 8160 536 2118 8161 380 2106 8162 256 888 8163 241 894 8164 669 1978 8165 359 767 8166 700 1849 8167 718 1845 8168 78 720 8169 99 719 8170 460 1803 8171 1 2206 8172 16 2208 8173 383 2114 8174 241 894 8175 254 893 8176 625 1977 8177 359 767 8178 348 766 8179 721 1848 8180 4 2207 8181 400 2115 8182 383 2114 8183 239 2209 8184 610 2210 8185 625 1977 8186 348 766 8187 328 769 8188 743 1851 8189 86 717 8190 103 716 8191 466 1800 8192 4 2207 8193 11 1025 8194 378 2109 8195 239 2209 8196 259 892 8197 630 1974 8198 328 769 8199 350 768 8200 723 1850 8201 84 715 8202 445 1798 8203 466 1800 8204 5 1024 8205 372 2110 8206 378 2109 8207 242 899 8208 613 2627 8209 630 1974 8210 360 772 8211 699 2214 8212 723 1850 8213 5 1024 8214 9 1023 8215 376 2108 8216 251 2211 8217 622 2217 8218 613 2212 8219 360 772 8220 345 771 8221 719 1852 8222 2 1030 8223 535 2219 8224 373 2215 8225 271 897 8226 642 1980 8227 622 2217 8228 329 2218 8229 702 2220 8230 719 1852 8231 82 705 8232 101 704 8233 462 1791 8234 2 1030 8235 14 1028 8236 381 2112 8237 271 897 8238 250 896 8239 621 1981 8240 352 775 8241 725 1856 8242 702 2220 8243 80 703 8244 441 1789 8245 462 1791 8246 3 1027 8247 534 2113 8248 381 2112 8249 269 2221 8250 240 2223 8251 611 2222 8252 358 774 8253 731 1857 8254 725 1856 8255 3 1027 8256 12 1026 8257 379 2111 8258 240 2223 8259 257 902 8260 628 1985 8261 358 774 8262 354 773 8263 727 1855 8264 4 1032 8265 400 2117 8266 379 2111 8267 241 901 8268 669 1986 8269 628 1985 8270 359 780 8271 700 2226 8272 729 2224 8273 4 1032 8274 10 1031 8275 377 2116 8276 255 900 8277 626 1984 8278 669 1986 8279 359 780 8280 347 778 8281 720 1859 8282 157 699 8283 153 698 8284 521 1785 8285 10 1031 8286 5 1036 8287 372 2120 8288 255 900 8289 242 904 8290 613 1988 8291 347 778 8292 328 777 8293 743 1860 8294 158 697 8295 526 1783 8296 521 1785 8297 8 1035 8298 375 2119 8299 372 2120 8300 253 903 8301 624 1987 8302 613 1988 8303 349 776 8304 722 1858 8305 743 1860 8306 61 1037 8307 425 2121 8308 429 2123 8309 270 907 8310 641 1990 8311 624 1987 8312 349 776 8313 329 782 8314 702 1863 8315 39 1041 8316 402 2125 8317 425 2121 8318 252 906 8319 623 1991 8320 641 1990 8321 351 781 8322 724 1862 8323 702 1863 8324 39 1041 8325 59 1040 8326 423 2124 8327 214 909 8328 218 908 8329 589 1992 8330 357 785 8331 730 1865 8332 724 1862 8333 36 1043 8334 431 2127 8335 423 2124 8336 212 912 8337 584 1996 8338 589 1992 8339 353 784 8340 726 1866 8341 730 1865 8342 160 726 8343 150 725 8344 518 1809 8345 36 1043 8346 57 1042 8347 421 2126 8348 212 912 8349 220 911 8350 591 1995 8351 307 787 8352 311 786 8353 683 1867 8354 161 724 8355 529 1807 8356 518 1809 8357 211 914 8358 582 1998 8359 591 1995 8360 311 786 8361 306 790 8362 671 1871 8363 161 696 8364 149 695 8365 517 1782 8366 211 914 8367 222 913 8368 593 1997 8369 313 789 8370 685 1870 8371 671 1871 8372 162 694 8373 530 1780 8374 517 1782 8375 210 2227 8376 609 2031 8377 593 1997 8378 313 789 8379 305 792 8380 670 1873 8381 162 693 8382 148 692 8383 516 1779 8384 62 1044 8385 426 2128 8386 430 2130 8387 224 2228 8388 595 2231 8389 609 2031 8390 315 791 8391 687 1872 8392 670 1873 8393 148 692 8394 163 691 8395 531 1777 8396 39 1048 8397 402 2132 8398 426 2128 8399 224 2228 8400 217 2503 8401 588 2230 8402 304 794 8403 668 1875 8404 687 1872 8405 147 686 8406 515 1776 8407 531 1775 8408 39 1048 8409 60 1047 8410 424 2131 8411 215 918 8412 586 2002 8413 590 2004 8414 304 794 8415 317 793 8416 689 1874 8417 147 686 8418 164 685 8419 532 1774 8420 221 2232 8421 592 2236 8422 583 2233 8423 310 804 8424 682 1884 8425 689 1874 8426 146 683 8427 514 1773 8428 497 1772 8429 189 2235 8430 561 2238 8431 592 2236 8432 308 796 8433 312 795 8434 684 1876 8435 146 683 8436 128 682 8437 496 1771 8438 36 1053 8439 431 2134 8440 418 2133 8441 189 2237 8442 226 936 8443 597 2019 8444 312 795 8445 306 799 8446 671 1880 8447 36 1053 8448 58 1052 8449 422 2135 8450 211 2239 8451 582 2240 8452 597 2019 8453 314 798 8454 686 1879 8455 671 1880 8456 35 1056 8457 494 2137 8458 422 2135 8459 211 2239 8460 223 935 8461 594 2020 8462 295 2241 8463 666 2242 8464 686 1879 8465 139 700 8466 507 1788 8467 502 1787 8468 35 1056 8469 56 1055 8470 420 2136 8471 210 939 8472 609 2023 8473 594 2020 8474 295 2241 8475 319 801 8476 691 1881 8477 140 2243 8478 132 2454 8479 500 1786 8480 34 1058 8481 493 2139 8482 420 2136 8483 210 939 8484 225 938 8485 596 2022 8486 305 2245 8487 670 2247 8488 691 1881 8489 141 2246 8490 509 2248 8491 500 1768 8492 34 1058 8493 54 1057 8494 417 2138 8495 189 941 8496 561 2025 8497 596 2022 8498 305 2245 8499 316 800 8500 688 1882 8501 141 2246 8502 127 679 8503 495 1769 8504 33 1060 8505 492 2141 8506 417 2138 8507 189 941 8508 227 940 8509 598 2024 8510 304 806 8511 668 1887 8512 688 1882 8513 127 679 8514 130 681 8515 498 1770 8516 33 1060 8517 52 1059 8518 416 2140 8519 188 2249 8520 560 2251 8521 598 2024 8522 318 805 8523 690 1886 8524 668 1887 8525 126 1062 8526 491 2144 8527 416 2143 8528 188 2249 8529 202 2255 8530 574 2250 8531 296 2252 8532 667 2258 8533 690 1886 8534 144 2253 8535 512 2684 8536 510 2187 8537 126 1062 8538 106 1061 8539 471 2142 8540 202 2255 8541 206 2518 8542 578 2256 8543 320 2257 8544 692 2260 8545 667 2258 8546 124 1065 8547 489 2147 8548 471 2146 8549 320 2257 8550 284 2465 8551 655 2259 8552 124 1065 8553 107 1064 8554 472 2145 8555 286 808 8556 281 807 8557 652 1890 8558 122 1068 8559 487 2150 8560 472 2149 8561 288 811 8562 659 1895 8563 652 1894 8564 122 1068 8565 109 1067 8566 474 2148 8567 288 811 8568 279 810 8569 650 1893 8570 120 1071 8571 485 2153 8572 474 2152 8573 290 814 8574 661 1898 8575 650 1897 8576 120 1071 8577 111 1070 8578 476 2151 8579 290 814 8580 277 813 8581 648 1896 8582 207 960 8583 204 959 8584 576 2045 8585 292 817 8586 663 1901 8587 648 1900 8588 118 1075 8589 113 1074 8590 478 2156 8591 208 958 8592 580 2043 8593 576 2045 8594 292 817 8595 275 816 8596 646 1899 8597 115 2261 8598 34 2553 8599 493 2262 8600 203 962 8601 575 2048 8602 580 2047 8603 294 820 8604 665 1904 8605 646 1903 8606 34 2264 8607 51 1078 8608 415 2158 8609 203 962 8610 209 961 8611 581 2046 8612 294 820 8613 273 819 8614 644 1902 8615 186 711 8616 178 710 8617 550 1794 8618 35 1077 8619 494 2159 8620 415 2158 8621 295 823 8622 666 1907 8623 644 1906 8624 187 709 8625 559 1792 8626 550 1794 8627 35 1077 8628 49 1076 8629 413 2157 8630 295 823 8631 272 822 8632 643 1905 8633 187 714 8634 179 713 8635 551 1797 8636 36 1080 8637 431 2161 8638 413 2157 8639 237 966 8640 229 965 8641 600 2051 8642 296 826 8643 667 1910 8644 643 1909 8645 108 2266 8646 473 2672 8647 468 2267 8648 36 1080 8649 47 1079 8650 411 2160 8651 236 964 8652 607 2049 8653 600 2051 8654 296 826 8655 321 825 8656 693 1908 8657 108 1106 8658 67 1105 8659 469 2185 8660 34 2269 8661 493 2179 8662 411 2160 8663 236 964 8664 230 968 8665 601 2053 8666 304 829 8667 668 1912 8668 693 1908 8669 34 2270 8670 50 1088 8671 414 2169 8672 235 967 8673 606 2052 8674 601 2053 8675 304 829 8676 322 828 8677 694 1911 8678 37 1087 8679 401 2272 8680 414 2169 8681 322 828 8682 305 834 8683 670 1917 8684 37 1087 8685 45 1083 8686 409 2163 8687 305 834 8688 323 833 8689 695 1916 8690 39 1082 8691 402 2164 8692 409 2163 8693 200 2273 8694 221 2277 8695 592 2274 8696 296 2276 8697 667 2278 8698 695 1916 8699 39 1082 8700 43 1081 8701 407 2162 8702 221 2277 8703 234 971 8704 605 2055 8705 296 2276 8706 301 832 8707 676 1913 8708 35 2279 8709 494 2282 8710 405 2280 8711 231 970 8712 602 2056 8713 605 2055 8714 306 841 8715 671 2283 8716 676 1913 8717 35 2279 8718 48 1086 8719 412 2166 8720 233 969 8721 604 2054 8722 602 2056 8723 324 837 8724 696 1919 8725 671 2283 8726 48 1086 8727 36 1085 8728 431 2167 8729 232 975 8730 191 2285 8731 563 2284 8732 324 837 8733 297 836 8734 672 1920 8735 46 1084 8736 410 2165 8737 431 2167 8738 199 974 8739 571 2058 8740 563 2284 8741 325 835 8742 697 1918 8743 672 1920 8744 46 1084 8745 37 1090 8746 401 2171 8747 199 974 8748 192 973 8749 564 2059 8750 326 2286 8751 304 2289 8752 668 2287 8753 37 1090 8754 44 1089 8755 408 2170 8756 198 972 8757 570 2057 8758 564 2059 8759 304 2289 8760 302 840 8761 677 1922 8762 38 1093 8763 403 2173 8764 408 2170 8765 198 972 8766 193 978 8767 565 2063 8768 302 840 8769 305 839 8770 670 1923 8771 38 1093 8772 42 1092 8773 406 2174 8774 197 977 8775 569 2062 8776 565 2063 8777 303 838 8778 678 1921 8779 670 1923 8780 90 1095 8781 72 1094 8782 434 2175 8783 303 838 8784 306 843 8785 671 1926 8786 72 1094 8787 92 957 8788 453 2041 8789 194 981 8790 196 980 8791 568 2066 8792 300 842 8793 675 1925 8794 671 1926 8795 71 956 8796 432 2042 8797 453 2041 8798 27 982 8799 394 2067 8800 398 2069 8801 297 845 8802 672 1928 8803 675 1925 8804 71 956 8805 94 954 8806 455 2037 8807 27 982 8808 4 986 8809 400 2071 8810 297 845 8811 299 844 8812 674 1927 8813 70 953 8814 463 2038 8815 455 2037 8816 25 985 8817 392 2070 8818 400 2071 8819 243 847 8820 247 846 8821 618 1929 8822 70 953 8823 96 952 8824 457 2036 8825 25 985 8826 3 988 8827 534 2073 8828 247 846 8829 242 850 8830 613 1933 8831 749 2392 8832 750 2391 8833 822 2692 8834 750 2391 8835 752 2413 8836 822 2692 8837 822 2692 8838 821 2693 8839 749 2392 8840 746 2354 8841 747 2353 8842 776 2694 8843 747 2353 8844 748 2379 8845 775 2695 8846 746 2354 8847 776 2694 8848 777 2696 8849 821 2693 8850 746 2354 8851 745 2440 8852 823 2697 8853 821 2693 8854 745 2440 8855 823 2697 8856 749 2392 8857 821 2693 8858 772 2698 8859 744 2358 8860 745 2440 8861 777 2696 8862 772 2698 8863 745 2440 8864 777 2696 8865 745 2440 8866 746 2354 8867 776 2694 8868 747 2353 8869 775 2695 8870 748 2379 8871 751 2411 8872 784 2416 8873 784 2416 8874 785 2699 8875 786 2315 8876 786 2315 8877 787 2328 8878 817 2700 8879 787 2328 8880 788 2351 8881 817 2700 8882 817 2700 8883 784 2416 8884 786 2315 8885 748 2379 8886 784 2416 8887 798 2308 8888 798 2308 8889 784 2416 8890 817 2700 8891 774 2388 8892 773 2701 8893 748 2379 8894 773 2701 8895 775 2695 8896 748 2379 8897 788 2351 8898 789 2702 8899 817 2700 8900 748 2379 8901 798 2308 8902 774 2388 8903 761 2303 8904 763 2326 8905 774 2388 8906 762 2304 8907 761 2303 8908 774 2388 8909 820 2703 8910 793 2432 8911 794 2295 8912 789 2702 8913 820 2703 8914 817 2700 8915 762 2304 8916 774 2388 8917 798 2308 8918 794 2295 8919 795 2704 8920 819 2705 8921 819 2705 8922 792 2706 8923 817 2700 8924 792 2706 8925 791 2707 8926 817 2700 8927 790 2708 8928 818 2321 8929 817 2700 8930 791 2707 8931 790 2708 8932 817 2700 8933 820 2703 8934 794 2295 8935 819 2705 8936 820 2703 8937 819 2705 8938 817 2700 8939 816 2709 8940 815 2710 8941 814 2711 8942 817 2700 8943 816 2709 8944 798 2308 8945 816 2709 8946 814 2711 8947 798 2308 8948 798 2308 8949 796 2406 8950 797 2437 8951 798 2308 8952 797 2437 8953 762 2304 8954 797 2437 8955 808 2712 8956 762 2304 8957 758 2381 8958 825 2713 8959 824 2714 8960 758 2381 8961 824 2714 8962 756 2291 8963 824 2714 8964 762 2304 8965 756 2291 8966 762 2304 8967 808 2712 8968 771 2715 8969 808 2712 8970 813 2716 8971 811 2717 8972 813 2716 8973 812 2718 8974 806 2427 8975 806 2427 8976 807 2426 8977 813 2716 8978 807 2426 8979 811 2717 8980 813 2716 8981 811 2717 8982 804 2372 8983 810 2719 8984 804 2372 8985 802 2348 8986 810 2719 8987 802 2348 8988 801 2720 8989 810 2719 8990 810 2719 8991 809 2721 8992 805 2402 8993 803 2369 8994 800 2338 8995 808 2712 8996 800 2338 8997 799 2312 8998 808 2712 8999 810 2719 9000 805 2402 9001 811 2717 9002 799 2312 9003 781 2409 9004 808 2712 9005 803 2369 9006 808 2712 9007 805 2402 9008 805 2402 9009 808 2712 9010 811 2717 9011 781 2409 9012 780 2398 9013 779 2722 9014 778 2723 9015 783 2724 9016 808 2712 9017 783 2724 9018 782 2725 9019 808 2712 9020 778 2723 9021 808 2712 9022 781 2409 9023 781 2409 9024 779 2722 9025 778 2723 9026 828 2726 9027 827 2727 9028 826 2728 9029 754 2442 9030 830 2729 9031 829 2730 9032 829 2730 9033 828 2726 9034 826 2728 9035 829 2730 9036 826 2728 9037 757 2382 9038 760 2731 9039 753 2443 9040 754 2442 9041 754 2442 9042 829 2730 9043 760 2731 9044 829 2730 9045 757 2382 9046 760 2731 9047 771 2715 9048 808 2712 9049 782 2725 9050 759 2394 9051 760 2731 9052 758 2381 9053 760 2731 9054 757 2382 9055 758 2381 9056 834 2732 9057 833 2733 9058 768 2734 9059 767 2735 9060 832 2736 9061 766 2737 9062 835 2738 9063 834 2732 9064 768 2734 9065 767 2735 9066 766 2737 9067 765 2331 9068 769 2292 9069 835 2738 9070 768 2734 9071 769 2292 9072 768 2734 9073 755 2290 9074 768 2734 9075 767 2735 9076 765 2331 9077 755 2290 9078 768 2734 9079 765 2331 9080 762 2304 9081 771 2715 9082 770 2739 9083 762 2304 9084 770 2739 9085 769 2292 9086 759 2394 9087 758 2381 9088 756 2291 9089 831 2740 9090 759 2394 9091 756 2291 9092 762 2304 9093 769 2292 9094 756 2291 9095 765 2331 9096 764 2330 9097 755 2290 9098 206 2741 9099 798 2741 9100 814 2741 9101 237 2294 9102 795 2704 9103 794 2295 9104 341 2742 9105 806 2742 9106 812 2742 9107 189 2743 9108 814 2743 9109 815 2743 9110 343 2744 9111 360 2744 9112 812 2744 9113 158 2745 9114 768 2745 9115 833 2745 9116 197 2746 9117 786 2746 9118 785 2746 9119 116 2302 9120 115 2325 9121 761 2303 9122 203 2747 9123 201 2747 9124 815 2747 9125 343 2748 9126 813 2748 9127 808 2748 9128 283 2307 9129 796 2406 9130 798 2308 9131 159 2749 9132 152 2749 9133 833 2749 9134 184 2311 9135 781 2409 9136 799 2312 9137 198 2314 9138 787 2328 9139 786 2315 9140 203 2750 9141 816 2750 9142 817 2750 9143 159 2751 9144 834 2751 9145 835 2751 9146 87 2752 9147 116 2752 9148 762 2752 9149 205 2753 9150 188 2753 9151 817 2753 9152 151 2754 9153 835 2754 9154 769 2754 9155 87 2755 9156 824 2755 9157 825 2755 9158 205 2323 9159 818 2323 9160 790 2323 9161 85 2756 9162 68 2756 9163 825 2756 9164 115 2325 9165 118 2387 9166 763 2326 9167 199 2327 9168 788 2351 9169 787 2328 9170 155 2329 9171 100 2757 9172 764 2330 9173 170 2758 9174 173 2758 9175 775 2758 9176 82 2333 9177 756 2291 9178 755 2290 9179 207 2335 9180 790 2759 9181 791 2336 9182 332 2313 9183 799 2312 9184 800 2338 9185 156 2340 9186 155 2329 9187 765 2331 9188 173 2342 9189 174 2366 9190 776 2343 9191 83 2760 9192 757 2760 9193 826 2760 9194 2 2761 9195 23 2761 9196 746 2761 9197 333 2347 9198 801 2720 9199 802 2348 9200 200 2350 9201 789 2702 9202 788 2351 9203 23 2352 9204 25 2378 9205 747 2353 9206 88 2762 9207 70 2762 9208 826 2762 9209 2 2763 9210 821 2763 9211 822 2763 9212 165 2357 9213 18 2439 9214 744 2358 9215 209 2764 9216 792 2764 9217 819 2764 9218 208 2337 9219 791 2336 9220 792 2361 9221 88 2765 9222 827 2765 9223 828 2765 9224 21 2766 9225 822 2766 9226 752 2766 9227 237 2767 9228 228 2767 9229 819 2767 9230 174 2366 9231 175 2377 9232 777 2367 9233 81 2768 9234 104 2768 9235 828 2768 9236 334 2339 9237 800 2338 9238 803 2369 9239 81 2769 9240 829 2769 9241 830 2769 9242 335 2349 9243 802 2348 9244 804 2372 9245 182 2374 9246 180 2435 9247 778 2375 9248 175 2377 9249 165 2357 9250 772 2359 9251 25 2378 9252 27 2410 9253 748 2379 9254 83 2380 9255 85 2770 9256 758 2381 9257 78 2771 9258 71 2771 9259 830 2771 9260 158 2384 9261 157 2772 9262 767 2385 9263 118 2387 9264 171 1051 9265 774 2388 9266 338 2773 9267 805 2773 9268 809 2773 9269 26 2390 9270 28 2412 9271 750 2391 9272 86 2393 9273 760 2731 9274 759 2394 9275 1 2774 9276 26 2774 9277 749 2774 9278 183 2397 9279 182 2374 9280 779 2376 9281 340 2775 9282 359 2775 9283 809 2775 9284 77 2776 9285 753 2776 9286 760 2776 9287 1 2777 9288 823 2777 9289 745 2777 9290 336 2370 9291 803 2369 9292 805 2402 9293 190 2778 9294 235 2778 9295 793 2778 9296 284 2405 9297 797 2437 9298 796 2406 9299 333 2779 9300 340 2779 9301 810 2779 9302 190 2780 9303 820 2780 9304 789 2780 9305 184 2311 9306 183 2397 9307 780 2398 9308 27 2410 9309 29 2415 9310 751 2411 9311 28 2412 9312 30 2781 9313 752 2413 9314 84 2782 9315 759 2782 9316 831 2782 9317 29 2415 9318 195 2419 9319 784 2416 9320 82 2783 9321 102 2783 9322 831 2783 9323 194 2418 9324 785 2699 9325 784 2416 9326 186 2420 9327 162 1103 9328 771 1102 9329 337 2784 9330 804 2784 9331 811 2784 9332 342 2785 9333 327 2785 9334 811 2785 9335 80 2786 9336 755 2786 9337 764 2786 9338 341 2425 9339 342 2787 9340 807 2426 9341 161 1101 9342 160 2321 9343 769 2428 9344 187 2430 9345 186 2420 9346 782 2421 9347 236 2296 9348 794 2295 9349 793 2432 9350 156 2788 9351 766 2788 9352 832 2788 9353 180 2435 9354 187 2430 9355 783 2431 9356 366 2436 9357 808 2712 9358 797 2437 9359 157 2789 9360 154 2789 9361 832 2789 9362 18 2439 9363 19 2790 9364 745 2440 9365 77 2441 9366 78 2791 9367 754 2442 9368 171 1051 9369 170 2792 9370 773 2444 9371</p>
        </triangles>
      </mesh>
    </geometry>
  </library_geometries>
  <library_visual_scenes>
    <visual_scene id="Scene" name="Scene">
      <node id="Light_001" name="Light.001" type="NODE">
        <matrix sid="transform">-0.2908646 -0.7711008 0.5663932 4.076245 0.9551712 -0.1998834 0.2183912 1.005454 -0.055189 0.6045247 0.7946723 5.921554 0 0 0 1</matrix>
        <instance_light url="#Light_001-light"/>
      </node>
      <node id="octagon" name="octagon" type="NODE">
        <matrix sid="transform">0.0025 0 0 -131.9899 0 -0.0025 1.94707e-9 2.574093 0 -9.73536e-10 -0.005 0.04305745 0 0 0 1</matrix>
        <instance_geometry url="#octagon_v1-mesh" name="octagon">
          <bind_material>
            <technique_common>
              <instance_material symbol="white_005-material" target="#white_005-material">
                <bind_vertex_input semantic="octagon_v1-mesh-map-0" input_semantic="TEXCOORD" input_set="0"/>
              </instance_material>
            </technique_common>
          </bind_material>
        </instance_geometry>
      </node>
      <node id="octagon_003" name="octagon.003" type="NODE">
        <matrix sid="transform">0.005 0 0 -131.9899 0 -0.005 1.94707e-9 2.574093 0 -1.94707e-9 -0.005 0.04305745 0 0 0 1</matrix>
        <instance_geometry url="#octagon_v1_003-mesh" name="octagon.003">
          <bind_material>
            <technique_common>
              <instance_material symbol="white_004-material" target="#white_004-material">
                <bind_vertex_input semantic="octagon_v1_001-mesh-map-0" input_semantic="TEXCOORD" input_set="0"/>
              </instance_material>
            </technique_common>
          </bind_material>
        </instance_geometry>
      </node>
      <node id="Cylinder" name="Cylinder" type="NODE">
        <matrix sid="transform">1.88745e-9 -0.02294387 0.2382887 0.219456 0 0.009928699 0.5506527 0.496824 -0.025 -1.73221e-9 1.79903e-8 0.04305745 0 0 0 1</matrix>
        <instance_geometry url="#Cylinder-mesh" name="Cylinder"/>
      </node>
      <node id="Cylinder_001" name="Cylinder.001" type="NODE">
        <matrix sid="transform">1.88745e-9 -0.009659728 0.5534015 -0.50292 0 0.0230584 0.2318334 -0.207264 -0.025 -7.29289e-10 4.17807e-8 0.04305745 0 0 0 1</matrix>
        <instance_geometry url="#Cylinder_001-mesh" name="Cylinder.001"/>
      </node>
      <node id="Cylinder_002" name="Cylinder.002" type="NODE">
        <matrix sid="transform">1.88745e-9 -0.02296116 0.2373271 -0.207264 0 0.009888632 0.5510678 -0.50292 -0.025 -1.73352e-9 1.79177e-8 0.04305745 0 0 0 1</matrix>
        <instance_geometry url="#Cylinder_002-mesh" name="Cylinder.002"/>
      </node>
      <node id="Cylinder_003" name="Cylinder.003" type="NODE">
        <matrix sid="transform">4.86768e-9 0.02295425 0.2377118 0.207264 0 0.009904661 -0.550902 -0.50292 -0.025 4.46936e-9 4.62842e-8 0.04305745 0 0 0 1</matrix>
        <instance_geometry url="#Cylinder_003-mesh" name="Cylinder.003"/>
      </node>
      <node id="Cylinder_004" name="Cylinder.004" type="NODE">
        <matrix sid="transform">4.86768e-9 0.02295425 0.2377118 -0.21336 0 0.009904661 -0.550902 0.496824 -0.025 4.46936e-9 4.62842e-8 0.04305745 0 0 0 1</matrix>
        <instance_geometry url="#Cylinder_004-mesh" name="Cylinder.004"/>
      </node>
      <node id="Cylinder_005" name="Cylinder.005" type="NODE">
        <matrix sid="transform">1.88745e-9 -0.009659725 0.5534015 0.50292 0 0.0230584 0.2318334 0.207264 -0.025 -7.29289e-10 4.17807e-8 0.04305745 0 0 0 1</matrix>
        <instance_geometry url="#Cylinder_005-mesh" name="Cylinder.005"/>
      </node>
      <node id="Cylinder_006" name="Cylinder.006" type="NODE">
        <matrix sid="transform">1.88745e-9 0.009659725 0.5534015 -0.50292 0 0.0230584 -0.2318334 0.207264 -0.025 7.29289e-10 4.17807e-8 0.04305745 0 0 0 1</matrix>
        <instance_geometry url="#Cylinder_006-mesh" name="Cylinder.006"/>
      </node>
      <node id="Cylinder_007" name="Cylinder.007" type="NODE">
        <matrix sid="transform">1.88745e-9 0.009659725 0.5534015 0.50292 0 0.0230584 -0.2318334 -0.207264 -0.025 7.29289e-10 4.17807e-8 0.04305745 0 0 0 1</matrix>
        <instance_geometry url="#Cylinder_007-mesh" name="Cylinder.007"/>
      </node>
      <node id="octagon_002" name="octagon.002" type="NODE">
        <matrix sid="transform">0.005 0 0 -131.9899 0 -0.005 1.62921e-9 2.574093 0 -1.62921e-9 -0.005 -0.02536529 0 0 0 1</matrix>
        <instance_geometry url="#octagon_v1_002-mesh" name="octagon.002">
          <bind_material>
            <technique_common>
              <instance_material symbol="white_002-material" target="#white_002-material">
                <bind_vertex_input semantic="UVMap" input_semantic="TEXCOORD" input_set="0"/>
              </instance_material>
            </technique_common>
          </bind_material>
        </instance_geometry>
      </node>
      <node id="Light" name="Light" type="NODE">
        <matrix sid="transform">-0.2908646 -0.7711008 0.5663932 4.076245 0.9551712 -0.1998834 0.2183912 1.005454 -0.05518906 0.6045247 0.7946723 5.921554 0 0 0 1</matrix>
        <instance_light url="#Light-light"/>
      </node>
    </visual_scene>
  </library_visual_scenes>
  <scene>
    <instance_visual_scene url="#Scene"/>
  </scene>
</COLLADA>