<?xml version="1.0" encoding="utf-8"?>
<COLLADA xmlns="http://www.collada.org/2005/11/COLLADASchema" version="1.4.1" xmlns:xsi="http://www.w3.org/2001/XMLSchema-instance">
  <asset>
    <contributor>
      <author>Blender User</author>
      <authoring_tool>Blender 4.4.0 commit date:2025-03-17, commit time:17:00, hash:05377985c527</authoring_tool>
    </contributor>
    <created>2025-07-05T19:10:00</created>
    <modified>2025-07-05T19:10:00</modified>
    <unit name="meter" meter="1"/>
    <up_axis>Z_UP</up_axis>
  </asset>
  <library_effects>
    <effect id="RedMaterial-effect">
      <profile_COMMON>
        <technique sid="common">
          <lambert>
            <emission>
              <color sid="emission">0 0 0 1</color>
            </emission>
            <diffuse>
              <color sid="diffuse">1 0 0 1</color>
            </diffuse>
            <reflectivity>
              <float sid="specular">0.5</float>
            </reflectivity>
          </lambert>
        </technique>
      </profile_COMMON>
    </effect>
  </library_effects>
  <library_images/>
  <library_materials>
    <material id="RedMaterial-material" name="RedMaterial">
      <instance_effect url="#RedMaterial-effect"/>
    </material>
  </library_materials>
  <library_geometries>
    <geometry id="Cylinder_008-mesh" name="Cylinder.008">
      <mesh>
        <source id="Cylinder_008-mesh-positions">
          <float_array id="Cylinder_008-mesh-positions-array" count="192">0 0.02499997 -0.45 0 0.02499997 0.45 0.004877209 0.02451962 -0.45 0.004877209 0.02451962 0.45 0.009567081 0.02309697 -0.45 0.009567081 0.02309697 0.45 0.01388925 0.0207867 -0.45 0.01388925 0.0207867 0.45 0.01767766 0.01767766 -0.45 0.01767766 0.01767766 0.45 0.0207867 0.01388925 -0.45 0.0207867 0.01388925 0.45 0.02309697 0.009567081 -0.45 0.02309697 0.009567081 0.45 0.02451962 0.004877209 -0.45 0.02451962 0.004877209 0.45 0.02499997 0 -0.45 0.02499997 0 0.45 0.02451962 -0.004877209 -0.45 0.02451962 -0.004877209 0.45 0.02309697 -0.009567081 -0.45 0.02309697 -0.009567081 0.45 0.0207867 -0.01388925 -0.45 0.0207867 -0.01388925 0.45 0.01767766 -0.01767766 -0.45 0.01767766 -0.01767766 0.45 0.01388925 -0.0207867 -0.45 0.01388925 -0.0207867 0.45 0.009567081 -0.02309697 -0.45 0.009567081 -0.02309697 0.45 0.004877209 -0.02451962 -0.45 0.004877209 -0.02451962 0.45 0 -0.02499997 -0.45 0 -0.02499997 0.45 -0.004877209 -0.02451962 -0.45 -0.004877209 -0.02451962 0.45 -0.009567081 -0.02309697 -0.45 -0.009567081 -0.02309697 0.45 -0.01388925 -0.0207867 -0.45 -0.01388925 -0.0207867 0.45 -0.01767766 -0.01767766 -0.45 -0.01767766 -0.01767766 0.45 -0.0207867 -0.01388925 -0.45 -0.0207867 -0.01388925 0.45 -0.02309697 -0.009567081 -0.45 -0.02309697 -0.009567081 0.45 -0.02451962 -0.004877209 -0.45 -0.02451962 -0.004877209 0.45 -0.02499997 0 -0.45 -0.02499997 0 0.45 -0.02451962 0.004877209 -0.45 -0.02451962 0.004877209 0.45 -0.02309697 0.009567081 -0.45 -0.02309697 0.009567081 0.45 -0.0207867 0.01388925 -0.45 -0.0207867 0.01388925 0.45 -0.01767766 0.01767766 -0.45 -0.01767766 0.01767766 0.45 -0.01388925 0.0207867 -0.45 -0.01388925 0.0207867 0.45 -0.009567081 0.02309697 -0.45 -0.009567081 0.02309697 0.45 -0.004877209 0.02451962 -0.45 -0.004877209 0.02451962 0.45</float_array>
          <technique_common>
            <accessor source="#Cylinder_008-mesh-positions-array" count="64" stride="3">
              <param name="X" type="float"/>
              <param name="Y" type="float"/>
              <param name="Z" type="float"/>
            </accessor>
          </technique_common>
        </source>
        <source id="Cylinder_008-mesh-normals">
          <float_array id="Cylinder_008-mesh-normals-array" count="372">0.09801727 0.9951847 0 0.2902846 0.9569403 0 0.4713968 0.8819212 0 0.6343931 0.7730107 0 0.7730107 0.6343931 0 0.8819212 0.4713968 0 0.9569403 0.2902846 0 0.9951847 0.09801727 0 0.9951847 -0.09801727 0 0.9569403 -0.2902846 0 0.8819212 -0.4713968 0 0.7730107 -0.6343931 0 0.6343931 -0.7730107 0 0.4713968 -0.8819212 0 0.2902846 -0.9569403 0 0.09801727 -0.9951847 0 -0.09801727 -0.9951847 0 -0.2902846 -0.9569403 0 -0.4713968 -0.8819212 0 -0.6343931 -0.7730107 0 -0.7730107 -0.6343931 0 -0.8819212 -0.4713968 0 -0.9569403 -0.2902846 0 -0.9951847 -0.09801727 0 -0.9951847 0.09801727 0 -0.9569403 0.2902846 0 -0.8819212 0.4713968 0 -0.7730107 0.6343931 0 -0.6343931 0.7730107 0 -0.4713968 0.8819212 0 0 0 1 -0.2902846 0.9569403 0 -0.09801727 0.9951847 0 0 0 -1 0.09801727 0.9951847 0 0.2902846 0.9569403 0 0.4713968 0.8819212 0 0.6343931 0.7730107 0 0.7730107 0.6343931 0 0.8819212 0.4713968 0 0.9569403 0.2902846 0 0.9951847 0.09801727 0 0.9951847 -0.09801727 0 0.9569403 -0.2902846 0 0.8819212 -0.4713968 0 0.7730107 -0.6343931 0 0.6343931 -0.7730107 0 0.4713968 -0.8819212 0 0.2902846 -0.9569403 0 0.09801727 -0.9951847 0 -0.09801727 -0.9951847 0 -0.2902846 -0.9569403 0 -0.4713968 -0.8819212 0 -0.6343931 -0.7730107 0 -0.7730107 -0.6343931 0 -0.8819212 -0.4713968 0 -0.9569403 -0.2902846 0 -0.9951847 -0.09801727 0 -0.9951847 0.09801727 0 -0.9569403 0.2902846 0 -0.8819212 0.4713968 0 -0.7730107 0.6343931 0 -0.6343931 0.7730107 0 -0.4713968 0.8819212 0 0 0 1 0 0 1 0 0 1 0 0 1 0 0 1 0 0 1 0 0 1 0 0 1 0 0 1 0 0 1 0 0 1 0 0 1 0 0 1 0 0 1 0 0 1 0 0 1 0 0 1 0 0 1 0 0 1 0 0 1 0 0 1 0 0 1 0 0 1 0 0 1 0 0 1 0 0 1 0 0 1 0 0 1 0 0 1 -0.2902846 0.9569403 0 -0.09801727 0.9951847 0 0 0 -1 0 0 -1 0 0 -1 0 0 -1 0 0 -1 0 0 -1 0 0 -1 0 0 -1 0 0 -1 0 0 -1 0 0 -1 0 0 -1 0 0 -1 0 0 -1 0 0 -1 0 0 -1 0 0 -1 0 0 -1 0 0 -1 0 0 -1 0 0 -1 0 0 -1 0 0 -1 0 0 -1 0 0 -1 0 0 -1 0 0 -1 0 0 -1 0 0 -1</float_array>
          <technique_common>
            <accessor source="#Cylinder_008-mesh-normals-array" count="124" stride="3">
              <param name="X" type="float"/>
              <param name="Y" type="float"/>
              <param name="Z" type="float"/>
            </accessor>
          </technique_common>
        </source>
        <source id="Cylinder_008-mesh-map-0">
          <float_array id="Cylinder_008-mesh-map-0-array" count="744">1 1 0.96875 0.5 1 0.5 0.96875 1 0.9375 0.5 0.96875 0.5 0.9375 1 0.90625 0.5 0.9375 0.5 0.90625 1 0.875 0.5 0.90625 0.5 0.875 1 0.84375 0.5 0.875 0.5 0.84375 1 0.8125 0.5 0.84375 0.5 0.8125 1 0.78125 0.5 0.8125 0.5 0.78125 1 0.75 0.5 0.78125 0.5 0.75 1 0.71875 0.5 0.75 0.5 0.71875 1 0.6875 0.5 0.71875 0.5 0.6875 1 0.65625 0.5 0.6875 0.5 0.65625 1 0.625 0.5 0.65625 0.5 0.625 1 0.59375 0.5 0.625 0.5 0.59375 1 0.5625 0.5 0.59375 0.5 0.5625 1 0.53125 0.5 0.5625 0.5 0.53125 1 0.5 0.5 0.53125 0.5 0.5 1 0.46875 0.5 0.5 0.5 0.46875 1 0.4375 0.5 0.46875 0.5 0.4375 1 0.40625 0.5 0.4375 0.5 0.40625 1 0.375 0.5 0.40625 0.5 0.375 1 0.34375 0.5 0.375 0.5 0.34375 1 0.3125 0.5 0.34375 0.5 0.3125 1 0.28125 0.5 0.3125 0.5 0.28125 1 0.25 0.5 0.28125 0.5 0.25 1 0.21875 0.5 0.25 0.5 0.21875 1 0.1875 0.5 0.21875 0.5 0.1875 1 0.15625 0.5 0.1875 0.5 0.15625 1 0.125 0.5 0.15625 0.5 0.125 1 0.09375 0.5 0.125 0.5 0.09375 1 0.0625 0.5 0.09375 0.5 0.4717311 0.341844 0.341844 0.4717311 0.1581559 0.02826893 0.0625 1 0.03125 0.5 0.0625 0.5 0.03125 1 0 0.5 0.03125 0.5 0.5504474 0.3833369 0.7031784 0.4853885 0.7968217 0.01461154 1 1 0.96875 1 0.96875 0.5 0.96875 1 0.9375 1 0.9375 0.5 0.9375 1 0.90625 1 0.90625 0.5 0.90625 1 0.875 1 0.875 0.5 0.875 1 0.84375 1 0.84375 0.5 0.84375 1 0.8125 1 0.8125 0.5 0.8125 1 0.78125 1 0.78125 0.5 0.78125 1 0.75 1 0.75 0.5 0.75 1 0.71875 1 0.71875 0.5 0.71875 1 0.6875 1 0.6875 0.5 0.6875 1 0.65625 1 0.65625 0.5 0.65625 1 0.625 1 0.625 0.5 0.625 1 0.59375 1 0.59375 0.5 0.59375 1 0.5625 1 0.5625 0.5 0.5625 1 0.53125 1 0.53125 0.5 0.53125 1 0.5 1 0.5 0.5 0.5 1 0.46875 1 0.46875 0.5 0.46875 1 0.4375 1 0.4375 0.5 0.4375 1 0.40625 1 0.40625 0.5 0.40625 1 0.375 1 0.375 0.5 0.375 1 0.34375 1 0.34375 0.5 0.34375 1 0.3125 1 0.3125 0.5 0.3125 1 0.28125 1 0.28125 0.5 0.28125 1 0.25 1 0.25 0.5 0.25 1 0.21875 1 0.21875 0.5 0.21875 1 0.1875 1 0.1875 0.5 0.1875 1 0.15625 1 0.15625 0.5 0.15625 1 0.125 1 0.125 0.5 0.125 1 0.09375 1 0.09375 0.5 0.09375 1 0.0625 1 0.0625 0.5 0.341844 0.4717311 0.2968217 0.4853885 0.1581559 0.4717311 0.2968217 0.4853885 0.25 0.49 0.1581559 0.4717311 0.25 0.49 0.2031783 0.4853885 0.1581559 0.4717311 0.1581559 0.4717311 0.1166631 0.4495527 0.02826893 0.341844 0.1166631 0.4495527 0.08029437 0.4197056 0.02826893 0.341844 0.08029437 0.4197056 0.05044728 0.3833369 0.02826893 0.341844 0.02826893 0.341844 0.01461154 0.2968217 0.02826893 0.1581559 0.01461154 0.2968217 0.00999999 0.25 0.02826893 0.1581559 0.00999999 0.25 0.01461154 0.2031783 0.02826893 0.1581559 0.02826893 0.1581559 0.05044728 0.1166631 0.08029437 0.08029437 0.08029437 0.08029437 0.1166631 0.05044728 0.02826893 0.1581559 0.1166631 0.05044728 0.1581559 0.02826893 0.02826893 0.1581559 0.1581559 0.02826893 0.2031783 0.01461154 0.25 0.00999999 0.25 0.00999999 0.2968217 0.01461154 0.1581559 0.02826893 0.2968217 0.01461154 0.341844 0.02826893 0.1581559 0.02826893 0.341844 0.02826893 0.3833369 0.05044728 0.4197056 0.08029437 0.4197056 0.08029437 0.4495527 0.1166631 0.341844 0.02826893 0.4495527 0.1166631 0.4717311 0.1581559 0.341844 0.02826893 0.4717311 0.1581559 0.4853885 0.2031783 0.4717311 0.341844 0.4853885 0.2031783 0.49 0.25 0.4717311 0.341844 0.49 0.25 0.4853885 0.2968217 0.4717311 0.341844 0.4717311 0.341844 0.4495527 0.3833369 0.341844 0.4717311 0.4495527 0.3833369 0.4197056 0.4197056 0.341844 0.4717311 0.4197056 0.4197056 0.3833369 0.4495527 0.341844 0.4717311 0.341844 0.4717311 0.1581559 0.4717311 0.1581559 0.02826893 0.1581559 0.4717311 0.02826893 0.341844 0.1581559 0.02826893 0.02826893 0.341844 0.02826893 0.1581559 0.1581559 0.02826893 0.1581559 0.02826893 0.341844 0.02826893 0.4717311 0.1581559 0.4717311 0.1581559 0.4717311 0.341844 0.1581559 0.02826893 0.0625 1 0.03125 1 0.03125 0.5 0.03125 1 0 1 0 0.5 0.7031784 0.4853885 0.75 0.49 0.7968217 0.4853885 0.7968217 0.4853885 0.841844 0.4717311 0.8833369 0.4495527 0.8833369 0.4495527 0.9197056 0.4197056 0.9495527 0.3833369 0.9495527 0.3833369 0.9717311 0.341844 0.9853885 0.2968217 0.9853885 0.2968217 0.99 0.25 0.9853885 0.2031783 0.9853885 0.2031783 0.9717311 0.1581559 0.9495527 0.1166631 0.9495527 0.1166631 0.9197056 0.08029437 0.8833369 0.05044728 0.8833369 0.05044728 0.841844 0.02826893 0.7968217 0.01461154 0.7968217 0.01461154 0.75 0.00999999 0.7031784 0.01461154 0.7031784 0.01461154 0.658156 0.02826893 0.6166632 0.05044728 0.6166632 0.05044728 0.5802944 0.08029437 0.5504474 0.1166631 0.5504474 0.1166631 0.5282689 0.1581559 0.5146116 0.2031783 0.5146116 0.2031783 0.51 0.25 0.5146116 0.2968217 0.5146116 0.2968217 0.5282689 0.341844 0.5504474 0.3833369 0.5504474 0.3833369 0.5802944 0.4197056 0.6166632 0.4495527 0.6166632 0.4495527 0.658156 0.4717311 0.7031784 0.4853885 0.7031784 0.4853885 0.7968217 0.4853885 0.8833369 0.4495527 0.8833369 0.4495527 0.9495527 0.3833369 0.9853885 0.2968217 0.9853885 0.2968217 0.9853885 0.2031783 0.9495527 0.1166631 0.9495527 0.1166631 0.8833369 0.05044728 0.7968217 0.01461154 0.7968217 0.01461154 0.7031784 0.01461154 0.6166632 0.05044728 0.6166632 0.05044728 0.5504474 0.1166631 0.5146116 0.2031783 0.5146116 0.2031783 0.5146116 0.2968217 0.5504474 0.3833369 0.5504474 0.3833369 0.6166632 0.4495527 0.7031784 0.4853885 0.7031784 0.4853885 0.8833369 0.4495527 0.9853885 0.2968217 0.9853885 0.2968217 0.9495527 0.1166631 0.7031784 0.4853885 0.9495527 0.1166631 0.7968217 0.01461154 0.7031784 0.4853885 0.7968217 0.01461154 0.6166632 0.05044728 0.5146116 0.2031783 0.5146116 0.2031783 0.5504474 0.3833369 0.7968217 0.01461154</float_array>
          <technique_common>
            <accessor source="#Cylinder_008-mesh-map-0-array" count="372" stride="2">
              <param name="S" type="float"/>
              <param name="T" type="float"/>
            </accessor>
          </technique_common>
        </source>
        <vertices id="Cylinder_008-mesh-vertices">
          <input semantic="POSITION" source="#Cylinder_008-mesh-positions"/>
        </vertices>
        <triangles count="124">
          <input semantic="VERTEX" source="#Cylinder_008-mesh-vertices" offset="0"/>
          <input semantic="NORMAL" source="#Cylinder_008-mesh-normals" offset="1"/>
          <input semantic="TEXCOORD" source="#Cylinder_008-mesh-map-0" offset="2" set="0"/>
          <p>1 0 0 2 0 1 0 0 2 3 1 3 4 1 4 2 1 5 5 2 6 6 2 7 4 2 8 7 3 9 8 3 10 6 3 11 9 4 12 10 4 13 8 4 14 11 5 15 12 5 16 10 5 17 13 6 18 14 6 19 12 6 20 15 7 21 16 7 22 14 7 23 17 8 24 18 8 25 16 8 26 19 9 27 20 9 28 18 9 29 21 10 30 22 10 31 20 10 32 23 11 33 24 11 34 22 11 35 25 12 36 26 12 37 24 12 38 27 13 39 28 13 40 26 13 41 29 14 42 30 14 43 28 14 44 31 15 45 32 15 46 30 15 47 33 16 48 34 16 49 32 16 50 35 17 51 36 17 52 34 17 53 37 18 54 38 18 55 36 18 56 39 19 57 40 19 58 38 19 59 41 20 60 42 20 61 40 20 62 43 21 63 44 21 64 42 21 65 45 22 66 46 22 67 44 22 68 47 23 69 48 23 70 46 23 71 49 24 72 50 24 73 48 24 74 51 25 75 52 25 76 50 25 77 53 26 78 54 26 79 52 26 80 55 27 81 56 27 82 54 27 83 57 28 84 58 28 85 56 28 86 59 29 87 60 29 88 58 29 89 13 30 90 5 30 91 37 30 92 61 31 93 62 31 94 60 31 95 63 32 96 0 32 97 62 32 98 54 33 99 62 33 100 30 33 101 1 34 102 3 34 103 2 34 104 3 35 105 5 35 106 4 35 107 5 36 108 7 36 109 6 36 110 7 37 111 9 37 112 8 37 113 9 38 114 11 38 115 10 38 116 11 39 117 13 39 118 12 39 119 13 40 120 15 40 121 14 40 122 15 41 123 17 41 124 16 41 125 17 42 126 19 42 127 18 42 128 19 43 129 21 43 130 20 43 131 21 44 132 23 44 133 22 44 134 23 45 135 25 45 136 24 45 137 25 46 138 27 46 139 26 46 140 27 47 141 29 47 142 28 47 143 29 48 144 31 48 145 30 48 146 31 49 147 33 49 148 32 49 149 33 50 150 35 50 151 34 50 152 35 51 153 37 51 154 36 51 155 37 52 156 39 52 157 38 52 158 39 53 159 41 53 160 40 53 161 41 54 162 43 54 163 42 54 164 43 55 165 45 55 166 44 55 167 45 56 168 47 56 169 46 56 170 47 57 171 49 57 172 48 57 173 49 58 174 51 58 175 50 58 176 51 59 177 53 59 178 52 59 179 53 60 180 55 60 181 54 60 182 55 61 183 57 61 184 56 61 185 57 62 186 59 62 187 58 62 188 59 63 189 61 63 190 60 63 191 5 64 192 3 64 193 61 64 194 3 65 195 1 65 196 61 65 197 1 66 198 63 66 199 61 66 200 61 67 201 59 67 202 53 67 203 59 68 204 57 68 205 53 68 206 57 69 207 55 69 208 53 69 209 53 70 210 51 70 211 45 70 212 51 71 213 49 71 214 45 71 215 49 72 216 47 72 217 45 72 218 45 73 219 43 73 220 41 73 221 41 74 222 39 74 223 45 74 224 39 75 225 37 75 226 45 75 227 37 76 228 35 76 229 33 76 230 33 77 231 31 77 232 37 77 233 31 78 234 29 78 235 37 78 236 29 79 237 27 79 238 25 79 239 25 80 240 23 80 241 29 80 242 23 81 243 21 81 244 29 81 245 21 82 246 19 82 247 13 82 248 19 83 249 17 83 250 13 83 251 17 84 252 15 84 253 13 84 254 13 85 255 11 85 256 5 85 257 11 86 258 9 86 259 5 86 260 9 87 261 7 87 262 5 87 263 5 88 264 61 88 265 37 88 266 61 89 267 53 89 268 37 89 269 53 90 270 45 90 271 37 90 272 37 91 273 29 91 274 21 91 275 21 92 276 13 92 277 37 92 278 61 93 279 63 93 280 62 93 281 63 94 282 1 94 283 0 94 284 62 95 285 0 95 286 2 95 287 2 96 288 4 96 289 6 96 290 6 97 291 8 97 292 10 97 293 10 98 294 12 98 295 14 98 296 14 99 297 16 99 298 18 99 299 18 100 300 20 100 301 22 100 302 22 101 303 24 101 304 26 101 305 26 102 306 28 102 307 30 102 308 30 103 309 32 103 310 34 103 311 34 104 312 36 104 313 38 104 314 38 105 315 40 105 316 42 105 317 42 106 318 44 106 319 46 106 320 46 107 321 48 107 322 50 107 323 50 108 324 52 108 325 54 108 326 54 109 327 56 109 328 58 109 329 58 110 330 60 110 331 62 110 332 62 111 333 2 111 334 6 111 335 6 112 336 10 112 337 14 112 338 14 113 339 18 113 340 22 113 341 22 114 342 26 114 343 30 114 344 30 115 345 34 115 346 38 115 347 38 116 348 42 116 349 46 116 350 46 117 351 50 117 352 54 117 353 54 118 354 58 118 355 62 118 356 62 119 357 6 119 358 14 119 359 14 120 360 22 120 361 62 120 362 22 121 363 30 121 364 62 121 365 30 122 366 38 122 367 46 122 368 46 123 369 54 123 370 30 123 371</p>
        </triangles>
      </mesh>
    </geometry>
    <geometry id="Cylinder_007-mesh" name="Cylinder.007">
      <mesh>
        <source id="Cylinder_007-mesh-positions">
          <float_array id="Cylinder_007-mesh-positions-array" count="192">0 0.02499997 -0.45 0 0.02499997 0.45 0.004877209 0.02451962 -0.45 0.004877209 0.02451962 0.45 0.009567081 0.02309697 -0.45 0.009567081 0.02309697 0.45 0.01388925 0.0207867 -0.45 0.01388925 0.0207867 0.45 0.01767766 0.01767766 -0.45 0.01767766 0.01767766 0.45 0.0207867 0.01388925 -0.45 0.0207867 0.01388925 0.45 0.02309697 0.009567081 -0.45 0.02309697 0.009567081 0.45 0.02451962 0.004877209 -0.45 0.02451962 0.004877209 0.45 0.02499997 0 -0.45 0.02499997 0 0.45 0.02451962 -0.004877209 -0.45 0.02451962 -0.004877209 0.45 0.02309697 -0.009567081 -0.45 0.02309697 -0.009567081 0.45 0.0207867 -0.01388925 -0.45 0.0207867 -0.01388925 0.45 0.01767766 -0.01767766 -0.45 0.01767766 -0.01767766 0.45 0.01388925 -0.0207867 -0.45 0.01388925 -0.0207867 0.45 0.009567081 -0.02309697 -0.45 0.009567081 -0.02309697 0.45 0.004877209 -0.02451962 -0.45 0.004877209 -0.02451962 0.45 0 -0.02499997 -0.45 0 -0.02499997 0.45 -0.004877209 -0.02451962 -0.45 -0.004877209 -0.02451962 0.45 -0.009567081 -0.02309697 -0.45 -0.009567081 -0.02309697 0.45 -0.01388925 -0.0207867 -0.45 -0.01388925 -0.0207867 0.45 -0.01767766 -0.01767766 -0.45 -0.01767766 -0.01767766 0.45 -0.0207867 -0.01388925 -0.45 -0.0207867 -0.01388925 0.45 -0.02309697 -0.009567081 -0.45 -0.02309697 -0.009567081 0.45 -0.02451962 -0.004877209 -0.45 -0.02451962 -0.004877209 0.45 -0.02499997 0 -0.45 -0.02499997 0 0.45 -0.02451962 0.004877209 -0.45 -0.02451962 0.004877209 0.45 -0.02309697 0.009567081 -0.45 -0.02309697 0.009567081 0.45 -0.0207867 0.01388925 -0.45 -0.0207867 0.01388925 0.45 -0.01767766 0.01767766 -0.45 -0.01767766 0.01767766 0.45 -0.01388925 0.0207867 -0.45 -0.01388925 0.0207867 0.45 -0.009567081 0.02309697 -0.45 -0.009567081 0.02309697 0.45 -0.004877209 0.02451962 -0.45 -0.004877209 0.02451962 0.45</float_array>
          <technique_common>
            <accessor source="#Cylinder_007-mesh-positions-array" count="64" stride="3">
              <param name="X" type="float"/>
              <param name="Y" type="float"/>
              <param name="Z" type="float"/>
            </accessor>
          </technique_common>
        </source>
        <source id="Cylinder_007-mesh-normals">
          <float_array id="Cylinder_007-mesh-normals-array" count="372">0.09801727 0.9951847 0 0.2902846 0.9569403 0 0.4713968 0.8819212 0 0.6343931 0.7730107 0 0.7730107 0.6343931 0 0.8819212 0.4713968 0 0.9569403 0.2902846 0 0.9951847 0.09801727 0 0.9951847 -0.09801727 0 0.9569403 -0.2902846 0 0.8819212 -0.4713968 0 0.7730107 -0.6343931 0 0.6343931 -0.7730107 0 0.4713968 -0.8819212 0 0.2902846 -0.9569403 0 0.09801727 -0.9951847 0 -0.09801727 -0.9951847 0 -0.2902846 -0.9569403 0 -0.4713968 -0.8819212 0 -0.6343931 -0.7730107 0 -0.7730107 -0.6343931 0 -0.8819212 -0.4713968 0 -0.9569403 -0.2902846 0 -0.9951847 -0.09801727 0 -0.9951847 0.09801727 0 -0.9569403 0.2902846 0 -0.8819212 0.4713968 0 -0.7730107 0.6343931 0 -0.6343931 0.7730107 0 -0.4713968 0.8819212 0 0 0 1 -0.2902846 0.9569403 0 -0.09801727 0.9951847 0 0 0 -1 0.09801727 0.9951847 0 0.2902846 0.9569403 0 0.4713968 0.8819212 0 0.6343931 0.7730107 0 0.7730107 0.6343931 0 0.8819212 0.4713968 0 0.9569403 0.2902846 0 0.9951847 0.09801727 0 0.9951847 -0.09801727 0 0.9569403 -0.2902846 0 0.8819212 -0.4713968 0 0.7730107 -0.6343931 0 0.6343931 -0.7730107 0 0.4713968 -0.8819212 0 0.2902846 -0.9569403 0 0.09801727 -0.9951847 0 -0.09801727 -0.9951847 0 -0.2902846 -0.9569403 0 -0.4713968 -0.8819212 0 -0.6343931 -0.7730107 0 -0.7730107 -0.6343931 0 -0.8819212 -0.4713968 0 -0.9569403 -0.2902846 0 -0.9951847 -0.09801727 0 -0.9951847 0.09801727 0 -0.9569403 0.2902846 0 -0.8819212 0.4713968 0 -0.7730107 0.6343931 0 -0.6343931 0.7730107 0 -0.4713968 0.8819212 0 0 0 1 0 0 1 0 0 1 0 0 1 0 0 1 0 0 1 0 0 1 0 0 1 0 0 1 0 0 1 0 0 1 0 0 1 0 0 1 0 0 1 0 0 1 0 0 1 0 0 1 0 0 1 0 0 1 0 0 1 0 0 1 0 0 1 0 0 1 0 0 1 0 0 1 0 0 1 0 0 1 0 0 1 0 0 1 -0.2902846 0.9569403 0 -0.09801727 0.9951847 0 0 0 -1 0 0 -1 0 0 -1 0 0 -1 0 0 -1 0 0 -1 0 0 -1 0 0 -1 0 0 -1 0 0 -1 0 0 -1 0 0 -1 0 0 -1 0 0 -1 0 0 -1 0 0 -1 0 0 -1 0 0 -1 0 0 -1 0 0 -1 0 0 -1 0 0 -1 0 0 -1 0 0 -1 0 0 -1 0 0 -1 0 0 -1 0 0 -1 0 0 -1</float_array>
          <technique_common>
            <accessor source="#Cylinder_007-mesh-normals-array" count="124" stride="3">
              <param name="X" type="float"/>
              <param name="Y" type="float"/>
              <param name="Z" type="float"/>
            </accessor>
          </technique_common>
        </source>
        <source id="Cylinder_007-mesh-map-0">
          <float_array id="Cylinder_007-mesh-map-0-array" count="744">1 1 0.96875 0.5 1 0.5 0.96875 1 0.9375 0.5 0.96875 0.5 0.9375 1 0.90625 0.5 0.9375 0.5 0.90625 1 0.875 0.5 0.90625 0.5 0.875 1 0.84375 0.5 0.875 0.5 0.84375 1 0.8125 0.5 0.84375 0.5 0.8125 1 0.78125 0.5 0.8125 0.5 0.78125 1 0.75 0.5 0.78125 0.5 0.75 1 0.71875 0.5 0.75 0.5 0.71875 1 0.6875 0.5 0.71875 0.5 0.6875 1 0.65625 0.5 0.6875 0.5 0.65625 1 0.625 0.5 0.65625 0.5 0.625 1 0.59375 0.5 0.625 0.5 0.59375 1 0.5625 0.5 0.59375 0.5 0.5625 1 0.53125 0.5 0.5625 0.5 0.53125 1 0.5 0.5 0.53125 0.5 0.5 1 0.46875 0.5 0.5 0.5 0.46875 1 0.4375 0.5 0.46875 0.5 0.4375 1 0.40625 0.5 0.4375 0.5 0.40625 1 0.375 0.5 0.40625 0.5 0.375 1 0.34375 0.5 0.375 0.5 0.34375 1 0.3125 0.5 0.34375 0.5 0.3125 1 0.28125 0.5 0.3125 0.5 0.28125 1 0.25 0.5 0.28125 0.5 0.25 1 0.21875 0.5 0.25 0.5 0.21875 1 0.1875 0.5 0.21875 0.5 0.1875 1 0.15625 0.5 0.1875 0.5 0.15625 1 0.125 0.5 0.15625 0.5 0.125 1 0.09375 0.5 0.125 0.5 0.09375 1 0.0625 0.5 0.09375 0.5 0.4717311 0.341844 0.341844 0.4717311 0.1581559 0.02826893 0.0625 1 0.03125 0.5 0.0625 0.5 0.03125 1 0 0.5 0.03125 0.5 0.5504474 0.3833369 0.7031784 0.4853885 0.7968217 0.01461154 1 1 0.96875 1 0.96875 0.5 0.96875 1 0.9375 1 0.9375 0.5 0.9375 1 0.90625 1 0.90625 0.5 0.90625 1 0.875 1 0.875 0.5 0.875 1 0.84375 1 0.84375 0.5 0.84375 1 0.8125 1 0.8125 0.5 0.8125 1 0.78125 1 0.78125 0.5 0.78125 1 0.75 1 0.75 0.5 0.75 1 0.71875 1 0.71875 0.5 0.71875 1 0.6875 1 0.6875 0.5 0.6875 1 0.65625 1 0.65625 0.5 0.65625 1 0.625 1 0.625 0.5 0.625 1 0.59375 1 0.59375 0.5 0.59375 1 0.5625 1 0.5625 0.5 0.5625 1 0.53125 1 0.53125 0.5 0.53125 1 0.5 1 0.5 0.5 0.5 1 0.46875 1 0.46875 0.5 0.46875 1 0.4375 1 0.4375 0.5 0.4375 1 0.40625 1 0.40625 0.5 0.40625 1 0.375 1 0.375 0.5 0.375 1 0.34375 1 0.34375 0.5 0.34375 1 0.3125 1 0.3125 0.5 0.3125 1 0.28125 1 0.28125 0.5 0.28125 1 0.25 1 0.25 0.5 0.25 1 0.21875 1 0.21875 0.5 0.21875 1 0.1875 1 0.1875 0.5 0.1875 1 0.15625 1 0.15625 0.5 0.15625 1 0.125 1 0.125 0.5 0.125 1 0.09375 1 0.09375 0.5 0.09375 1 0.0625 1 0.0625 0.5 0.341844 0.4717311 0.2968217 0.4853885 0.1581559 0.4717311 0.2968217 0.4853885 0.25 0.49 0.1581559 0.4717311 0.25 0.49 0.2031783 0.4853885 0.1581559 0.4717311 0.1581559 0.4717311 0.1166631 0.4495527 0.02826893 0.341844 0.1166631 0.4495527 0.08029437 0.4197056 0.02826893 0.341844 0.08029437 0.4197056 0.05044728 0.3833369 0.02826893 0.341844 0.02826893 0.341844 0.01461154 0.2968217 0.02826893 0.1581559 0.01461154 0.2968217 0.00999999 0.25 0.02826893 0.1581559 0.00999999 0.25 0.01461154 0.2031783 0.02826893 0.1581559 0.02826893 0.1581559 0.05044728 0.1166631 0.08029437 0.08029437 0.08029437 0.08029437 0.1166631 0.05044728 0.02826893 0.1581559 0.1166631 0.05044728 0.1581559 0.02826893 0.02826893 0.1581559 0.1581559 0.02826893 0.2031783 0.01461154 0.25 0.00999999 0.25 0.00999999 0.2968217 0.01461154 0.1581559 0.02826893 0.2968217 0.01461154 0.341844 0.02826893 0.1581559 0.02826893 0.341844 0.02826893 0.3833369 0.05044728 0.4197056 0.08029437 0.4197056 0.08029437 0.4495527 0.1166631 0.341844 0.02826893 0.4495527 0.1166631 0.4717311 0.1581559 0.341844 0.02826893 0.4717311 0.1581559 0.4853885 0.2031783 0.4717311 0.341844 0.4853885 0.2031783 0.49 0.25 0.4717311 0.341844 0.49 0.25 0.4853885 0.2968217 0.4717311 0.341844 0.4717311 0.341844 0.4495527 0.3833369 0.341844 0.4717311 0.4495527 0.3833369 0.4197056 0.4197056 0.341844 0.4717311 0.4197056 0.4197056 0.3833369 0.4495527 0.341844 0.4717311 0.341844 0.4717311 0.1581559 0.4717311 0.1581559 0.02826893 0.1581559 0.4717311 0.02826893 0.341844 0.1581559 0.02826893 0.02826893 0.341844 0.02826893 0.1581559 0.1581559 0.02826893 0.1581559 0.02826893 0.341844 0.02826893 0.4717311 0.1581559 0.4717311 0.1581559 0.4717311 0.341844 0.1581559 0.02826893 0.0625 1 0.03125 1 0.03125 0.5 0.03125 1 0 1 0 0.5 0.7031784 0.4853885 0.75 0.49 0.7968217 0.4853885 0.7968217 0.4853885 0.841844 0.4717311 0.8833369 0.4495527 0.8833369 0.4495527 0.9197056 0.4197056 0.9495527 0.3833369 0.9495527 0.3833369 0.9717311 0.341844 0.9853885 0.2968217 0.9853885 0.2968217 0.99 0.25 0.9853885 0.2031783 0.9853885 0.2031783 0.9717311 0.1581559 0.9495527 0.1166631 0.9495527 0.1166631 0.9197056 0.08029437 0.8833369 0.05044728 0.8833369 0.05044728 0.841844 0.02826893 0.7968217 0.01461154 0.7968217 0.01461154 0.75 0.00999999 0.7031784 0.01461154 0.7031784 0.01461154 0.658156 0.02826893 0.6166632 0.05044728 0.6166632 0.05044728 0.5802944 0.08029437 0.5504474 0.1166631 0.5504474 0.1166631 0.5282689 0.1581559 0.5146116 0.2031783 0.5146116 0.2031783 0.51 0.25 0.5146116 0.2968217 0.5146116 0.2968217 0.5282689 0.341844 0.5504474 0.3833369 0.5504474 0.3833369 0.5802944 0.4197056 0.6166632 0.4495527 0.6166632 0.4495527 0.658156 0.4717311 0.7031784 0.4853885 0.7031784 0.4853885 0.7968217 0.4853885 0.8833369 0.4495527 0.8833369 0.4495527 0.9495527 0.3833369 0.9853885 0.2968217 0.9853885 0.2968217 0.9853885 0.2031783 0.9495527 0.1166631 0.9495527 0.1166631 0.8833369 0.05044728 0.7968217 0.01461154 0.7968217 0.01461154 0.7031784 0.01461154 0.6166632 0.05044728 0.6166632 0.05044728 0.5504474 0.1166631 0.5146116 0.2031783 0.5146116 0.2031783 0.5146116 0.2968217 0.5504474 0.3833369 0.5504474 0.3833369 0.6166632 0.4495527 0.7031784 0.4853885 0.7031784 0.4853885 0.8833369 0.4495527 0.9853885 0.2968217 0.9853885 0.2968217 0.9495527 0.1166631 0.7031784 0.4853885 0.9495527 0.1166631 0.7968217 0.01461154 0.7031784 0.4853885 0.7968217 0.01461154 0.6166632 0.05044728 0.5146116 0.2031783 0.5146116 0.2031783 0.5504474 0.3833369 0.7968217 0.01461154</float_array>
          <technique_common>
            <accessor source="#Cylinder_007-mesh-map-0-array" count="372" stride="2">
              <param name="S" type="float"/>
              <param name="T" type="float"/>
            </accessor>
          </technique_common>
        </source>
        <vertices id="Cylinder_007-mesh-vertices">
          <input semantic="POSITION" source="#Cylinder_007-mesh-positions"/>
        </vertices>
        <triangles material="RedMaterial-material" count="124">
          <input semantic="VERTEX" source="#Cylinder_007-mesh-vertices" offset="0"/>
          <input semantic="NORMAL" source="#Cylinder_007-mesh-normals" offset="1"/>
          <input semantic="TEXCOORD" source="#Cylinder_007-mesh-map-0" offset="2" set="0"/>
          <p>1 0 0 2 0 1 0 0 2 3 1 3 4 1 4 2 1 5 5 2 6 6 2 7 4 2 8 7 3 9 8 3 10 6 3 11 9 4 12 10 4 13 8 4 14 11 5 15 12 5 16 10 5 17 13 6 18 14 6 19 12 6 20 15 7 21 16 7 22 14 7 23 17 8 24 18 8 25 16 8 26 19 9 27 20 9 28 18 9 29 21 10 30 22 10 31 20 10 32 23 11 33 24 11 34 22 11 35 25 12 36 26 12 37 24 12 38 27 13 39 28 13 40 26 13 41 29 14 42 30 14 43 28 14 44 31 15 45 32 15 46 30 15 47 33 16 48 34 16 49 32 16 50 35 17 51 36 17 52 34 17 53 37 18 54 38 18 55 36 18 56 39 19 57 40 19 58 38 19 59 41 20 60 42 20 61 40 20 62 43 21 63 44 21 64 42 21 65 45 22 66 46 22 67 44 22 68 47 23 69 48 23 70 46 23 71 49 24 72 50 24 73 48 24 74 51 25 75 52 25 76 50 25 77 53 26 78 54 26 79 52 26 80 55 27 81 56 27 82 54 27 83 57 28 84 58 28 85 56 28 86 59 29 87 60 29 88 58 29 89 13 30 90 5 30 91 37 30 92 61 31 93 62 31 94 60 31 95 63 32 96 0 32 97 62 32 98 54 33 99 62 33 100 30 33 101 1 34 102 3 34 103 2 34 104 3 35 105 5 35 106 4 35 107 5 36 108 7 36 109 6 36 110 7 37 111 9 37 112 8 37 113 9 38 114 11 38 115 10 38 116 11 39 117 13 39 118 12 39 119 13 40 120 15 40 121 14 40 122 15 41 123 17 41 124 16 41 125 17 42 126 19 42 127 18 42 128 19 43 129 21 43 130 20 43 131 21 44 132 23 44 133 22 44 134 23 45 135 25 45 136 24 45 137 25 46 138 27 46 139 26 46 140 27 47 141 29 47 142 28 47 143 29 48 144 31 48 145 30 48 146 31 49 147 33 49 148 32 49 149 33 50 150 35 50 151 34 50 152 35 51 153 37 51 154 36 51 155 37 52 156 39 52 157 38 52 158 39 53 159 41 53 160 40 53 161 41 54 162 43 54 163 42 54 164 43 55 165 45 55 166 44 55 167 45 56 168 47 56 169 46 56 170 47 57 171 49 57 172 48 57 173 49 58 174 51 58 175 50 58 176 51 59 177 53 59 178 52 59 179 53 60 180 55 60 181 54 60 182 55 61 183 57 61 184 56 61 185 57 62 186 59 62 187 58 62 188 59 63 189 61 63 190 60 63 191 5 64 192 3 64 193 61 64 194 3 65 195 1 65 196 61 65 197 1 66 198 63 66 199 61 66 200 61 67 201 59 67 202 53 67 203 59 68 204 57 68 205 53 68 206 57 69 207 55 69 208 53 69 209 53 70 210 51 70 211 45 70 212 51 71 213 49 71 214 45 71 215 49 72 216 47 72 217 45 72 218 45 73 219 43 73 220 41 73 221 41 74 222 39 74 223 45 74 224 39 75 225 37 75 226 45 75 227 37 76 228 35 76 229 33 76 230 33 77 231 31 77 232 37 77 233 31 78 234 29 78 235 37 78 236 29 79 237 27 79 238 25 79 239 25 80 240 23 80 241 29 80 242 23 81 243 21 81 244 29 81 245 21 82 246 19 82 247 13 82 248 19 83 249 17 83 250 13 83 251 17 84 252 15 84 253 13 84 254 13 85 255 11 85 256 5 85 257 11 86 258 9 86 259 5 86 260 9 87 261 7 87 262 5 87 263 5 88 264 61 88 265 37 88 266 61 89 267 53 89 268 37 89 269 53 90 270 45 90 271 37 90 272 37 91 273 29 91 274 21 91 275 21 92 276 13 92 277 37 92 278 61 93 279 63 93 280 62 93 281 63 94 282 1 94 283 0 94 284 62 95 285 0 95 286 2 95 287 2 96 288 4 96 289 6 96 290 6 97 291 8 97 292 10 97 293 10 98 294 12 98 295 14 98 296 14 99 297 16 99 298 18 99 299 18 100 300 20 100 301 22 100 302 22 101 303 24 101 304 26 101 305 26 102 306 28 102 307 30 102 308 30 103 309 32 103 310 34 103 311 34 104 312 36 104 313 38 104 314 38 105 315 40 105 316 42 105 317 42 106 318 44 106 319 46 106 320 46 107 321 48 107 322 50 107 323 50 108 324 52 108 325 54 108 326 54 109 327 56 109 328 58 109 329 58 110 330 60 110 331 62 110 332 62 111 333 2 111 334 6 111 335 6 112 336 10 112 337 14 112 338 14 113 339 18 113 340 22 113 341 22 114 342 26 114 343 30 114 344 30 115 345 34 115 346 38 115 347 38 116 348 42 116 349 46 116 350 46 117 351 50 117 352 54 117 353 54 118 354 58 118 355 62 118 356 62 119 357 6 119 358 14 119 359 14 120 360 22 120 361 62 120 362 22 121 363 30 121 364 62 121 365 30 122 366 38 122 367 46 122 368 46 123 369 54 123 370 30 123 371</p>
        </triangles>
      </mesh>
    </geometry>
    <geometry id="Cylinder_006-mesh" name="Cylinder.006">
      <mesh>
        <source id="Cylinder_006-mesh-positions">
          <float_array id="Cylinder_006-mesh-positions-array" count="192">0 0.02499997 -0.45 0 0.02499997 0.45 0.004877209 0.02451962 -0.45 0.004877209 0.02451962 0.45 0.009567081 0.02309697 -0.45 0.009567081 0.02309697 0.45 0.01388925 0.0207867 -0.45 0.01388925 0.0207867 0.45 0.01767766 0.01767766 -0.45 0.01767766 0.01767766 0.45 0.0207867 0.01388925 -0.45 0.0207867 0.01388925 0.45 0.02309697 0.009567081 -0.45 0.02309697 0.009567081 0.45 0.02451962 0.004877209 -0.45 0.02451962 0.004877209 0.45 0.02499997 0 -0.45 0.02499997 0 0.45 0.02451962 -0.004877209 -0.45 0.02451962 -0.004877209 0.45 0.02309697 -0.009567081 -0.45 0.02309697 -0.009567081 0.45 0.0207867 -0.01388925 -0.45 0.0207867 -0.01388925 0.45 0.01767766 -0.01767766 -0.45 0.01767766 -0.01767766 0.45 0.01388925 -0.0207867 -0.45 0.01388925 -0.0207867 0.45 0.009567081 -0.02309697 -0.45 0.009567081 -0.02309697 0.45 0.004877209 -0.02451962 -0.45 0.004877209 -0.02451962 0.45 0 -0.02499997 -0.45 0 -0.02499997 0.45 -0.004877209 -0.02451962 -0.45 -0.004877209 -0.02451962 0.45 -0.009567081 -0.02309697 -0.45 -0.009567081 -0.02309697 0.45 -0.01388925 -0.0207867 -0.45 -0.01388925 -0.0207867 0.45 -0.01767766 -0.01767766 -0.45 -0.01767766 -0.01767766 0.45 -0.0207867 -0.01388925 -0.45 -0.0207867 -0.01388925 0.45 -0.02309697 -0.009567081 -0.45 -0.02309697 -0.009567081 0.45 -0.02451962 -0.004877209 -0.45 -0.02451962 -0.004877209 0.45 -0.02499997 0 -0.45 -0.02499997 0 0.45 -0.02451962 0.004877209 -0.45 -0.02451962 0.004877209 0.45 -0.02309697 0.009567081 -0.45 -0.02309697 0.009567081 0.45 -0.0207867 0.01388925 -0.45 -0.0207867 0.01388925 0.45 -0.01767766 0.01767766 -0.45 -0.01767766 0.01767766 0.45 -0.01388925 0.0207867 -0.45 -0.01388925 0.0207867 0.45 -0.009567081 0.02309697 -0.45 -0.009567081 0.02309697 0.45 -0.004877209 0.02451962 -0.45 -0.004877209 0.02451962 0.45</float_array>
          <technique_common>
            <accessor source="#Cylinder_006-mesh-positions-array" count="64" stride="3">
              <param name="X" type="float"/>
              <param name="Y" type="float"/>
              <param name="Z" type="float"/>
            </accessor>
          </technique_common>
        </source>
        <source id="Cylinder_006-mesh-normals">
          <float_array id="Cylinder_006-mesh-normals-array" count="372">0.09801727 0.9951847 0 0.2902846 0.9569403 0 0.4713968 0.8819212 0 0.6343931 0.7730107 0 0.7730107 0.6343931 0 0.8819212 0.4713968 0 0.9569403 0.2902846 0 0.9951847 0.09801727 0 0.9951847 -0.09801727 0 0.9569403 -0.2902846 0 0.8819212 -0.4713968 0 0.7730107 -0.6343931 0 0.6343931 -0.7730107 0 0.4713968 -0.8819212 0 0.2902846 -0.9569403 0 0.09801727 -0.9951847 0 -0.09801727 -0.9951847 0 -0.2902846 -0.9569403 0 -0.4713968 -0.8819212 0 -0.6343931 -0.7730107 0 -0.7730107 -0.6343931 0 -0.8819212 -0.4713968 0 -0.9569403 -0.2902846 0 -0.9951847 -0.09801727 0 -0.9951847 0.09801727 0 -0.9569403 0.2902846 0 -0.8819212 0.4713968 0 -0.7730107 0.6343931 0 -0.6343931 0.7730107 0 -0.4713968 0.8819212 0 0 0 1 -0.2902846 0.9569403 0 -0.09801727 0.9951847 0 0 0 -1 0.09801727 0.9951847 0 0.2902846 0.9569403 0 0.4713968 0.8819212 0 0.6343931 0.7730107 0 0.7730107 0.6343931 0 0.8819212 0.4713968 0 0.9569403 0.2902846 0 0.9951847 0.09801727 0 0.9951847 -0.09801727 0 0.9569403 -0.2902846 0 0.8819212 -0.4713968 0 0.7730107 -0.6343931 0 0.6343931 -0.7730107 0 0.4713968 -0.8819212 0 0.2902846 -0.9569403 0 0.09801727 -0.9951847 0 -0.09801727 -0.9951847 0 -0.2902846 -0.9569403 0 -0.4713968 -0.8819212 0 -0.6343931 -0.7730107 0 -0.7730107 -0.6343931 0 -0.8819212 -0.4713968 0 -0.9569403 -0.2902846 0 -0.9951847 -0.09801727 0 -0.9951847 0.09801727 0 -0.9569403 0.2902846 0 -0.8819212 0.4713968 0 -0.7730107 0.6343931 0 -0.6343931 0.7730107 0 -0.4713968 0.8819212 0 0 0 1 0 0 1 0 0 1 0 0 1 0 0 1 0 0 1 0 0 1 0 0 1 0 0 1 0 0 1 0 0 1 0 0 1 0 0 1 0 0 1 0 0 1 0 0 1 0 0 1 0 0 1 0 0 1 0 0 1 0 0 1 0 0 1 0 0 1 0 0 1 0 0 1 0 0 1 0 0 1 0 0 1 0 0 1 -0.2902846 0.9569403 0 -0.09801727 0.9951847 0 0 0 -1 0 0 -1 0 0 -1 0 0 -1 0 0 -1 0 0 -1 0 0 -1 0 0 -1 0 0 -1 0 0 -1 0 0 -1 0 0 -1 0 0 -1 0 0 -1 0 0 -1 0 0 -1 0 0 -1 0 0 -1 0 0 -1 0 0 -1 0 0 -1 0 0 -1 0 0 -1 0 0 -1 0 0 -1 0 0 -1 0 0 -1 0 0 -1 0 0 -1</float_array>
          <technique_common>
            <accessor source="#Cylinder_006-mesh-normals-array" count="124" stride="3">
              <param name="X" type="float"/>
              <param name="Y" type="float"/>
              <param name="Z" type="float"/>
            </accessor>
          </technique_common>
        </source>
        <source id="Cylinder_006-mesh-map-0">
          <float_array id="Cylinder_006-mesh-map-0-array" count="744">1 1 0.96875 0.5 1 0.5 0.96875 1 0.9375 0.5 0.96875 0.5 0.9375 1 0.90625 0.5 0.9375 0.5 0.90625 1 0.875 0.5 0.90625 0.5 0.875 1 0.84375 0.5 0.875 0.5 0.84375 1 0.8125 0.5 0.84375 0.5 0.8125 1 0.78125 0.5 0.8125 0.5 0.78125 1 0.75 0.5 0.78125 0.5 0.75 1 0.71875 0.5 0.75 0.5 0.71875 1 0.6875 0.5 0.71875 0.5 0.6875 1 0.65625 0.5 0.6875 0.5 0.65625 1 0.625 0.5 0.65625 0.5 0.625 1 0.59375 0.5 0.625 0.5 0.59375 1 0.5625 0.5 0.59375 0.5 0.5625 1 0.53125 0.5 0.5625 0.5 0.53125 1 0.5 0.5 0.53125 0.5 0.5 1 0.46875 0.5 0.5 0.5 0.46875 1 0.4375 0.5 0.46875 0.5 0.4375 1 0.40625 0.5 0.4375 0.5 0.40625 1 0.375 0.5 0.40625 0.5 0.375 1 0.34375 0.5 0.375 0.5 0.34375 1 0.3125 0.5 0.34375 0.5 0.3125 1 0.28125 0.5 0.3125 0.5 0.28125 1 0.25 0.5 0.28125 0.5 0.25 1 0.21875 0.5 0.25 0.5 0.21875 1 0.1875 0.5 0.21875 0.5 0.1875 1 0.15625 0.5 0.1875 0.5 0.15625 1 0.125 0.5 0.15625 0.5 0.125 1 0.09375 0.5 0.125 0.5 0.09375 1 0.0625 0.5 0.09375 0.5 0.4717311 0.341844 0.341844 0.4717311 0.1581559 0.02826893 0.0625 1 0.03125 0.5 0.0625 0.5 0.03125 1 0 0.5 0.03125 0.5 0.5504474 0.3833369 0.7031784 0.4853885 0.7968217 0.01461154 1 1 0.96875 1 0.96875 0.5 0.96875 1 0.9375 1 0.9375 0.5 0.9375 1 0.90625 1 0.90625 0.5 0.90625 1 0.875 1 0.875 0.5 0.875 1 0.84375 1 0.84375 0.5 0.84375 1 0.8125 1 0.8125 0.5 0.8125 1 0.78125 1 0.78125 0.5 0.78125 1 0.75 1 0.75 0.5 0.75 1 0.71875 1 0.71875 0.5 0.71875 1 0.6875 1 0.6875 0.5 0.6875 1 0.65625 1 0.65625 0.5 0.65625 1 0.625 1 0.625 0.5 0.625 1 0.59375 1 0.59375 0.5 0.59375 1 0.5625 1 0.5625 0.5 0.5625 1 0.53125 1 0.53125 0.5 0.53125 1 0.5 1 0.5 0.5 0.5 1 0.46875 1 0.46875 0.5 0.46875 1 0.4375 1 0.4375 0.5 0.4375 1 0.40625 1 0.40625 0.5 0.40625 1 0.375 1 0.375 0.5 0.375 1 0.34375 1 0.34375 0.5 0.34375 1 0.3125 1 0.3125 0.5 0.3125 1 0.28125 1 0.28125 0.5 0.28125 1 0.25 1 0.25 0.5 0.25 1 0.21875 1 0.21875 0.5 0.21875 1 0.1875 1 0.1875 0.5 0.1875 1 0.15625 1 0.15625 0.5 0.15625 1 0.125 1 0.125 0.5 0.125 1 0.09375 1 0.09375 0.5 0.09375 1 0.0625 1 0.0625 0.5 0.341844 0.4717311 0.2968217 0.4853885 0.1581559 0.4717311 0.2968217 0.4853885 0.25 0.49 0.1581559 0.4717311 0.25 0.49 0.2031783 0.4853885 0.1581559 0.4717311 0.1581559 0.4717311 0.1166631 0.4495527 0.02826893 0.341844 0.1166631 0.4495527 0.08029437 0.4197056 0.02826893 0.341844 0.08029437 0.4197056 0.05044728 0.3833369 0.02826893 0.341844 0.02826893 0.341844 0.01461154 0.2968217 0.02826893 0.1581559 0.01461154 0.2968217 0.00999999 0.25 0.02826893 0.1581559 0.00999999 0.25 0.01461154 0.2031783 0.02826893 0.1581559 0.02826893 0.1581559 0.05044728 0.1166631 0.08029437 0.08029437 0.08029437 0.08029437 0.1166631 0.05044728 0.02826893 0.1581559 0.1166631 0.05044728 0.1581559 0.02826893 0.02826893 0.1581559 0.1581559 0.02826893 0.2031783 0.01461154 0.25 0.00999999 0.25 0.00999999 0.2968217 0.01461154 0.1581559 0.02826893 0.2968217 0.01461154 0.341844 0.02826893 0.1581559 0.02826893 0.341844 0.02826893 0.3833369 0.05044728 0.4197056 0.08029437 0.4197056 0.08029437 0.4495527 0.1166631 0.341844 0.02826893 0.4495527 0.1166631 0.4717311 0.1581559 0.341844 0.02826893 0.4717311 0.1581559 0.4853885 0.2031783 0.4717311 0.341844 0.4853885 0.2031783 0.49 0.25 0.4717311 0.341844 0.49 0.25 0.4853885 0.2968217 0.4717311 0.341844 0.4717311 0.341844 0.4495527 0.3833369 0.341844 0.4717311 0.4495527 0.3833369 0.4197056 0.4197056 0.341844 0.4717311 0.4197056 0.4197056 0.3833369 0.4495527 0.341844 0.4717311 0.341844 0.4717311 0.1581559 0.4717311 0.1581559 0.02826893 0.1581559 0.4717311 0.02826893 0.341844 0.1581559 0.02826893 0.02826893 0.341844 0.02826893 0.1581559 0.1581559 0.02826893 0.1581559 0.02826893 0.341844 0.02826893 0.4717311 0.1581559 0.4717311 0.1581559 0.4717311 0.341844 0.1581559 0.02826893 0.0625 1 0.03125 1 0.03125 0.5 0.03125 1 0 1 0 0.5 0.7031784 0.4853885 0.75 0.49 0.7968217 0.4853885 0.7968217 0.4853885 0.841844 0.4717311 0.8833369 0.4495527 0.8833369 0.4495527 0.9197056 0.4197056 0.9495527 0.3833369 0.9495527 0.3833369 0.9717311 0.341844 0.9853885 0.2968217 0.9853885 0.2968217 0.99 0.25 0.9853885 0.2031783 0.9853885 0.2031783 0.9717311 0.1581559 0.9495527 0.1166631 0.9495527 0.1166631 0.9197056 0.08029437 0.8833369 0.05044728 0.8833369 0.05044728 0.841844 0.02826893 0.7968217 0.01461154 0.7968217 0.01461154 0.75 0.00999999 0.7031784 0.01461154 0.7031784 0.01461154 0.658156 0.02826893 0.6166632 0.05044728 0.6166632 0.05044728 0.5802944 0.08029437 0.5504474 0.1166631 0.5504474 0.1166631 0.5282689 0.1581559 0.5146116 0.2031783 0.5146116 0.2031783 0.51 0.25 0.5146116 0.2968217 0.5146116 0.2968217 0.5282689 0.341844 0.5504474 0.3833369 0.5504474 0.3833369 0.5802944 0.4197056 0.6166632 0.4495527 0.6166632 0.4495527 0.658156 0.4717311 0.7031784 0.4853885 0.7031784 0.4853885 0.7968217 0.4853885 0.8833369 0.4495527 0.8833369 0.4495527 0.9495527 0.3833369 0.9853885 0.2968217 0.9853885 0.2968217 0.9853885 0.2031783 0.9495527 0.1166631 0.9495527 0.1166631 0.8833369 0.05044728 0.7968217 0.01461154 0.7968217 0.01461154 0.7031784 0.01461154 0.6166632 0.05044728 0.6166632 0.05044728 0.5504474 0.1166631 0.5146116 0.2031783 0.5146116 0.2031783 0.5146116 0.2968217 0.5504474 0.3833369 0.5504474 0.3833369 0.6166632 0.4495527 0.7031784 0.4853885 0.7031784 0.4853885 0.8833369 0.4495527 0.9853885 0.2968217 0.9853885 0.2968217 0.9495527 0.1166631 0.7031784 0.4853885 0.9495527 0.1166631 0.7968217 0.01461154 0.7031784 0.4853885 0.7968217 0.01461154 0.6166632 0.05044728 0.5146116 0.2031783 0.5146116 0.2031783 0.5504474 0.3833369 0.7968217 0.01461154</float_array>
          <technique_common>
            <accessor source="#Cylinder_006-mesh-map-0-array" count="372" stride="2">
              <param name="S" type="float"/>
              <param name="T" type="float"/>
            </accessor>
          </technique_common>
        </source>
        <vertices id="Cylinder_006-mesh-vertices">
          <input semantic="POSITION" source="#Cylinder_006-mesh-positions"/>
        </vertices>
        <triangles count="124">
          <input semantic="VERTEX" source="#Cylinder_006-mesh-vertices" offset="0"/>
          <input semantic="NORMAL" source="#Cylinder_006-mesh-normals" offset="1"/>
          <input semantic="TEXCOORD" source="#Cylinder_006-mesh-map-0" offset="2" set="0"/>
          <p>1 0 0 2 0 1 0 0 2 3 1 3 4 1 4 2 1 5 5 2 6 6 2 7 4 2 8 7 3 9 8 3 10 6 3 11 9 4 12 10 4 13 8 4 14 11 5 15 12 5 16 10 5 17 13 6 18 14 6 19 12 6 20 15 7 21 16 7 22 14 7 23 17 8 24 18 8 25 16 8 26 19 9 27 20 9 28 18 9 29 21 10 30 22 10 31 20 10 32 23 11 33 24 11 34 22 11 35 25 12 36 26 12 37 24 12 38 27 13 39 28 13 40 26 13 41 29 14 42 30 14 43 28 14 44 31 15 45 32 15 46 30 15 47 33 16 48 34 16 49 32 16 50 35 17 51 36 17 52 34 17 53 37 18 54 38 18 55 36 18 56 39 19 57 40 19 58 38 19 59 41 20 60 42 20 61 40 20 62 43 21 63 44 21 64 42 21 65 45 22 66 46 22 67 44 22 68 47 23 69 48 23 70 46 23 71 49 24 72 50 24 73 48 24 74 51 25 75 52 25 76 50 25 77 53 26 78 54 26 79 52 26 80 55 27 81 56 27 82 54 27 83 57 28 84 58 28 85 56 28 86 59 29 87 60 29 88 58 29 89 13 30 90 5 30 91 37 30 92 61 31 93 62 31 94 60 31 95 63 32 96 0 32 97 62 32 98 54 33 99 62 33 100 30 33 101 1 34 102 3 34 103 2 34 104 3 35 105 5 35 106 4 35 107 5 36 108 7 36 109 6 36 110 7 37 111 9 37 112 8 37 113 9 38 114 11 38 115 10 38 116 11 39 117 13 39 118 12 39 119 13 40 120 15 40 121 14 40 122 15 41 123 17 41 124 16 41 125 17 42 126 19 42 127 18 42 128 19 43 129 21 43 130 20 43 131 21 44 132 23 44 133 22 44 134 23 45 135 25 45 136 24 45 137 25 46 138 27 46 139 26 46 140 27 47 141 29 47 142 28 47 143 29 48 144 31 48 145 30 48 146 31 49 147 33 49 148 32 49 149 33 50 150 35 50 151 34 50 152 35 51 153 37 51 154 36 51 155 37 52 156 39 52 157 38 52 158 39 53 159 41 53 160 40 53 161 41 54 162 43 54 163 42 54 164 43 55 165 45 55 166 44 55 167 45 56 168 47 56 169 46 56 170 47 57 171 49 57 172 48 57 173 49 58 174 51 58 175 50 58 176 51 59 177 53 59 178 52 59 179 53 60 180 55 60 181 54 60 182 55 61 183 57 61 184 56 61 185 57 62 186 59 62 187 58 62 188 59 63 189 61 63 190 60 63 191 5 64 192 3 64 193 61 64 194 3 65 195 1 65 196 61 65 197 1 66 198 63 66 199 61 66 200 61 67 201 59 67 202 53 67 203 59 68 204 57 68 205 53 68 206 57 69 207 55 69 208 53 69 209 53 70 210 51 70 211 45 70 212 51 71 213 49 71 214 45 71 215 49 72 216 47 72 217 45 72 218 45 73 219 43 73 220 41 73 221 41 74 222 39 74 223 45 74 224 39 75 225 37 75 226 45 75 227 37 76 228 35 76 229 33 76 230 33 77 231 31 77 232 37 77 233 31 78 234 29 78 235 37 78 236 29 79 237 27 79 238 25 79 239 25 80 240 23 80 241 29 80 242 23 81 243 21 81 244 29 81 245 21 82 246 19 82 247 13 82 248 19 83 249 17 83 250 13 83 251 17 84 252 15 84 253 13 84 254 13 85 255 11 85 256 5 85 257 11 86 258 9 86 259 5 86 260 9 87 261 7 87 262 5 87 263 5 88 264 61 88 265 37 88 266 61 89 267 53 89 268 37 89 269 53 90 270 45 90 271 37 90 272 37 91 273 29 91 274 21 91 275 21 92 276 13 92 277 37 92 278 61 93 279 63 93 280 62 93 281 63 94 282 1 94 283 0 94 284 62 95 285 0 95 286 2 95 287 2 96 288 4 96 289 6 96 290 6 97 291 8 97 292 10 97 293 10 98 294 12 98 295 14 98 296 14 99 297 16 99 298 18 99 299 18 100 300 20 100 301 22 100 302 22 101 303 24 101 304 26 101 305 26 102 306 28 102 307 30 102 308 30 103 309 32 103 310 34 103 311 34 104 312 36 104 313 38 104 314 38 105 315 40 105 316 42 105 317 42 106 318 44 106 319 46 106 320 46 107 321 48 107 322 50 107 323 50 108 324 52 108 325 54 108 326 54 109 327 56 109 328 58 109 329 58 110 330 60 110 331 62 110 332 62 111 333 2 111 334 6 111 335 6 112 336 10 112 337 14 112 338 14 113 339 18 113 340 22 113 341 22 114 342 26 114 343 30 114 344 30 115 345 34 115 346 38 115 347 38 116 348 42 116 349 46 116 350 46 117 351 50 117 352 54 117 353 54 118 354 58 118 355 62 118 356 62 119 357 6 119 358 14 119 359 14 120 360 22 120 361 62 120 362 22 121 363 30 121 364 62 121 365 30 122 366 38 122 367 46 122 368 46 123 369 54 123 370 30 123 371</p>
        </triangles>
      </mesh>
    </geometry>
    <geometry id="Cylinder_005-mesh" name="Cylinder.005">
      <mesh>
        <source id="Cylinder_005-mesh-positions">
          <float_array id="Cylinder_005-mesh-positions-array" count="192">0 0.02499997 -0.45 0 0.02499997 0.45 0.004877209 0.02451962 -0.45 0.004877209 0.02451962 0.45 0.009567081 0.02309697 -0.45 0.009567081 0.02309697 0.45 0.01388925 0.0207867 -0.45 0.01388925 0.0207867 0.45 0.01767766 0.01767766 -0.45 0.01767766 0.01767766 0.45 0.0207867 0.01388925 -0.45 0.0207867 0.01388925 0.45 0.02309697 0.009567081 -0.45 0.02309697 0.009567081 0.45 0.02451962 0.004877209 -0.45 0.02451962 0.004877209 0.45 0.02499997 0 -0.45 0.02499997 0 0.45 0.02451962 -0.004877209 -0.45 0.02451962 -0.004877209 0.45 0.02309697 -0.009567081 -0.45 0.02309697 -0.009567081 0.45 0.0207867 -0.01388925 -0.45 0.0207867 -0.01388925 0.45 0.01767766 -0.01767766 -0.45 0.01767766 -0.01767766 0.45 0.01388925 -0.0207867 -0.45 0.01388925 -0.0207867 0.45 0.009567081 -0.02309697 -0.45 0.009567081 -0.02309697 0.45 0.004877209 -0.02451962 -0.45 0.004877209 -0.02451962 0.45 0 -0.02499997 -0.45 0 -0.02499997 0.45 -0.004877209 -0.02451962 -0.45 -0.004877209 -0.02451962 0.45 -0.009567081 -0.02309697 -0.45 -0.009567081 -0.02309697 0.45 -0.01388925 -0.0207867 -0.45 -0.01388925 -0.0207867 0.45 -0.01767766 -0.01767766 -0.45 -0.01767766 -0.01767766 0.45 -0.0207867 -0.01388925 -0.45 -0.0207867 -0.01388925 0.45 -0.02309697 -0.009567081 -0.45 -0.02309697 -0.009567081 0.45 -0.02451962 -0.004877209 -0.45 -0.02451962 -0.004877209 0.45 -0.02499997 0 -0.45 -0.02499997 0 0.45 -0.02451962 0.004877209 -0.45 -0.02451962 0.004877209 0.45 -0.02309697 0.009567081 -0.45 -0.02309697 0.009567081 0.45 -0.0207867 0.01388925 -0.45 -0.0207867 0.01388925 0.45 -0.01767766 0.01767766 -0.45 -0.01767766 0.01767766 0.45 -0.01388925 0.0207867 -0.45 -0.01388925 0.0207867 0.45 -0.009567081 0.02309697 -0.45 -0.009567081 0.02309697 0.45 -0.004877209 0.02451962 -0.45 -0.004877209 0.02451962 0.45</float_array>
          <technique_common>
            <accessor source="#Cylinder_005-mesh-positions-array" count="64" stride="3">
              <param name="X" type="float"/>
              <param name="Y" type="float"/>
              <param name="Z" type="float"/>
            </accessor>
          </technique_common>
        </source>
        <source id="Cylinder_005-mesh-normals">
          <float_array id="Cylinder_005-mesh-normals-array" count="372">0.09801727 0.9951847 0 0.2902846 0.9569403 0 0.4713968 0.8819212 0 0.6343931 0.7730107 0 0.7730107 0.6343931 0 0.8819212 0.4713968 0 0.9569403 0.2902846 0 0.9951847 0.09801727 0 0.9951847 -0.09801727 0 0.9569403 -0.2902846 0 0.8819212 -0.4713968 0 0.7730107 -0.6343931 0 0.6343931 -0.7730107 0 0.4713968 -0.8819212 0 0.2902846 -0.9569403 0 0.09801727 -0.9951847 0 -0.09801727 -0.9951847 0 -0.2902846 -0.9569403 0 -0.4713968 -0.8819212 0 -0.6343931 -0.7730107 0 -0.7730107 -0.6343931 0 -0.8819212 -0.4713968 0 -0.9569403 -0.2902846 0 -0.9951847 -0.09801727 0 -0.9951847 0.09801727 0 -0.9569403 0.2902846 0 -0.8819212 0.4713968 0 -0.7730107 0.6343931 0 -0.6343931 0.7730107 0 -0.4713968 0.8819212 0 0 0 1 -0.2902846 0.9569403 0 -0.09801727 0.9951847 0 0 0 -1 0.09801727 0.9951847 0 0.2902846 0.9569403 0 0.4713968 0.8819212 0 0.6343931 0.7730107 0 0.7730107 0.6343931 0 0.8819212 0.4713968 0 0.9569403 0.2902846 0 0.9951847 0.09801727 0 0.9951847 -0.09801727 0 0.9569403 -0.2902846 0 0.8819212 -0.4713968 0 0.7730107 -0.6343931 0 0.6343931 -0.7730107 0 0.4713968 -0.8819212 0 0.2902846 -0.9569403 0 0.09801727 -0.9951847 0 -0.09801727 -0.9951847 0 -0.2902846 -0.9569403 0 -0.4713968 -0.8819212 0 -0.6343931 -0.7730107 0 -0.7730107 -0.6343931 0 -0.8819212 -0.4713968 0 -0.9569403 -0.2902846 0 -0.9951847 -0.09801727 0 -0.9951847 0.09801727 0 -0.9569403 0.2902846 0 -0.8819212 0.4713968 0 -0.7730107 0.6343931 0 -0.6343931 0.7730107 0 -0.4713968 0.8819212 0 0 0 1 0 0 1 0 0 1 0 0 1 0 0 1 0 0 1 0 0 1 0 0 1 0 0 1 0 0 1 0 0 1 0 0 1 0 0 1 0 0 1 0 0 1 0 0 1 0 0 1 0 0 1 0 0 1 0 0 1 0 0 1 0 0 1 0 0 1 0 0 1 0 0 1 0 0 1 0 0 1 0 0 1 0 0 1 -0.2902846 0.9569403 0 -0.09801727 0.9951847 0 0 0 -1 0 0 -1 0 0 -1 0 0 -1 0 0 -1 0 0 -1 0 0 -1 0 0 -1 0 0 -1 0 0 -1 0 0 -1 0 0 -1 0 0 -1 0 0 -1 0 0 -1 0 0 -1 0 0 -1 0 0 -1 0 0 -1 0 0 -1 0 0 -1 0 0 -1 0 0 -1 0 0 -1 0 0 -1 0 0 -1 0 0 -1 0 0 -1 0 0 -1</float_array>
          <technique_common>
            <accessor source="#Cylinder_005-mesh-normals-array" count="124" stride="3">
              <param name="X" type="float"/>
              <param name="Y" type="float"/>
              <param name="Z" type="float"/>
            </accessor>
          </technique_common>
        </source>
        <source id="Cylinder_005-mesh-map-0">
          <float_array id="Cylinder_005-mesh-map-0-array" count="744">1 1 0.96875 0.5 1 0.5 0.96875 1 0.9375 0.5 0.96875 0.5 0.9375 1 0.90625 0.5 0.9375 0.5 0.90625 1 0.875 0.5 0.90625 0.5 0.875 1 0.84375 0.5 0.875 0.5 0.84375 1 0.8125 0.5 0.84375 0.5 0.8125 1 0.78125 0.5 0.8125 0.5 0.78125 1 0.75 0.5 0.78125 0.5 0.75 1 0.71875 0.5 0.75 0.5 0.71875 1 0.6875 0.5 0.71875 0.5 0.6875 1 0.65625 0.5 0.6875 0.5 0.65625 1 0.625 0.5 0.65625 0.5 0.625 1 0.59375 0.5 0.625 0.5 0.59375 1 0.5625 0.5 0.59375 0.5 0.5625 1 0.53125 0.5 0.5625 0.5 0.53125 1 0.5 0.5 0.53125 0.5 0.5 1 0.46875 0.5 0.5 0.5 0.46875 1 0.4375 0.5 0.46875 0.5 0.4375 1 0.40625 0.5 0.4375 0.5 0.40625 1 0.375 0.5 0.40625 0.5 0.375 1 0.34375 0.5 0.375 0.5 0.34375 1 0.3125 0.5 0.34375 0.5 0.3125 1 0.28125 0.5 0.3125 0.5 0.28125 1 0.25 0.5 0.28125 0.5 0.25 1 0.21875 0.5 0.25 0.5 0.21875 1 0.1875 0.5 0.21875 0.5 0.1875 1 0.15625 0.5 0.1875 0.5 0.15625 1 0.125 0.5 0.15625 0.5 0.125 1 0.09375 0.5 0.125 0.5 0.09375 1 0.0625 0.5 0.09375 0.5 0.4717311 0.341844 0.341844 0.4717311 0.1581559 0.02826893 0.0625 1 0.03125 0.5 0.0625 0.5 0.03125 1 0 0.5 0.03125 0.5 0.5504474 0.3833369 0.7031784 0.4853885 0.7968217 0.01461154 1 1 0.96875 1 0.96875 0.5 0.96875 1 0.9375 1 0.9375 0.5 0.9375 1 0.90625 1 0.90625 0.5 0.90625 1 0.875 1 0.875 0.5 0.875 1 0.84375 1 0.84375 0.5 0.84375 1 0.8125 1 0.8125 0.5 0.8125 1 0.78125 1 0.78125 0.5 0.78125 1 0.75 1 0.75 0.5 0.75 1 0.71875 1 0.71875 0.5 0.71875 1 0.6875 1 0.6875 0.5 0.6875 1 0.65625 1 0.65625 0.5 0.65625 1 0.625 1 0.625 0.5 0.625 1 0.59375 1 0.59375 0.5 0.59375 1 0.5625 1 0.5625 0.5 0.5625 1 0.53125 1 0.53125 0.5 0.53125 1 0.5 1 0.5 0.5 0.5 1 0.46875 1 0.46875 0.5 0.46875 1 0.4375 1 0.4375 0.5 0.4375 1 0.40625 1 0.40625 0.5 0.40625 1 0.375 1 0.375 0.5 0.375 1 0.34375 1 0.34375 0.5 0.34375 1 0.3125 1 0.3125 0.5 0.3125 1 0.28125 1 0.28125 0.5 0.28125 1 0.25 1 0.25 0.5 0.25 1 0.21875 1 0.21875 0.5 0.21875 1 0.1875 1 0.1875 0.5 0.1875 1 0.15625 1 0.15625 0.5 0.15625 1 0.125 1 0.125 0.5 0.125 1 0.09375 1 0.09375 0.5 0.09375 1 0.0625 1 0.0625 0.5 0.341844 0.4717311 0.2968217 0.4853885 0.1581559 0.4717311 0.2968217 0.4853885 0.25 0.49 0.1581559 0.4717311 0.25 0.49 0.2031783 0.4853885 0.1581559 0.4717311 0.1581559 0.4717311 0.1166631 0.4495527 0.02826893 0.341844 0.1166631 0.4495527 0.08029437 0.4197056 0.02826893 0.341844 0.08029437 0.4197056 0.05044728 0.3833369 0.02826893 0.341844 0.02826893 0.341844 0.01461154 0.2968217 0.02826893 0.1581559 0.01461154 0.2968217 0.00999999 0.25 0.02826893 0.1581559 0.00999999 0.25 0.01461154 0.2031783 0.02826893 0.1581559 0.02826893 0.1581559 0.05044728 0.1166631 0.08029437 0.08029437 0.08029437 0.08029437 0.1166631 0.05044728 0.02826893 0.1581559 0.1166631 0.05044728 0.1581559 0.02826893 0.02826893 0.1581559 0.1581559 0.02826893 0.2031783 0.01461154 0.25 0.00999999 0.25 0.00999999 0.2968217 0.01461154 0.1581559 0.02826893 0.2968217 0.01461154 0.341844 0.02826893 0.1581559 0.02826893 0.341844 0.02826893 0.3833369 0.05044728 0.4197056 0.08029437 0.4197056 0.08029437 0.4495527 0.1166631 0.341844 0.02826893 0.4495527 0.1166631 0.4717311 0.1581559 0.341844 0.02826893 0.4717311 0.1581559 0.4853885 0.2031783 0.4717311 0.341844 0.4853885 0.2031783 0.49 0.25 0.4717311 0.341844 0.49 0.25 0.4853885 0.2968217 0.4717311 0.341844 0.4717311 0.341844 0.4495527 0.3833369 0.341844 0.4717311 0.4495527 0.3833369 0.4197056 0.4197056 0.341844 0.4717311 0.4197056 0.4197056 0.3833369 0.4495527 0.341844 0.4717311 0.341844 0.4717311 0.1581559 0.4717311 0.1581559 0.02826893 0.1581559 0.4717311 0.02826893 0.341844 0.1581559 0.02826893 0.02826893 0.341844 0.02826893 0.1581559 0.1581559 0.02826893 0.1581559 0.02826893 0.341844 0.02826893 0.4717311 0.1581559 0.4717311 0.1581559 0.4717311 0.341844 0.1581559 0.02826893 0.0625 1 0.03125 1 0.03125 0.5 0.03125 1 0 1 0 0.5 0.7031784 0.4853885 0.75 0.49 0.7968217 0.4853885 0.7968217 0.4853885 0.841844 0.4717311 0.8833369 0.4495527 0.8833369 0.4495527 0.9197056 0.4197056 0.9495527 0.3833369 0.9495527 0.3833369 0.9717311 0.341844 0.9853885 0.2968217 0.9853885 0.2968217 0.99 0.25 0.9853885 0.2031783 0.9853885 0.2031783 0.9717311 0.1581559 0.9495527 0.1166631 0.9495527 0.1166631 0.9197056 0.08029437 0.8833369 0.05044728 0.8833369 0.05044728 0.841844 0.02826893 0.7968217 0.01461154 0.7968217 0.01461154 0.75 0.00999999 0.7031784 0.01461154 0.7031784 0.01461154 0.658156 0.02826893 0.6166632 0.05044728 0.6166632 0.05044728 0.5802944 0.08029437 0.5504474 0.1166631 0.5504474 0.1166631 0.5282689 0.1581559 0.5146116 0.2031783 0.5146116 0.2031783 0.51 0.25 0.5146116 0.2968217 0.5146116 0.2968217 0.5282689 0.341844 0.5504474 0.3833369 0.5504474 0.3833369 0.5802944 0.4197056 0.6166632 0.4495527 0.6166632 0.4495527 0.658156 0.4717311 0.7031784 0.4853885 0.7031784 0.4853885 0.7968217 0.4853885 0.8833369 0.4495527 0.8833369 0.4495527 0.9495527 0.3833369 0.9853885 0.2968217 0.9853885 0.2968217 0.9853885 0.2031783 0.9495527 0.1166631 0.9495527 0.1166631 0.8833369 0.05044728 0.7968217 0.01461154 0.7968217 0.01461154 0.7031784 0.01461154 0.6166632 0.05044728 0.6166632 0.05044728 0.5504474 0.1166631 0.5146116 0.2031783 0.5146116 0.2031783 0.5146116 0.2968217 0.5504474 0.3833369 0.5504474 0.3833369 0.6166632 0.4495527 0.7031784 0.4853885 0.7031784 0.4853885 0.8833369 0.4495527 0.9853885 0.2968217 0.9853885 0.2968217 0.9495527 0.1166631 0.7031784 0.4853885 0.9495527 0.1166631 0.7968217 0.01461154 0.7031784 0.4853885 0.7968217 0.01461154 0.6166632 0.05044728 0.5146116 0.2031783 0.5146116 0.2031783 0.5504474 0.3833369 0.7968217 0.01461154</float_array>
          <technique_common>
            <accessor source="#Cylinder_005-mesh-map-0-array" count="372" stride="2">
              <param name="S" type="float"/>
              <param name="T" type="float"/>
            </accessor>
          </technique_common>
        </source>
        <vertices id="Cylinder_005-mesh-vertices">
          <input semantic="POSITION" source="#Cylinder_005-mesh-positions"/>
        </vertices>
        <triangles count="124">
          <input semantic="VERTEX" source="#Cylinder_005-mesh-vertices" offset="0"/>
          <input semantic="NORMAL" source="#Cylinder_005-mesh-normals" offset="1"/>
          <input semantic="TEXCOORD" source="#Cylinder_005-mesh-map-0" offset="2" set="0"/>
          <p>1 0 0 2 0 1 0 0 2 3 1 3 4 1 4 2 1 5 5 2 6 6 2 7 4 2 8 7 3 9 8 3 10 6 3 11 9 4 12 10 4 13 8 4 14 11 5 15 12 5 16 10 5 17 13 6 18 14 6 19 12 6 20 15 7 21 16 7 22 14 7 23 17 8 24 18 8 25 16 8 26 19 9 27 20 9 28 18 9 29 21 10 30 22 10 31 20 10 32 23 11 33 24 11 34 22 11 35 25 12 36 26 12 37 24 12 38 27 13 39 28 13 40 26 13 41 29 14 42 30 14 43 28 14 44 31 15 45 32 15 46 30 15 47 33 16 48 34 16 49 32 16 50 35 17 51 36 17 52 34 17 53 37 18 54 38 18 55 36 18 56 39 19 57 40 19 58 38 19 59 41 20 60 42 20 61 40 20 62 43 21 63 44 21 64 42 21 65 45 22 66 46 22 67 44 22 68 47 23 69 48 23 70 46 23 71 49 24 72 50 24 73 48 24 74 51 25 75 52 25 76 50 25 77 53 26 78 54 26 79 52 26 80 55 27 81 56 27 82 54 27 83 57 28 84 58 28 85 56 28 86 59 29 87 60 29 88 58 29 89 13 30 90 5 30 91 37 30 92 61 31 93 62 31 94 60 31 95 63 32 96 0 32 97 62 32 98 54 33 99 62 33 100 30 33 101 1 34 102 3 34 103 2 34 104 3 35 105 5 35 106 4 35 107 5 36 108 7 36 109 6 36 110 7 37 111 9 37 112 8 37 113 9 38 114 11 38 115 10 38 116 11 39 117 13 39 118 12 39 119 13 40 120 15 40 121 14 40 122 15 41 123 17 41 124 16 41 125 17 42 126 19 42 127 18 42 128 19 43 129 21 43 130 20 43 131 21 44 132 23 44 133 22 44 134 23 45 135 25 45 136 24 45 137 25 46 138 27 46 139 26 46 140 27 47 141 29 47 142 28 47 143 29 48 144 31 48 145 30 48 146 31 49 147 33 49 148 32 49 149 33 50 150 35 50 151 34 50 152 35 51 153 37 51 154 36 51 155 37 52 156 39 52 157 38 52 158 39 53 159 41 53 160 40 53 161 41 54 162 43 54 163 42 54 164 43 55 165 45 55 166 44 55 167 45 56 168 47 56 169 46 56 170 47 57 171 49 57 172 48 57 173 49 58 174 51 58 175 50 58 176 51 59 177 53 59 178 52 59 179 53 60 180 55 60 181 54 60 182 55 61 183 57 61 184 56 61 185 57 62 186 59 62 187 58 62 188 59 63 189 61 63 190 60 63 191 5 64 192 3 64 193 61 64 194 3 65 195 1 65 196 61 65 197 1 66 198 63 66 199 61 66 200 61 67 201 59 67 202 53 67 203 59 68 204 57 68 205 53 68 206 57 69 207 55 69 208 53 69 209 53 70 210 51 70 211 45 70 212 51 71 213 49 71 214 45 71 215 49 72 216 47 72 217 45 72 218 45 73 219 43 73 220 41 73 221 41 74 222 39 74 223 45 74 224 39 75 225 37 75 226 45 75 227 37 76 228 35 76 229 33 76 230 33 77 231 31 77 232 37 77 233 31 78 234 29 78 235 37 78 236 29 79 237 27 79 238 25 79 239 25 80 240 23 80 241 29 80 242 23 81 243 21 81 244 29 81 245 21 82 246 19 82 247 13 82 248 19 83 249 17 83 250 13 83 251 17 84 252 15 84 253 13 84 254 13 85 255 11 85 256 5 85 257 11 86 258 9 86 259 5 86 260 9 87 261 7 87 262 5 87 263 5 88 264 61 88 265 37 88 266 61 89 267 53 89 268 37 89 269 53 90 270 45 90 271 37 90 272 37 91 273 29 91 274 21 91 275 21 92 276 13 92 277 37 92 278 61 93 279 63 93 280 62 93 281 63 94 282 1 94 283 0 94 284 62 95 285 0 95 286 2 95 287 2 96 288 4 96 289 6 96 290 6 97 291 8 97 292 10 97 293 10 98 294 12 98 295 14 98 296 14 99 297 16 99 298 18 99 299 18 100 300 20 100 301 22 100 302 22 101 303 24 101 304 26 101 305 26 102 306 28 102 307 30 102 308 30 103 309 32 103 310 34 103 311 34 104 312 36 104 313 38 104 314 38 105 315 40 105 316 42 105 317 42 106 318 44 106 319 46 106 320 46 107 321 48 107 322 50 107 323 50 108 324 52 108 325 54 108 326 54 109 327 56 109 328 58 109 329 58 110 330 60 110 331 62 110 332 62 111 333 2 111 334 6 111 335 6 112 336 10 112 337 14 112 338 14 113 339 18 113 340 22 113 341 22 114 342 26 114 343 30 114 344 30 115 345 34 115 346 38 115 347 38 116 348 42 116 349 46 116 350 46 117 351 50 117 352 54 117 353 54 118 354 58 118 355 62 118 356 62 119 357 6 119 358 14 119 359 14 120 360 22 120 361 62 120 362 22 121 363 30 121 364 62 121 365 30 122 366 38 122 367 46 122 368 46 123 369 54 123 370 30 123 371</p>
        </triangles>
      </mesh>
    </geometry>
    <geometry id="Cylinder_004-mesh" name="Cylinder.004">
      <mesh>
        <source id="Cylinder_004-mesh-positions">
          <float_array id="Cylinder_004-mesh-positions-array" count="192">0 0.02499997 -0.45 0 0.02499997 0.45 0.004877209 0.02451962 -0.45 0.004877209 0.02451962 0.45 0.009567081 0.02309697 -0.45 0.009567081 0.02309697 0.45 0.01388925 0.0207867 -0.45 0.01388925 0.0207867 0.45 0.01767766 0.01767766 -0.45 0.01767766 0.01767766 0.45 0.0207867 0.01388925 -0.45 0.0207867 0.01388925 0.45 0.02309697 0.009567081 -0.45 0.02309697 0.009567081 0.45 0.02451962 0.004877209 -0.45 0.02451962 0.004877209 0.45 0.02499997 0 -0.45 0.02499997 0 0.45 0.02451962 -0.004877209 -0.45 0.02451962 -0.004877209 0.45 0.02309697 -0.009567081 -0.45 0.02309697 -0.009567081 0.45 0.0207867 -0.01388925 -0.45 0.0207867 -0.01388925 0.45 0.01767766 -0.01767766 -0.45 0.01767766 -0.01767766 0.45 0.01388925 -0.0207867 -0.45 0.01388925 -0.0207867 0.45 0.009567081 -0.02309697 -0.45 0.009567081 -0.02309697 0.45 0.004877209 -0.02451962 -0.45 0.004877209 -0.02451962 0.45 0 -0.02499997 -0.45 0 -0.02499997 0.45 -0.004877209 -0.02451962 -0.45 -0.004877209 -0.02451962 0.45 -0.009567081 -0.02309697 -0.45 -0.009567081 -0.02309697 0.45 -0.01388925 -0.0207867 -0.45 -0.01388925 -0.0207867 0.45 -0.01767766 -0.01767766 -0.45 -0.01767766 -0.01767766 0.45 -0.0207867 -0.01388925 -0.45 -0.0207867 -0.01388925 0.45 -0.02309697 -0.009567081 -0.45 -0.02309697 -0.009567081 0.45 -0.02451962 -0.004877209 -0.45 -0.02451962 -0.004877209 0.45 -0.02499997 0 -0.45 -0.02499997 0 0.45 -0.02451962 0.004877209 -0.45 -0.02451962 0.004877209 0.45 -0.02309697 0.009567081 -0.45 -0.02309697 0.009567081 0.45 -0.0207867 0.01388925 -0.45 -0.0207867 0.01388925 0.45 -0.01767766 0.01767766 -0.45 -0.01767766 0.01767766 0.45 -0.01388925 0.0207867 -0.45 -0.01388925 0.0207867 0.45 -0.009567081 0.02309697 -0.45 -0.009567081 0.02309697 0.45 -0.004877209 0.02451962 -0.45 -0.004877209 0.02451962 0.45</float_array>
          <technique_common>
            <accessor source="#Cylinder_004-mesh-positions-array" count="64" stride="3">
              <param name="X" type="float"/>
              <param name="Y" type="float"/>
              <param name="Z" type="float"/>
            </accessor>
          </technique_common>
        </source>
        <source id="Cylinder_004-mesh-normals">
          <float_array id="Cylinder_004-mesh-normals-array" count="372">0.09801727 0.9951847 0 0.2902846 0.9569403 0 0.4713968 0.8819212 0 0.6343931 0.7730107 0 0.7730107 0.6343931 0 0.8819212 0.4713968 0 0.9569403 0.2902846 0 0.9951847 0.09801727 0 0.9951847 -0.09801727 0 0.9569403 -0.2902846 0 0.8819212 -0.4713968 0 0.7730107 -0.6343931 0 0.6343931 -0.7730107 0 0.4713968 -0.8819212 0 0.2902846 -0.9569403 0 0.09801727 -0.9951847 0 -0.09801727 -0.9951847 0 -0.2902846 -0.9569403 0 -0.4713968 -0.8819212 0 -0.6343931 -0.7730107 0 -0.7730107 -0.6343931 0 -0.8819212 -0.4713968 0 -0.9569403 -0.2902846 0 -0.9951847 -0.09801727 0 -0.9951847 0.09801727 0 -0.9569403 0.2902846 0 -0.8819212 0.4713968 0 -0.7730107 0.6343931 0 -0.6343931 0.7730107 0 -0.4713968 0.8819212 0 0 0 1 -0.2902846 0.9569403 0 -0.09801727 0.9951847 0 0 0 -1 0.09801727 0.9951847 0 0.2902846 0.9569403 0 0.4713968 0.8819212 0 0.6343931 0.7730107 0 0.7730107 0.6343931 0 0.8819212 0.4713968 0 0.9569403 0.2902846 0 0.9951847 0.09801727 0 0.9951847 -0.09801727 0 0.9569403 -0.2902846 0 0.8819212 -0.4713968 0 0.7730107 -0.6343931 0 0.6343931 -0.7730107 0 0.4713968 -0.8819212 0 0.2902846 -0.9569403 0 0.09801727 -0.9951847 0 -0.09801727 -0.9951847 0 -0.2902846 -0.9569403 0 -0.4713968 -0.8819212 0 -0.6343931 -0.7730107 0 -0.7730107 -0.6343931 0 -0.8819212 -0.4713968 0 -0.9569403 -0.2902846 0 -0.9951847 -0.09801727 0 -0.9951847 0.09801727 0 -0.9569403 0.2902846 0 -0.8819212 0.4713968 0 -0.7730107 0.6343931 0 -0.6343931 0.7730107 0 -0.4713968 0.8819212 0 0 0 1 0 0 1 0 0 1 0 0 1 0 0 1 0 0 1 0 0 1 0 0 1 0 0 1 0 0 1 0 0 1 0 0 1 0 0 1 0 0 1 0 0 1 0 0 1 0 0 1 0 0 1 0 0 1 0 0 1 0 0 1 0 0 1 0 0 1 0 0 1 0 0 1 0 0 1 0 0 1 0 0 1 0 0 1 -0.2902846 0.9569403 0 -0.09801727 0.9951847 0 0 0 -1 0 0 -1 0 0 -1 0 0 -1 0 0 -1 0 0 -1 0 0 -1 0 0 -1 0 0 -1 0 0 -1 0 0 -1 0 0 -1 0 0 -1 0 0 -1 0 0 -1 0 0 -1 0 0 -1 0 0 -1 0 0 -1 0 0 -1 0 0 -1 0 0 -1 0 0 -1 0 0 -1 0 0 -1 0 0 -1 0 0 -1 0 0 -1 0 0 -1</float_array>
          <technique_common>
            <accessor source="#Cylinder_004-mesh-normals-array" count="124" stride="3">
              <param name="X" type="float"/>
              <param name="Y" type="float"/>
              <param name="Z" type="float"/>
            </accessor>
          </technique_common>
        </source>
        <source id="Cylinder_004-mesh-map-0">
          <float_array id="Cylinder_004-mesh-map-0-array" count="744">1 1 0.96875 0.5 1 0.5 0.96875 1 0.9375 0.5 0.96875 0.5 0.9375 1 0.90625 0.5 0.9375 0.5 0.90625 1 0.875 0.5 0.90625 0.5 0.875 1 0.84375 0.5 0.875 0.5 0.84375 1 0.8125 0.5 0.84375 0.5 0.8125 1 0.78125 0.5 0.8125 0.5 0.78125 1 0.75 0.5 0.78125 0.5 0.75 1 0.71875 0.5 0.75 0.5 0.71875 1 0.6875 0.5 0.71875 0.5 0.6875 1 0.65625 0.5 0.6875 0.5 0.65625 1 0.625 0.5 0.65625 0.5 0.625 1 0.59375 0.5 0.625 0.5 0.59375 1 0.5625 0.5 0.59375 0.5 0.5625 1 0.53125 0.5 0.5625 0.5 0.53125 1 0.5 0.5 0.53125 0.5 0.5 1 0.46875 0.5 0.5 0.5 0.46875 1 0.4375 0.5 0.46875 0.5 0.4375 1 0.40625 0.5 0.4375 0.5 0.40625 1 0.375 0.5 0.40625 0.5 0.375 1 0.34375 0.5 0.375 0.5 0.34375 1 0.3125 0.5 0.34375 0.5 0.3125 1 0.28125 0.5 0.3125 0.5 0.28125 1 0.25 0.5 0.28125 0.5 0.25 1 0.21875 0.5 0.25 0.5 0.21875 1 0.1875 0.5 0.21875 0.5 0.1875 1 0.15625 0.5 0.1875 0.5 0.15625 1 0.125 0.5 0.15625 0.5 0.125 1 0.09375 0.5 0.125 0.5 0.09375 1 0.0625 0.5 0.09375 0.5 0.4717311 0.341844 0.341844 0.4717311 0.1581559 0.02826893 0.0625 1 0.03125 0.5 0.0625 0.5 0.03125 1 0 0.5 0.03125 0.5 0.5504474 0.3833369 0.7031784 0.4853885 0.7968217 0.01461154 1 1 0.96875 1 0.96875 0.5 0.96875 1 0.9375 1 0.9375 0.5 0.9375 1 0.90625 1 0.90625 0.5 0.90625 1 0.875 1 0.875 0.5 0.875 1 0.84375 1 0.84375 0.5 0.84375 1 0.8125 1 0.8125 0.5 0.8125 1 0.78125 1 0.78125 0.5 0.78125 1 0.75 1 0.75 0.5 0.75 1 0.71875 1 0.71875 0.5 0.71875 1 0.6875 1 0.6875 0.5 0.6875 1 0.65625 1 0.65625 0.5 0.65625 1 0.625 1 0.625 0.5 0.625 1 0.59375 1 0.59375 0.5 0.59375 1 0.5625 1 0.5625 0.5 0.5625 1 0.53125 1 0.53125 0.5 0.53125 1 0.5 1 0.5 0.5 0.5 1 0.46875 1 0.46875 0.5 0.46875 1 0.4375 1 0.4375 0.5 0.4375 1 0.40625 1 0.40625 0.5 0.40625 1 0.375 1 0.375 0.5 0.375 1 0.34375 1 0.34375 0.5 0.34375 1 0.3125 1 0.3125 0.5 0.3125 1 0.28125 1 0.28125 0.5 0.28125 1 0.25 1 0.25 0.5 0.25 1 0.21875 1 0.21875 0.5 0.21875 1 0.1875 1 0.1875 0.5 0.1875 1 0.15625 1 0.15625 0.5 0.15625 1 0.125 1 0.125 0.5 0.125 1 0.09375 1 0.09375 0.5 0.09375 1 0.0625 1 0.0625 0.5 0.341844 0.4717311 0.2968217 0.4853885 0.1581559 0.4717311 0.2968217 0.4853885 0.25 0.49 0.1581559 0.4717311 0.25 0.49 0.2031783 0.4853885 0.1581559 0.4717311 0.1581559 0.4717311 0.1166631 0.4495527 0.02826893 0.341844 0.1166631 0.4495527 0.08029437 0.4197056 0.02826893 0.341844 0.08029437 0.4197056 0.05044728 0.3833369 0.02826893 0.341844 0.02826893 0.341844 0.01461154 0.2968217 0.02826893 0.1581559 0.01461154 0.2968217 0.00999999 0.25 0.02826893 0.1581559 0.00999999 0.25 0.01461154 0.2031783 0.02826893 0.1581559 0.02826893 0.1581559 0.05044728 0.1166631 0.08029437 0.08029437 0.08029437 0.08029437 0.1166631 0.05044728 0.02826893 0.1581559 0.1166631 0.05044728 0.1581559 0.02826893 0.02826893 0.1581559 0.1581559 0.02826893 0.2031783 0.01461154 0.25 0.00999999 0.25 0.00999999 0.2968217 0.01461154 0.1581559 0.02826893 0.2968217 0.01461154 0.341844 0.02826893 0.1581559 0.02826893 0.341844 0.02826893 0.3833369 0.05044728 0.4197056 0.08029437 0.4197056 0.08029437 0.4495527 0.1166631 0.341844 0.02826893 0.4495527 0.1166631 0.4717311 0.1581559 0.341844 0.02826893 0.4717311 0.1581559 0.4853885 0.2031783 0.4717311 0.341844 0.4853885 0.2031783 0.49 0.25 0.4717311 0.341844 0.49 0.25 0.4853885 0.2968217 0.4717311 0.341844 0.4717311 0.341844 0.4495527 0.3833369 0.341844 0.4717311 0.4495527 0.3833369 0.4197056 0.4197056 0.341844 0.4717311 0.4197056 0.4197056 0.3833369 0.4495527 0.341844 0.4717311 0.341844 0.4717311 0.1581559 0.4717311 0.1581559 0.02826893 0.1581559 0.4717311 0.02826893 0.341844 0.1581559 0.02826893 0.02826893 0.341844 0.02826893 0.1581559 0.1581559 0.02826893 0.1581559 0.02826893 0.341844 0.02826893 0.4717311 0.1581559 0.4717311 0.1581559 0.4717311 0.341844 0.1581559 0.02826893 0.0625 1 0.03125 1 0.03125 0.5 0.03125 1 0 1 0 0.5 0.7031784 0.4853885 0.75 0.49 0.7968217 0.4853885 0.7968217 0.4853885 0.841844 0.4717311 0.8833369 0.4495527 0.8833369 0.4495527 0.9197056 0.4197056 0.9495527 0.3833369 0.9495527 0.3833369 0.9717311 0.341844 0.9853885 0.2968217 0.9853885 0.2968217 0.99 0.25 0.9853885 0.2031783 0.9853885 0.2031783 0.9717311 0.1581559 0.9495527 0.1166631 0.9495527 0.1166631 0.9197056 0.08029437 0.8833369 0.05044728 0.8833369 0.05044728 0.841844 0.02826893 0.7968217 0.01461154 0.7968217 0.01461154 0.75 0.00999999 0.7031784 0.01461154 0.7031784 0.01461154 0.658156 0.02826893 0.6166632 0.05044728 0.6166632 0.05044728 0.5802944 0.08029437 0.5504474 0.1166631 0.5504474 0.1166631 0.5282689 0.1581559 0.5146116 0.2031783 0.5146116 0.2031783 0.51 0.25 0.5146116 0.2968217 0.5146116 0.2968217 0.5282689 0.341844 0.5504474 0.3833369 0.5504474 0.3833369 0.5802944 0.4197056 0.6166632 0.4495527 0.6166632 0.4495527 0.658156 0.4717311 0.7031784 0.4853885 0.7031784 0.4853885 0.7968217 0.4853885 0.8833369 0.4495527 0.8833369 0.4495527 0.9495527 0.3833369 0.9853885 0.2968217 0.9853885 0.2968217 0.9853885 0.2031783 0.9495527 0.1166631 0.9495527 0.1166631 0.8833369 0.05044728 0.7968217 0.01461154 0.7968217 0.01461154 0.7031784 0.01461154 0.6166632 0.05044728 0.6166632 0.05044728 0.5504474 0.1166631 0.5146116 0.2031783 0.5146116 0.2031783 0.5146116 0.2968217 0.5504474 0.3833369 0.5504474 0.3833369 0.6166632 0.4495527 0.7031784 0.4853885 0.7031784 0.4853885 0.8833369 0.4495527 0.9853885 0.2968217 0.9853885 0.2968217 0.9495527 0.1166631 0.7031784 0.4853885 0.9495527 0.1166631 0.7968217 0.01461154 0.7031784 0.4853885 0.7968217 0.01461154 0.6166632 0.05044728 0.5146116 0.2031783 0.5146116 0.2031783 0.5504474 0.3833369 0.7968217 0.01461154</float_array>
          <technique_common>
            <accessor source="#Cylinder_004-mesh-map-0-array" count="372" stride="2">
              <param name="S" type="float"/>
              <param name="T" type="float"/>
            </accessor>
          </technique_common>
        </source>
        <vertices id="Cylinder_004-mesh-vertices">
          <input semantic="POSITION" source="#Cylinder_004-mesh-positions"/>
        </vertices>
        <triangles material="RedMaterial-material" count="124">
          <input semantic="VERTEX" source="#Cylinder_004-mesh-vertices" offset="0"/>
          <input semantic="NORMAL" source="#Cylinder_004-mesh-normals" offset="1"/>
          <input semantic="TEXCOORD" source="#Cylinder_004-mesh-map-0" offset="2" set="0"/>
          <p>1 0 0 2 0 1 0 0 2 3 1 3 4 1 4 2 1 5 5 2 6 6 2 7 4 2 8 7 3 9 8 3 10 6 3 11 9 4 12 10 4 13 8 4 14 11 5 15 12 5 16 10 5 17 13 6 18 14 6 19 12 6 20 15 7 21 16 7 22 14 7 23 17 8 24 18 8 25 16 8 26 19 9 27 20 9 28 18 9 29 21 10 30 22 10 31 20 10 32 23 11 33 24 11 34 22 11 35 25 12 36 26 12 37 24 12 38 27 13 39 28 13 40 26 13 41 29 14 42 30 14 43 28 14 44 31 15 45 32 15 46 30 15 47 33 16 48 34 16 49 32 16 50 35 17 51 36 17 52 34 17 53 37 18 54 38 18 55 36 18 56 39 19 57 40 19 58 38 19 59 41 20 60 42 20 61 40 20 62 43 21 63 44 21 64 42 21 65 45 22 66 46 22 67 44 22 68 47 23 69 48 23 70 46 23 71 49 24 72 50 24 73 48 24 74 51 25 75 52 25 76 50 25 77 53 26 78 54 26 79 52 26 80 55 27 81 56 27 82 54 27 83 57 28 84 58 28 85 56 28 86 59 29 87 60 29 88 58 29 89 13 30 90 5 30 91 37 30 92 61 31 93 62 31 94 60 31 95 63 32 96 0 32 97 62 32 98 54 33 99 62 33 100 30 33 101 1 34 102 3 34 103 2 34 104 3 35 105 5 35 106 4 35 107 5 36 108 7 36 109 6 36 110 7 37 111 9 37 112 8 37 113 9 38 114 11 38 115 10 38 116 11 39 117 13 39 118 12 39 119 13 40 120 15 40 121 14 40 122 15 41 123 17 41 124 16 41 125 17 42 126 19 42 127 18 42 128 19 43 129 21 43 130 20 43 131 21 44 132 23 44 133 22 44 134 23 45 135 25 45 136 24 45 137 25 46 138 27 46 139 26 46 140 27 47 141 29 47 142 28 47 143 29 48 144 31 48 145 30 48 146 31 49 147 33 49 148 32 49 149 33 50 150 35 50 151 34 50 152 35 51 153 37 51 154 36 51 155 37 52 156 39 52 157 38 52 158 39 53 159 41 53 160 40 53 161 41 54 162 43 54 163 42 54 164 43 55 165 45 55 166 44 55 167 45 56 168 47 56 169 46 56 170 47 57 171 49 57 172 48 57 173 49 58 174 51 58 175 50 58 176 51 59 177 53 59 178 52 59 179 53 60 180 55 60 181 54 60 182 55 61 183 57 61 184 56 61 185 57 62 186 59 62 187 58 62 188 59 63 189 61 63 190 60 63 191 5 64 192 3 64 193 61 64 194 3 65 195 1 65 196 61 65 197 1 66 198 63 66 199 61 66 200 61 67 201 59 67 202 53 67 203 59 68 204 57 68 205 53 68 206 57 69 207 55 69 208 53 69 209 53 70 210 51 70 211 45 70 212 51 71 213 49 71 214 45 71 215 49 72 216 47 72 217 45 72 218 45 73 219 43 73 220 41 73 221 41 74 222 39 74 223 45 74 224 39 75 225 37 75 226 45 75 227 37 76 228 35 76 229 33 76 230 33 77 231 31 77 232 37 77 233 31 78 234 29 78 235 37 78 236 29 79 237 27 79 238 25 79 239 25 80 240 23 80 241 29 80 242 23 81 243 21 81 244 29 81 245 21 82 246 19 82 247 13 82 248 19 83 249 17 83 250 13 83 251 17 84 252 15 84 253 13 84 254 13 85 255 11 85 256 5 85 257 11 86 258 9 86 259 5 86 260 9 87 261 7 87 262 5 87 263 5 88 264 61 88 265 37 88 266 61 89 267 53 89 268 37 89 269 53 90 270 45 90 271 37 90 272 37 91 273 29 91 274 21 91 275 21 92 276 13 92 277 37 92 278 61 93 279 63 93 280 62 93 281 63 94 282 1 94 283 0 94 284 62 95 285 0 95 286 2 95 287 2 96 288 4 96 289 6 96 290 6 97 291 8 97 292 10 97 293 10 98 294 12 98 295 14 98 296 14 99 297 16 99 298 18 99 299 18 100 300 20 100 301 22 100 302 22 101 303 24 101 304 26 101 305 26 102 306 28 102 307 30 102 308 30 103 309 32 103 310 34 103 311 34 104 312 36 104 313 38 104 314 38 105 315 40 105 316 42 105 317 42 106 318 44 106 319 46 106 320 46 107 321 48 107 322 50 107 323 50 108 324 52 108 325 54 108 326 54 109 327 56 109 328 58 109 329 58 110 330 60 110 331 62 110 332 62 111 333 2 111 334 6 111 335 6 112 336 10 112 337 14 112 338 14 113 339 18 113 340 22 113 341 22 114 342 26 114 343 30 114 344 30 115 345 34 115 346 38 115 347 38 116 348 42 116 349 46 116 350 46 117 351 50 117 352 54 117 353 54 118 354 58 118 355 62 118 356 62 119 357 6 119 358 14 119 359 14 120 360 22 120 361 62 120 362 22 121 363 30 121 364 62 121 365 30 122 366 38 122 367 46 122 368 46 123 369 54 123 370 30 123 371</p>
        </triangles>
      </mesh>
    </geometry>
    <geometry id="Cylinder_003-mesh" name="Cylinder.003">
      <mesh>
        <source id="Cylinder_003-mesh-positions">
          <float_array id="Cylinder_003-mesh-positions-array" count="192">0 0.02499997 -0.45 0 0.02499997 0.45 0.004877209 0.02451962 -0.45 0.004877209 0.02451962 0.45 0.009567081 0.02309697 -0.45 0.009567081 0.02309697 0.45 0.01388925 0.0207867 -0.45 0.01388925 0.0207867 0.45 0.01767766 0.01767766 -0.45 0.01767766 0.01767766 0.45 0.0207867 0.01388925 -0.45 0.0207867 0.01388925 0.45 0.02309697 0.009567081 -0.45 0.02309697 0.009567081 0.45 0.02451962 0.004877209 -0.45 0.02451962 0.004877209 0.45 0.02499997 0 -0.45 0.02499997 0 0.45 0.02451962 -0.004877209 -0.45 0.02451962 -0.004877209 0.45 0.02309697 -0.009567081 -0.45 0.02309697 -0.009567081 0.45 0.0207867 -0.01388925 -0.45 0.0207867 -0.01388925 0.45 0.01767766 -0.01767766 -0.45 0.01767766 -0.01767766 0.45 0.01388925 -0.0207867 -0.45 0.01388925 -0.0207867 0.45 0.009567081 -0.02309697 -0.45 0.009567081 -0.02309697 0.45 0.004877209 -0.02451962 -0.45 0.004877209 -0.02451962 0.45 0 -0.02499997 -0.45 0 -0.02499997 0.45 -0.004877209 -0.02451962 -0.45 -0.004877209 -0.02451962 0.45 -0.009567081 -0.02309697 -0.45 -0.009567081 -0.02309697 0.45 -0.01388925 -0.0207867 -0.45 -0.01388925 -0.0207867 0.45 -0.01767766 -0.01767766 -0.45 -0.01767766 -0.01767766 0.45 -0.0207867 -0.01388925 -0.45 -0.0207867 -0.01388925 0.45 -0.02309697 -0.009567081 -0.45 -0.02309697 -0.009567081 0.45 -0.02451962 -0.004877209 -0.45 -0.02451962 -0.004877209 0.45 -0.02499997 0 -0.45 -0.02499997 0 0.45 -0.02451962 0.004877209 -0.45 -0.02451962 0.004877209 0.45 -0.02309697 0.009567081 -0.45 -0.02309697 0.009567081 0.45 -0.0207867 0.01388925 -0.45 -0.0207867 0.01388925 0.45 -0.01767766 0.01767766 -0.45 -0.01767766 0.01767766 0.45 -0.01388925 0.0207867 -0.45 -0.01388925 0.0207867 0.45 -0.009567081 0.02309697 -0.45 -0.009567081 0.02309697 0.45 -0.004877209 0.02451962 -0.45 -0.004877209 0.02451962 0.45</float_array>
          <technique_common>
            <accessor source="#Cylinder_003-mesh-positions-array" count="64" stride="3">
              <param name="X" type="float"/>
              <param name="Y" type="float"/>
              <param name="Z" type="float"/>
            </accessor>
          </technique_common>
        </source>
        <source id="Cylinder_003-mesh-normals">
          <float_array id="Cylinder_003-mesh-normals-array" count="372">0.09801727 0.9951847 0 0.2902846 0.9569403 0 0.4713968 0.8819212 0 0.6343931 0.7730107 0 0.7730107 0.6343931 0 0.8819212 0.4713968 0 0.9569403 0.2902846 0 0.9951847 0.09801727 0 0.9951847 -0.09801727 0 0.9569403 -0.2902846 0 0.8819212 -0.4713968 0 0.7730107 -0.6343931 0 0.6343931 -0.7730107 0 0.4713968 -0.8819212 0 0.2902846 -0.9569403 0 0.09801727 -0.9951847 0 -0.09801727 -0.9951847 0 -0.2902846 -0.9569403 0 -0.4713968 -0.8819212 0 -0.6343931 -0.7730107 0 -0.7730107 -0.6343931 0 -0.8819212 -0.4713968 0 -0.9569403 -0.2902846 0 -0.9951847 -0.09801727 0 -0.9951847 0.09801727 0 -0.9569403 0.2902846 0 -0.8819212 0.4713968 0 -0.7730107 0.6343931 0 -0.6343931 0.7730107 0 -0.4713968 0.8819212 0 0 0 1 -0.2902846 0.9569403 0 -0.09801727 0.9951847 0 0 0 -1 0.09801727 0.9951847 0 0.2902846 0.9569403 0 0.4713968 0.8819212 0 0.6343931 0.7730107 0 0.7730107 0.6343931 0 0.8819212 0.4713968 0 0.9569403 0.2902846 0 0.9951847 0.09801727 0 0.9951847 -0.09801727 0 0.9569403 -0.2902846 0 0.8819212 -0.4713968 0 0.7730107 -0.6343931 0 0.6343931 -0.7730107 0 0.4713968 -0.8819212 0 0.2902846 -0.9569403 0 0.09801727 -0.9951847 0 -0.09801727 -0.9951847 0 -0.2902846 -0.9569403 0 -0.4713968 -0.8819212 0 -0.6343931 -0.7730107 0 -0.7730107 -0.6343931 0 -0.8819212 -0.4713968 0 -0.9569403 -0.2902846 0 -0.9951847 -0.09801727 0 -0.9951847 0.09801727 0 -0.9569403 0.2902846 0 -0.8819212 0.4713968 0 -0.7730107 0.6343931 0 -0.6343931 0.7730107 0 -0.4713968 0.8819212 0 0 0 1 0 0 1 0 0 1 0 0 1 0 0 1 0 0 1 0 0 1 0 0 1 0 0 1 0 0 1 0 0 1 0 0 1 0 0 1 0 0 1 0 0 1 0 0 1 0 0 1 0 0 1 0 0 1 0 0 1 0 0 1 0 0 1 0 0 1 0 0 1 0 0 1 0 0 1 0 0 1 0 0 1 0 0 1 -0.2902846 0.9569403 0 -0.09801727 0.9951847 0 0 0 -1 0 0 -1 0 0 -1 0 0 -1 0 0 -1 0 0 -1 0 0 -1 0 0 -1 0 0 -1 0 0 -1 0 0 -1 0 0 -1 0 0 -1 0 0 -1 0 0 -1 0 0 -1 0 0 -1 0 0 -1 0 0 -1 0 0 -1 0 0 -1 0 0 -1 0 0 -1 0 0 -1 0 0 -1 0 0 -1 0 0 -1 0 0 -1 0 0 -1</float_array>
          <technique_common>
            <accessor source="#Cylinder_003-mesh-normals-array" count="124" stride="3">
              <param name="X" type="float"/>
              <param name="Y" type="float"/>
              <param name="Z" type="float"/>
            </accessor>
          </technique_common>
        </source>
        <source id="Cylinder_003-mesh-map-0">
          <float_array id="Cylinder_003-mesh-map-0-array" count="744">1 1 0.96875 0.5 1 0.5 0.96875 1 0.9375 0.5 0.96875 0.5 0.9375 1 0.90625 0.5 0.9375 0.5 0.90625 1 0.875 0.5 0.90625 0.5 0.875 1 0.84375 0.5 0.875 0.5 0.84375 1 0.8125 0.5 0.84375 0.5 0.8125 1 0.78125 0.5 0.8125 0.5 0.78125 1 0.75 0.5 0.78125 0.5 0.75 1 0.71875 0.5 0.75 0.5 0.71875 1 0.6875 0.5 0.71875 0.5 0.6875 1 0.65625 0.5 0.6875 0.5 0.65625 1 0.625 0.5 0.65625 0.5 0.625 1 0.59375 0.5 0.625 0.5 0.59375 1 0.5625 0.5 0.59375 0.5 0.5625 1 0.53125 0.5 0.5625 0.5 0.53125 1 0.5 0.5 0.53125 0.5 0.5 1 0.46875 0.5 0.5 0.5 0.46875 1 0.4375 0.5 0.46875 0.5 0.4375 1 0.40625 0.5 0.4375 0.5 0.40625 1 0.375 0.5 0.40625 0.5 0.375 1 0.34375 0.5 0.375 0.5 0.34375 1 0.3125 0.5 0.34375 0.5 0.3125 1 0.28125 0.5 0.3125 0.5 0.28125 1 0.25 0.5 0.28125 0.5 0.25 1 0.21875 0.5 0.25 0.5 0.21875 1 0.1875 0.5 0.21875 0.5 0.1875 1 0.15625 0.5 0.1875 0.5 0.15625 1 0.125 0.5 0.15625 0.5 0.125 1 0.09375 0.5 0.125 0.5 0.09375 1 0.0625 0.5 0.09375 0.5 0.4717311 0.341844 0.341844 0.4717311 0.1581559 0.02826893 0.0625 1 0.03125 0.5 0.0625 0.5 0.03125 1 0 0.5 0.03125 0.5 0.5504474 0.3833369 0.7031784 0.4853885 0.7968217 0.01461154 1 1 0.96875 1 0.96875 0.5 0.96875 1 0.9375 1 0.9375 0.5 0.9375 1 0.90625 1 0.90625 0.5 0.90625 1 0.875 1 0.875 0.5 0.875 1 0.84375 1 0.84375 0.5 0.84375 1 0.8125 1 0.8125 0.5 0.8125 1 0.78125 1 0.78125 0.5 0.78125 1 0.75 1 0.75 0.5 0.75 1 0.71875 1 0.71875 0.5 0.71875 1 0.6875 1 0.6875 0.5 0.6875 1 0.65625 1 0.65625 0.5 0.65625 1 0.625 1 0.625 0.5 0.625 1 0.59375 1 0.59375 0.5 0.59375 1 0.5625 1 0.5625 0.5 0.5625 1 0.53125 1 0.53125 0.5 0.53125 1 0.5 1 0.5 0.5 0.5 1 0.46875 1 0.46875 0.5 0.46875 1 0.4375 1 0.4375 0.5 0.4375 1 0.40625 1 0.40625 0.5 0.40625 1 0.375 1 0.375 0.5 0.375 1 0.34375 1 0.34375 0.5 0.34375 1 0.3125 1 0.3125 0.5 0.3125 1 0.28125 1 0.28125 0.5 0.28125 1 0.25 1 0.25 0.5 0.25 1 0.21875 1 0.21875 0.5 0.21875 1 0.1875 1 0.1875 0.5 0.1875 1 0.15625 1 0.15625 0.5 0.15625 1 0.125 1 0.125 0.5 0.125 1 0.09375 1 0.09375 0.5 0.09375 1 0.0625 1 0.0625 0.5 0.341844 0.4717311 0.2968217 0.4853885 0.1581559 0.4717311 0.2968217 0.4853885 0.25 0.49 0.1581559 0.4717311 0.25 0.49 0.2031783 0.4853885 0.1581559 0.4717311 0.1581559 0.4717311 0.1166631 0.4495527 0.02826893 0.341844 0.1166631 0.4495527 0.08029437 0.4197056 0.02826893 0.341844 0.08029437 0.4197056 0.05044728 0.3833369 0.02826893 0.341844 0.02826893 0.341844 0.01461154 0.2968217 0.02826893 0.1581559 0.01461154 0.2968217 0.00999999 0.25 0.02826893 0.1581559 0.00999999 0.25 0.01461154 0.2031783 0.02826893 0.1581559 0.02826893 0.1581559 0.05044728 0.1166631 0.08029437 0.08029437 0.08029437 0.08029437 0.1166631 0.05044728 0.02826893 0.1581559 0.1166631 0.05044728 0.1581559 0.02826893 0.02826893 0.1581559 0.1581559 0.02826893 0.2031783 0.01461154 0.25 0.00999999 0.25 0.00999999 0.2968217 0.01461154 0.1581559 0.02826893 0.2968217 0.01461154 0.341844 0.02826893 0.1581559 0.02826893 0.341844 0.02826893 0.3833369 0.05044728 0.4197056 0.08029437 0.4197056 0.08029437 0.4495527 0.1166631 0.341844 0.02826893 0.4495527 0.1166631 0.4717311 0.1581559 0.341844 0.02826893 0.4717311 0.1581559 0.4853885 0.2031783 0.4717311 0.341844 0.4853885 0.2031783 0.49 0.25 0.4717311 0.341844 0.49 0.25 0.4853885 0.2968217 0.4717311 0.341844 0.4717311 0.341844 0.4495527 0.3833369 0.341844 0.4717311 0.4495527 0.3833369 0.4197056 0.4197056 0.341844 0.4717311 0.4197056 0.4197056 0.3833369 0.4495527 0.341844 0.4717311 0.341844 0.4717311 0.1581559 0.4717311 0.1581559 0.02826893 0.1581559 0.4717311 0.02826893 0.341844 0.1581559 0.02826893 0.02826893 0.341844 0.02826893 0.1581559 0.1581559 0.02826893 0.1581559 0.02826893 0.341844 0.02826893 0.4717311 0.1581559 0.4717311 0.1581559 0.4717311 0.341844 0.1581559 0.02826893 0.0625 1 0.03125 1 0.03125 0.5 0.03125 1 0 1 0 0.5 0.7031784 0.4853885 0.75 0.49 0.7968217 0.4853885 0.7968217 0.4853885 0.841844 0.4717311 0.8833369 0.4495527 0.8833369 0.4495527 0.9197056 0.4197056 0.9495527 0.3833369 0.9495527 0.3833369 0.9717311 0.341844 0.9853885 0.2968217 0.9853885 0.2968217 0.99 0.25 0.9853885 0.2031783 0.9853885 0.2031783 0.9717311 0.1581559 0.9495527 0.1166631 0.9495527 0.1166631 0.9197056 0.08029437 0.8833369 0.05044728 0.8833369 0.05044728 0.841844 0.02826893 0.7968217 0.01461154 0.7968217 0.01461154 0.75 0.00999999 0.7031784 0.01461154 0.7031784 0.01461154 0.658156 0.02826893 0.6166632 0.05044728 0.6166632 0.05044728 0.5802944 0.08029437 0.5504474 0.1166631 0.5504474 0.1166631 0.5282689 0.1581559 0.5146116 0.2031783 0.5146116 0.2031783 0.51 0.25 0.5146116 0.2968217 0.5146116 0.2968217 0.5282689 0.341844 0.5504474 0.3833369 0.5504474 0.3833369 0.5802944 0.4197056 0.6166632 0.4495527 0.6166632 0.4495527 0.658156 0.4717311 0.7031784 0.4853885 0.7031784 0.4853885 0.7968217 0.4853885 0.8833369 0.4495527 0.8833369 0.4495527 0.9495527 0.3833369 0.9853885 0.2968217 0.9853885 0.2968217 0.9853885 0.2031783 0.9495527 0.1166631 0.9495527 0.1166631 0.8833369 0.05044728 0.7968217 0.01461154 0.7968217 0.01461154 0.7031784 0.01461154 0.6166632 0.05044728 0.6166632 0.05044728 0.5504474 0.1166631 0.5146116 0.2031783 0.5146116 0.2031783 0.5146116 0.2968217 0.5504474 0.3833369 0.5504474 0.3833369 0.6166632 0.4495527 0.7031784 0.4853885 0.7031784 0.4853885 0.8833369 0.4495527 0.9853885 0.2968217 0.9853885 0.2968217 0.9495527 0.1166631 0.7031784 0.4853885 0.9495527 0.1166631 0.7968217 0.01461154 0.7031784 0.4853885 0.7968217 0.01461154 0.6166632 0.05044728 0.5146116 0.2031783 0.5146116 0.2031783 0.5504474 0.3833369 0.7968217 0.01461154</float_array>
          <technique_common>
            <accessor source="#Cylinder_003-mesh-map-0-array" count="372" stride="2">
              <param name="S" type="float"/>
              <param name="T" type="float"/>
            </accessor>
          </technique_common>
        </source>
        <vertices id="Cylinder_003-mesh-vertices">
          <input semantic="POSITION" source="#Cylinder_003-mesh-positions"/>
        </vertices>
        <triangles count="124">
          <input semantic="VERTEX" source="#Cylinder_003-mesh-vertices" offset="0"/>
          <input semantic="NORMAL" source="#Cylinder_003-mesh-normals" offset="1"/>
          <input semantic="TEXCOORD" source="#Cylinder_003-mesh-map-0" offset="2" set="0"/>
          <p>1 0 0 2 0 1 0 0 2 3 1 3 4 1 4 2 1 5 5 2 6 6 2 7 4 2 8 7 3 9 8 3 10 6 3 11 9 4 12 10 4 13 8 4 14 11 5 15 12 5 16 10 5 17 13 6 18 14 6 19 12 6 20 15 7 21 16 7 22 14 7 23 17 8 24 18 8 25 16 8 26 19 9 27 20 9 28 18 9 29 21 10 30 22 10 31 20 10 32 23 11 33 24 11 34 22 11 35 25 12 36 26 12 37 24 12 38 27 13 39 28 13 40 26 13 41 29 14 42 30 14 43 28 14 44 31 15 45 32 15 46 30 15 47 33 16 48 34 16 49 32 16 50 35 17 51 36 17 52 34 17 53 37 18 54 38 18 55 36 18 56 39 19 57 40 19 58 38 19 59 41 20 60 42 20 61 40 20 62 43 21 63 44 21 64 42 21 65 45 22 66 46 22 67 44 22 68 47 23 69 48 23 70 46 23 71 49 24 72 50 24 73 48 24 74 51 25 75 52 25 76 50 25 77 53 26 78 54 26 79 52 26 80 55 27 81 56 27 82 54 27 83 57 28 84 58 28 85 56 28 86 59 29 87 60 29 88 58 29 89 13 30 90 5 30 91 37 30 92 61 31 93 62 31 94 60 31 95 63 32 96 0 32 97 62 32 98 54 33 99 62 33 100 30 33 101 1 34 102 3 34 103 2 34 104 3 35 105 5 35 106 4 35 107 5 36 108 7 36 109 6 36 110 7 37 111 9 37 112 8 37 113 9 38 114 11 38 115 10 38 116 11 39 117 13 39 118 12 39 119 13 40 120 15 40 121 14 40 122 15 41 123 17 41 124 16 41 125 17 42 126 19 42 127 18 42 128 19 43 129 21 43 130 20 43 131 21 44 132 23 44 133 22 44 134 23 45 135 25 45 136 24 45 137 25 46 138 27 46 139 26 46 140 27 47 141 29 47 142 28 47 143 29 48 144 31 48 145 30 48 146 31 49 147 33 49 148 32 49 149 33 50 150 35 50 151 34 50 152 35 51 153 37 51 154 36 51 155 37 52 156 39 52 157 38 52 158 39 53 159 41 53 160 40 53 161 41 54 162 43 54 163 42 54 164 43 55 165 45 55 166 44 55 167 45 56 168 47 56 169 46 56 170 47 57 171 49 57 172 48 57 173 49 58 174 51 58 175 50 58 176 51 59 177 53 59 178 52 59 179 53 60 180 55 60 181 54 60 182 55 61 183 57 61 184 56 61 185 57 62 186 59 62 187 58 62 188 59 63 189 61 63 190 60 63 191 5 64 192 3 64 193 61 64 194 3 65 195 1 65 196 61 65 197 1 66 198 63 66 199 61 66 200 61 67 201 59 67 202 53 67 203 59 68 204 57 68 205 53 68 206 57 69 207 55 69 208 53 69 209 53 70 210 51 70 211 45 70 212 51 71 213 49 71 214 45 71 215 49 72 216 47 72 217 45 72 218 45 73 219 43 73 220 41 73 221 41 74 222 39 74 223 45 74 224 39 75 225 37 75 226 45 75 227 37 76 228 35 76 229 33 76 230 33 77 231 31 77 232 37 77 233 31 78 234 29 78 235 37 78 236 29 79 237 27 79 238 25 79 239 25 80 240 23 80 241 29 80 242 23 81 243 21 81 244 29 81 245 21 82 246 19 82 247 13 82 248 19 83 249 17 83 250 13 83 251 17 84 252 15 84 253 13 84 254 13 85 255 11 85 256 5 85 257 11 86 258 9 86 259 5 86 260 9 87 261 7 87 262 5 87 263 5 88 264 61 88 265 37 88 266 61 89 267 53 89 268 37 89 269 53 90 270 45 90 271 37 90 272 37 91 273 29 91 274 21 91 275 21 92 276 13 92 277 37 92 278 61 93 279 63 93 280 62 93 281 63 94 282 1 94 283 0 94 284 62 95 285 0 95 286 2 95 287 2 96 288 4 96 289 6 96 290 6 97 291 8 97 292 10 97 293 10 98 294 12 98 295 14 98 296 14 99 297 16 99 298 18 99 299 18 100 300 20 100 301 22 100 302 22 101 303 24 101 304 26 101 305 26 102 306 28 102 307 30 102 308 30 103 309 32 103 310 34 103 311 34 104 312 36 104 313 38 104 314 38 105 315 40 105 316 42 105 317 42 106 318 44 106 319 46 106 320 46 107 321 48 107 322 50 107 323 50 108 324 52 108 325 54 108 326 54 109 327 56 109 328 58 109 329 58 110 330 60 110 331 62 110 332 62 111 333 2 111 334 6 111 335 6 112 336 10 112 337 14 112 338 14 113 339 18 113 340 22 113 341 22 114 342 26 114 343 30 114 344 30 115 345 34 115 346 38 115 347 38 116 348 42 116 349 46 116 350 46 117 351 50 117 352 54 117 353 54 118 354 58 118 355 62 118 356 62 119 357 6 119 358 14 119 359 14 120 360 22 120 361 62 120 362 22 121 363 30 121 364 62 121 365 30 122 366 38 122 367 46 122 368 46 123 369 54 123 370 30 123 371</p>
        </triangles>
      </mesh>
    </geometry>
    <geometry id="Cylinder_002-mesh" name="Cylinder.002">
      <mesh>
        <source id="Cylinder_002-mesh-positions">
          <float_array id="Cylinder_002-mesh-positions-array" count="192">0 0.02499997 -0.45 0 0.02499997 0.45 0.004877209 0.02451962 -0.45 0.004877209 0.02451962 0.45 0.009567081 0.02309697 -0.45 0.009567081 0.02309697 0.45 0.01388925 0.0207867 -0.45 0.01388925 0.0207867 0.45 0.01767766 0.01767766 -0.45 0.01767766 0.01767766 0.45 0.0207867 0.01388925 -0.45 0.0207867 0.01388925 0.45 0.02309697 0.009567081 -0.45 0.02309697 0.009567081 0.45 0.02451962 0.004877209 -0.45 0.02451962 0.004877209 0.45 0.02499997 0 -0.45 0.02499997 0 0.45 0.02451962 -0.004877209 -0.45 0.02451962 -0.004877209 0.45 0.02309697 -0.009567081 -0.45 0.02309697 -0.009567081 0.45 0.0207867 -0.01388925 -0.45 0.0207867 -0.01388925 0.45 0.01767766 -0.01767766 -0.45 0.01767766 -0.01767766 0.45 0.01388925 -0.0207867 -0.45 0.01388925 -0.0207867 0.45 0.009567081 -0.02309697 -0.45 0.009567081 -0.02309697 0.45 0.004877209 -0.02451962 -0.45 0.004877209 -0.02451962 0.45 0 -0.02499997 -0.45 0 -0.02499997 0.45 -0.004877209 -0.02451962 -0.45 -0.004877209 -0.02451962 0.45 -0.009567081 -0.02309697 -0.45 -0.009567081 -0.02309697 0.45 -0.01388925 -0.0207867 -0.45 -0.01388925 -0.0207867 0.45 -0.01767766 -0.01767766 -0.45 -0.01767766 -0.01767766 0.45 -0.0207867 -0.01388925 -0.45 -0.0207867 -0.01388925 0.45 -0.02309697 -0.009567081 -0.45 -0.02309697 -0.009567081 0.45 -0.02451962 -0.004877209 -0.45 -0.02451962 -0.004877209 0.45 -0.02499997 0 -0.45 -0.02499997 0 0.45 -0.02451962 0.004877209 -0.45 -0.02451962 0.004877209 0.45 -0.02309697 0.009567081 -0.45 -0.02309697 0.009567081 0.45 -0.0207867 0.01388925 -0.45 -0.0207867 0.01388925 0.45 -0.01767766 0.01767766 -0.45 -0.01767766 0.01767766 0.45 -0.01388925 0.0207867 -0.45 -0.01388925 0.0207867 0.45 -0.009567081 0.02309697 -0.45 -0.009567081 0.02309697 0.45 -0.004877209 0.02451962 -0.45 -0.004877209 0.02451962 0.45</float_array>
          <technique_common>
            <accessor source="#Cylinder_002-mesh-positions-array" count="64" stride="3">
              <param name="X" type="float"/>
              <param name="Y" type="float"/>
              <param name="Z" type="float"/>
            </accessor>
          </technique_common>
        </source>
        <source id="Cylinder_002-mesh-normals">
          <float_array id="Cylinder_002-mesh-normals-array" count="372">0.09801727 0.9951847 0 0.2902846 0.9569403 0 0.4713968 0.8819212 0 0.6343931 0.7730107 0 0.7730107 0.6343931 0 0.8819212 0.4713968 0 0.9569403 0.2902846 0 0.9951847 0.09801727 0 0.9951847 -0.09801727 0 0.9569403 -0.2902846 0 0.8819212 -0.4713968 0 0.7730107 -0.6343931 0 0.6343931 -0.7730107 0 0.4713968 -0.8819212 0 0.2902846 -0.9569403 0 0.09801727 -0.9951847 0 -0.09801727 -0.9951847 0 -0.2902846 -0.9569403 0 -0.4713968 -0.8819212 0 -0.6343931 -0.7730107 0 -0.7730107 -0.6343931 0 -0.8819212 -0.4713968 0 -0.9569403 -0.2902846 0 -0.9951847 -0.09801727 0 -0.9951847 0.09801727 0 -0.9569403 0.2902846 0 -0.8819212 0.4713968 0 -0.7730107 0.6343931 0 -0.6343931 0.7730107 0 -0.4713968 0.8819212 0 0 0 1 -0.2902846 0.9569403 0 -0.09801727 0.9951847 0 0 0 -1 0.09801727 0.9951847 0 0.2902846 0.9569403 0 0.4713968 0.8819212 0 0.6343931 0.7730107 0 0.7730107 0.6343931 0 0.8819212 0.4713968 0 0.9569403 0.2902846 0 0.9951847 0.09801727 0 0.9951847 -0.09801727 0 0.9569403 -0.2902846 0 0.8819212 -0.4713968 0 0.7730107 -0.6343931 0 0.6343931 -0.7730107 0 0.4713968 -0.8819212 0 0.2902846 -0.9569403 0 0.09801727 -0.9951847 0 -0.09801727 -0.9951847 0 -0.2902846 -0.9569403 0 -0.4713968 -0.8819212 0 -0.6343931 -0.7730107 0 -0.7730107 -0.6343931 0 -0.8819212 -0.4713968 0 -0.9569403 -0.2902846 0 -0.9951847 -0.09801727 0 -0.9951847 0.09801727 0 -0.9569403 0.2902846 0 -0.8819212 0.4713968 0 -0.7730107 0.6343931 0 -0.6343931 0.7730107 0 -0.4713968 0.8819212 0 0 0 1 0 0 1 0 0 1 0 0 1 0 0 1 0 0 1 0 0 1 0 0 1 0 0 1 0 0 1 0 0 1 0 0 1 0 0 1 0 0 1 0 0 1 0 0 1 0 0 1 0 0 1 0 0 1 0 0 1 0 0 1 0 0 1 0 0 1 0 0 1 0 0 1 0 0 1 0 0 1 0 0 1 0 0 1 -0.2902846 0.9569403 0 -0.09801727 0.9951847 0 0 0 -1 0 0 -1 0 0 -1 0 0 -1 0 0 -1 0 0 -1 0 0 -1 0 0 -1 0 0 -1 0 0 -1 0 0 -1 0 0 -1 0 0 -1 0 0 -1 0 0 -1 0 0 -1 0 0 -1 0 0 -1 0 0 -1 0 0 -1 0 0 -1 0 0 -1 0 0 -1 0 0 -1 0 0 -1 0 0 -1 0 0 -1 0 0 -1 0 0 -1</float_array>
          <technique_common>
            <accessor source="#Cylinder_002-mesh-normals-array" count="124" stride="3">
              <param name="X" type="float"/>
              <param name="Y" type="float"/>
              <param name="Z" type="float"/>
            </accessor>
          </technique_common>
        </source>
        <source id="Cylinder_002-mesh-map-0">
          <float_array id="Cylinder_002-mesh-map-0-array" count="744">1 1 0.96875 0.5 1 0.5 0.96875 1 0.9375 0.5 0.96875 0.5 0.9375 1 0.90625 0.5 0.9375 0.5 0.90625 1 0.875 0.5 0.90625 0.5 0.875 1 0.84375 0.5 0.875 0.5 0.84375 1 0.8125 0.5 0.84375 0.5 0.8125 1 0.78125 0.5 0.8125 0.5 0.78125 1 0.75 0.5 0.78125 0.5 0.75 1 0.71875 0.5 0.75 0.5 0.71875 1 0.6875 0.5 0.71875 0.5 0.6875 1 0.65625 0.5 0.6875 0.5 0.65625 1 0.625 0.5 0.65625 0.5 0.625 1 0.59375 0.5 0.625 0.5 0.59375 1 0.5625 0.5 0.59375 0.5 0.5625 1 0.53125 0.5 0.5625 0.5 0.53125 1 0.5 0.5 0.53125 0.5 0.5 1 0.46875 0.5 0.5 0.5 0.46875 1 0.4375 0.5 0.46875 0.5 0.4375 1 0.40625 0.5 0.4375 0.5 0.40625 1 0.375 0.5 0.40625 0.5 0.375 1 0.34375 0.5 0.375 0.5 0.34375 1 0.3125 0.5 0.34375 0.5 0.3125 1 0.28125 0.5 0.3125 0.5 0.28125 1 0.25 0.5 0.28125 0.5 0.25 1 0.21875 0.5 0.25 0.5 0.21875 1 0.1875 0.5 0.21875 0.5 0.1875 1 0.15625 0.5 0.1875 0.5 0.15625 1 0.125 0.5 0.15625 0.5 0.125 1 0.09375 0.5 0.125 0.5 0.09375 1 0.0625 0.5 0.09375 0.5 0.4717311 0.341844 0.341844 0.4717311 0.1581559 0.02826893 0.0625 1 0.03125 0.5 0.0625 0.5 0.03125 1 0 0.5 0.03125 0.5 0.5504474 0.3833369 0.7031784 0.4853885 0.7968217 0.01461154 1 1 0.96875 1 0.96875 0.5 0.96875 1 0.9375 1 0.9375 0.5 0.9375 1 0.90625 1 0.90625 0.5 0.90625 1 0.875 1 0.875 0.5 0.875 1 0.84375 1 0.84375 0.5 0.84375 1 0.8125 1 0.8125 0.5 0.8125 1 0.78125 1 0.78125 0.5 0.78125 1 0.75 1 0.75 0.5 0.75 1 0.71875 1 0.71875 0.5 0.71875 1 0.6875 1 0.6875 0.5 0.6875 1 0.65625 1 0.65625 0.5 0.65625 1 0.625 1 0.625 0.5 0.625 1 0.59375 1 0.59375 0.5 0.59375 1 0.5625 1 0.5625 0.5 0.5625 1 0.53125 1 0.53125 0.5 0.53125 1 0.5 1 0.5 0.5 0.5 1 0.46875 1 0.46875 0.5 0.46875 1 0.4375 1 0.4375 0.5 0.4375 1 0.40625 1 0.40625 0.5 0.40625 1 0.375 1 0.375 0.5 0.375 1 0.34375 1 0.34375 0.5 0.34375 1 0.3125 1 0.3125 0.5 0.3125 1 0.28125 1 0.28125 0.5 0.28125 1 0.25 1 0.25 0.5 0.25 1 0.21875 1 0.21875 0.5 0.21875 1 0.1875 1 0.1875 0.5 0.1875 1 0.15625 1 0.15625 0.5 0.15625 1 0.125 1 0.125 0.5 0.125 1 0.09375 1 0.09375 0.5 0.09375 1 0.0625 1 0.0625 0.5 0.341844 0.4717311 0.2968217 0.4853885 0.1581559 0.4717311 0.2968217 0.4853885 0.25 0.49 0.1581559 0.4717311 0.25 0.49 0.2031783 0.4853885 0.1581559 0.4717311 0.1581559 0.4717311 0.1166631 0.4495527 0.02826893 0.341844 0.1166631 0.4495527 0.08029437 0.4197056 0.02826893 0.341844 0.08029437 0.4197056 0.05044728 0.3833369 0.02826893 0.341844 0.02826893 0.341844 0.01461154 0.2968217 0.02826893 0.1581559 0.01461154 0.2968217 0.00999999 0.25 0.02826893 0.1581559 0.00999999 0.25 0.01461154 0.2031783 0.02826893 0.1581559 0.02826893 0.1581559 0.05044728 0.1166631 0.08029437 0.08029437 0.08029437 0.08029437 0.1166631 0.05044728 0.02826893 0.1581559 0.1166631 0.05044728 0.1581559 0.02826893 0.02826893 0.1581559 0.1581559 0.02826893 0.2031783 0.01461154 0.25 0.00999999 0.25 0.00999999 0.2968217 0.01461154 0.1581559 0.02826893 0.2968217 0.01461154 0.341844 0.02826893 0.1581559 0.02826893 0.341844 0.02826893 0.3833369 0.05044728 0.4197056 0.08029437 0.4197056 0.08029437 0.4495527 0.1166631 0.341844 0.02826893 0.4495527 0.1166631 0.4717311 0.1581559 0.341844 0.02826893 0.4717311 0.1581559 0.4853885 0.2031783 0.4717311 0.341844 0.4853885 0.2031783 0.49 0.25 0.4717311 0.341844 0.49 0.25 0.4853885 0.2968217 0.4717311 0.341844 0.4717311 0.341844 0.4495527 0.3833369 0.341844 0.4717311 0.4495527 0.3833369 0.4197056 0.4197056 0.341844 0.4717311 0.4197056 0.4197056 0.3833369 0.4495527 0.341844 0.4717311 0.341844 0.4717311 0.1581559 0.4717311 0.1581559 0.02826893 0.1581559 0.4717311 0.02826893 0.341844 0.1581559 0.02826893 0.02826893 0.341844 0.02826893 0.1581559 0.1581559 0.02826893 0.1581559 0.02826893 0.341844 0.02826893 0.4717311 0.1581559 0.4717311 0.1581559 0.4717311 0.341844 0.1581559 0.02826893 0.0625 1 0.03125 1 0.03125 0.5 0.03125 1 0 1 0 0.5 0.7031784 0.4853885 0.75 0.49 0.7968217 0.4853885 0.7968217 0.4853885 0.841844 0.4717311 0.8833369 0.4495527 0.8833369 0.4495527 0.9197056 0.4197056 0.9495527 0.3833369 0.9495527 0.3833369 0.9717311 0.341844 0.9853885 0.2968217 0.9853885 0.2968217 0.99 0.25 0.9853885 0.2031783 0.9853885 0.2031783 0.9717311 0.1581559 0.9495527 0.1166631 0.9495527 0.1166631 0.9197056 0.08029437 0.8833369 0.05044728 0.8833369 0.05044728 0.841844 0.02826893 0.7968217 0.01461154 0.7968217 0.01461154 0.75 0.00999999 0.7031784 0.01461154 0.7031784 0.01461154 0.658156 0.02826893 0.6166632 0.05044728 0.6166632 0.05044728 0.5802944 0.08029437 0.5504474 0.1166631 0.5504474 0.1166631 0.5282689 0.1581559 0.5146116 0.2031783 0.5146116 0.2031783 0.51 0.25 0.5146116 0.2968217 0.5146116 0.2968217 0.5282689 0.341844 0.5504474 0.3833369 0.5504474 0.3833369 0.5802944 0.4197056 0.6166632 0.4495527 0.6166632 0.4495527 0.658156 0.4717311 0.7031784 0.4853885 0.7031784 0.4853885 0.7968217 0.4853885 0.8833369 0.4495527 0.8833369 0.4495527 0.9495527 0.3833369 0.9853885 0.2968217 0.9853885 0.2968217 0.9853885 0.2031783 0.9495527 0.1166631 0.9495527 0.1166631 0.8833369 0.05044728 0.7968217 0.01461154 0.7968217 0.01461154 0.7031784 0.01461154 0.6166632 0.05044728 0.6166632 0.05044728 0.5504474 0.1166631 0.5146116 0.2031783 0.5146116 0.2031783 0.5146116 0.2968217 0.5504474 0.3833369 0.5504474 0.3833369 0.6166632 0.4495527 0.7031784 0.4853885 0.7031784 0.4853885 0.8833369 0.4495527 0.9853885 0.2968217 0.9853885 0.2968217 0.9495527 0.1166631 0.7031784 0.4853885 0.9495527 0.1166631 0.7968217 0.01461154 0.7031784 0.4853885 0.7968217 0.01461154 0.6166632 0.05044728 0.5146116 0.2031783 0.5146116 0.2031783 0.5504474 0.3833369 0.7968217 0.01461154</float_array>
          <technique_common>
            <accessor source="#Cylinder_002-mesh-map-0-array" count="372" stride="2">
              <param name="S" type="float"/>
              <param name="T" type="float"/>
            </accessor>
          </technique_common>
        </source>
        <vertices id="Cylinder_002-mesh-vertices">
          <input semantic="POSITION" source="#Cylinder_002-mesh-positions"/>
        </vertices>
        <triangles count="124">
          <input semantic="VERTEX" source="#Cylinder_002-mesh-vertices" offset="0"/>
          <input semantic="NORMAL" source="#Cylinder_002-mesh-normals" offset="1"/>
          <input semantic="TEXCOORD" source="#Cylinder_002-mesh-map-0" offset="2" set="0"/>
          <p>1 0 0 2 0 1 0 0 2 3 1 3 4 1 4 2 1 5 5 2 6 6 2 7 4 2 8 7 3 9 8 3 10 6 3 11 9 4 12 10 4 13 8 4 14 11 5 15 12 5 16 10 5 17 13 6 18 14 6 19 12 6 20 15 7 21 16 7 22 14 7 23 17 8 24 18 8 25 16 8 26 19 9 27 20 9 28 18 9 29 21 10 30 22 10 31 20 10 32 23 11 33 24 11 34 22 11 35 25 12 36 26 12 37 24 12 38 27 13 39 28 13 40 26 13 41 29 14 42 30 14 43 28 14 44 31 15 45 32 15 46 30 15 47 33 16 48 34 16 49 32 16 50 35 17 51 36 17 52 34 17 53 37 18 54 38 18 55 36 18 56 39 19 57 40 19 58 38 19 59 41 20 60 42 20 61 40 20 62 43 21 63 44 21 64 42 21 65 45 22 66 46 22 67 44 22 68 47 23 69 48 23 70 46 23 71 49 24 72 50 24 73 48 24 74 51 25 75 52 25 76 50 25 77 53 26 78 54 26 79 52 26 80 55 27 81 56 27 82 54 27 83 57 28 84 58 28 85 56 28 86 59 29 87 60 29 88 58 29 89 13 30 90 5 30 91 37 30 92 61 31 93 62 31 94 60 31 95 63 32 96 0 32 97 62 32 98 54 33 99 62 33 100 30 33 101 1 34 102 3 34 103 2 34 104 3 35 105 5 35 106 4 35 107 5 36 108 7 36 109 6 36 110 7 37 111 9 37 112 8 37 113 9 38 114 11 38 115 10 38 116 11 39 117 13 39 118 12 39 119 13 40 120 15 40 121 14 40 122 15 41 123 17 41 124 16 41 125 17 42 126 19 42 127 18 42 128 19 43 129 21 43 130 20 43 131 21 44 132 23 44 133 22 44 134 23 45 135 25 45 136 24 45 137 25 46 138 27 46 139 26 46 140 27 47 141 29 47 142 28 47 143 29 48 144 31 48 145 30 48 146 31 49 147 33 49 148 32 49 149 33 50 150 35 50 151 34 50 152 35 51 153 37 51 154 36 51 155 37 52 156 39 52 157 38 52 158 39 53 159 41 53 160 40 53 161 41 54 162 43 54 163 42 54 164 43 55 165 45 55 166 44 55 167 45 56 168 47 56 169 46 56 170 47 57 171 49 57 172 48 57 173 49 58 174 51 58 175 50 58 176 51 59 177 53 59 178 52 59 179 53 60 180 55 60 181 54 60 182 55 61 183 57 61 184 56 61 185 57 62 186 59 62 187 58 62 188 59 63 189 61 63 190 60 63 191 5 64 192 3 64 193 61 64 194 3 65 195 1 65 196 61 65 197 1 66 198 63 66 199 61 66 200 61 67 201 59 67 202 53 67 203 59 68 204 57 68 205 53 68 206 57 69 207 55 69 208 53 69 209 53 70 210 51 70 211 45 70 212 51 71 213 49 71 214 45 71 215 49 72 216 47 72 217 45 72 218 45 73 219 43 73 220 41 73 221 41 74 222 39 74 223 45 74 224 39 75 225 37 75 226 45 75 227 37 76 228 35 76 229 33 76 230 33 77 231 31 77 232 37 77 233 31 78 234 29 78 235 37 78 236 29 79 237 27 79 238 25 79 239 25 80 240 23 80 241 29 80 242 23 81 243 21 81 244 29 81 245 21 82 246 19 82 247 13 82 248 19 83 249 17 83 250 13 83 251 17 84 252 15 84 253 13 84 254 13 85 255 11 85 256 5 85 257 11 86 258 9 86 259 5 86 260 9 87 261 7 87 262 5 87 263 5 88 264 61 88 265 37 88 266 61 89 267 53 89 268 37 89 269 53 90 270 45 90 271 37 90 272 37 91 273 29 91 274 21 91 275 21 92 276 13 92 277 37 92 278 61 93 279 63 93 280 62 93 281 63 94 282 1 94 283 0 94 284 62 95 285 0 95 286 2 95 287 2 96 288 4 96 289 6 96 290 6 97 291 8 97 292 10 97 293 10 98 294 12 98 295 14 98 296 14 99 297 16 99 298 18 99 299 18 100 300 20 100 301 22 100 302 22 101 303 24 101 304 26 101 305 26 102 306 28 102 307 30 102 308 30 103 309 32 103 310 34 103 311 34 104 312 36 104 313 38 104 314 38 105 315 40 105 316 42 105 317 42 106 318 44 106 319 46 106 320 46 107 321 48 107 322 50 107 323 50 108 324 52 108 325 54 108 326 54 109 327 56 109 328 58 109 329 58 110 330 60 110 331 62 110 332 62 111 333 2 111 334 6 111 335 6 112 336 10 112 337 14 112 338 14 113 339 18 113 340 22 113 341 22 114 342 26 114 343 30 114 344 30 115 345 34 115 346 38 115 347 38 116 348 42 116 349 46 116 350 46 117 351 50 117 352 54 117 353 54 118 354 58 118 355 62 118 356 62 119 357 6 119 358 14 119 359 14 120 360 22 120 361 62 120 362 22 121 363 30 121 364 62 121 365 30 122 366 38 122 367 46 122 368 46 123 369 54 123 370 30 123 371</p>
        </triangles>
      </mesh>
    </geometry>
    <geometry id="Cylinder_001-mesh" name="Cylinder.001">
      <mesh>
        <source id="Cylinder_001-mesh-positions">
          <float_array id="Cylinder_001-mesh-positions-array" count="192">0 0.02499997 -0.45 0 0.02499997 0.45 0.004877209 0.02451962 -0.45 0.004877209 0.02451962 0.45 0.009567081 0.02309697 -0.45 0.009567081 0.02309697 0.45 0.01388925 0.0207867 -0.45 0.01388925 0.0207867 0.45 0.01767766 0.01767766 -0.45 0.01767766 0.01767766 0.45 0.0207867 0.01388925 -0.45 0.0207867 0.01388925 0.45 0.02309697 0.009567081 -0.45 0.02309697 0.009567081 0.45 0.02451962 0.004877209 -0.45 0.02451962 0.004877209 0.45 0.02499997 0 -0.45 0.02499997 0 0.45 0.02451962 -0.004877209 -0.45 0.02451962 -0.004877209 0.45 0.02309697 -0.009567081 -0.45 0.02309697 -0.009567081 0.45 0.0207867 -0.01388925 -0.45 0.0207867 -0.01388925 0.45 0.01767766 -0.01767766 -0.45 0.01767766 -0.01767766 0.45 0.01388925 -0.0207867 -0.45 0.01388925 -0.0207867 0.45 0.009567081 -0.02309697 -0.45 0.009567081 -0.02309697 0.45 0.004877209 -0.02451962 -0.45 0.004877209 -0.02451962 0.45 0 -0.02499997 -0.45 0 -0.02499997 0.45 -0.004877209 -0.02451962 -0.45 -0.004877209 -0.02451962 0.45 -0.009567081 -0.02309697 -0.45 -0.009567081 -0.02309697 0.45 -0.01388925 -0.0207867 -0.45 -0.01388925 -0.0207867 0.45 -0.01767766 -0.01767766 -0.45 -0.01767766 -0.01767766 0.45 -0.0207867 -0.01388925 -0.45 -0.0207867 -0.01388925 0.45 -0.02309697 -0.009567081 -0.45 -0.02309697 -0.009567081 0.45 -0.02451962 -0.004877209 -0.45 -0.02451962 -0.004877209 0.45 -0.02499997 0 -0.45 -0.02499997 0 0.45 -0.02451962 0.004877209 -0.45 -0.02451962 0.004877209 0.45 -0.02309697 0.009567081 -0.45 -0.02309697 0.009567081 0.45 -0.0207867 0.01388925 -0.45 -0.0207867 0.01388925 0.45 -0.01767766 0.01767766 -0.45 -0.01767766 0.01767766 0.45 -0.01388925 0.0207867 -0.45 -0.01388925 0.0207867 0.45 -0.009567081 0.02309697 -0.45 -0.009567081 0.02309697 0.45 -0.004877209 0.02451962 -0.45 -0.004877209 0.02451962 0.45</float_array>
          <technique_common>
            <accessor source="#Cylinder_001-mesh-positions-array" count="64" stride="3">
              <param name="X" type="float"/>
              <param name="Y" type="float"/>
              <param name="Z" type="float"/>
            </accessor>
          </technique_common>
        </source>
        <source id="Cylinder_001-mesh-normals">
          <float_array id="Cylinder_001-mesh-normals-array" count="372">0.09801727 0.9951847 0 0.2902846 0.9569403 0 0.4713968 0.8819212 0 0.6343931 0.7730107 0 0.7730107 0.6343931 0 0.8819212 0.4713968 0 0.9569403 0.2902846 0 0.9951847 0.09801727 0 0.9951847 -0.09801727 0 0.9569403 -0.2902846 0 0.8819212 -0.4713968 0 0.7730107 -0.6343931 0 0.6343931 -0.7730107 0 0.4713968 -0.8819212 0 0.2902846 -0.9569403 0 0.09801727 -0.9951847 0 -0.09801727 -0.9951847 0 -0.2902846 -0.9569403 0 -0.4713968 -0.8819212 0 -0.6343931 -0.7730107 0 -0.7730107 -0.6343931 0 -0.8819212 -0.4713968 0 -0.9569403 -0.2902846 0 -0.9951847 -0.09801727 0 -0.9951847 0.09801727 0 -0.9569403 0.2902846 0 -0.8819212 0.4713968 0 -0.7730107 0.6343931 0 -0.6343931 0.7730107 0 -0.4713968 0.8819212 0 0 0 1 -0.2902846 0.9569403 0 -0.09801727 0.9951847 0 0 0 -1 0.09801727 0.9951847 0 0.2902846 0.9569403 0 0.4713968 0.8819212 0 0.6343931 0.7730107 0 0.7730107 0.6343931 0 0.8819212 0.4713968 0 0.9569403 0.2902846 0 0.9951847 0.09801727 0 0.9951847 -0.09801727 0 0.9569403 -0.2902846 0 0.8819212 -0.4713968 0 0.7730107 -0.6343931 0 0.6343931 -0.7730107 0 0.4713968 -0.8819212 0 0.2902846 -0.9569403 0 0.09801727 -0.9951847 0 -0.09801727 -0.9951847 0 -0.2902846 -0.9569403 0 -0.4713968 -0.8819212 0 -0.6343931 -0.7730107 0 -0.7730107 -0.6343931 0 -0.8819212 -0.4713968 0 -0.9569403 -0.2902846 0 -0.9951847 -0.09801727 0 -0.9951847 0.09801727 0 -0.9569403 0.2902846 0 -0.8819212 0.4713968 0 -0.7730107 0.6343931 0 -0.6343931 0.7730107 0 -0.4713968 0.8819212 0 0 0 1 0 0 1 0 0 1 0 0 1 0 0 1 0 0 1 0 0 1 0 0 1 0 0 1 0 0 1 0 0 1 0 0 1 0 0 1 0 0 1 0 0 1 0 0 1 0 0 1 0 0 1 0 0 1 0 0 1 0 0 1 0 0 1 0 0 1 0 0 1 0 0 1 0 0 1 0 0 1 0 0 1 0 0 1 -0.2902846 0.9569403 0 -0.09801727 0.9951847 0 0 0 -1 0 0 -1 0 0 -1 0 0 -1 0 0 -1 0 0 -1 0 0 -1 0 0 -1 0 0 -1 0 0 -1 0 0 -1 0 0 -1 0 0 -1 0 0 -1 0 0 -1 0 0 -1 0 0 -1 0 0 -1 0 0 -1 0 0 -1 0 0 -1 0 0 -1 0 0 -1 0 0 -1 0 0 -1 0 0 -1 0 0 -1 0 0 -1 0 0 -1</float_array>
          <technique_common>
            <accessor source="#Cylinder_001-mesh-normals-array" count="124" stride="3">
              <param name="X" type="float"/>
              <param name="Y" type="float"/>
              <param name="Z" type="float"/>
            </accessor>
          </technique_common>
        </source>
        <source id="Cylinder_001-mesh-map-0">
          <float_array id="Cylinder_001-mesh-map-0-array" count="744">1 1 0.96875 0.5 1 0.5 0.96875 1 0.9375 0.5 0.96875 0.5 0.9375 1 0.90625 0.5 0.9375 0.5 0.90625 1 0.875 0.5 0.90625 0.5 0.875 1 0.84375 0.5 0.875 0.5 0.84375 1 0.8125 0.5 0.84375 0.5 0.8125 1 0.78125 0.5 0.8125 0.5 0.78125 1 0.75 0.5 0.78125 0.5 0.75 1 0.71875 0.5 0.75 0.5 0.71875 1 0.6875 0.5 0.71875 0.5 0.6875 1 0.65625 0.5 0.6875 0.5 0.65625 1 0.625 0.5 0.65625 0.5 0.625 1 0.59375 0.5 0.625 0.5 0.59375 1 0.5625 0.5 0.59375 0.5 0.5625 1 0.53125 0.5 0.5625 0.5 0.53125 1 0.5 0.5 0.53125 0.5 0.5 1 0.46875 0.5 0.5 0.5 0.46875 1 0.4375 0.5 0.46875 0.5 0.4375 1 0.40625 0.5 0.4375 0.5 0.40625 1 0.375 0.5 0.40625 0.5 0.375 1 0.34375 0.5 0.375 0.5 0.34375 1 0.3125 0.5 0.34375 0.5 0.3125 1 0.28125 0.5 0.3125 0.5 0.28125 1 0.25 0.5 0.28125 0.5 0.25 1 0.21875 0.5 0.25 0.5 0.21875 1 0.1875 0.5 0.21875 0.5 0.1875 1 0.15625 0.5 0.1875 0.5 0.15625 1 0.125 0.5 0.15625 0.5 0.125 1 0.09375 0.5 0.125 0.5 0.09375 1 0.0625 0.5 0.09375 0.5 0.4717311 0.341844 0.341844 0.4717311 0.1581559 0.02826893 0.0625 1 0.03125 0.5 0.0625 0.5 0.03125 1 0 0.5 0.03125 0.5 0.5504474 0.3833369 0.7031784 0.4853885 0.7968217 0.01461154 1 1 0.96875 1 0.96875 0.5 0.96875 1 0.9375 1 0.9375 0.5 0.9375 1 0.90625 1 0.90625 0.5 0.90625 1 0.875 1 0.875 0.5 0.875 1 0.84375 1 0.84375 0.5 0.84375 1 0.8125 1 0.8125 0.5 0.8125 1 0.78125 1 0.78125 0.5 0.78125 1 0.75 1 0.75 0.5 0.75 1 0.71875 1 0.71875 0.5 0.71875 1 0.6875 1 0.6875 0.5 0.6875 1 0.65625 1 0.65625 0.5 0.65625 1 0.625 1 0.625 0.5 0.625 1 0.59375 1 0.59375 0.5 0.59375 1 0.5625 1 0.5625 0.5 0.5625 1 0.53125 1 0.53125 0.5 0.53125 1 0.5 1 0.5 0.5 0.5 1 0.46875 1 0.46875 0.5 0.46875 1 0.4375 1 0.4375 0.5 0.4375 1 0.40625 1 0.40625 0.5 0.40625 1 0.375 1 0.375 0.5 0.375 1 0.34375 1 0.34375 0.5 0.34375 1 0.3125 1 0.3125 0.5 0.3125 1 0.28125 1 0.28125 0.5 0.28125 1 0.25 1 0.25 0.5 0.25 1 0.21875 1 0.21875 0.5 0.21875 1 0.1875 1 0.1875 0.5 0.1875 1 0.15625 1 0.15625 0.5 0.15625 1 0.125 1 0.125 0.5 0.125 1 0.09375 1 0.09375 0.5 0.09375 1 0.0625 1 0.0625 0.5 0.341844 0.4717311 0.2968217 0.4853885 0.1581559 0.4717311 0.2968217 0.4853885 0.25 0.49 0.1581559 0.4717311 0.25 0.49 0.2031783 0.4853885 0.1581559 0.4717311 0.1581559 0.4717311 0.1166631 0.4495527 0.02826893 0.341844 0.1166631 0.4495527 0.08029437 0.4197056 0.02826893 0.341844 0.08029437 0.4197056 0.05044728 0.3833369 0.02826893 0.341844 0.02826893 0.341844 0.01461154 0.2968217 0.02826893 0.1581559 0.01461154 0.2968217 0.00999999 0.25 0.02826893 0.1581559 0.00999999 0.25 0.01461154 0.2031783 0.02826893 0.1581559 0.02826893 0.1581559 0.05044728 0.1166631 0.08029437 0.08029437 0.08029437 0.08029437 0.1166631 0.05044728 0.02826893 0.1581559 0.1166631 0.05044728 0.1581559 0.02826893 0.02826893 0.1581559 0.1581559 0.02826893 0.2031783 0.01461154 0.25 0.00999999 0.25 0.00999999 0.2968217 0.01461154 0.1581559 0.02826893 0.2968217 0.01461154 0.341844 0.02826893 0.1581559 0.02826893 0.341844 0.02826893 0.3833369 0.05044728 0.4197056 0.08029437 0.4197056 0.08029437 0.4495527 0.1166631 0.341844 0.02826893 0.4495527 0.1166631 0.4717311 0.1581559 0.341844 0.02826893 0.4717311 0.1581559 0.4853885 0.2031783 0.4717311 0.341844 0.4853885 0.2031783 0.49 0.25 0.4717311 0.341844 0.49 0.25 0.4853885 0.2968217 0.4717311 0.341844 0.4717311 0.341844 0.4495527 0.3833369 0.341844 0.4717311 0.4495527 0.3833369 0.4197056 0.4197056 0.341844 0.4717311 0.4197056 0.4197056 0.3833369 0.4495527 0.341844 0.4717311 0.341844 0.4717311 0.1581559 0.4717311 0.1581559 0.02826893 0.1581559 0.4717311 0.02826893 0.341844 0.1581559 0.02826893 0.02826893 0.341844 0.02826893 0.1581559 0.1581559 0.02826893 0.1581559 0.02826893 0.341844 0.02826893 0.4717311 0.1581559 0.4717311 0.1581559 0.4717311 0.341844 0.1581559 0.02826893 0.0625 1 0.03125 1 0.03125 0.5 0.03125 1 0 1 0 0.5 0.7031784 0.4853885 0.75 0.49 0.7968217 0.4853885 0.7968217 0.4853885 0.841844 0.4717311 0.8833369 0.4495527 0.8833369 0.4495527 0.9197056 0.4197056 0.9495527 0.3833369 0.9495527 0.3833369 0.9717311 0.341844 0.9853885 0.2968217 0.9853885 0.2968217 0.99 0.25 0.9853885 0.2031783 0.9853885 0.2031783 0.9717311 0.1581559 0.9495527 0.1166631 0.9495527 0.1166631 0.9197056 0.08029437 0.8833369 0.05044728 0.8833369 0.05044728 0.841844 0.02826893 0.7968217 0.01461154 0.7968217 0.01461154 0.75 0.00999999 0.7031784 0.01461154 0.7031784 0.01461154 0.658156 0.02826893 0.6166632 0.05044728 0.6166632 0.05044728 0.5802944 0.08029437 0.5504474 0.1166631 0.5504474 0.1166631 0.5282689 0.1581559 0.5146116 0.2031783 0.5146116 0.2031783 0.51 0.25 0.5146116 0.2968217 0.5146116 0.2968217 0.5282689 0.341844 0.5504474 0.3833369 0.5504474 0.3833369 0.5802944 0.4197056 0.6166632 0.4495527 0.6166632 0.4495527 0.658156 0.4717311 0.7031784 0.4853885 0.7031784 0.4853885 0.7968217 0.4853885 0.8833369 0.4495527 0.8833369 0.4495527 0.9495527 0.3833369 0.9853885 0.2968217 0.9853885 0.2968217 0.9853885 0.2031783 0.9495527 0.1166631 0.9495527 0.1166631 0.8833369 0.05044728 0.7968217 0.01461154 0.7968217 0.01461154 0.7031784 0.01461154 0.6166632 0.05044728 0.6166632 0.05044728 0.5504474 0.1166631 0.5146116 0.2031783 0.5146116 0.2031783 0.5146116 0.2968217 0.5504474 0.3833369 0.5504474 0.3833369 0.6166632 0.4495527 0.7031784 0.4853885 0.7031784 0.4853885 0.8833369 0.4495527 0.9853885 0.2968217 0.9853885 0.2968217 0.9495527 0.1166631 0.7031784 0.4853885 0.9495527 0.1166631 0.7968217 0.01461154 0.7031784 0.4853885 0.7968217 0.01461154 0.6166632 0.05044728 0.5146116 0.2031783 0.5146116 0.2031783 0.5504474 0.3833369 0.7968217 0.01461154</float_array>
          <technique_common>
            <accessor source="#Cylinder_001-mesh-map-0-array" count="372" stride="2">
              <param name="S" type="float"/>
              <param name="T" type="float"/>
            </accessor>
          </technique_common>
        </source>
        <vertices id="Cylinder_001-mesh-vertices">
          <input semantic="POSITION" source="#Cylinder_001-mesh-positions"/>
        </vertices>
        <triangles material="RedMaterial-material" count="124">
          <input semantic="VERTEX" source="#Cylinder_001-mesh-vertices" offset="0"/>
          <input semantic="NORMAL" source="#Cylinder_001-mesh-normals" offset="1"/>
          <input semantic="TEXCOORD" source="#Cylinder_001-mesh-map-0" offset="2" set="0"/>
          <p>1 0 0 2 0 1 0 0 2 3 1 3 4 1 4 2 1 5 5 2 6 6 2 7 4 2 8 7 3 9 8 3 10 6 3 11 9 4 12 10 4 13 8 4 14 11 5 15 12 5 16 10 5 17 13 6 18 14 6 19 12 6 20 15 7 21 16 7 22 14 7 23 17 8 24 18 8 25 16 8 26 19 9 27 20 9 28 18 9 29 21 10 30 22 10 31 20 10 32 23 11 33 24 11 34 22 11 35 25 12 36 26 12 37 24 12 38 27 13 39 28 13 40 26 13 41 29 14 42 30 14 43 28 14 44 31 15 45 32 15 46 30 15 47 33 16 48 34 16 49 32 16 50 35 17 51 36 17 52 34 17 53 37 18 54 38 18 55 36 18 56 39 19 57 40 19 58 38 19 59 41 20 60 42 20 61 40 20 62 43 21 63 44 21 64 42 21 65 45 22 66 46 22 67 44 22 68 47 23 69 48 23 70 46 23 71 49 24 72 50 24 73 48 24 74 51 25 75 52 25 76 50 25 77 53 26 78 54 26 79 52 26 80 55 27 81 56 27 82 54 27 83 57 28 84 58 28 85 56 28 86 59 29 87 60 29 88 58 29 89 13 30 90 5 30 91 37 30 92 61 31 93 62 31 94 60 31 95 63 32 96 0 32 97 62 32 98 54 33 99 62 33 100 30 33 101 1 34 102 3 34 103 2 34 104 3 35 105 5 35 106 4 35 107 5 36 108 7 36 109 6 36 110 7 37 111 9 37 112 8 37 113 9 38 114 11 38 115 10 38 116 11 39 117 13 39 118 12 39 119 13 40 120 15 40 121 14 40 122 15 41 123 17 41 124 16 41 125 17 42 126 19 42 127 18 42 128 19 43 129 21 43 130 20 43 131 21 44 132 23 44 133 22 44 134 23 45 135 25 45 136 24 45 137 25 46 138 27 46 139 26 46 140 27 47 141 29 47 142 28 47 143 29 48 144 31 48 145 30 48 146 31 49 147 33 49 148 32 49 149 33 50 150 35 50 151 34 50 152 35 51 153 37 51 154 36 51 155 37 52 156 39 52 157 38 52 158 39 53 159 41 53 160 40 53 161 41 54 162 43 54 163 42 54 164 43 55 165 45 55 166 44 55 167 45 56 168 47 56 169 46 56 170 47 57 171 49 57 172 48 57 173 49 58 174 51 58 175 50 58 176 51 59 177 53 59 178 52 59 179 53 60 180 55 60 181 54 60 182 55 61 183 57 61 184 56 61 185 57 62 186 59 62 187 58 62 188 59 63 189 61 63 190 60 63 191 5 64 192 3 64 193 61 64 194 3 65 195 1 65 196 61 65 197 1 66 198 63 66 199 61 66 200 61 67 201 59 67 202 53 67 203 59 68 204 57 68 205 53 68 206 57 69 207 55 69 208 53 69 209 53 70 210 51 70 211 45 70 212 51 71 213 49 71 214 45 71 215 49 72 216 47 72 217 45 72 218 45 73 219 43 73 220 41 73 221 41 74 222 39 74 223 45 74 224 39 75 225 37 75 226 45 75 227 37 76 228 35 76 229 33 76 230 33 77 231 31 77 232 37 77 233 31 78 234 29 78 235 37 78 236 29 79 237 27 79 238 25 79 239 25 80 240 23 80 241 29 80 242 23 81 243 21 81 244 29 81 245 21 82 246 19 82 247 13 82 248 19 83 249 17 83 250 13 83 251 17 84 252 15 84 253 13 84 254 13 85 255 11 85 256 5 85 257 11 86 258 9 86 259 5 86 260 9 87 261 7 87 262 5 87 263 5 88 264 61 88 265 37 88 266 61 89 267 53 89 268 37 89 269 53 90 270 45 90 271 37 90 272 37 91 273 29 91 274 21 91 275 21 92 276 13 92 277 37 92 278 61 93 279 63 93 280 62 93 281 63 94 282 1 94 283 0 94 284 62 95 285 0 95 286 2 95 287 2 96 288 4 96 289 6 96 290 6 97 291 8 97 292 10 97 293 10 98 294 12 98 295 14 98 296 14 99 297 16 99 298 18 99 299 18 100 300 20 100 301 22 100 302 22 101 303 24 101 304 26 101 305 26 102 306 28 102 307 30 102 308 30 103 309 32 103 310 34 103 311 34 104 312 36 104 313 38 104 314 38 105 315 40 105 316 42 105 317 42 106 318 44 106 319 46 106 320 46 107 321 48 107 322 50 107 323 50 108 324 52 108 325 54 108 326 54 109 327 56 109 328 58 109 329 58 110 330 60 110 331 62 110 332 62 111 333 2 111 334 6 111 335 6 112 336 10 112 337 14 112 338 14 113 339 18 113 340 22 113 341 22 114 342 26 114 343 30 114 344 30 115 345 34 115 346 38 115 347 38 116 348 42 116 349 46 116 350 46 117 351 50 117 352 54 117 353 54 118 354 58 118 355 62 118 356 62 119 357 6 119 358 14 119 359 14 120 360 22 120 361 62 120 362 22 121 363 30 121 364 62 121 365 30 122 366 38 122 367 46 122 368 46 123 369 54 123 370 30 123 371</p>
        </triangles>
      </mesh>
    </geometry>
    <geometry id="Cylinder-mesh" name="Cylinder">
      <mesh>
        <source id="Cylinder-mesh-positions">
          <float_array id="Cylinder-mesh-positions-array" count="192">0 0.02499997 -0.45 0 0.02499997 0.45 0.004877209 0.02451962 -0.45 0.004877209 0.02451962 0.45 0.009567081 0.02309697 -0.45 0.009567081 0.02309697 0.45 0.01388925 0.0207867 -0.45 0.01388925 0.0207867 0.45 0.01767766 0.01767766 -0.45 0.01767766 0.01767766 0.45 0.0207867 0.01388925 -0.45 0.0207867 0.01388925 0.45 0.02309697 0.009567081 -0.45 0.02309697 0.009567081 0.45 0.02451962 0.004877209 -0.45 0.02451962 0.004877209 0.45 0.02499997 0 -0.45 0.02499997 0 0.45 0.02451962 -0.004877209 -0.45 0.02451962 -0.004877209 0.45 0.02309697 -0.009567081 -0.45 0.02309697 -0.009567081 0.45 0.0207867 -0.01388925 -0.45 0.0207867 -0.01388925 0.45 0.01767766 -0.01767766 -0.45 0.01767766 -0.01767766 0.45 0.01388925 -0.0207867 -0.45 0.01388925 -0.0207867 0.45 0.009567081 -0.02309697 -0.45 0.009567081 -0.02309697 0.45 0.004877209 -0.02451962 -0.45 0.004877209 -0.02451962 0.45 0 -0.02499997 -0.45 0 -0.02499997 0.45 -0.004877209 -0.02451962 -0.45 -0.004877209 -0.02451962 0.45 -0.009567081 -0.02309697 -0.45 -0.009567081 -0.02309697 0.45 -0.01388925 -0.0207867 -0.45 -0.01388925 -0.0207867 0.45 -0.01767766 -0.01767766 -0.45 -0.01767766 -0.01767766 0.45 -0.0207867 -0.01388925 -0.45 -0.0207867 -0.01388925 0.45 -0.02309697 -0.009567081 -0.45 -0.02309697 -0.009567081 0.45 -0.02451962 -0.004877209 -0.45 -0.02451962 -0.004877209 0.45 -0.02499997 0 -0.45 -0.02499997 0 0.45 -0.02451962 0.004877209 -0.45 -0.02451962 0.004877209 0.45 -0.02309697 0.009567081 -0.45 -0.02309697 0.009567081 0.45 -0.0207867 0.01388925 -0.45 -0.0207867 0.01388925 0.45 -0.01767766 0.01767766 -0.45 -0.01767766 0.01767766 0.45 -0.01388925 0.0207867 -0.45 -0.01388925 0.0207867 0.45 -0.009567081 0.02309697 -0.45 -0.009567081 0.02309697 0.45 -0.004877209 0.02451962 -0.45 -0.004877209 0.02451962 0.45</float_array>
          <technique_common>
            <accessor source="#Cylinder-mesh-positions-array" count="64" stride="3">
              <param name="X" type="float"/>
              <param name="Y" type="float"/>
              <param name="Z" type="float"/>
            </accessor>
          </technique_common>
        </source>
        <source id="Cylinder-mesh-normals">
          <float_array id="Cylinder-mesh-normals-array" count="372">0.09801727 0.9951847 0 0.2902846 0.9569403 0 0.4713968 0.8819212 0 0.6343931 0.7730107 0 0.7730107 0.6343931 0 0.8819212 0.4713968 0 0.9569403 0.2902846 0 0.9951847 0.09801727 0 0.9951847 -0.09801727 0 0.9569403 -0.2902846 0 0.8819212 -0.4713968 0 0.7730107 -0.6343931 0 0.6343931 -0.7730107 0 0.4713968 -0.8819212 0 0.2902846 -0.9569403 0 0.09801727 -0.9951847 0 -0.09801727 -0.9951847 0 -0.2902846 -0.9569403 0 -0.4713968 -0.8819212 0 -0.6343931 -0.7730107 0 -0.7730107 -0.6343931 0 -0.8819212 -0.4713968 0 -0.9569403 -0.2902846 0 -0.9951847 -0.09801727 0 -0.9951847 0.09801727 0 -0.9569403 0.2902846 0 -0.8819212 0.4713968 0 -0.7730107 0.6343931 0 -0.6343931 0.7730107 0 -0.4713968 0.8819212 0 0 0 1 -0.2902846 0.9569403 0 -0.09801727 0.9951847 0 0 0 -1 0.09801727 0.9951847 0 0.2902846 0.9569403 0 0.4713968 0.8819212 0 0.6343931 0.7730107 0 0.7730107 0.6343931 0 0.8819212 0.4713968 0 0.9569403 0.2902846 0 0.9951847 0.09801727 0 0.9951847 -0.09801727 0 0.9569403 -0.2902846 0 0.8819212 -0.4713968 0 0.7730107 -0.6343931 0 0.6343931 -0.7730107 0 0.4713968 -0.8819212 0 0.2902846 -0.9569403 0 0.09801727 -0.9951847 0 -0.09801727 -0.9951847 0 -0.2902846 -0.9569403 0 -0.4713968 -0.8819212 0 -0.6343931 -0.7730107 0 -0.7730107 -0.6343931 0 -0.8819212 -0.4713968 0 -0.9569403 -0.2902846 0 -0.9951847 -0.09801727 0 -0.9951847 0.09801727 0 -0.9569403 0.2902846 0 -0.8819212 0.4713968 0 -0.7730107 0.6343931 0 -0.6343931 0.7730107 0 -0.4713968 0.8819212 0 0 0 1 0 0 1 0 0 1 0 0 1 0 0 1 0 0 1 0 0 1 0 0 1 0 0 1 0 0 1 0 0 1 0 0 1 0 0 1 0 0 1 0 0 1 0 0 1 0 0 1 0 0 1 0 0 1 0 0 1 0 0 1 0 0 1 0 0 1 0 0 1 0 0 1 0 0 1 0 0 1 0 0 1 0 0 1 -0.2902846 0.9569403 0 -0.09801727 0.9951847 0 0 0 -1 0 0 -1 0 0 -1 0 0 -1 0 0 -1 0 0 -1 0 0 -1 0 0 -1 0 0 -1 0 0 -1 0 0 -1 0 0 -1 0 0 -1 0 0 -1 0 0 -1 0 0 -1 0 0 -1 0 0 -1 0 0 -1 0 0 -1 0 0 -1 0 0 -1 0 0 -1 0 0 -1 0 0 -1 0 0 -1 0 0 -1 0 0 -1 0 0 -1</float_array>
          <technique_common>
            <accessor source="#Cylinder-mesh-normals-array" count="124" stride="3">
              <param name="X" type="float"/>
              <param name="Y" type="float"/>
              <param name="Z" type="float"/>
            </accessor>
          </technique_common>
        </source>
        <source id="Cylinder-mesh-map-0">
          <float_array id="Cylinder-mesh-map-0-array" count="744">1 1 0.96875 0.5 1 0.5 0.96875 1 0.9375 0.5 0.96875 0.5 0.9375 1 0.90625 0.5 0.9375 0.5 0.90625 1 0.875 0.5 0.90625 0.5 0.875 1 0.84375 0.5 0.875 0.5 0.84375 1 0.8125 0.5 0.84375 0.5 0.8125 1 0.78125 0.5 0.8125 0.5 0.78125 1 0.75 0.5 0.78125 0.5 0.75 1 0.71875 0.5 0.75 0.5 0.71875 1 0.6875 0.5 0.71875 0.5 0.6875 1 0.65625 0.5 0.6875 0.5 0.65625 1 0.625 0.5 0.65625 0.5 0.625 1 0.59375 0.5 0.625 0.5 0.59375 1 0.5625 0.5 0.59375 0.5 0.5625 1 0.53125 0.5 0.5625 0.5 0.53125 1 0.5 0.5 0.53125 0.5 0.5 1 0.46875 0.5 0.5 0.5 0.46875 1 0.4375 0.5 0.46875 0.5 0.4375 1 0.40625 0.5 0.4375 0.5 0.40625 1 0.375 0.5 0.40625 0.5 0.375 1 0.34375 0.5 0.375 0.5 0.34375 1 0.3125 0.5 0.34375 0.5 0.3125 1 0.28125 0.5 0.3125 0.5 0.28125 1 0.25 0.5 0.28125 0.5 0.25 1 0.21875 0.5 0.25 0.5 0.21875 1 0.1875 0.5 0.21875 0.5 0.1875 1 0.15625 0.5 0.1875 0.5 0.15625 1 0.125 0.5 0.15625 0.5 0.125 1 0.09375 0.5 0.125 0.5 0.09375 1 0.0625 0.5 0.09375 0.5 0.4717311 0.341844 0.341844 0.4717311 0.1581559 0.02826893 0.0625 1 0.03125 0.5 0.0625 0.5 0.03125 1 0 0.5 0.03125 0.5 0.5504474 0.3833369 0.7031784 0.4853885 0.7968217 0.01461154 1 1 0.96875 1 0.96875 0.5 0.96875 1 0.9375 1 0.9375 0.5 0.9375 1 0.90625 1 0.90625 0.5 0.90625 1 0.875 1 0.875 0.5 0.875 1 0.84375 1 0.84375 0.5 0.84375 1 0.8125 1 0.8125 0.5 0.8125 1 0.78125 1 0.78125 0.5 0.78125 1 0.75 1 0.75 0.5 0.75 1 0.71875 1 0.71875 0.5 0.71875 1 0.6875 1 0.6875 0.5 0.6875 1 0.65625 1 0.65625 0.5 0.65625 1 0.625 1 0.625 0.5 0.625 1 0.59375 1 0.59375 0.5 0.59375 1 0.5625 1 0.5625 0.5 0.5625 1 0.53125 1 0.53125 0.5 0.53125 1 0.5 1 0.5 0.5 0.5 1 0.46875 1 0.46875 0.5 0.46875 1 0.4375 1 0.4375 0.5 0.4375 1 0.40625 1 0.40625 0.5 0.40625 1 0.375 1 0.375 0.5 0.375 1 0.34375 1 0.34375 0.5 0.34375 1 0.3125 1 0.3125 0.5 0.3125 1 0.28125 1 0.28125 0.5 0.28125 1 0.25 1 0.25 0.5 0.25 1 0.21875 1 0.21875 0.5 0.21875 1 0.1875 1 0.1875 0.5 0.1875 1 0.15625 1 0.15625 0.5 0.15625 1 0.125 1 0.125 0.5 0.125 1 0.09375 1 0.09375 0.5 0.09375 1 0.0625 1 0.0625 0.5 0.341844 0.4717311 0.2968217 0.4853885 0.1581559 0.4717311 0.2968217 0.4853885 0.25 0.49 0.1581559 0.4717311 0.25 0.49 0.2031783 0.4853885 0.1581559 0.4717311 0.1581559 0.4717311 0.1166631 0.4495527 0.02826893 0.341844 0.1166631 0.4495527 0.08029437 0.4197056 0.02826893 0.341844 0.08029437 0.4197056 0.05044728 0.3833369 0.02826893 0.341844 0.02826893 0.341844 0.01461154 0.2968217 0.02826893 0.1581559 0.01461154 0.2968217 0.00999999 0.25 0.02826893 0.1581559 0.00999999 0.25 0.01461154 0.2031783 0.02826893 0.1581559 0.02826893 0.1581559 0.05044728 0.1166631 0.08029437 0.08029437 0.08029437 0.08029437 0.1166631 0.05044728 0.02826893 0.1581559 0.1166631 0.05044728 0.1581559 0.02826893 0.02826893 0.1581559 0.1581559 0.02826893 0.2031783 0.01461154 0.25 0.00999999 0.25 0.00999999 0.2968217 0.01461154 0.1581559 0.02826893 0.2968217 0.01461154 0.341844 0.02826893 0.1581559 0.02826893 0.341844 0.02826893 0.3833369 0.05044728 0.4197056 0.08029437 0.4197056 0.08029437 0.4495527 0.1166631 0.341844 0.02826893 0.4495527 0.1166631 0.4717311 0.1581559 0.341844 0.02826893 0.4717311 0.1581559 0.4853885 0.2031783 0.4717311 0.341844 0.4853885 0.2031783 0.49 0.25 0.4717311 0.341844 0.49 0.25 0.4853885 0.2968217 0.4717311 0.341844 0.4717311 0.341844 0.4495527 0.3833369 0.341844 0.4717311 0.4495527 0.3833369 0.4197056 0.4197056 0.341844 0.4717311 0.4197056 0.4197056 0.3833369 0.4495527 0.341844 0.4717311 0.341844 0.4717311 0.1581559 0.4717311 0.1581559 0.02826893 0.1581559 0.4717311 0.02826893 0.341844 0.1581559 0.02826893 0.02826893 0.341844 0.02826893 0.1581559 0.1581559 0.02826893 0.1581559 0.02826893 0.341844 0.02826893 0.4717311 0.1581559 0.4717311 0.1581559 0.4717311 0.341844 0.1581559 0.02826893 0.0625 1 0.03125 1 0.03125 0.5 0.03125 1 0 1 0 0.5 0.7031784 0.4853885 0.75 0.49 0.7968217 0.4853885 0.7968217 0.4853885 0.841844 0.4717311 0.8833369 0.4495527 0.8833369 0.4495527 0.9197056 0.4197056 0.9495527 0.3833369 0.9495527 0.3833369 0.9717311 0.341844 0.9853885 0.2968217 0.9853885 0.2968217 0.99 0.25 0.9853885 0.2031783 0.9853885 0.2031783 0.9717311 0.1581559 0.9495527 0.1166631 0.9495527 0.1166631 0.9197056 0.08029437 0.8833369 0.05044728 0.8833369 0.05044728 0.841844 0.02826893 0.7968217 0.01461154 0.7968217 0.01461154 0.75 0.00999999 0.7031784 0.01461154 0.7031784 0.01461154 0.658156 0.02826893 0.6166632 0.05044728 0.6166632 0.05044728 0.5802944 0.08029437 0.5504474 0.1166631 0.5504474 0.1166631 0.5282689 0.1581559 0.5146116 0.2031783 0.5146116 0.2031783 0.51 0.25 0.5146116 0.2968217 0.5146116 0.2968217 0.5282689 0.341844 0.5504474 0.3833369 0.5504474 0.3833369 0.5802944 0.4197056 0.6166632 0.4495527 0.6166632 0.4495527 0.658156 0.4717311 0.7031784 0.4853885 0.7031784 0.4853885 0.7968217 0.4853885 0.8833369 0.4495527 0.8833369 0.4495527 0.9495527 0.3833369 0.9853885 0.2968217 0.9853885 0.2968217 0.9853885 0.2031783 0.9495527 0.1166631 0.9495527 0.1166631 0.8833369 0.05044728 0.7968217 0.01461154 0.7968217 0.01461154 0.7031784 0.01461154 0.6166632 0.05044728 0.6166632 0.05044728 0.5504474 0.1166631 0.5146116 0.2031783 0.5146116 0.2031783 0.5146116 0.2968217 0.5504474 0.3833369 0.5504474 0.3833369 0.6166632 0.4495527 0.7031784 0.4853885 0.7031784 0.4853885 0.8833369 0.4495527 0.9853885 0.2968217 0.9853885 0.2968217 0.9495527 0.1166631 0.7031784 0.4853885 0.9495527 0.1166631 0.7968217 0.01461154 0.7031784 0.4853885 0.7968217 0.01461154 0.6166632 0.05044728 0.5146116 0.2031783 0.5146116 0.2031783 0.5504474 0.3833369 0.7968217 0.01461154</float_array>
          <technique_common>
            <accessor source="#Cylinder-mesh-map-0-array" count="372" stride="2">
              <param name="S" type="float"/>
              <param name="T" type="float"/>
            </accessor>
          </technique_common>
        </source>
        <vertices id="Cylinder-mesh-vertices">
          <input semantic="POSITION" source="#Cylinder-mesh-positions"/>
        </vertices>
        <triangles count="124">
          <input semantic="VERTEX" source="#Cylinder-mesh-vertices" offset="0"/>
          <input semantic="NORMAL" source="#Cylinder-mesh-normals" offset="1"/>
          <input semantic="TEXCOORD" source="#Cylinder-mesh-map-0" offset="2" set="0"/>
          <p>1 0 0 2 0 1 0 0 2 3 1 3 4 1 4 2 1 5 5 2 6 6 2 7 4 2 8 7 3 9 8 3 10 6 3 11 9 4 12 10 4 13 8 4 14 11 5 15 12 5 16 10 5 17 13 6 18 14 6 19 12 6 20 15 7 21 16 7 22 14 7 23 17 8 24 18 8 25 16 8 26 19 9 27 20 9 28 18 9 29 21 10 30 22 10 31 20 10 32 23 11 33 24 11 34 22 11 35 25 12 36 26 12 37 24 12 38 27 13 39 28 13 40 26 13 41 29 14 42 30 14 43 28 14 44 31 15 45 32 15 46 30 15 47 33 16 48 34 16 49 32 16 50 35 17 51 36 17 52 34 17 53 37 18 54 38 18 55 36 18 56 39 19 57 40 19 58 38 19 59 41 20 60 42 20 61 40 20 62 43 21 63 44 21 64 42 21 65 45 22 66 46 22 67 44 22 68 47 23 69 48 23 70 46 23 71 49 24 72 50 24 73 48 24 74 51 25 75 52 25 76 50 25 77 53 26 78 54 26 79 52 26 80 55 27 81 56 27 82 54 27 83 57 28 84 58 28 85 56 28 86 59 29 87 60 29 88 58 29 89 13 30 90 5 30 91 37 30 92 61 31 93 62 31 94 60 31 95 63 32 96 0 32 97 62 32 98 54 33 99 62 33 100 30 33 101 1 34 102 3 34 103 2 34 104 3 35 105 5 35 106 4 35 107 5 36 108 7 36 109 6 36 110 7 37 111 9 37 112 8 37 113 9 38 114 11 38 115 10 38 116 11 39 117 13 39 118 12 39 119 13 40 120 15 40 121 14 40 122 15 41 123 17 41 124 16 41 125 17 42 126 19 42 127 18 42 128 19 43 129 21 43 130 20 43 131 21 44 132 23 44 133 22 44 134 23 45 135 25 45 136 24 45 137 25 46 138 27 46 139 26 46 140 27 47 141 29 47 142 28 47 143 29 48 144 31 48 145 30 48 146 31 49 147 33 49 148 32 49 149 33 50 150 35 50 151 34 50 152 35 51 153 37 51 154 36 51 155 37 52 156 39 52 157 38 52 158 39 53 159 41 53 160 40 53 161 41 54 162 43 54 163 42 54 164 43 55 165 45 55 166 44 55 167 45 56 168 47 56 169 46 56 170 47 57 171 49 57 172 48 57 173 49 58 174 51 58 175 50 58 176 51 59 177 53 59 178 52 59 179 53 60 180 55 60 181 54 60 182 55 61 183 57 61 184 56 61 185 57 62 186 59 62 187 58 62 188 59 63 189 61 63 190 60 63 191 5 64 192 3 64 193 61 64 194 3 65 195 1 65 196 61 65 197 1 66 198 63 66 199 61 66 200 61 67 201 59 67 202 53 67 203 59 68 204 57 68 205 53 68 206 57 69 207 55 69 208 53 69 209 53 70 210 51 70 211 45 70 212 51 71 213 49 71 214 45 71 215 49 72 216 47 72 217 45 72 218 45 73 219 43 73 220 41 73 221 41 74 222 39 74 223 45 74 224 39 75 225 37 75 226 45 75 227 37 76 228 35 76 229 33 76 230 33 77 231 31 77 232 37 77 233 31 78 234 29 78 235 37 78 236 29 79 237 27 79 238 25 79 239 25 80 240 23 80 241 29 80 242 23 81 243 21 81 244 29 81 245 21 82 246 19 82 247 13 82 248 19 83 249 17 83 250 13 83 251 17 84 252 15 84 253 13 84 254 13 85 255 11 85 256 5 85 257 11 86 258 9 86 259 5 86 260 9 87 261 7 87 262 5 87 263 5 88 264 61 88 265 37 88 266 61 89 267 53 89 268 37 89 269 53 90 270 45 90 271 37 90 272 37 91 273 29 91 274 21 91 275 21 92 276 13 92 277 37 92 278 61 93 279 63 93 280 62 93 281 63 94 282 1 94 283 0 94 284 62 95 285 0 95 286 2 95 287 2 96 288 4 96 289 6 96 290 6 97 291 8 97 292 10 97 293 10 98 294 12 98 295 14 98 296 14 99 297 16 99 298 18 99 299 18 100 300 20 100 301 22 100 302 22 101 303 24 101 304 26 101 305 26 102 306 28 102 307 30 102 308 30 103 309 32 103 310 34 103 311 34 104 312 36 104 313 38 104 314 38 105 315 40 105 316 42 105 317 42 106 318 44 106 319 46 106 320 46 107 321 48 107 322 50 107 323 50 108 324 52 108 325 54 108 326 54 109 327 56 109 328 58 109 329 58 110 330 60 110 331 62 110 332 62 111 333 2 111 334 6 111 335 6 112 336 10 112 337 14 112 338 14 113 339 18 113 340 22 113 341 22 114 342 26 114 343 30 114 344 30 115 345 34 115 346 38 115 347 38 116 348 42 116 349 46 116 350 46 117 351 50 117 352 54 117 353 54 118 354 58 118 355 62 118 356 62 119 357 6 119 358 14 119 359 14 120 360 22 120 361 62 120 362 22 121 363 30 121 364 62 121 365 30 122 366 38 122 367 46 122 368 46 123 369 54 123 370 30 123 371</p>
        </triangles>
      </mesh>
    </geometry>
  </library_geometries>
  <library_visual_scenes>
    <visual_scene id="Scene" name="Scene">
      <node id="Cylinder_008" name="Cylinder.008" type="NODE">
        <matrix sid="transform">1 0 0 2 0 -1 8.74228e-8 4 0 -8.74228e-8 -1 -0.9 0 0 0 1</matrix>
        <instance_geometry url="#Cylinder_008-mesh" name="Cylinder.008"/>
      </node>
      <node id="Cylinder_007" name="Cylinder.007" type="NODE">
        <matrix sid="transform">1 0 0 0.5 0 -1 8.74228e-8 4 0 -8.74228e-8 -1 -0.9 0 0 0 1</matrix>
        <instance_geometry url="#Cylinder_007-mesh" name="Cylinder.007">
          <bind_material>
            <technique_common>
              <instance_material symbol="RedMaterial-material" target="#RedMaterial-material">
                <bind_vertex_input semantic="UVMap" input_semantic="TEXCOORD" input_set="0"/>
              </instance_material>
            </technique_common>
          </bind_material>
        </instance_geometry>
      </node>
      <node id="Cylinder_006" name="Cylinder.006" type="NODE">
        <matrix sid="transform">1 0 0 -1 0 -1 8.74228e-8 4 0 -8.74228e-8 -1 -0.9 0 0 0 1</matrix>
        <instance_geometry url="#Cylinder_006-mesh" name="Cylinder.006"/>
      </node>
      <node id="Cylinder_005" name="Cylinder.005" type="NODE">
        <matrix sid="transform">1 0 0 1 0 -1 8.74228e-8 2 0 -8.74228e-8 -1 -0.9 0 0 0 1</matrix>
        <instance_geometry url="#Cylinder_005-mesh" name="Cylinder.005"/>
      </node>
      <node id="Cylinder_004" name="Cylinder.004" type="NODE">
        <matrix sid="transform">1 0 0 -0.5 0 -1 8.74228e-8 2 0 -8.74228e-8 -1 -0.9 0 0 0 1</matrix>
        <instance_geometry url="#Cylinder_004-mesh" name="Cylinder.004">
          <bind_material>
            <technique_common>
              <instance_material symbol="RedMaterial-material" target="#RedMaterial-material">
                <bind_vertex_input semantic="UVMap" input_semantic="TEXCOORD" input_set="0"/>
              </instance_material>
            </technique_common>
          </bind_material>
        </instance_geometry>
      </node>
      <node id="Cylinder_003" name="Cylinder.003" type="NODE">
        <matrix sid="transform">1 0 0 -2 0 -1 8.74228e-8 2 0 -8.74228e-8 -1 -0.9 0 0 0 1</matrix>
        <instance_geometry url="#Cylinder_003-mesh" name="Cylinder.003"/>
      </node>
      <node id="Cylinder_002" name="Cylinder.002" type="NODE">
        <matrix sid="transform">1 0 0 1.5 0 -1 8.74228e-8 0 0 -8.74228e-8 -1 -0.9 0 0 0 1</matrix>
        <instance_geometry url="#Cylinder_002-mesh" name="Cylinder.002"/>
      </node>
      <node id="Cylinder_001" name="Cylinder.001" type="NODE">
        <matrix sid="transform">1 0 0 0 0 -1 8.74228e-8 0 0 -8.74228e-8 -1 -0.9 0 0 0 1</matrix>
        <instance_geometry url="#Cylinder_001-mesh" name="Cylinder.001">
          <bind_material>
            <technique_common>
              <instance_material symbol="RedMaterial-material" target="#RedMaterial-material">
                <bind_vertex_input semantic="UVMap" input_semantic="TEXCOORD" input_set="0"/>
              </instance_material>
            </technique_common>
          </bind_material>
        </instance_geometry>
      </node>
      <node id="Cylinder" name="Cylinder" type="NODE">
        <matrix sid="transform">1 0 0 -1.5 0 -1 8.74228e-8 0 0 -8.74228e-8 -1 -0.9 0 0 0 1</matrix>
        <instance_geometry url="#Cylinder-mesh" name="Cylinder"/>
      </node>
    </visual_scene>
  </library_visual_scenes>
  <scene>
    <instance_visual_scene url="#Scene"/>
  </scene>
</COLLADA>